city,time,cams_pm2_5,cams_pm10
Jakarta,2024-09-01 00:00:00,63.76547,90.45550125
Jakarta,2024-09-01 06:00:00,42.0864695,59.866409250000004
Jakarta,2024-09-01 12:00:00,61.3148355,86.6939445
Jakarta,2024-09-01 18:00:00,92.72936725,131.1833265
Jakarta,2024-09-02 00:00:00,112.67644625,159.3998615
Jakarta,2024-09-02 06:00:00,58.561454000000005,82.9753605
Jakarta,2024-09-02 12:00:00,62.18601999999999,87.38891225
Jakarta,2024-09-02 18:00:00,75.93426674999999,106.73659225
Jakarta,2024-09-03 00:00:00,65.02204925000001,91.74977
Jakarta,2024-09-03 06:00:00,38.1839985,53.927124000000006
Jakarta,2024-09-03 12:00:00,50.56051525,71.00959475
Jakarta,2024-09-03 18:00:00,71.8796685,101.094743
Jakarta,2024-09-04 00:00:00,94.35234625000001,132.91651
Jakarta,2024-09-04 06:00:00,39.05393,55.169607750000004
Jakarta,2024-09-04 12:00:00,45.85103875,64.6542725
Jakarta,2024-09-04 18:00:00,59.3424825,83.795215
Jakarta,2024-09-05 00:00:00,91.8012125,129.86527249999997
Jakarta,2024-09-05 06:00:00,61.41249325,87.63777375000001
Jakarta,2024-09-05 12:00:00,64.85117875,92.03108625
Jakarta,2024-09-05 18:00:00,70.06434449999999,99.30238150000001
Jakarta,2024-09-06 00:00:00,84.97119225,120.7950525
Jakarta,2024-09-06 06:00:00,44.1302175,63.316405499999995
Jakarta,2024-09-06 12:00:00,40.021404749999995,57.337162
Jakarta,2024-09-06 18:00:00,55.604459,79.2673525
Jakarta,2024-09-07 00:00:00,92.669439,132.3169275
Jakarta,2024-09-07 06:00:00,43.124373500000004,62.621212500000006
Jakarta,2024-09-07 12:00:00,51.13042725,72.92101000000001
Jakarta,2024-09-07 18:00:00,94.1013785,133.62626
Jakarta,2024-09-08 00:00:00,98.70496,140.47196875
Jakarta,2024-09-08 06:00:00,47.168896249999996,67.76997475
Jakarta,2024-09-08 12:00:00,48.800075,69.84851075
Jakarta,2024-09-08 18:00:00,54.7601085,77.94108125
Jakarta,2024-09-09 00:00:00,65.77533875,93.549601
Jakarta,2024-09-09 06:00:00,37.11994550000001,53.343001
Jakarta,2024-09-09 12:00:00,46.628771,66.562848
Jakarta,2024-09-09 18:00:00,59.50067775,84.6602855
Jakarta,2024-09-10 00:00:00,75.927005,108.08196099999999
Jakarta,2024-09-10 06:00:00,47.26257375,67.842051
Jakarta,2024-09-10 12:00:00,64.71589225,91.98856874999998
Jakarta,2024-09-10 18:00:00,67.34475775,95.84920100000001
Jakarta,2024-09-11 00:00:00,61.351330499999996,87.35497624999999
Jakarta,2024-09-11 06:00:00,32.81138575,47.089428749999996
Jakarta,2024-09-11 12:00:00,53.626877,76.37169275
Jakarta,2024-09-11 18:00:00,84.6433185,120.11053
Jakarta,2024-09-12 00:00:00,66.13308275,93.8861715
Jakarta,2024-09-12 06:00:00,40.3736635,57.650253500000005
Jakarta,2024-09-12 12:00:00,44.350884,62.94987925
Jakarta,2024-09-12 18:00:00,78.7275245,111.5447775
Jakarta,2024-09-13 00:00:00,77.25748174999998,109.7537265
Jakarta,2024-09-13 06:00:00,44.6706275,63.884044749999994
Jakarta,2024-09-13 12:00:00,72.26299175,102.1518285
Jakarta,2024-09-13 18:00:00,107.53308375,152.31094625
Jakarta,2024-09-14 00:00:00,115.56017250000001,164.001675
Jakarta,2024-09-14 06:00:00,48.4380965,69.14012875
Jakarta,2024-09-14 12:00:00,74.534001,105.279695
Jakarta,2024-09-14 18:00:00,112.64703025,159.19295
Jakarta,2024-09-15 00:00:00,111.5721775,157.20854500000002
Jakarta,2024-09-15 06:00:00,55.45933925,78.20404
Jakarta,2024-09-15 12:00:00,66.81033000000001,93.830494
Jakarta,2024-09-15 18:00:00,121.29984849999998,171.14081249999998
Jakarta,2024-09-16 00:00:00,98.9985825,139.86556
Jakarta,2024-09-16 06:00:00,38.563314500000004,54.522929500000004
Jakarta,2024-09-16 12:00:00,52.239357749999996,73.58329375
Jakarta,2024-09-16 18:00:00,91.84745525,129.91353
Jakarta,2024-09-17 00:00:00,90.25606575,127.89507750000001
Jakarta,2024-09-17 06:00:00,33.93515175,48.12898175
Jakarta,2024-09-17 12:00:00,50.479940500000005,71.1404485
Jakarta,2024-09-17 18:00:00,78.980931,111.4290475
Jakarta,2024-09-18 00:00:00,67.19693649999999,95.09488975000001
Jakarta,2024-09-18 06:00:00,29.9763765,42.684520500000005
Jakarta,2024-09-18 12:00:00,40.50156075,57.240187
Jakarta,2024-09-18 18:00:00,89.87669374999999,127.18001625000001
Jakarta,2024-09-19 00:00:00,78.13986324999999,110.750761
Jakarta,2024-09-19 06:00:00,39.538832500000005,56.124578
Jakarta,2024-09-19 12:00:00,47.8245,67.59023549999999
Jakarta,2024-09-19 18:00:00,79.07527624999999,111.784545
Jakarta,2024-09-20 00:00:00,115.87962875000001,163.8857735
Jakarta,2024-09-20 06:00:00,56.1167615,79.36228025
Jakarta,2024-09-20 12:00:00,52.49245275,73.9984785
Jakarta,2024-09-20 18:00:00,59.80649474999999,84.493023
Jakarta,2024-09-21 00:00:00,66.87682325,94.70835475000001
Jakarta,2024-09-21 06:00:00,47.46152575,67.3286985
Jakarta,2024-09-21 12:00:00,50.17125175,70.87658024999999
Jakarta,2024-09-21 18:00:00,74.1127625,104.725415
Jakarta,2024-09-22 00:00:00,116.70533850000001,164.445965
Jakarta,2024-09-22 06:00:00,66.185976,93.1595975
Jakarta,2024-09-22 12:00:00,64.61778125000001,90.552021
Jakarta,2024-09-22 18:00:00,73.97761625,103.42466875000001
Jakarta,2024-09-23 00:00:00,98.26169499999999,137.97671250000002
Jakarta,2024-09-23 06:00:00,63.894814999999994,90.0178635
Jakarta,2024-09-23 12:00:00,60.73295775,85.6900325
Jakarta,2024-09-23 18:00:00,76.40304025,107.9700975
Jakarta,2024-09-24 00:00:00,96.06509625,135.8002915
Jakarta,2024-09-24 06:00:00,68.07420075,96.26819499999999
Jakarta,2024-09-24 12:00:00,75.15185875,106.10835999999999
Jakarta,2024-09-24 18:00:00,104.17537,147.284765
Jakarta,2024-09-25 00:00:00,124.3738565,175.9032075
Jakarta,2024-09-25 06:00:00,67.5066755,95.41076874999999
Jakarta,2024-09-25 12:00:00,70.549106,99.5083835
Jakarta,2024-09-25 18:00:00,94.67794375,133.7859325
Jakarta,2024-09-26 00:00:00,104.9859275,148.62484975
Jakarta,2024-09-26 06:00:00,49.416911,69.89989775
Jakarta,2024-09-26 12:00:00,57.238736,80.85373874999999
Jakarta,2024-09-26 18:00:00,96.3194115,136.34087474999998
Jakarta,2024-09-27 00:00:00,70.74669425,100.3670315
Jakarta,2024-09-27 06:00:00,35.48009925,50.361736
Jakarta,2024-09-27 12:00:00,50.8979095,72.1088315
Jakarta,2024-09-27 18:00:00,80.911263,114.68671149999999
Jakarta,2024-09-28 00:00:00,99.60763225000001,141.1585225
Jakarta,2024-09-28 06:00:00,50.9129455,72.189778
Jakarta,2024-09-28 12:00:00,60.626007,85.85976675
Jakarta,2024-09-28 18:00:00,84.674469,120.01583999999998
Jakarta,2024-09-29 00:00:00,132.32289749999998,187.70686
Jakarta,2024-09-29 06:00:00,53.66445075000001,76.5163
Jakarta,2024-09-29 12:00:00,52.2243235,74.27212225
Jakarta,2024-09-29 18:00:00,88.440174,125.55925350000001
Jakarta,2024-09-30 00:00:00,93.72092875,133.2423375
Jakarta,2024-09-30 06:00:00,41.38820475,59.134352
Jakarta,2024-09-30 12:00:00,69.03789525,97.973355
Jakarta,2024-09-30 18:00:00,113.94146900000001,161.8642485
Jakarta,2024-10-01 00:00:00,111.46508374999999,158.50207500000002
Jakarta,2024-10-01 06:00:00,42.76435475,61.18662449999999
Jakarta,2024-10-01 12:00:00,91.8708175,130.21767499999999
Jakarta,2024-10-01 18:00:00,89.355181,127.011574
Jakarta,2024-10-02 00:00:00,151.2192675,215.3753375
Jakarta,2024-10-02 06:00:00,70.9521825,101.8686925
Jakarta,2024-10-02 12:00:00,78.52366925,111.67918350000001
Jakarta,2024-10-02 18:00:00,83.56367725,118.56536625000001
Jakarta,2024-10-03 00:00:00,77.6744305,110.31067900000001
Jakarta,2024-10-03 06:00:00,45.715353,65.30569775000001
Jakarta,2024-10-03 12:00:00,64.6687675,91.40097825
Jakarta,2024-10-03 18:00:00,95.8009425,135.1177725
Jakarta,2024-10-04 00:00:00,120.35258149999999,169.6359375
Jakarta,2024-10-04 06:00:00,59.9666235,84.16333225
Jakarta,2024-10-04 12:00:00,75.5691765,105.80015250000001
Jakarta,2024-10-04 18:00:00,114.989175,161.7609075
Jakarta,2024-10-05 00:00:00,84.483105,119.134485
Jakarta,2024-10-05 06:00:00,42.0931775,59.14540675
Jakarta,2024-10-05 12:00:00,57.46852499999999,80.71754225000001
Jakarta,2024-10-05 18:00:00,94.395716,133.2332415
Jakarta,2024-10-06 00:00:00,111.367455,157.51686750000002
Jakarta,2024-10-06 06:00:00,57.71767125,81.55018399999999
Jakarta,2024-10-06 12:00:00,71.31620849999999,100.699709
Jakarta,2024-10-06 18:00:00,99.93951,141.33019000000002
Jakarta,2024-10-07 00:00:00,105.242464,148.9067925
Jakarta,2024-10-07 06:00:00,42.47726775,60.3005785
Jakarta,2024-10-07 12:00:00,73.200794,103.49737025
Jakarta,2024-10-07 18:00:00,121.540495,172.26307500000001
Jakarta,2024-10-08 00:00:00,112.89699850000001,160.26672125
Jakarta,2024-10-08 06:00:00,47.0669755,67.12997474999999
Jakarta,2024-10-08 12:00:00,57.6176835,81.497545
Jakarta,2024-10-08 18:00:00,101.69611575,143.80686
Jakarta,2024-10-09 00:00:00,85.2226665,120.74329249999998
Jakarta,2024-10-09 06:00:00,49.5359135,70.48061
Jakarta,2024-10-09 12:00:00,72.45682675,102.19128
Jakarta,2024-10-09 18:00:00,97.57599125,137.8776925
Jakarta,2024-10-10 00:00:00,102.034136,144.4491325
Jakarta,2024-10-10 06:00:00,53.951453750000006,76.48481125
Jakarta,2024-10-10 12:00:00,59.886986750000005,84.69237275
Jakarta,2024-10-10 18:00:00,71.75645899999999,101.4687435
Jakarta,2024-10-11 00:00:00,75.49948549999999,107.03331375
Jakarta,2024-10-11 06:00:00,35.15968675,50.09695775
Jakarta,2024-10-11 12:00:00,50.52541425,71.713827
Jakarta,2024-10-11 18:00:00,109.17221849999999,155.02234875
Jakarta,2024-10-12 00:00:00,95.28162024999999,135.30416125000002
Jakarta,2024-10-12 06:00:00,46.705394999999996,66.43801825
Jakarta,2024-10-12 12:00:00,52.537986000000004,74.65280375
Jakarta,2024-10-12 18:00:00,85.282635,120.9355075
Jakarta,2024-10-13 00:00:00,78.5150865,111.57249100000001
Jakarta,2024-10-13 06:00:00,50.542609250000005,72.10906
Jakarta,2024-10-13 12:00:00,58.32205875,82.7564865
Jakarta,2024-10-13 18:00:00,102.82346375,145.7845535
Jakarta,2024-10-14 00:00:00,85.99371825,122.12211749999999
Jakarta,2024-10-14 06:00:00,54.26974775,77.20694775
Jakarta,2024-10-14 12:00:00,64.24298175,90.93571375
Jakarta,2024-10-14 18:00:00,71.73730325000001,101.6067025
Jakarta,2024-10-15 00:00:00,51.113715750000004,72.34871249999999
Jakarta,2024-10-15 06:00:00,38.852903250000004,55.01487975
Jakarta,2024-10-15 12:00:00,73.6622775,103.76726375000001
Jakarta,2024-10-15 18:00:00,102.89102150000002,145.2928025
Jakarta,2024-10-16 00:00:00,82.7517405,116.86824999999999
Jakarta,2024-10-16 06:00:00,48.041557000000005,67.987599
Jakarta,2024-10-16 12:00:00,82.412044,116.38565
Jakarta,2024-10-16 18:00:00,95.971331,136.027494
Jakarta,2024-10-17 00:00:00,86.4678775,122.75279399999998
Jakarta,2024-10-17 06:00:00,38.140967499999995,54.29328125
Jakarta,2024-10-17 12:00:00,60.151562999999996,85.1121915
Jakarta,2024-10-17 18:00:00,90.29898275,127.97304000000001
Jakarta,2024-10-18 00:00:00,71.033738,100.7896335
Jakarta,2024-10-18 06:00:00,38.43385375,54.62391099999999
Jakarta,2024-10-18 12:00:00,46.64025325,66.10855425
Jakarta,2024-10-18 18:00:00,64.16163975,90.9547565
Jakarta,2024-10-19 00:00:00,83.74775000000001,118.849925
Jakarta,2024-10-19 06:00:00,44.543355749999996,63.337608
Jakarta,2024-10-19 12:00:00,57.59871175,81.530657
Jakarta,2024-10-19 18:00:00,86.659839,122.7824685
Jakarta,2024-10-20 00:00:00,47.23096975,66.97951
Jakarta,2024-10-20 06:00:00,21.16030375,30.1102435
Jakarta,2024-10-20 12:00:00,34.72230525,49.148383249999995
Jakarta,2024-10-20 18:00:00,86.8977275,123.24125025
Jakarta,2024-10-21 00:00:00,55.10298625,78.230985
Jakarta,2024-10-21 06:00:00,27.7720885,39.54645
Jakarta,2024-10-21 12:00:00,46.92554975,66.486677
Jakarta,2024-10-21 18:00:00,97.93257000000001,139.005351
Jakarta,2024-10-22 00:00:00,79.38183325,112.78416349999999
Jakarta,2024-10-22 06:00:00,42.89728375,61.083653000000005
Jakarta,2024-10-22 12:00:00,49.8648655,70.8160995
Jakarta,2024-10-22 18:00:00,55.130328250000005,78.331141
Jakarta,2024-10-23 00:00:00,70.7636905,100.76587300000001
Jakarta,2024-10-23 06:00:00,48.910238,69.98294424999999
Jakarta,2024-10-23 12:00:00,64.54972325000001,91.90293274999999
Jakarta,2024-10-23 18:00:00,65.71161875,93.4596195
Jakarta,2024-10-24 00:00:00,67.37110425000002,96.0548055
Jakarta,2024-10-24 06:00:00,56.162079500000004,80.2698575
Jakarta,2024-10-24 12:00:00,65.669454,93.4320775
Jakarta,2024-10-24 18:00:00,68.09057125000001,96.89014649999999
Jakarta,2024-10-25 00:00:00,47.271356499999996,67.2408765
Jakarta,2024-10-25 06:00:00,27.8227075,39.693604
Jakarta,2024-10-25 12:00:00,36.301159,51.651169749999994
Jakarta,2024-10-25 18:00:00,60.03747875,85.342435
Jakarta,2024-10-26 00:00:00,38.0957775,54.217025
Jakarta,2024-10-26 06:00:00,28.88532475,41.20794
Jakarta,2024-10-26 12:00:00,41.015567999999995,58.238611500000005
Jakarta,2024-10-26 18:00:00,57.555098,81.59082675
Jakarta,2024-10-27 00:00:00,44.21804125,62.74285525
Jakarta,2024-10-27 06:00:00,37.166771250000004,52.85839675
Jakarta,2024-10-27 12:00:00,50.3753705,71.424851
Jakarta,2024-10-27 18:00:00,69.49500200000001,98.4395575
Jakarta,2024-10-28 00:00:00,87.10355875,123.77427100000001
Jakarta,2024-10-28 06:00:00,59.2852135,84.32877250000001
Jakarta,2024-10-28 12:00:00,62.48572624999999,88.57042975
Jakarta,2024-10-28 18:00:00,67.3187525,95.29651374999999
Jakarta,2024-10-29 00:00:00,64.52194275000001,91.97344749999999
Jakarta,2024-10-29 06:00:00,40.877325,58.38686
Jakarta,2024-10-29 12:00:00,60.854474249999996,85.852805
Jakarta,2024-10-29 18:00:00,72.68573625,102.55774774999999
Jakarta,2024-10-30 00:00:00,76.86083,108.13951650000001
Jakarta,2024-10-30 06:00:00,49.057078,68.880538
Jakarta,2024-10-30 12:00:00,54.97685250000001,76.6623175
Jakarta,2024-10-30 18:00:00,69.78440499999999,97.8177175
Jakarta,2024-10-31 00:00:00,92.90630549999999,130.3367875
Jakarta,2024-10-31 06:00:00,59.55656925,82.843556
Jakarta,2024-10-31 12:00:00,72.19332999999999,100.1938025
Jakarta,2024-10-31 18:00:00,88.582965,123.359201
Jakarta,2024-11-01 00:00:00,53.98669625,75.90415449999999
Jakarta,2024-11-01 06:00:00,29.10874725,40.907081749999996
Jakarta,2024-11-01 12:00:00,34.36838375,48.44224475000001
Jakarta,2024-11-01 18:00:00,48.995019,69.1807155
Jakarta,2024-11-02 00:00:00,50.53954075,71.59963
Jakarta,2024-11-02 06:00:00,40.87546325,57.890375250000005
Jakarta,2024-11-02 12:00:00,53.982688499999995,76.34360975
Jakarta,2024-11-02 18:00:00,80.13515249999999,113.5835815
Jakarta,2024-11-03 00:00:00,76.755897,108.88049949999998
Jakarta,2024-11-03 06:00:00,44.24958875,62.728418500000004
Jakarta,2024-11-03 12:00:00,48.759446,69.0505725
Jakarta,2024-11-03 18:00:00,84.04734300000001,119.23168500000001
Jakarta,2024-11-04 00:00:00,56.64424075,80.43627975
Jakarta,2024-11-04 06:00:00,39.36533225,55.960840000000005
Jakarta,2024-11-04 12:00:00,53.64010725,76.07911825
Jakarta,2024-11-04 18:00:00,60.724801250000006,86.2359005
Jakarta,2024-11-05 00:00:00,51.70136325,73.47534875000001
Jakarta,2024-11-05 06:00:00,32.252472499999996,45.8299775
Jakarta,2024-11-05 12:00:00,72.43117675,102.75121575
Jakarta,2024-11-05 18:00:00,93.06734325,132.19687249999998
Jakarta,2024-11-06 00:00:00,72.90509475,103.626916
Jakarta,2024-11-06 06:00:00,31.88813475,45.302386250000005
Jakarta,2024-11-06 12:00:00,55.909935000000004,79.22184825
Jakarta,2024-11-06 18:00:00,113.0202915,160.41463050000002
Jakarta,2024-11-07 00:00:00,104.1453295,147.8811085
Jakarta,2024-11-07 06:00:00,48.95826975,69.4703315
Jakarta,2024-11-07 12:00:00,58.59951075,82.93273024999999
Jakarta,2024-11-07 18:00:00,79.12757575,112.178185
Jakarta,2024-11-08 00:00:00,82.814155,117.44526649999999
Jakarta,2024-11-08 06:00:00,51.4137355,72.8986425
Jakarta,2024-11-08 12:00:00,74.45886775,105.27117125000001
Jakarta,2024-11-08 18:00:00,122.7639775,173.7344325
Jakarta,2024-11-09 00:00:00,123.1047125,174.2357675
Jakarta,2024-11-09 06:00:00,59.6397465,84.26798000000001
Jakarta,2024-11-09 12:00:00,75.24432924999999,105.92093349999999
Jakarta,2024-11-09 18:00:00,107.8372225,152.110942
Jakarta,2024-11-10 00:00:00,95.77030524999999,134.8929575
Jakarta,2024-11-10 06:00:00,46.35848,65.11987825
Jakarta,2024-11-10 12:00:00,66.3421095,93.54057750000001
Jakarta,2024-11-10 18:00:00,80.5716805,113.953945
Jakarta,2024-11-11 00:00:00,74.8133285,105.707955
Jakarta,2024-11-11 06:00:00,47.028252,66.291037
Jakarta,2024-11-11 12:00:00,79.3946665,111.9750285
Jakarta,2024-11-11 18:00:00,89.60984350000001,126.72546599999998
Jakarta,2024-11-12 00:00:00,81.10188925,114.8249825
Jakarta,2024-11-12 06:00:00,29.680628,42.043907749999995
Jakarta,2024-11-12 12:00:00,64.27715875000001,91.0979165
Jakarta,2024-11-12 18:00:00,105.62047274999999,149.91127375
Jakarta,2024-11-13 00:00:00,91.862945,130.411992
Jakarta,2024-11-13 06:00:00,30.555639250000002,43.4564245
Jakarta,2024-11-13 12:00:00,44.925315,63.694784500000004
Jakarta,2024-11-13 18:00:00,114.980706,162.8968675
Jakarta,2024-11-14 00:00:00,147.2321875,208.8399925
Jakarta,2024-11-14 06:00:00,69.0862985,98.20973850000001
Jakarta,2024-11-14 12:00:00,90.21991274999999,127.30018400000002
Jakarta,2024-11-14 18:00:00,131.94821249999998,186.70505250000002
Jakarta,2024-11-15 00:00:00,157.2161915,222.38157
Jakarta,2024-11-15 06:00:00,95.24862375,134.4256025
Jakarta,2024-11-15 12:00:00,120.86562225,169.85512500000002
Jakarta,2024-11-15 18:00:00,148.2135285,209.18407000000002
Jakarta,2024-11-16 00:00:00,150.14889275,212.065515
Jakarta,2024-11-16 06:00:00,96.4053375,135.8165075
Jakarta,2024-11-16 12:00:00,81.82141250000001,115.01412
Jakarta,2024-11-16 18:00:00,91.56087975,129.25747124999998
Jakarta,2024-11-17 00:00:00,117.98181,166.8699935
Jakarta,2024-11-17 06:00:00,60.348128249999995,85.158064
Jakarta,2024-11-17 12:00:00,71.0142135,100.11697649999999
Jakarta,2024-11-17 18:00:00,80.18345675,113.50203899999998
Jakarta,2024-11-18 00:00:00,71.314275,101.16002575
Jakarta,2024-11-18 06:00:00,27.482670499999998,38.9542835
Jakarta,2024-11-18 12:00:00,60.41888325000001,85.57887625000001
Jakarta,2024-11-18 18:00:00,100.60364349999999,142.779015
Jakarta,2024-11-19 00:00:00,71.44143525,101.38040749999999
Jakarta,2024-11-19 06:00:00,33.194709249999995,47.015547
Jakarta,2024-11-19 12:00:00,60.5614905,85.73265124999999
Jakarta,2024-11-19 18:00:00,82.75392725,117.359436
Jakarta,2024-11-20 00:00:00,73.9325975,104.94966324999999
Jakarta,2024-11-20 06:00:00,32.41541425,45.95816
Jakarta,2024-11-20 12:00:00,47.78678325,67.682975
Jakarta,2024-11-20 18:00:00,69.76620249999999,98.98076225
Jakarta,2024-11-21 00:00:00,70.56541925,100.17197325000001
Jakarta,2024-11-21 06:00:00,30.063575000000004,42.708734250000006
Jakarta,2024-11-21 12:00:00,68.95390925,97.79156875000001
Jakarta,2024-11-21 18:00:00,71.2133625,101.18065999999999
Jakarta,2024-11-22 00:00:00,58.195268999999996,82.84183675
Jakarta,2024-11-22 06:00:00,25.903346749999997,37.043534750000006
Jakarta,2024-11-22 12:00:00,54.4647205,77.39468749999999
Jakarta,2024-11-22 18:00:00,57.948341000000006,82.37779499999999
Jakarta,2024-11-23 00:00:00,59.0788995,84.20386325
Jakarta,2024-11-23 06:00:00,28.200162249999998,40.31130675
Jakarta,2024-11-23 12:00:00,54.638377,77.59047025000001
Jakarta,2024-11-23 18:00:00,81.94004375,116.4516445
Jakarta,2024-11-24 00:00:00,60.19288900000001,85.71709000000001
Jakarta,2024-11-24 06:00:00,27.00880925,38.56587175
Jakarta,2024-11-24 12:00:00,50.07026875,71.13607
Jakarta,2024-11-24 18:00:00,71.49247875,101.58791425
Jakarta,2024-11-25 00:00:00,91.55849075,130.35807400000002
Jakarta,2024-11-25 06:00:00,37.579510750000004,53.8963
Jakarta,2024-11-25 12:00:00,61.30736124999999,87.17158450000001
Jakarta,2024-11-25 18:00:00,78.867515,112.12770750000001
Jakarta,2024-11-26 00:00:00,100.40582625,142.8559825
Jakarta,2024-11-26 06:00:00,45.68565325,65.484087
Jakarta,2024-11-26 12:00:00,65.2437815,92.7863775
Jakarta,2024-11-26 18:00:00,94.5136805,134.3203315
Jakarta,2024-11-27 00:00:00,83.963384,119.6137025
Jakarta,2024-11-27 06:00:00,35.31425875,51.00338274999999
Jakarta,2024-11-27 12:00:00,54.20794550000001,77.16184275
Jakarta,2024-11-27 18:00:00,77.26150374999999,109.9490435
Jakarta,2024-11-28 00:00:00,87.84085900000001,125.038725
Jakarta,2024-11-28 06:00:00,33.845474,48.715649
Jakarta,2024-11-28 12:00:00,51.69272275,73.61346400000001
Jakarta,2024-11-28 18:00:00,65.59403675,93.319727
Jakarta,2024-11-29 00:00:00,69.6947225,99.3207435
Jakarta,2024-11-29 06:00:00,27.9327425,40.580005
Jakarta,2024-11-29 12:00:00,45.1546785,64.397425
Jakarta,2024-11-29 18:00:00,66.50452675,94.82963025000001
Jakarta,2024-11-30 00:00:00,67.05025,95.52113025
Jakarta,2024-11-30 06:00:00,28.939425,41.78045325
Jakarta,2024-11-30 12:00:00,38.597989,55.022837
Jakarta,2024-11-30 18:00:00,46.93538375,66.8080125
Jakarta,2024-12-01 00:00:00,48.23272075,68.82913699999999
Jakarta,2024-12-01 06:00:00,21.2769465,30.98290325
Jakarta,2024-12-01 12:00:00,50.20572775,71.41215925
Jakarta,2024-12-01 18:00:00,59.26123825,84.34540100000001
Jakarta,2024-12-02 00:00:00,61.608887499999994,88.2219245
Jakarta,2024-12-02 06:00:00,24.9678755,36.802589
Jakarta,2024-12-02 12:00:00,38.14331275,54.87359525
Jakarta,2024-12-02 18:00:00,26.7035175,38.7662445
Jakarta,2024-12-03 00:00:00,22.1735945,32.87696875
Jakarta,2024-12-03 06:00:00,20.93078425,30.9896255
Jakarta,2024-12-03 12:00:00,34.861940749999995,50.821555000000004
Jakarta,2024-12-03 18:00:00,33.6330715,49.2462965
Jakarta,2024-12-04 00:00:00,36.953323250000004,53.6130355
Jakarta,2024-12-04 06:00:00,22.21945275,32.508566
Jakarta,2024-12-04 12:00:00,32.688547,47.01354325
Jakarta,2024-12-04 18:00:00,41.753353,59.8471395
Jakarta,2024-12-05 00:00:00,40.80038675,59.164251
Jakarta,2024-12-05 06:00:00,17.85187475,26.43017175
Jakarta,2024-12-05 12:00:00,31.333059124999995,45.08351
Jakarta,2024-12-05 18:00:00,40.643485,58.27655475
Jakarta,2024-12-06 00:00:00,36.9630595,53.51463974999999
Jakarta,2024-12-06 06:00:00,21.37774375,31.1931955
Jakarta,2024-12-06 12:00:00,63.99121625,91.03178000000001
Jakarta,2024-12-06 18:00:00,84.80987024999999,120.62696449999999
Jakarta,2024-12-07 00:00:00,62.34023325,88.869911
Jakarta,2024-12-07 06:00:00,27.99865225,40.16585825
Jakarta,2024-12-07 12:00:00,73.07956974999999,103.6042205
Jakarta,2024-12-07 18:00:00,72.94268225,103.57115325
Jakarta,2024-12-08 00:00:00,68.7967945,97.85205175
Jakarta,2024-12-08 06:00:00,33.0429945,47.129191000000006
Jakarta,2024-12-08 12:00:00,74.5859765,105.7521075
Jakarta,2024-12-08 18:00:00,92.08737500000001,130.8241625
Jakarta,2024-12-09 00:00:00,63.772659250000004,90.85783925
Jakarta,2024-12-09 06:00:00,29.37109425,42.251343500000004
Jakarta,2024-12-09 12:00:00,74.25643375,105.33376849999999
Jakarta,2024-12-09 18:00:00,77.04556875,109.549775
Jakarta,2024-12-10 00:00:00,26.9351405,38.32389
Jakarta,2024-12-10 06:00:00,12.29545875,17.72969
Jakarta,2024-12-10 12:00:00,35.6813245,51.018091500000004
Jakarta,2024-12-10 18:00:00,35.927442250000006,51.581594
Jakarta,2024-12-11 00:00:00,26.134656999999997,37.4631525
Jakarta,2024-12-11 06:00:00,18.46198915,26.774756749999998
Jakarta,2024-12-11 12:00:00,43.201865,61.52693275
Jakarta,2024-12-11 18:00:00,37.41927025,53.60143975
Jakarta,2024-12-12 00:00:00,31.61507325,45.569080750000005
Jakarta,2024-12-12 06:00:00,24.16332725,34.7164075
Jakarta,2024-12-12 12:00:00,42.15934925,58.743665
Jakarta,2024-12-12 18:00:00,51.555489,72.228645
Jakarta,2024-12-13 00:00:00,57.723127500000004,81.354529
Jakarta,2024-12-13 06:00:00,27.063066250000002,38.761384750000005
Jakarta,2024-12-13 12:00:00,42.1675845,59.8226675
Jakarta,2024-12-13 18:00:00,43.92603675,62.65906974999999
Jakarta,2024-12-14 00:00:00,37.827532749999996,53.9883445
Jakarta,2024-12-14 06:00:00,22.9915995,32.848760250000005
Jakarta,2024-12-14 12:00:00,41.73713925,59.08070525
Jakarta,2024-12-14 18:00:00,47.645939750000004,67.7285925
Jakarta,2024-12-15 00:00:00,37.908876,54.13511375
Jakarta,2024-12-15 06:00:00,29.2600505,41.805662999999996
Jakarta,2024-12-15 12:00:00,34.350477749999996,49.07187175
Jakarta,2024-12-15 18:00:00,36.42037425,52.237367500000005
Jakarta,2024-12-16 00:00:00,52.76336825,75.77057125
Jakarta,2024-12-16 06:00:00,23.31390175,34.09665725
Jakarta,2024-12-16 12:00:00,47.30098575,67.41982
Jakarta,2024-12-16 18:00:00,56.4489825,80.42224075
Jakarta,2024-12-17 00:00:00,57.76608625,82.917838
Jakarta,2024-12-17 06:00:00,27.371982,40.15642275
Jakarta,2024-12-17 12:00:00,49.0876735,70.03234275
Jakarta,2024-12-17 18:00:00,59.10783375,84.05578325
Jakarta,2024-12-18 00:00:00,66.205388,94.38696250000001
Jakarta,2024-12-18 06:00:00,23.85374375,34.4800525
Jakarta,2024-12-18 12:00:00,27.910403,39.7834585
Jakarta,2024-12-18 18:00:00,35.574188750000005,50.6995255
Jakarta,2024-12-19 00:00:00,40.33148525,57.972812999999995
Jakarta,2024-12-19 06:00:00,20.20448175,29.255546
Jakarta,2024-12-19 12:00:00,31.19586725,44.5126035
Jakarta,2024-12-19 18:00:00,37.11647825,52.893939
Jakarta,2024-12-20 00:00:00,51.88698575,74.3483495
Jakarta,2024-12-20 06:00:00,21.473454,31.2849695
Jakarta,2024-12-20 12:00:00,44.259635749999994,62.975744000000006
Jakarta,2024-12-20 18:00:00,45.46723275,64.84808075
Jakarta,2024-12-21 00:00:00,46.16021,66.23150749999999
Jakarta,2024-12-21 06:00:00,27.90416425,40.47804225
Jakarta,2024-12-21 12:00:00,58.62204925,83.47483075
Jakarta,2024-12-21 18:00:00,95.503635,135.81836750000002
Jakarta,2024-12-22 00:00:00,77.58413175,110.6374145
Jakarta,2024-12-22 06:00:00,28.652393749999998,41.7870185
Jakarta,2024-12-22 12:00:00,54.362829000000005,77.4727785
Jakarta,2024-12-22 18:00:00,112.4641355,159.9084075
Jakarta,2024-12-23 00:00:00,92.03344799999999,131.12074475
Jakarta,2024-12-23 06:00:00,31.54170275,45.48138575
Jakarta,2024-12-23 12:00:00,54.79905875,77.95513650000001
Jakarta,2024-12-23 18:00:00,54.926659,78.20514625
Jakarta,2024-12-24 00:00:00,55.28062224999999,78.83872500000001
Jakarta,2024-12-24 06:00:00,24.11405825,34.9110675
Jakarta,2024-12-24 12:00:00,44.90517825,64.12136675
Jakarta,2024-12-24 18:00:00,74.48781499999998,106.17373
Jakarta,2024-12-25 00:00:00,77.6885815,110.842024
Jakarta,2024-12-25 06:00:00,27.961505,41.02457725
Jakarta,2024-12-25 12:00:00,61.29596299999999,87.30245500000001
Jakarta,2024-12-25 18:00:00,83.52505175,118.95622
Jakarta,2024-12-26 00:00:00,66.17716425,94.5965725
Jakarta,2024-12-26 06:00:00,23.543038,34.0758105
Jakarta,2024-12-26 12:00:00,42.521314000000004,60.5699595
Jakarta,2024-12-26 18:00:00,66.1819405,94.14512275
Jakarta,2024-12-27 00:00:00,88.3559305,126.20466825
Jakarta,2024-12-27 06:00:00,33.9036035,48.944799
Jakarta,2024-12-27 12:00:00,59.07418175,83.815139
Jakarta,2024-12-27 18:00:00,65.8994565,93.5510805
Jakarta,2024-12-28 00:00:00,66.16707525,94.0456445
Jakarta,2024-12-28 06:00:00,21.052045250000003,30.032112
Jakarta,2024-12-28 12:00:00,57.829127,82.03161874999999
Jakarta,2024-12-28 18:00:00,96.86024925,137.58903875000001
Jakarta,2024-12-29 00:00:00,85.86191400000001,122.10767874999999
Jakarta,2024-12-29 06:00:00,24.116417499999997,34.603687
Jakarta,2024-12-29 12:00:00,51.948262750000005,73.65628050000001
Jakarta,2024-12-29 18:00:00,62.715018,89.078526
Jakarta,2024-12-30 00:00:00,28.137549000000003,40.1307135
Jakarta,2024-12-30 06:00:00,15.757820250000002,23.00743075
Jakarta,2024-12-30 12:00:00,28.8766415,41.241619750000005
Jakarta,2024-12-30 18:00:00,35.31098975,50.207660749999995
Jakarta,2024-12-31 00:00:00,34.738434500000004,49.35967
Jakarta,2024-12-31 06:00:00,16.810815875000003,24.012536
Jakarta,2024-12-31 12:00:00,30.780569500000002,43.59921525
Jakarta,2024-12-31 18:00:00,64.0857965,90.82370375
Jakarta,2025-01-01 00:00:00,62.98196925,89.7181295
Jakarta,2025-01-01 06:00:00,28.55524875,41.2986195
Jakarta,2025-01-01 12:00:00,48.27301575,68.49711500000001
Jakarta,2025-01-01 18:00:00,68.721364,97.135284
Jakarta,2025-01-02 00:00:00,57.43376625,81.03432925
Jakarta,2025-01-02 06:00:00,20.33146975,28.547106
Jakarta,2025-01-02 12:00:00,51.358171750000004,72.15136675000001
Jakarta,2025-01-02 18:00:00,87.08465775,123.16877625
Jakarta,2025-01-03 00:00:00,65.75820025,93.09206925
Jakarta,2025-01-03 06:00:00,22.172827249999997,31.28366175
Jakarta,2025-01-03 12:00:00,42.67239775,60.070277000000004
Jakarta,2025-01-03 18:00:00,68.59011299999999,97.11322999999999
Jakarta,2025-01-04 00:00:00,52.631919,74.680145
Jakarta,2025-01-04 06:00:00,15.624294749999999,22.190476999999998
Jakarta,2025-01-04 12:00:00,32.9546875,46.553951
Jakarta,2025-01-04 18:00:00,50.41289275,71.31944800000001
Jakarta,2025-01-05 00:00:00,56.602972,80.05190375000001
Jakarta,2025-01-05 06:00:00,20.74762075,29.24957725
Jakarta,2025-01-05 12:00:00,51.327602999999996,72.24845499999999
Jakarta,2025-01-05 18:00:00,88.9995855,125.76433075
Jakarta,2025-01-06 00:00:00,87.288755,123.1277925
Jakarta,2025-01-06 06:00:00,28.41444775,39.475708000000004
Jakarta,2025-01-06 12:00:00,47.0100615,65.621577
Jakarta,2025-01-06 18:00:00,70.82129975,99.82162174999999
Jakarta,2025-01-07 00:00:00,73.16947275000001,102.8139425
Jakarta,2025-01-07 06:00:00,26.942075250000002,37.52603575
Jakarta,2025-01-07 12:00:00,56.33768250000001,78.84324325
Jakarta,2025-01-07 18:00:00,61.36856774999999,86.23409475
Jakarta,2025-01-08 00:00:00,56.4983375,79.58340075000001
Jakarta,2025-01-08 06:00:00,28.434527499999998,40.8453505
Jakarta,2025-01-08 12:00:00,54.5588965,77.526722
Jakarta,2025-01-08 18:00:00,82.67986125,117.56477875
Jakarta,2025-01-09 00:00:00,58.61568275,83.70705000000001
Jakarta,2025-01-09 06:00:00,37.22297425,53.947701
Jakarta,2025-01-09 12:00:00,54.76852075,78.431924
Jakarta,2025-01-09 18:00:00,105.0443645,149.61313
Jakarta,2025-01-10 00:00:00,109.6448455,156.41080625
Jakarta,2025-01-10 06:00:00,34.336523,49.68595125
Jakarta,2025-01-10 12:00:00,61.31463675,87.45732249999999
Jakarta,2025-01-10 18:00:00,94.82964525,134.97143
Jakarta,2025-01-11 00:00:00,75.78633175,108.23697499999999
Jakarta,2025-01-11 06:00:00,31.991674999999997,46.7085785
Jakarta,2025-01-11 12:00:00,55.22451775,78.7256345
Jakarta,2025-01-11 18:00:00,58.23591275,83.04567625
Jakarta,2025-01-12 00:00:00,37.159026499999996,52.990628750000006
Jakarta,2025-01-12 06:00:00,18.873777,27.038595250000004
Jakarta,2025-01-12 12:00:00,34.62729125,49.262467
Jakarta,2025-01-12 18:00:00,47.533263,67.66566725
Jakarta,2025-01-13 00:00:00,71.82172999999999,102.73799975
Jakarta,2025-01-13 06:00:00,25.554100999999996,37.267213250000005
Jakarta,2025-01-13 12:00:00,44.25567025,62.90520125000001
Jakarta,2025-01-13 18:00:00,53.611614749999994,76.1860425
Jakarta,2025-01-14 00:00:00,61.56476274999999,87.70754799999999
Jakarta,2025-01-14 06:00:00,24.825183499999998,35.5289275
Jakarta,2025-01-14 12:00:00,41.88976275,59.296212999999995
Jakarta,2025-01-14 18:00:00,53.420307,75.260344
Jakarta,2025-01-15 00:00:00,61.00611849999999,85.57293625
Jakarta,2025-01-15 06:00:00,24.100927249999998,33.523775750000006
Jakarta,2025-01-15 12:00:00,42.158945,59.06017025
Jakarta,2025-01-15 18:00:00,60.074425749999996,84.78190175
Jakarta,2025-01-16 00:00:00,60.378823249999996,85.22925975
Jakarta,2025-01-16 06:00:00,18.304973750000002,26.085189
Jakarta,2025-01-16 12:00:00,45.96063175,65.259883
Jakarta,2025-01-16 18:00:00,51.04064375,72.6165865
Jakarta,2025-01-17 00:00:00,51.6689055,73.74120525000001
Jakarta,2025-01-17 06:00:00,26.41364475,38.2835025
Jakarta,2025-01-17 12:00:00,44.144585,62.98222374999999
Jakarta,2025-01-17 18:00:00,28.69254,41.27258475
Jakarta,2025-01-18 00:00:00,34.033689499999994,49.550124249999996
Jakarta,2025-01-18 06:00:00,22.23444525,32.355246
Jakarta,2025-01-18 12:00:00,40.52344525,57.77329225
Jakarta,2025-01-18 18:00:00,43.298314,61.74866475000001
Jakarta,2025-01-19 00:00:00,40.659244,58.11057275
Jakarta,2025-01-19 06:00:00,16.85933175,24.5599945
Jakarta,2025-01-19 12:00:00,40.339344999999994,57.5700475
Jakarta,2025-01-19 18:00:00,25.116946749999997,36.29497775
Jakarta,2025-01-20 00:00:00,26.4568605,38.361236000000005
Jakarta,2025-01-20 06:00:00,22.647327750000002,32.999508750000004
Jakarta,2025-01-20 12:00:00,46.73552275,66.89123175
Jakarta,2025-01-20 18:00:00,40.17744025,57.84241275
Jakarta,2025-01-21 00:00:00,63.476762,91.17712999999999
Jakarta,2025-01-21 06:00:00,22.834428000000003,34.23321
Jakarta,2025-01-21 12:00:00,57.35655875,82.0818555
Jakarta,2025-01-21 18:00:00,63.684069,91.05985875
Jakarta,2025-01-22 00:00:00,58.41900425000001,83.51696675000001
Jakarta,2025-01-22 06:00:00,21.263900500000002,31.066917500000002
Jakarta,2025-01-22 12:00:00,49.13414375,70.14807549999999
Jakarta,2025-01-22 18:00:00,89.864415,128.04980725000001
Jakarta,2025-01-23 00:00:00,91.23641625,130.05205625
Jakarta,2025-01-23 06:00:00,20.7541575,30.140029000000002
Jakarta,2025-01-23 12:00:00,49.94726,71.126296
Jakarta,2025-01-23 18:00:00,93.7008045,133.25314
Jakarta,2025-01-24 00:00:00,55.068568,78.32679075
Jakarta,2025-01-24 06:00:00,18.1637745,25.9676365
Jakarta,2025-01-24 12:00:00,45.4875675,64.58988199999999
Jakarta,2025-01-24 18:00:00,62.613026,89.00070600000001
Jakarta,2025-01-25 00:00:00,92.4350175,131.553405
Jakarta,2025-01-25 06:00:00,28.03346925,40.32307275
Jakarta,2025-01-25 12:00:00,45.982078,65.40130925
Jakarta,2025-01-25 18:00:00,62.545950250000004,88.97029599999999
Jakarta,2025-01-26 00:00:00,59.330147999999994,84.6586095
Jakarta,2025-01-26 06:00:00,19.10478875,27.48714675
Jakarta,2025-01-26 12:00:00,37.920272999999995,53.845270000000006
Jakarta,2025-01-26 18:00:00,47.03011325,66.8420625
Jakarta,2025-01-27 00:00:00,53.88102375,76.72864
Jakarta,2025-01-27 06:00:00,16.43201125,23.6948095
Jakarta,2025-01-27 12:00:00,33.3173205,47.40236624999999
Jakarta,2025-01-27 18:00:00,46.8292,66.62685350000001
Jakarta,2025-01-28 00:00:00,68.03608625000001,97.289217
Jakarta,2025-01-28 06:00:00,26.33321125,38.190535
Jakarta,2025-01-28 12:00:00,44.202920999999996,62.9430015
Jakarta,2025-01-28 18:00:00,30.749561000000003,44.224861250000004
Jakarta,2025-01-29 00:00:00,47.653116999999995,69.73593175
Jakarta,2025-01-29 06:00:00,26.29320725,39.381519
Jakarta,2025-01-29 12:00:00,39.39504675,56.886990000000004
Jakarta,2025-01-29 18:00:00,38.447026,55.46826325
Jakarta,2025-01-30 00:00:00,34.293436,50.908425750000006
Jakarta,2025-01-30 06:00:00,23.13109325,35.67345125
Jakarta,2025-01-30 12:00:00,35.99161875,52.683391
Jakarta,2025-01-30 18:00:00,53.60881474999999,77.465644
Jakarta,2025-01-31 00:00:00,52.5303965,76.13078800000001
Jakarta,2025-01-31 06:00:00,24.183777,36.059929999999994
Jakarta,2025-01-31 12:00:00,41.06220075,59.04910075
Jakarta,2025-01-31 18:00:00,71.42622775,101.87142125
Jakarta,2025-02-01 00:00:00,55.17876,79.16296
Jakarta,2025-02-01 06:00:00,20.98897725,30.927822250000002
Jakarta,2025-02-01 12:00:00,37.7920635,54.14079925
Jakarta,2025-02-01 18:00:00,70.75095675,100.76189525000001
Jakarta,2025-02-02 00:00:00,55.61776225,79.54071099999999
Jakarta,2025-02-02 06:00:00,19.748768,28.751813499999997
Jakarta,2025-02-02 12:00:00,44.356184,63.10207725000001
Jakarta,2025-02-02 18:00:00,73.46801450000001,104.51333425
Jakarta,2025-02-03 00:00:00,84.24751649999999,120.047728
Jakarta,2025-02-03 06:00:00,33.391870499999996,48.00540475
Jakarta,2025-02-03 12:00:00,55.0777485,78.24428499999999
Jakarta,2025-02-03 18:00:00,87.53228499999999,124.32167274999999
Jakarta,2025-02-04 00:00:00,82.11586199999999,116.76155349999999
Jakarta,2025-02-04 06:00:00,30.268324999999997,43.272678250000006
Jakarta,2025-02-04 12:00:00,39.0990495,55.760295250000006
Jakarta,2025-02-04 18:00:00,34.67261,49.630472499999996
Jakarta,2025-02-05 00:00:00,35.75601725,51.00307025
Jakarta,2025-02-05 06:00:00,13.467541675,19.398726125
Jakarta,2025-02-05 12:00:00,28.110236,40.101298
Jakarta,2025-02-05 18:00:00,38.406625,54.83144625
Jakarta,2025-02-06 00:00:00,34.57644475,49.582439
Jakarta,2025-02-06 06:00:00,25.0025495,36.717154
Jakarta,2025-02-06 12:00:00,41.04208525,58.96097925
Jakarta,2025-02-06 18:00:00,58.2486165,83.32193625000001
Jakarta,2025-02-07 00:00:00,90.36330250000002,129.85657249999997
Jakarta,2025-02-07 06:00:00,29.890202249999998,44.880039
Jakarta,2025-02-07 12:00:00,48.27165900000001,69.3366355
Jakarta,2025-02-07 18:00:00,93.9444625,133.89768575
Jakarta,2025-02-08 00:00:00,66.44094675,94.90526
Jakarta,2025-02-08 06:00:00,27.449629749999996,40.359395750000004
Jakarta,2025-02-08 12:00:00,60.78040874999999,87.0452925
Jakarta,2025-02-08 18:00:00,85.3499805,121.76673175000002
Jakarta,2025-02-09 00:00:00,63.19673625,90.15675925000001
Jakarta,2025-02-09 06:00:00,23.79829325,35.04132425
Jakarta,2025-02-09 12:00:00,53.83148525,77.06759799999999
Jakarta,2025-02-09 18:00:00,61.865734499999995,88.76321525
Jakarta,2025-02-10 00:00:00,58.893307,85.18651224999999
Jakarta,2025-02-10 06:00:00,25.07886175,37.46868
Jakarta,2025-02-10 12:00:00,57.16808025,81.57098875
Jakarta,2025-02-10 18:00:00,86.77176374999999,123.5584375
Jakarta,2025-02-11 00:00:00,110.23968375,157.35321249999998
Jakarta,2025-02-11 06:00:00,30.627944499999998,44.67546
Jakarta,2025-02-11 12:00:00,57.712867499999994,82.2186055
Jakarta,2025-02-11 18:00:00,114.900062,163.3073625
Jakarta,2025-02-12 00:00:00,120.38322000000001,171.100625
Jakarta,2025-02-12 06:00:00,41.82936675,59.766420499999995
Jakarta,2025-02-12 12:00:00,74.87771875,106.14530875000001
Jakarta,2025-02-12 18:00:00,111.2560285,158.03378600000002
Jakarta,2025-02-13 00:00:00,76.6012535,108.84062425
Jakarta,2025-02-13 06:00:00,24.726574499999998,35.242125
Jakarta,2025-02-13 12:00:00,51.380723499999995,72.8241925
Jakarta,2025-02-13 18:00:00,90.52448000000001,128.48528249999998
Jakarta,2025-02-14 00:00:00,65.6560115,93.3361835
Jakarta,2025-02-14 06:00:00,19.657505999999998,28.123082750000002
Jakarta,2025-02-14 12:00:00,32.58824675,46.34807775
Jakarta,2025-02-14 18:00:00,66.1611925,94.04018949999998
Jakarta,2025-02-15 00:00:00,63.4454965,90.35739025
Jakarta,2025-02-15 06:00:00,18.903108500000002,27.284045
Jakarta,2025-02-15 12:00:00,45.8852015,65.17362225000001
Jakarta,2025-02-15 18:00:00,83.38095325,118.43130124999999
Jakarta,2025-02-16 00:00:00,74.44805300000002,105.8676845
Jakarta,2025-02-16 06:00:00,19.2880095,27.58773125
Jakarta,2025-02-16 12:00:00,34.54199825,49.1036185
Jakarta,2025-02-16 18:00:00,65.0073845,92.33974675
Jakarta,2025-02-17 00:00:00,63.30015025000001,90.11364574999999
Jakarta,2025-02-17 06:00:00,26.912005,38.5560955
Jakarta,2025-02-17 12:00:00,37.8210675,53.7582135
Jakarta,2025-02-17 18:00:00,70.9445375,100.791168
Jakarta,2025-02-18 00:00:00,82.811554,117.71155325000001
Jakarta,2025-02-18 06:00:00,19.399578625,27.748683250000003
Jakarta,2025-02-18 12:00:00,39.48576225,56.0395605
Jakarta,2025-02-18 18:00:00,62.049581249999996,88.1325665
Jakarta,2025-02-19 00:00:00,70.751385,100.73193875
Jakarta,2025-02-19 06:00:00,24.461656,35.00750225
Jakarta,2025-02-19 12:00:00,42.95933525,61.058274000000004
Jakarta,2025-02-19 18:00:00,91.3870795,129.857313
Jakarta,2025-02-20 00:00:00,109.2215575,155.30645175
Jakarta,2025-02-20 06:00:00,23.78692425,34.07444575
Jakarta,2025-02-20 12:00:00,43.912336999999994,62.3808765
Jakarta,2025-02-20 18:00:00,75.3075095,107.044316
Jakarta,2025-02-21 00:00:00,70.658046,100.5646495
Jakarta,2025-02-21 06:00:00,24.057896749999998,34.57896
Jakarta,2025-02-21 12:00:00,45.754915249999996,65.13363325
Jakarta,2025-02-21 18:00:00,74.208755,105.58977675
Jakarta,2025-02-22 00:00:00,35.49732175,50.635406749999994
Jakarta,2025-02-22 06:00:00,21.41635475,30.789805749999996
Jakarta,2025-02-22 12:00:00,43.09508425,61.271150999999996
Jakarta,2025-02-22 18:00:00,88.10035075,125.19416175
Jakarta,2025-02-23 00:00:00,61.05821575,87.07849075
Jakarta,2025-02-23 06:00:00,27.06234175,39.019397
Jakarta,2025-02-23 12:00:00,55.503506,78.95545249999999
Jakarta,2025-02-23 18:00:00,82.676194,117.58623874999999
Jakarta,2025-02-24 00:00:00,73.46301375,104.47786124999999
Jakarta,2025-02-24 06:00:00,20.486680999999997,29.289509
Jakarta,2025-02-24 12:00:00,63.137065250000006,89.601911
Jakarta,2025-02-24 18:00:00,111.863301,158.91305
Jakarta,2025-02-25 00:00:00,121.75269200000001,173.11549374999998
Jakarta,2025-02-25 06:00:00,34.28539275,48.9240505
Jakarta,2025-02-25 12:00:00,57.948313250000005,82.27024575
Jakarta,2025-02-25 18:00:00,93.75366675000001,133.2130075
Jakarta,2025-02-26 00:00:00,105.31357375,149.816514
Jakarta,2025-02-26 06:00:00,32.7240745,46.8555755
Jakarta,2025-02-26 12:00:00,59.69502625,84.79713650000001
Jakarta,2025-02-26 18:00:00,111.63786,158.60968000000003
Jakarta,2025-02-27 00:00:00,125.34451324999999,178.0617825
Jakarta,2025-02-27 06:00:00,25.988413,36.9961415
Jakarta,2025-02-27 12:00:00,45.887190249999996,65.095008
Jakarta,2025-02-27 18:00:00,102.36496225,145.25116375000002
Jakarta,2025-02-28 00:00:00,109.3085035,155.25427
Jakarta,2025-02-28 06:00:00,26.911437,38.34111325
Jakarta,2025-02-28 12:00:00,58.023602499999996,82.3205255
Jakarta,2025-02-28 18:00:00,97.3709725,138.1910975
Jakarta,2025-03-01 00:00:00,90.87114100000001,129.09617799999998
Jakarta,2025-03-01 06:00:00,16.01091525,22.775111250000002
Jakarta,2025-03-01 12:00:00,50.9673875,72.30175875
Jakarta,2025-03-01 18:00:00,106.06982,150.64503775
Jakarta,2025-03-02 00:00:00,130.7629715,185.782881
Jakarta,2025-03-02 06:00:00,42.575436249999996,60.533467
Jakarta,2025-03-02 12:00:00,54.12658749999999,76.81902050000001
Jakarta,2025-03-02 18:00:00,104.74188425,148.6993695
Jakarta,2025-03-03 00:00:00,103.30578000000001,146.740435
Jakarta,2025-03-03 06:00:00,35.0854135,49.9732665
Jakarta,2025-03-03 12:00:00,62.19272525,88.286015
Jakarta,2025-03-03 18:00:00,62.991859000000005,89.51571
Jakarta,2025-03-04 00:00:00,97.94245925,139.3123075
Jakarta,2025-03-04 06:00:00,46.164203,65.82590075
Jakarta,2025-03-04 12:00:00,67.9670505,96.46135000000001
Jakarta,2025-03-04 18:00:00,99.59165999999999,141.38115150000002
Jakarta,2025-03-05 00:00:00,76.701383,108.9128
Jakarta,2025-03-05 06:00:00,27.80301125,39.5360475
Jakarta,2025-03-05 12:00:00,56.178797749999994,79.684709
Jakarta,2025-03-05 18:00:00,118.6946715,168.547929
Jakarta,2025-03-06 00:00:00,132.9487975,188.96935150000002
Jakarta,2025-03-06 06:00:00,35.798677749999996,50.903594
Jakarta,2025-03-06 12:00:00,46.106733999999996,65.5106475
Jakarta,2025-03-06 18:00:00,34.13779875,48.8059305
Jakarta,2025-03-07 00:00:00,38.535234,55.210193749999995
Jakarta,2025-03-07 06:00:00,19.88895825,28.998329249999998
Jakarta,2025-03-07 12:00:00,51.89392,73.89238025
Jakarta,2025-03-07 18:00:00,81.6953345,116.23779875
Jakarta,2025-03-08 00:00:00,85.927921,122.35795925000001
Jakarta,2025-03-08 06:00:00,31.257585,44.598208500000005
Jakarta,2025-03-08 12:00:00,47.82644675,67.89264225000001
Jakarta,2025-03-08 18:00:00,77.34638575000001,109.725194
Jakarta,2025-03-09 00:00:00,103.39272325,146.79608149999999
Jakarta,2025-03-09 06:00:00,31.221048500000002,44.36606125
Jakarta,2025-03-09 12:00:00,54.232628250000005,76.91730175
Jakarta,2025-03-09 18:00:00,103.28767425,146.64237774999998
Jakarta,2025-03-10 00:00:00,122.1260395,173.597529
Jakarta,2025-03-10 06:00:00,30.14406475,43.04135300000001
Jakarta,2025-03-10 12:00:00,61.66609950000001,87.568993
Jakarta,2025-03-10 18:00:00,116.9465515,166.14029425
Jakarta,2025-03-11 00:00:00,90.7166405,129.01830324999997
Jakarta,2025-03-11 06:00:00,23.04680875,33.0531975
Jakarta,2025-03-11 12:00:00,67.66816775,96.13148600000001
Jakarta,2025-03-11 18:00:00,125.53056174999999,178.34855750000003
Jakarta,2025-03-12 00:00:00,132.49780325,188.46708625
Jakarta,2025-03-12 06:00:00,24.51062625,35.203556750000004
Jakarta,2025-03-12 12:00:00,53.195721,75.55962525
Jakarta,2025-03-12 18:00:00,120.69455099999999,171.42326725
Jakarta,2025-03-13 00:00:00,103.49270775000001,147.117135
Jakarta,2025-03-13 06:00:00,21.233574749999995,30.2257205
Jakarta,2025-03-13 12:00:00,42.60670075,60.461928750000006
Jakarta,2025-03-13 18:00:00,87.84274899999998,124.81325324999999
Jakarta,2025-03-14 00:00:00,67.062614,95.3270675
Jakarta,2025-03-14 06:00:00,19.16073675,27.0437395
Jakarta,2025-03-14 12:00:00,47.952084750000004,67.36044675
Jakarta,2025-03-14 18:00:00,60.81563799999999,85.65172
Jakarta,2025-03-15 00:00:00,52.7218725,74.52757675
Jakarta,2025-03-15 06:00:00,20.412557,29.29525025
Jakarta,2025-03-15 12:00:00,47.89772775,67.99160649999999
Jakarta,2025-03-15 18:00:00,53.3130165,75.7478355
Jakarta,2025-03-16 00:00:00,53.797492500000004,76.45798074999999
Jakarta,2025-03-16 06:00:00,23.870569250000003,34.1247245
Jakarta,2025-03-16 12:00:00,60.75548249999999,86.05490925
Jakarta,2025-03-16 18:00:00,61.0247215,86.62893075
Jakarta,2025-03-17 00:00:00,61.462174999999995,87.25657950000002
Jakarta,2025-03-17 06:00:00,18.974191,27.19872325
Jakarta,2025-03-17 12:00:00,34.541734999999996,49.201161750000004
Jakarta,2025-03-17 18:00:00,24.697015750000002,35.369851249999996
Jakarta,2025-03-18 00:00:00,44.99526075,64.30082
Jakarta,2025-03-18 06:00:00,21.52219725,30.908836000000004
Jakarta,2025-03-18 12:00:00,38.284575749999995,54.52145049999999
Jakarta,2025-03-18 18:00:00,88.822448,126.36030650000001
Jakarta,2025-03-19 00:00:00,42.68861125,60.756065
Jakarta,2025-03-19 06:00:00,21.8995525,31.522034750000003
Jakarta,2025-03-19 12:00:00,59.960286249999996,85.24273175
Jakarta,2025-03-19 18:00:00,76.3164965,108.66344249999999
Jakarta,2025-03-20 00:00:00,76.21542925,108.50601424999999
Jakarta,2025-03-20 06:00:00,27.28035025,39.18603375
Jakarta,2025-03-20 12:00:00,66.55671575000001,94.56606099999999
Jakarta,2025-03-20 18:00:00,67.0088685,95.54079850000001
Jakarta,2025-03-21 00:00:00,81.681037,116.64837874999999
Jakarta,2025-03-21 06:00:00,22.734568,33.127677
Jakarta,2025-03-21 12:00:00,42.165730499999995,60.3083245
Jakarta,2025-03-21 18:00:00,89.51406175,127.30094849999998
Jakarta,2025-03-22 00:00:00,80.882046,115.1597655
Jakarta,2025-03-22 06:00:00,21.09938175,30.588381500000004
Jakarta,2025-03-22 12:00:00,53.381654499999996,75.87885825000001
Jakarta,2025-03-22 18:00:00,77.35150150000001,109.992015
Jakarta,2025-03-23 00:00:00,93.47149750000001,132.9935905
Jakarta,2025-03-23 06:00:00,24.916716,35.980577249999996
Jakarta,2025-03-23 12:00:00,54.9668335,78.20668175
Jakarta,2025-03-23 18:00:00,71.7897145,102.104422
Jakarta,2025-03-24 00:00:00,70.97742275,101.17764825
Jakarta,2025-03-24 06:00:00,26.3640055,38.15267775
Jakarta,2025-03-24 12:00:00,40.49351775,57.81612425
Jakarta,2025-03-24 18:00:00,74.065156,105.2785605
Jakarta,2025-03-25 00:00:00,90.73119125,129.16098
Jakarta,2025-03-25 06:00:00,26.68267025,38.63039
Jakarta,2025-03-25 12:00:00,55.296057000000005,78.76332
Jakarta,2025-03-25 18:00:00,91.20105925,129.73896299999998
Jakarta,2025-03-26 00:00:00,123.93053600000002,176.461414
Jakarta,2025-03-26 06:00:00,43.82297875,63.174013
Jakarta,2025-03-26 12:00:00,60.1454815,85.61068
Jakarta,2025-03-26 18:00:00,114.92980499999999,163.21735
Jakarta,2025-03-27 00:00:00,115.32424175000001,163.91709099999997
Jakarta,2025-03-27 06:00:00,27.490244999999998,39.45291325
Jakarta,2025-03-27 12:00:00,59.577246249999995,84.47932525
Jakarta,2025-03-27 18:00:00,95.64152374999999,135.88197499999998
Jakarta,2025-03-28 00:00:00,68.72841025000001,97.901021
Jakarta,2025-03-28 06:00:00,18.432786,26.81258625
Jakarta,2025-03-28 12:00:00,47.172904,67.32486250000001
Jakarta,2025-03-28 18:00:00,58.2742815,83.26657025
Jakarta,2025-03-29 00:00:00,39.69122975,57.017529749999994
Jakarta,2025-03-29 06:00:00,17.403180875,25.5406435
Jakarta,2025-03-29 12:00:00,43.83797125,62.54892
Jakarta,2025-03-29 18:00:00,67.7248705,96.44077000000001
Jakarta,2025-03-30 00:00:00,110.312215,157.3214375
Jakarta,2025-03-30 06:00:00,32.14058325,46.20994724999999
Jakarta,2025-03-30 12:00:00,58.0724735,81.46419300000001
Jakarta,2025-03-30 18:00:00,75.310622,105.353679
Jakarta,2025-03-31 00:00:00,91.086291,127.4729885
Jakarta,2025-03-31 06:00:00,28.437285,39.18073375
Jakarta,2025-03-31 12:00:00,37.2758115,51.849611249999995
Jakarta,2025-03-31 18:00:00,85.3093375,119.9434225
Jakarta,2025-04-01 00:00:00,106.051147,149.61557249999998
Jakarta,2025-04-01 06:00:00,23.310349,32.87200875
Jakarta,2025-04-01 12:00:00,46.8616285,66.2581675
Jakarta,2025-04-01 18:00:00,71.4796345,101.2738275
Jakarta,2025-04-02 00:00:00,67.74848725,96.209077
Jakarta,2025-04-02 06:00:00,19.5858545,27.7907905
Jakarta,2025-04-02 12:00:00,37.589757,53.192792
Jakarta,2025-04-02 18:00:00,75.69155925,107.28916725
Jakarta,2025-04-03 00:00:00,91.650349,130.10787975
Jakarta,2025-04-03 06:00:00,27.617816,39.322032
Jakarta,2025-04-03 12:00:00,52.360874499999994,74.26678025
Jakarta,2025-04-03 18:00:00,81.97872475,116.34727875000002
Jakarta,2025-04-04 00:00:00,92.709511,131.6856275
Jakarta,2025-04-04 06:00:00,23.0830185,32.78013625
Jakarta,2025-04-04 12:00:00,45.65120475,64.63935225
Jakarta,2025-04-04 18:00:00,93.30329925,132.30356824999998
Jakarta,2025-04-05 00:00:00,125.21127075,177.590665
Jakarta,2025-04-05 06:00:00,37.798969750000005,53.315005250000006
Jakarta,2025-04-05 12:00:00,65.65460425,92.75396500000001
Jakarta,2025-04-05 18:00:00,96.6363135,136.87144874999998
Jakarta,2025-04-06 00:00:00,114.59837950000001,162.52261099999998
Jakarta,2025-04-06 06:00:00,40.55542125,57.328833
Jakarta,2025-04-06 12:00:00,65.50075625,92.637165
Jakarta,2025-04-06 18:00:00,100.77758449999999,142.85720400000002
Jakarta,2025-04-07 00:00:00,126.7441125,179.9714925
Jakarta,2025-04-07 06:00:00,38.000820250000004,53.78313875
Jakarta,2025-04-07 12:00:00,84.29094625,119.0811625
Jakarta,2025-04-07 18:00:00,128.80329325,182.390125
Jakarta,2025-04-08 00:00:00,142.831595,202.432375
Jakarta,2025-04-08 06:00:00,41.32630275,58.198508
Jakarta,2025-04-08 12:00:00,72.259099,101.89182875
Jakarta,2025-04-08 18:00:00,120.5922325,170.7265375
Jakarta,2025-04-09 00:00:00,115.21410750000001,163.321145
Jakarta,2025-04-09 06:00:00,41.268207999999994,58.02297725
Jakarta,2025-04-09 12:00:00,69.11142225,97.20062524999999
Jakarta,2025-04-09 18:00:00,125.76669000000001,177.82531375000002
Jakarta,2025-04-10 00:00:00,134.305113,190.42977649999997
Jakarta,2025-04-10 06:00:00,38.3282105,53.987632749999996
Jakarta,2025-04-10 12:00:00,56.97927550000001,80.42871975
Jakarta,2025-04-10 18:00:00,111.4982525,157.856394
Jakarta,2025-04-11 00:00:00,155.6203375,220.67235
Jakarta,2025-04-11 06:00:00,54.92012175,77.46825749999999
Jakarta,2025-04-11 12:00:00,68.63531675,96.77785399999999
Jakarta,2025-04-11 18:00:00,68.813789,97.22111825
Jakarta,2025-04-12 00:00:00,63.42122475,89.8485275
Jakarta,2025-04-12 06:00:00,27.5487085,38.8859865
Jakarta,2025-04-12 12:00:00,68.423901,96.6718395
Jakarta,2025-04-12 18:00:00,84.00343275,118.99351125
Jakarta,2025-04-13 00:00:00,114.27573425,162.20019575
Jakarta,2025-04-13 06:00:00,32.184885,45.54164
Jakarta,2025-04-13 12:00:00,42.6117305,60.27880875
Jakarta,2025-04-13 18:00:00,40.0051475,56.698810249999994
Jakarta,2025-04-14 00:00:00,33.020796250000004,46.9167395
Jakarta,2025-04-14 06:00:00,24.121603999999998,34.30361075
Jakarta,2025-04-14 12:00:00,54.7121315,77.58768825
Jakarta,2025-04-14 18:00:00,92.81222950000002,131.70904499999997
Jakarta,2025-04-15 00:00:00,128.37802,182.2576215
Jakarta,2025-04-15 06:00:00,44.961979,63.703168500000004
Jakarta,2025-04-15 12:00:00,80.68363375,113.9537205
Jakarta,2025-04-15 18:00:00,120.8287585,171.1298415
Jakarta,2025-04-16 00:00:00,115.2238825,163.443475
Jakarta,2025-04-16 06:00:00,34.3922295,48.6086265
Jakarta,2025-04-16 12:00:00,74.0113805,104.40496150000001
Jakarta,2025-04-16 18:00:00,131.73786124999998,186.3432425
Jakarta,2025-04-17 00:00:00,164.5642575,231.720095
Jakarta,2025-04-17 06:00:00,60.025144250000004,83.3044
Jakarta,2025-04-17 12:00:00,74.639843,103.52161375
Jakarta,2025-04-17 18:00:00,103.3489525,144.29053899999997
Jakarta,2025-04-18 00:00:00,105.11325775,146.6801215
Jakarta,2025-04-18 06:00:00,43.538534999999996,59.54231675
Jakarta,2025-04-18 12:00:00,70.905131,98.4067875
Jakarta,2025-04-18 18:00:00,98.0828635,136.746905
Jakarta,2025-04-19 00:00:00,114.94987075,161.530295
Jakarta,2025-04-19 06:00:00,34.548819,47.83686375
Jakarta,2025-04-19 12:00:00,68.03247725,95.46340425
Jakarta,2025-04-19 18:00:00,81.64081925,115.03039
Jakarta,2025-04-20 00:00:00,65.59358275,93.0499775
Jakarta,2025-04-20 06:00:00,18.542976999999997,26.295368
Jakarta,2025-04-20 12:00:00,35.78766425,50.62659625
Jakarta,2025-04-20 18:00:00,78.84531875,111.8205535
Jakarta,2025-04-21 00:00:00,112.46441999999999,159.71272625
Jakarta,2025-04-21 06:00:00,48.31980500000001,68.50990575
Jakarta,2025-04-21 12:00:00,65.05212,92.050983
Jakarta,2025-04-21 18:00:00,86.1078325,122.03713499999998
Jakarta,2025-04-22 00:00:00,74.64961975,106.01036049999999
Jakarta,2025-04-22 06:00:00,19.67553985,27.96289775
Jakarta,2025-04-22 12:00:00,44.971557250000004,63.78860325000001
Jakarta,2025-04-22 18:00:00,75.54467725,107.2791935
Jakarta,2025-04-23 00:00:00,80.74528049999999,114.78206750000001
Jakarta,2025-04-23 06:00:00,24.5485125,35.07148075
Jakarta,2025-04-23 12:00:00,41.53611175,58.967884749999996
Jakarta,2025-04-23 18:00:00,52.758224500000004,74.9726325
Jakarta,2025-04-24 00:00:00,51.25025375,72.85223175
Jakarta,2025-04-24 06:00:00,20.67717775,29.55169975
Jakarta,2025-04-24 12:00:00,57.786252,82.02687325
Jakarta,2025-04-24 18:00:00,80.90057575,114.93420950000001
Jakarta,2025-04-25 00:00:00,84.27093899999998,119.82746249999998
Jakarta,2025-04-25 06:00:00,31.923988249999997,45.545704
Jakarta,2025-04-25 12:00:00,60.462128250000006,85.78558525
Jakarta,2025-04-25 18:00:00,86.21978475,122.3923515
Jakarta,2025-04-26 00:00:00,112.15115599999999,159.2525225
Jakarta,2025-04-26 06:00:00,50.3368365,71.5441785
Jakarta,2025-04-26 12:00:00,79.44680575000001,112.53663975
Jakarta,2025-04-26 18:00:00,106.6737515,151.2827075
Jakarta,2025-04-27 00:00:00,110.4308465,156.54973099999998
Jakarta,2025-04-27 06:00:00,37.95147975,53.5247285
Jakarta,2025-04-27 12:00:00,66.996109,94.57437524999999
Jakarta,2025-04-27 18:00:00,104.24332749999999,147.31088499999998
Jakarta,2025-04-28 00:00:00,133.24250849999999,188.492436
Jakarta,2025-04-28 06:00:00,45.52472825,64.00600075
Jakarta,2025-04-28 12:00:00,88.45810850000001,124.38272250000001
Jakarta,2025-04-28 18:00:00,141.18504,199.44627875
Jakarta,2025-04-29 00:00:00,133.89558275,189.71331999999998
Jakarta,2025-04-29 06:00:00,38.037285,53.55533875
Jakarta,2025-04-29 12:00:00,82.12656075,115.6079195
Jakarta,2025-04-29 18:00:00,127.95072624999999,180.909525
Jakarta,2025-04-30 00:00:00,170.5939175,241.19662999999997
Jakarta,2025-04-30 06:00:00,60.562399500000005,85.17858475
Jakarta,2025-04-30 12:00:00,98.43814125,138.18247250000002
Jakarta,2025-04-30 18:00:00,145.55797625,205.60117
Jakarta,2025-05-01 00:00:00,120.70722624999999,170.70851499999998
Jakarta,2025-05-01 06:00:00,60.38263224999999,85.453707
Jakarta,2025-05-01 12:00:00,90.56515125,127.4415815
Jakarta,2025-05-01 18:00:00,133.78001999999998,189.1177115
Jakarta,2025-05-02 00:00:00,134.6949165,190.9024825
Jakarta,2025-05-02 06:00:00,41.657998,58.8024705
Jakarta,2025-05-02 12:00:00,77.79044625,109.70845225
Jakarta,2025-05-02 18:00:00,92.04544125,130.2109925
Jakarta,2025-05-03 00:00:00,109.72325749999999,155.6454675
Jakarta,2025-05-03 06:00:00,37.3941585,53.50514675
Jakarta,2025-05-03 12:00:00,73.5334705,104.0146475
Jakarta,2025-05-03 18:00:00,101.88090025000001,144.47209625
Jakarta,2025-05-04 00:00:00,109.43406925000001,155.239375
Jakarta,2025-05-04 06:00:00,48.35662525,68.4291315
Jakarta,2025-05-04 12:00:00,73.70604825,103.99497775
Jakarta,2025-05-04 18:00:00,103.82001425,147.15260500000002
Jakarta,2025-05-05 00:00:00,125.19075124999999,177.67849
Jakarta,2025-05-05 06:00:00,43.21188375,61.092521500000004
Jakarta,2025-05-05 12:00:00,71.01718299999999,100.3134555
Jakarta,2025-05-05 18:00:00,101.21050299999999,143.47835849999998
Jakarta,2025-05-06 00:00:00,104.70933025,148.7608175
Jakarta,2025-05-06 06:00:00,39.8225525,56.580261500000006
Jakarta,2025-05-06 12:00:00,75.6755875,107.10647375
Jakarta,2025-05-06 18:00:00,113.65693750000001,161.31014
Jakarta,2025-05-07 00:00:00,122.2001635,173.65743750000001
Jakarta,2025-05-07 06:00:00,43.167873,61.58768500000001
Jakarta,2025-05-07 12:00:00,83.4733515,118.2847325
Jakarta,2025-05-07 18:00:00,117.94378375,167.47748249999998
Jakarta,2025-05-08 00:00:00,129.6380115,184.3004635
Jakarta,2025-05-08 06:00:00,39.416619250000004,56.28263
Jakarta,2025-05-08 12:00:00,76.8560525,109.0042475
Jakarta,2025-05-08 18:00:00,101.191461,143.6631015
Jakarta,2025-05-09 00:00:00,124.09754050000001,176.3411875
Jakarta,2025-05-09 06:00:00,38.337205499999996,54.7294975
Jakarta,2025-05-09 12:00:00,54.97770375,78.022311
Jakarta,2025-05-09 18:00:00,106.86875475000001,151.77204
Jakarta,2025-05-10 00:00:00,113.72515,161.664275
Jakarta,2025-05-10 06:00:00,30.836986250000002,43.968556
Jakarta,2025-05-10 12:00:00,65.1792785,92.50732
Jakarta,2025-05-10 18:00:00,84.8331175,120.52464499999998
Jakarta,2025-05-11 00:00:00,102.989474,146.43796675
Jakarta,2025-05-11 06:00:00,30.65997575,43.8729155
Jakarta,2025-05-11 12:00:00,51.514064,73.15424
Jakarta,2025-05-11 18:00:00,89.297885,126.86962125
Jakarta,2025-05-12 00:00:00,103.0976485,146.64533
Jakarta,2025-05-12 06:00:00,32.6000845,46.85463675
Jakarta,2025-05-12 12:00:00,62.26446199999999,88.1408925
Jakarta,2025-05-12 18:00:00,111.55037750000001,158.171758
Jakarta,2025-05-13 00:00:00,96.92971175,137.66151425
Jakarta,2025-05-13 06:00:00,25.94116225,36.89223175
Jakarta,2025-05-13 12:00:00,61.704582,87.42580425
Jakarta,2025-05-13 18:00:00,83.76429,118.94596400000002
Jakarta,2025-05-14 00:00:00,115.18034075,163.695859
Jakarta,2025-05-14 06:00:00,32.891449,46.71426325
Jakarta,2025-05-14 12:00:00,85.61335125000001,121.276685
Jakarta,2025-05-14 18:00:00,114.248054,162.16114
Jakarta,2025-05-15 00:00:00,121.38934825,172.51398125000003
Jakarta,2025-05-15 06:00:00,31.824768999999996,45.21291525
Jakarta,2025-05-15 12:00:00,65.6739015,93.08027375
Jakarta,2025-05-15 18:00:00,116.144832,164.8905375
Jakarta,2025-05-16 00:00:00,135.92290375,193.183725
Jakarta,2025-05-16 06:00:00,34.232698500000005,48.664730999999996
Jakarta,2025-05-16 12:00:00,68.19794800000001,96.655726
Jakarta,2025-05-16 18:00:00,86.53411625,122.785365
Jakarta,2025-05-17 00:00:00,107.28559,152.27658350000002
Jakarta,2025-05-17 06:00:00,38.332899749999996,54.62187925
Jakarta,2025-05-17 12:00:00,66.57089125,94.292545
Jakarta,2025-05-17 18:00:00,95.00607075,134.78336375
Jakarta,2025-05-18 00:00:00,84.55811,120.148572
Jakarta,2025-05-18 06:00:00,26.37801825,37.537148499999994
Jakarta,2025-05-18 12:00:00,54.6734495,77.54532400000001
Jakarta,2025-05-18 18:00:00,99.51816125,141.3417285
Jakarta,2025-05-19 00:00:00,87.823309,124.83747050000001
Jakarta,2025-05-19 06:00:00,26.09212375,37.2496065
Jakarta,2025-05-19 12:00:00,51.91844825,73.587358
Jakarta,2025-05-19 18:00:00,77.69205025000001,110.2753225
Jakarta,2025-05-20 00:00:00,87.774851,124.71059625000001
Jakarta,2025-05-20 06:00:00,27.9207345,39.941027500000004
Jakarta,2025-05-20 12:00:00,61.158559,86.78722375
Jakarta,2025-05-20 18:00:00,114.02460175,161.85827749999999
Jakarta,2025-05-21 00:00:00,115.04740000000001,163.47852
Jakarta,2025-05-21 06:00:00,42.731415,61.131176499999995
Jakarta,2025-05-21 12:00:00,71.8722495,101.87784575
Jakarta,2025-05-21 18:00:00,84.999611,120.71086524999998
Jakarta,2025-05-22 00:00:00,99.38310125000001,141.2057625
Jakarta,2025-05-22 06:00:00,38.0118765,54.166548
Jakarta,2025-05-22 12:00:00,60.74509425,86.0830475
Jakarta,2025-05-22 18:00:00,56.3130685,79.9975625
Jakarta,2025-05-23 00:00:00,95.66724574999999,135.9592245
Jakarta,2025-05-23 06:00:00,30.271166750000003,43.136765749999995
Jakarta,2025-05-23 12:00:00,46.5990405,66.28465600000001
Jakarta,2025-05-23 18:00:00,55.35116574999999,78.76724275
Jakarta,2025-05-24 00:00:00,86.24505149999999,122.63080875
Jakarta,2025-05-24 06:00:00,22.004684499999996,31.358041
Jakarta,2025-05-24 12:00:00,61.53737775,87.2418575
Jakarta,2025-05-24 18:00:00,84.40690400000001,119.81364924999998
Jakarta,2025-05-25 00:00:00,66.5618535,94.5354955
Jakarta,2025-05-25 06:00:00,28.21900575,40.0655155
Jakarta,2025-05-25 12:00:00,70.064572,99.19909875
Jakarta,2025-05-25 18:00:00,110.59898875,156.8896575
Jakarta,2025-05-26 00:00:00,74.153605,105.19716
Jakarta,2025-05-26 06:00:00,32.85094875,46.632466
Jakarta,2025-05-26 12:00:00,54.56092775,77.12128399999999
Jakarta,2025-05-26 18:00:00,62.07983424999999,87.78818174999999
Jakarta,2025-05-27 00:00:00,91.55905675,129.77193575
Jakarta,2025-05-27 06:00:00,22.38991225,31.846354999999996
Jakarta,2025-05-27 12:00:00,61.54129975,86.70383675
Jakarta,2025-05-27 18:00:00,112.28053125,158.90884749999998
Jakarta,2025-05-28 00:00:00,129.3924475,183.26522999999997
Jakarta,2025-05-28 06:00:00,34.44574775,48.7747235
Jakarta,2025-05-28 12:00:00,85.32884825000001,120.13913375
Jakarta,2025-05-28 18:00:00,128.3290775,181.549635
Jakarta,2025-05-29 00:00:00,132.47529375000002,187.53405999999998
Jakarta,2025-05-29 06:00:00,47.782351999999996,67.75576425000001
Jakarta,2025-05-29 12:00:00,85.3460735,120.40550149999999
Jakarta,2025-05-29 18:00:00,136.23412249999998,193.04537
Jakarta,2025-05-30 00:00:00,135.38374374999998,192.04753499999998
Jakarta,2025-05-30 06:00:00,49.25669825,69.9191675
Jakarta,2025-05-30 12:00:00,89.86080375,126.8235775
Jakarta,2025-05-30 18:00:00,144.61398,204.79682900000003
Jakarta,2025-05-31 00:00:00,141.465789,200.6192965
Jakarta,2025-05-31 06:00:00,50.31233675,71.24702925
Jakarta,2025-05-31 12:00:00,74.861645,105.66248
Jakarta,2025-05-31 18:00:00,100.09012125000001,141.77931
Jakarta,2025-06-01 00:00:00,132.54239850000002,188.1037125
Jakarta,2025-06-01 06:00:00,64.4622,91.680931
Jakarta,2025-06-01 12:00:00,109.91422624999998,154.93191124999998
Jakarta,2025-06-01 18:00:00,157.84165625,223.33245
Jakarta,2025-06-02 00:00:00,123.62176025,175.2905525
Jakarta,2025-06-02 06:00:00,47.70372175,67.61539
Jakarta,2025-06-02 12:00:00,72.87587775,102.97318875
Jakarta,2025-06-02 18:00:00,92.6071525,131.04119000000003
Jakarta,2025-06-03 00:00:00,98.131367,139.1793785
Jakarta,2025-06-03 06:00:00,29.211321499999997,41.407872999999995
Jakarta,2025-06-03 12:00:00,57.596878249999996,81.47708399999999
Jakarta,2025-06-03 18:00:00,118.75120325,168.42614
Jakarta,2025-06-04 00:00:00,140.1218425,198.93115874999998
Jakarta,2025-06-04 06:00:00,44.366288250000004,62.87757499999999
Jakarta,2025-06-04 12:00:00,78.15077600000001,110.3602465
Jakarta,2025-06-04 18:00:00,100.270185,141.82587975
Jakarta,2025-06-05 00:00:00,109.304196,154.7296075
Jakarta,2025-06-05 06:00:00,47.0848825,66.453139
Jakarta,2025-06-05 12:00:00,87.747025,123.803261
Jakarta,2025-06-05 18:00:00,132.6565975,187.59487875
Jakarta,2025-06-06 00:00:00,127.512465,180.49638625
Jakarta,2025-06-06 06:00:00,45.70892925,64.48522125
Jakarta,2025-06-06 12:00:00,76.18135099999999,107.5902665
Jakarta,2025-06-06 18:00:00,112.6928465,159.53679749999998
Jakarta,2025-06-07 00:00:00,101.560319,144.04349449999998
Jakarta,2025-06-07 06:00:00,32.339755749999995,45.772992
Jakarta,2025-06-07 12:00:00,69.314467,98.03568374999999
Jakarta,2025-06-07 18:00:00,106.72209975,151.4237075
Jakarta,2025-06-08 00:00:00,92.85816,131.92743625
Jakarta,2025-06-08 06:00:00,24.744622,35.15287975
Jakarta,2025-06-08 12:00:00,72.07142775,102.17092975
Jakarta,2025-06-08 18:00:00,122.348553,173.73739149999997
Jakarta,2025-06-09 00:00:00,110.77799,157.4954925
Jakarta,2025-06-09 06:00:00,30.951809749999995,44.57757475
Jakarta,2025-06-09 12:00:00,69.69292974999999,98.90240425
Jakarta,2025-06-09 18:00:00,117.64888149999999,167.233565
Jakarta,2025-06-10 00:00:00,137.17942675,195.12777
Jakarta,2025-06-10 06:00:00,40.776655,58.72553250000001
Jakarta,2025-06-10 12:00:00,71.19967875,101.143541
Jakarta,2025-06-10 18:00:00,74.844053,106.4847225
Jakarta,2025-06-11 00:00:00,47.47948925,67.4906455
Jakarta,2025-06-11 06:00:00,18.976664,27.154897000000002
Jakarta,2025-06-11 12:00:00,52.7378455,74.84089675
Jakarta,2025-06-11 18:00:00,100.060616,142.114776
Jakarta,2025-06-12 00:00:00,136.17591349999998,193.54862625
Jakarta,2025-06-12 06:00:00,43.9885355,62.8606365
Jakarta,2025-06-12 12:00:00,78.3943785,111.106089
Jakarta,2025-06-12 18:00:00,103.67349999999999,147.1366875
Jakarta,2025-06-13 00:00:00,91.29081375000001,129.72052050000002
Jakarta,2025-06-13 06:00:00,33.744555250000005,48.2639845
Jakarta,2025-06-13 12:00:00,87.40613625,123.796326
Jakarta,2025-06-13 18:00:00,97.9983955,139.0570785
Jakarta,2025-06-14 00:00:00,127.23643249999999,180.80385249999998
Jakarta,2025-06-14 06:00:00,49.4063675,70.78449525
Jakarta,2025-06-14 12:00:00,73.6573625,104.46677724999999
Jakarta,2025-06-14 18:00:00,108.47040125000001,153.975635
Jakarta,2025-06-15 00:00:00,99.892644,141.91073375000002
Jakarta,2025-06-15 06:00:00,29.232353500000002,41.60295925
Jakarta,2025-06-15 12:00:00,66.09650475000001,93.6678365
Jakarta,2025-06-15 18:00:00,88.11264249999999,125.04074250000001
Jakarta,2025-06-16 00:00:00,98.4507275,139.86132750000002
Jakarta,2025-06-16 06:00:00,28.76464575,40.88826675000001
Jakarta,2025-06-16 12:00:00,64.8323075,91.90011875
Jakarta,2025-06-16 18:00:00,113.209723,160.7103005
Jakarta,2025-06-17 00:00:00,110.39629925,156.895878
Jakarta,2025-06-17 06:00:00,31.510722749999996,44.816715249999994
Jakarta,2025-06-17 12:00:00,67.12906475,95.21642049999998
Jakarta,2025-06-17 18:00:00,40.18711750000001,57.125561250000004
Jakarta,2025-06-18 00:00:00,42.7289715,60.771640250000004
Jakarta,2025-06-18 06:00:00,30.802396749999996,43.972192750000005
Jakarta,2025-06-18 12:00:00,55.07484875,78.11627200000001
Jakarta,2025-06-18 18:00:00,71.381464,101.37171075
Jakarta,2025-06-19 00:00:00,98.021728,139.44781925
Jakarta,2025-06-19 06:00:00,35.67726,51.33335925
Jakarta,2025-06-19 12:00:00,70.2991075,99.87593150000001
Jakarta,2025-06-19 18:00:00,119.895489,170.44738024999998
Jakarta,2025-06-20 00:00:00,110.25849775,156.81951349999997
Jakarta,2025-06-20 06:00:00,31.07402375,44.407784
Jakarta,2025-06-20 12:00:00,55.4334185,78.82783875
Jakarta,2025-06-20 18:00:00,60.532045249999996,86.01137
Jakarta,2025-06-21 00:00:00,52.731038500000004,75.0119955
Jakarta,2025-06-21 06:00:00,32.857201,46.88973849999999
Jakarta,2025-06-21 12:00:00,52.20113075,73.91838525
Jakarta,2025-06-21 18:00:00,76.9723275,109.2750485
Jakarta,2025-06-22 00:00:00,60.44513150000001,85.89498275000001
Jakarta,2025-06-22 06:00:00,29.881562500000005,42.517968
Jakarta,2025-06-22 12:00:00,72.18522999999999,102.31167450000001
Jakarta,2025-06-22 18:00:00,106.03718925,150.51796375
Jakarta,2025-06-23 00:00:00,133.7497225,189.9585415
Jakarta,2025-06-23 06:00:00,56.9346815,81.00352125
Jakarta,2025-06-23 12:00:00,81.6589245,115.7026175
Jakarta,2025-06-23 18:00:00,106.39038875,150.879345
Jakarta,2025-06-24 00:00:00,120.76347450000002,171.38683
Jakarta,2025-06-24 06:00:00,55.260727,78.9602285
Jakarta,2025-06-24 12:00:00,90.82663149999999,128.69992249999999
Jakarta,2025-06-24 18:00:00,109.68187875,155.64171375
Jakarta,2025-06-25 00:00:00,106.64859875,151.543758
Jakarta,2025-06-25 06:00:00,52.4372855,75.13108375
Jakarta,2025-06-25 12:00:00,89.0021855,126.130771
Jakarta,2025-06-25 18:00:00,111.59460250000001,158.2644725
Jakarta,2025-06-26 00:00:00,107.1993,152.1841565
Jakarta,2025-06-26 06:00:00,45.21812975,64.8641105
Jakarta,2025-06-26 12:00:00,94.5455835,133.85397125
Jakarta,2025-06-26 18:00:00,141.685632,200.9670075
Jakarta,2025-06-27 00:00:00,172.391935,244.951875
Jakarta,2025-06-27 06:00:00,66.0480175,94.73683249999999
Jakarta,2025-06-27 12:00:00,103.29779224999999,146.3347975
Jakarta,2025-06-27 18:00:00,148.669074,211.0111825
Jakarta,2025-06-28 00:00:00,176.829401,251.5610025
Jakarta,2025-06-28 06:00:00,85.54593625,123.50841399999999
Jakarta,2025-06-28 12:00:00,98.818135,140.326905
Jakarta,2025-06-28 18:00:00,115.9154975,164.877605
Jakarta,2025-06-29 00:00:00,120.68626624999999,171.716151
Jakarta,2025-06-29 06:00:00,50.13927825,71.87406899999999
Jakarta,2025-06-29 12:00:00,88.76623075,125.96649249999999
Jakarta,2025-06-29 18:00:00,107.6987655,152.97146825000002
Jakarta,2025-06-30 00:00:00,76.28509125,108.2948425
Jakarta,2025-06-30 06:00:00,29.667091749999997,42.2845115
Jakarta,2025-06-30 12:00:00,67.75815125000001,95.82552749999999
Jakarta,2025-06-30 18:00:00,117.7862145,166.87491525
Jakarta,2025-07-01 00:00:00,112.6440465,159.694879
Jakarta,2025-07-01 06:00:00,30.92196775,43.66370325
Jakarta,2025-07-01 12:00:00,69.9404265,98.80898125
Jakarta,2025-07-01 18:00:00,81.73538075,115.82227425
Jakarta,2025-07-02 00:00:00,96.54218149999998,137.042036
Jakarta,2025-07-02 06:00:00,31.08522175,44.097874000000004
Jakarta,2025-07-02 12:00:00,66.92346125,94.66623450000002
Jakarta,2025-07-02 18:00:00,51.83019825,73.4194725
Jakarta,2025-07-03 00:00:00,65.865565,93.45419249999999
Jakarta,2025-07-03 06:00:00,28.4865395,40.39429775
Jakarta,2025-07-03 12:00:00,67.56049175,95.6140965
Jakarta,2025-07-03 18:00:00,95.3608895,135.19121375
Jakarta,2025-07-04 00:00:00,90.73609325,128.83003875
Jakarta,2025-07-04 06:00:00,33.046831250000004,47.11296275
Jakarta,2025-07-04 12:00:00,58.85738075,83.30471250000001
Jakarta,2025-07-04 18:00:00,114.179925,161.865354
Jakarta,2025-07-05 00:00:00,148.3758765,210.644885
Jakarta,2025-07-05 06:00:00,47.774989500000004,68.00746625000001
Jakarta,2025-07-05 12:00:00,66.95188375000001,94.60939075
Jakarta,2025-07-05 18:00:00,69.82676875,98.919143
Jakarta,2025-07-06 00:00:00,52.496944,74.521495
Jakarta,2025-07-06 06:00:00,28.60946325,40.6433285
Jakarta,2025-07-06 12:00:00,56.6373045,80.2554045
Jakarta,2025-07-06 18:00:00,81.82020349999999,116.04001249999999
Jakarta,2025-07-07 00:00:00,58.69802175,83.3707075
Jakarta,2025-07-07 06:00:00,26.00478425,36.86545825
Jakarta,2025-07-07 12:00:00,47.39263125000001,67.08296424999999
Jakarta,2025-07-07 18:00:00,55.27402825000001,78.38710400000001
Jakarta,2025-07-08 00:00:00,70.40620125000001,99.97836349999999
Jakarta,2025-07-08 06:00:00,31.58695,44.820865500000004
Jakarta,2025-07-08 12:00:00,68.35137,96.82571499999999
Jakarta,2025-07-08 18:00:00,87.5119075,124.1370175
Jakarta,2025-07-09 00:00:00,83.67851525,118.89227374999999
Jakarta,2025-07-09 06:00:00,31.6990165,45.4036795
Jakarta,2025-07-09 12:00:00,86.91762250000001,123.30599499999998
Jakarta,2025-07-09 18:00:00,122.57787375,174.17699
Jakarta,2025-07-10 00:00:00,109.8292715,156.22003899999999
Jakarta,2025-07-10 06:00:00,35.82363225,51.454378999999996
Jakarta,2025-07-10 12:00:00,79.24197174999999,112.54474
Jakarta,2025-07-10 18:00:00,126.402779,179.695135
Jakarta,2025-07-11 00:00:00,126.35362475000001,179.7389475
Jakarta,2025-07-11 06:00:00,48.08825325,69.08481900000001
Jakarta,2025-07-11 12:00:00,72.43744425,103.012325
Jakarta,2025-07-11 18:00:00,133.10548649999998,189.0800225
Jakarta,2025-07-12 00:00:00,127.51823499999999,181.2528585
Jakarta,2025-07-12 06:00:00,52.94948825,75.6886325
Jakarta,2025-07-12 12:00:00,88.0979195,124.94490499999999
Jakarta,2025-07-12 18:00:00,129.273418,183.59824375
Jakarta,2025-07-13 00:00:00,156.37262225,222.22804
Jakarta,2025-07-13 06:00:00,56.731820500000005,80.91075325
Jakarta,2025-07-13 12:00:00,84.904685,120.34399499999999
Jakarta,2025-07-13 18:00:00,96.81353875,137.30138375
Jakarta,2025-07-14 00:00:00,117.58621,166.92371
Jakarta,2025-07-14 06:00:00,55.0713825,78.500192
Jakarta,2025-07-14 12:00:00,92.8914685,131.6396925
Jakarta,2025-07-14 18:00:00,139.55167275,198.11864
Jakarta,2025-07-15 00:00:00,122.72224,174.43147750000003
Jakarta,2025-07-15 06:00:00,49.70706875,71.6170805
Jakarta,2025-07-15 12:00:00,92.75368,131.5660225
Jakarta,2025-07-15 18:00:00,113.2613075,161.00296000000003
Jakarta,2025-07-16 00:00:00,111.55251,158.69093750000002
Jakarta,2025-07-16 06:00:00,42.98368575,62.1232065
Jakarta,2025-07-16 12:00:00,73.05544599999999,103.7977325
Jakarta,2025-07-16 18:00:00,108.92404124999999,154.8559665
Jakarta,2025-07-17 00:00:00,136.000151,193.3792665
Jakarta,2025-07-17 06:00:00,48.405128000000005,69.83486825
Jakarta,2025-07-17 12:00:00,88.76634075000001,125.73263874999999
Jakarta,2025-07-17 18:00:00,137.89432125000002,195.4578015
Jakarta,2025-07-18 00:00:00,128.20254375,181.62128850000002
Jakarta,2025-07-18 06:00:00,58.69185275,83.401915
Jakarta,2025-07-18 12:00:00,89.47353,126.04720999999998
Jakarta,2025-07-18 18:00:00,120.28641499999999,169.43385975
Jakarta,2025-07-19 00:00:00,98.5357905,139.499775
Jakarta,2025-07-19 06:00:00,34.6092295,49.0214245
Jakarta,2025-07-19 12:00:00,79.1363285,111.943676
Jakarta,2025-07-19 18:00:00,136.1217575,193.0668795
Jakarta,2025-07-20 00:00:00,130.85306674999998,185.75621875000002
Jakarta,2025-07-20 06:00:00,39.09406125,55.43466825
Jakarta,2025-07-20 12:00:00,82.97905675,117.286845
Jakarta,2025-07-20 18:00:00,137.30391375,194.57530500000001
Jakarta,2025-07-21 00:00:00,134.934936,191.4853575
Jakarta,2025-07-21 06:00:00,36.46272275,51.774976
Jakarta,2025-07-21 12:00:00,80.33868,113.69024800000001
Jakarta,2025-07-21 18:00:00,129.30726925000002,183.4005735
Jakarta,2025-07-22 00:00:00,124.66904625,177.0155175
Jakarta,2025-07-22 06:00:00,45.277829,64.5380855
Jakarta,2025-07-22 12:00:00,83.0166585,117.636576
Jakarta,2025-07-22 18:00:00,139.53808625000002,198.08482400000003
Jakarta,2025-07-23 00:00:00,120.16177374999998,170.73855774999998
Jakarta,2025-07-23 06:00:00,37.51887325,53.516146500000005
Jakarta,2025-07-23 12:00:00,83.23326175,117.95913275000001
Jakarta,2025-07-23 18:00:00,136.8909475,194.29740225
Jakarta,2025-07-24 00:00:00,152.88904150000002,217.13234250000002
Jakarta,2025-07-24 06:00:00,61.49707625,87.51123999999999
Jakarta,2025-07-24 12:00:00,97.83468400000001,138.60710650000001
Jakarta,2025-07-24 18:00:00,139.4894285,197.89826
Jakarta,2025-07-25 00:00:00,113.51505624999999,161.25562499999998
Jakarta,2025-07-25 06:00:00,42.728145999999995,60.817967499999995
Jakarta,2025-07-25 12:00:00,86.57195725,122.65445625
Jakarta,2025-07-25 18:00:00,130.0766135,184.5576775
Jakarta,2025-07-26 00:00:00,133.75358875,189.9255675
Jakarta,2025-07-26 06:00:00,53.255633499999995,75.7402165
Jakarta,2025-07-26 12:00:00,91.08828249999999,128.97249
Jakarta,2025-07-26 18:00:00,141.05273749999998,200.0240625
Jakarta,2025-07-27 00:00:00,128.6677215,182.663485
Jakarta,2025-07-27 06:00:00,53.96881775,76.686205
Jakarta,2025-07-27 12:00:00,75.70531500000001,107.12290125
Jakarta,2025-07-27 18:00:00,93.75979375,132.93931999999998
Jakarta,2025-07-28 00:00:00,97.726174,138.78474
Jakarta,2025-07-28 06:00:00,48.802234750000004,69.59015774999999
Jakarta,2025-07-28 12:00:00,63.317429749999995,89.74620850000001
Jakarta,2025-07-28 18:00:00,72.346666,102.76784375
Jakarta,2025-07-29 00:00:00,98.9052885,140.77360750000003
Jakarta,2025-07-29 06:00:00,38.68950675,55.932843999999996
Jakarta,2025-07-29 12:00:00,57.1543515,81.44297725000001
Jakarta,2025-07-29 18:00:00,83.25220275000001,118.64097075
Jakarta,2025-07-30 00:00:00,75.73170449999999,108.01264075
Jakarta,2025-07-30 06:00:00,29.275042749999997,42.7866095
Jakarta,2025-07-30 12:00:00,54.686324500000005,78.2736145
Jakarta,2025-07-30 18:00:00,99.218937,141.26010125000002
Jakarta,2025-07-31 00:00:00,93.63773825000001,133.30367099999998
Jakarta,2025-07-31 06:00:00,31.80781525,45.98564400000001
Jakarta,2025-07-31 12:00:00,70.32952025,99.75690225
Jakarta,2025-07-31 18:00:00,121.14975275,171.99727124999998
Jakarta,2025-08-01 00:00:00,127.29901849999999,181.0022925
Jakarta,2025-08-01 06:00:00,37.592257499999995,53.8756245
Jakarta,2025-08-01 12:00:00,59.50522475,84.30686050000001
Jakarta,2025-08-01 18:00:00,119.14352075000001,169.1023495
Jakarta,2025-08-02 00:00:00,103.42006225,146.92995
Jakarta,2025-08-02 06:00:00,27.07156475,38.511644
Jakarta,2025-08-02 12:00:00,58.538205250000004,83.00412449999999
Jakarta,2025-08-02 18:00:00,126.382815,179.42057250000002
Jakarta,2025-08-03 00:00:00,118.290245,168.070527
Jakarta,2025-08-03 06:00:00,30.00496925,42.681335749999995
Jakarta,2025-08-03 12:00:00,47.197886,66.982125
Jakarta,2025-08-03 18:00:00,65.36905,92.8496315
Jakarta,2025-08-04 00:00:00,114.4463225,162.627711
Jakarta,2025-08-04 06:00:00,56.95616725,81.16507
Jakarta,2025-08-04 12:00:00,75.91876325,107.6396085
Jakarta,2025-08-04 18:00:00,107.53123500000001,152.5767725
Jakarta,2025-08-05 00:00:00,113.79788199999999,161.68314525
Jakarta,2025-08-05 06:00:00,35.931833499999996,51.110645749999996
Jakarta,2025-08-05 12:00:00,64.84123124999999,91.930816
Jakarta,2025-08-05 18:00:00,87.6344905,124.35489875
Jakarta,2025-08-06 00:00:00,90.44036625,128.3645465
Jakarta,2025-08-06 06:00:00,42.1380265,60.004254499999995
Jakarta,2025-08-06 12:00:00,83.9921205,118.83651099999999
Jakarta,2025-08-06 18:00:00,141.25805875,200.398971
Jakarta,2025-08-07 00:00:00,164.33085875,233.4224975
Jakarta,2025-08-07 06:00:00,60.1615955,85.69657000000001
Jakarta,2025-08-07 12:00:00,78.528218,111.02122250000001
Jakarta,2025-08-07 18:00:00,114.0489865,161.6584775
Jakarta,2025-08-08 00:00:00,116.0192925,164.56209600000003
Jakarta,2025-08-08 06:00:00,57.90138875,82.36554600000001
Jakarta,2025-08-08 12:00:00,59.209867499999994,83.7909525
Jakarta,2025-08-08 18:00:00,121.5883025,172.3317925
Jakarta,2025-08-09 00:00:00,140.1358535,198.78655
Jakarta,2025-08-09 06:00:00,65.38709875,93.04517324999999
Jakarta,2025-08-09 12:00:00,85.48443125,120.98883099999999
Jakarta,2025-08-09 18:00:00,106.09059575,150.367555
Jakarta,2025-08-10 00:00:00,111.68435875,158.4900825
Jakarta,2025-08-10 06:00:00,52.0853395,74.104719
Jakarta,2025-08-10 12:00:00,84.88035599999999,120.06296225
Jakarta,2025-08-10 18:00:00,134.2379675,190.2402865
Jakarta,2025-08-11 00:00:00,146.283865,207.4206675
Jakarta,2025-08-11 06:00:00,71.4020985,101.4765035
Jakarta,2025-08-11 12:00:00,79.1663415,112.01538599999999
Jakarta,2025-08-11 18:00:00,84.92941900000001,120.44007625
Jakarta,2025-08-12 00:00:00,118.57219025,168.3683885
Jakarta,2025-08-12 06:00:00,62.272932749999995,88.738546
Jakarta,2025-08-12 12:00:00,85.5190485,121.1341225
Jakarta,2025-08-12 18:00:00,117.94162374999999,167.31400125000002
Jakarta,2025-08-13 00:00:00,135.91807,193.0119425
Jakarta,2025-08-13 06:00:00,60.62259625,86.52654
Jakarta,2025-08-13 12:00:00,70.2414695,99.5665315
Jakarta,2025-08-13 18:00:00,77.18105700000001,109.540904
Jakarta,2025-08-14 00:00:00,84.53236,120.1107125
Jakarta,2025-08-14 06:00:00,38.60373,55.41335125
Jakarta,2025-08-14 12:00:00,72.07412925000001,102.2048075
Jakarta,2025-08-14 18:00:00,107.09366750000001,152.190125
Jakarta,2025-08-15 00:00:00,80.47345625,114.3488365
Jakarta,2025-08-15 06:00:00,25.877398,37.337371999999995
Jakarta,2025-08-15 12:00:00,70.64935,99.95122075
Jakarta,2025-08-15 18:00:00,114.38981975,162.12501650000002
Jakarta,2025-08-16 00:00:00,114.23708350000001,162.154719
Jakarta,2025-08-16 06:00:00,40.66850975,58.29895175
Jakarta,2025-08-16 12:00:00,70.20219025,99.42914275
Jakarta,2025-08-16 18:00:00,114.88487049999999,163.03670250000002
Jakarta,2025-08-17 00:00:00,110.76627925,157.34644749999998
Jakarta,2025-08-17 06:00:00,27.32951975,39.008569
Jakarta,2025-08-17 12:00:00,56.47797225,80.14796975
Jakarta,2025-08-17 18:00:00,109.08048675,154.93847075
Jakarta,2025-08-18 00:00:00,113.846227,161.7918865
Jakarta,2025-08-18 06:00:00,32.8949735,47.103242
Jakarta,2025-08-18 12:00:00,56.131739249999995,79.8854655
Jakarta,2025-08-18 18:00:00,113.3153095,161.03729175
Jakarta,2025-08-19 00:00:00,130.62384400000002,185.77657000000002
Jakarta,2025-08-19 06:00:00,44.275963999999995,63.45942375
Jakarta,2025-08-19 12:00:00,60.55046225,86.02921875000001
Jakarta,2025-08-19 18:00:00,94.7621285,134.62493875
Jakarta,2025-08-20 00:00:00,102.93791849999998,146.2894375
Jakarta,2025-08-20 06:00:00,40.68436975,57.997282000000006
Jakarta,2025-08-20 12:00:00,72.12386925,102.33782249999999
Jakarta,2025-08-20 18:00:00,110.69508375,157.20453625000002
Jakarta,2025-08-21 00:00:00,85.7994575,121.96994825
Jakarta,2025-08-21 06:00:00,25.48196675,36.32203525
Jakarta,2025-08-21 12:00:00,53.47155225,75.93393875
Jakarta,2025-08-21 18:00:00,87.58777825,124.43035825000001
Jakarta,2025-08-22 00:00:00,69.4237485,98.70871075
Jakarta,2025-08-22 06:00:00,32.6601255,46.4852695
Jakarta,2025-08-22 12:00:00,49.24748925,69.93746999999999
Jakarta,2025-08-22 18:00:00,101.2539595,143.82306
Jakarta,2025-08-23 00:00:00,128.24475,182.27859875
Jakarta,2025-08-23 06:00:00,43.2385145,61.604851000000004
Jakarta,2025-08-23 12:00:00,87.2475985,123.717541
Jakarta,2025-08-23 18:00:00,124.33417649999998,176.5772025
Jakarta,2025-08-24 00:00:00,122.16037250000001,173.651415
Jakarta,2025-08-24 06:00:00,55.70092325,79.394626
Jakarta,2025-08-24 12:00:00,101.522544,143.89812125
Jakarta,2025-08-24 18:00:00,135.57695500000003,192.442741
Jakarta,2025-08-25 00:00:00,144.82941399999999,205.82336875
Jakarta,2025-08-25 06:00:00,51.19022725,72.84751375
Jakarta,2025-08-25 12:00:00,80.78444549999999,114.58962500000001
Jakarta,2025-08-25 18:00:00,102.626985,145.67592750000003
Jakarta,2025-08-26 00:00:00,100.03429875,142.135831
Jakarta,2025-08-26 06:00:00,35.12838025,50.236452
Jakarta,2025-08-26 12:00:00,82.55395425,117.0674875
Jakarta,2025-08-26 18:00:00,133.20609925,189.1417875
Jakarta,2025-08-27 00:00:00,109.30469325,155.376254
Jakarta,2025-08-27 06:00:00,32.004436500000004,46.1888025
Jakarta,2025-08-27 12:00:00,59.487660999999996,85.123019
Jakarta,2025-08-27 18:00:00,87.34389275,124.78887
Jakarta,2025-08-28 00:00:00,94.43306500000001,135.2337325
Jakarta,2025-08-28 06:00:00,34.238723500000006,50.56307375
Jakarta,2025-08-28 12:00:00,51.52986675,74.1844135
Jakarta,2025-08-28 18:00:00,78.82374475,112.509951
Jakarta,2025-08-29 00:00:00,104.337346,148.64736
Jakarta,2025-08-29 06:00:00,43.58719225,63.0904545
Jakarta,2025-08-29 12:00:00,70.59219350000001,100.31976625
Jakarta,2025-08-29 18:00:00,83.281037,118.37749975
Jakarta,2025-08-30 00:00:00,76.432798,108.646191
Jakarta,2025-08-30 06:00:00,33.106942749999995,47.5411075
Jakarta,2025-08-30 12:00:00,58.86181475000001,83.602628
Jakarta,2025-08-30 18:00:00,96.3765685,136.76845
Jakarta,2025-08-31 00:00:00,138.25342750000002,196.347285
Jakarta,2025-08-31 06:00:00,60.21849675000001,86.00989099999998
Jakarta,2025-08-31 12:00:00,79.27110400000001,112.1929925
Jakarta,2025-08-31 18:00:00,109.5195915,155.30974849999998
Kuala Lumpur,2024-09-01 00:00:00,57.589375,81.37612999999999
Kuala Lumpur,2024-09-01 06:00:00,35.04140975,49.857476999999996
Kuala Lumpur,2024-09-01 12:00:00,43.240561,60.846104749999995
Kuala Lumpur,2024-09-01 18:00:00,66.85024725000001,94.25667750000001
Kuala Lumpur,2024-09-02 00:00:00,60.1325505,84.95871275
Kuala Lumpur,2024-09-02 06:00:00,21.90967075,31.121715249999998
Kuala Lumpur,2024-09-02 12:00:00,34.01112225,47.82003775
Kuala Lumpur,2024-09-02 18:00:00,44.126493499999995,62.16157524999999
Kuala Lumpur,2024-09-03 00:00:00,46.42913675,65.48026575
Kuala Lumpur,2024-09-03 06:00:00,23.27715225,32.985553499999995
Kuala Lumpur,2024-09-03 12:00:00,27.941155249999998,39.14749375
Kuala Lumpur,2024-09-03 18:00:00,59.44474425,83.632329
Kuala Lumpur,2024-09-04 00:00:00,70.74208924999999,99.65356125
Kuala Lumpur,2024-09-04 06:00:00,23.181200750000002,32.8351465
Kuala Lumpur,2024-09-04 12:00:00,29.340298999999998,41.041858500000004
Kuala Lumpur,2024-09-04 18:00:00,43.47330675,60.98465949999999
Kuala Lumpur,2024-09-05 00:00:00,45.07046425,63.41440425
Kuala Lumpur,2024-09-05 06:00:00,14.39957475,20.4132675
Kuala Lumpur,2024-09-05 12:00:00,23.878328749999998,33.46633475
Kuala Lumpur,2024-09-05 18:00:00,45.023796000000004,63.40314925
Kuala Lumpur,2024-09-06 00:00:00,28.332351999999997,39.98013649999999
Kuala Lumpur,2024-09-06 06:00:00,22.48020825,31.7724015
Kuala Lumpur,2024-09-06 12:00:00,36.9973355,51.875758000000005
Kuala Lumpur,2024-09-06 18:00:00,48.0961825,67.73075250000001
Kuala Lumpur,2024-09-07 00:00:00,50.46149525,71.220483
Kuala Lumpur,2024-09-07 06:00:00,29.336661499999998,41.873476999999994
Kuala Lumpur,2024-09-07 12:00:00,31.9471385,45.09661325
Kuala Lumpur,2024-09-07 18:00:00,34.06759675000001,48.30712825
Kuala Lumpur,2024-09-08 00:00:00,48.65251,69.228578
Kuala Lumpur,2024-09-08 06:00:00,27.47538,40.014696750000006
Kuala Lumpur,2024-09-08 12:00:00,39.1664795,55.448254250000005
Kuala Lumpur,2024-09-08 18:00:00,44.9647925,63.70555625000001
Kuala Lumpur,2024-09-09 00:00:00,15.460159425,21.848791000000002
Kuala Lumpur,2024-09-09 06:00:00,13.23280675,19.025378999999997
Kuala Lumpur,2024-09-09 12:00:00,28.0087985,39.358838
Kuala Lumpur,2024-09-09 18:00:00,42.70953025,60.25223275
Kuala Lumpur,2024-09-10 00:00:00,48.162065000000005,68.25564550000001
Kuala Lumpur,2024-09-10 06:00:00,25.285203,36.447658999999994
Kuala Lumpur,2024-09-10 12:00:00,33.4829335,47.01098475
Kuala Lumpur,2024-09-10 18:00:00,39.81739375,56.13952575
Kuala Lumpur,2024-09-11 00:00:00,31.969932500000002,45.15396749999999
Kuala Lumpur,2024-09-11 06:00:00,12.65470925,18.341325
Kuala Lumpur,2024-09-11 12:00:00,26.6933285,37.03291874999999
Kuala Lumpur,2024-09-11 18:00:00,42.55141999999999,59.59668725
Kuala Lumpur,2024-09-12 00:00:00,32.123381249999994,45.0224895
Kuala Lumpur,2024-09-12 06:00:00,13.377530250000001,19.00502825
Kuala Lumpur,2024-09-12 12:00:00,28.408123749999998,39.3131365
Kuala Lumpur,2024-09-12 18:00:00,34.2058115,47.80130775
Kuala Lumpur,2024-09-13 00:00:00,46.8954795,65.505105
Kuala Lumpur,2024-09-13 06:00:00,19.196931999999997,27.328838249999997
Kuala Lumpur,2024-09-13 12:00:00,27.11226425,37.45026325
Kuala Lumpur,2024-09-13 18:00:00,36.5506735,51.04820475
Kuala Lumpur,2024-09-14 00:00:00,36.14923100000001,50.914082
Kuala Lumpur,2024-09-14 06:00:00,8.127017175,11.462134374999998
Kuala Lumpur,2024-09-14 12:00:00,20.512459125,28.611339
Kuala Lumpur,2024-09-14 18:00:00,39.051769750000005,54.8702135
Kuala Lumpur,2024-09-15 00:00:00,23.31327675,32.842706325
Kuala Lumpur,2024-09-15 06:00:00,8.2921475,11.68103825
Kuala Lumpur,2024-09-15 12:00:00,19.157312125,26.876307249999996
Kuala Lumpur,2024-09-15 18:00:00,30.992937125,43.73811225
Kuala Lumpur,2024-09-16 00:00:00,18.0468475,25.49739975
Kuala Lumpur,2024-09-16 06:00:00,7.8304081750000005,11.204406375000001
Kuala Lumpur,2024-09-16 12:00:00,19.6220925,27.67174575
Kuala Lumpur,2024-09-16 18:00:00,29.321128499999997,41.05680875
Kuala Lumpur,2024-09-17 00:00:00,43.312554250000005,60.751801750000006
Kuala Lumpur,2024-09-17 06:00:00,20.262689249999998,28.893766000000003
Kuala Lumpur,2024-09-17 12:00:00,18.519102750000002,26.15237825
Kuala Lumpur,2024-09-17 18:00:00,28.172905749999998,39.58609800000001
Kuala Lumpur,2024-09-18 00:00:00,45.446143000000006,63.963171
Kuala Lumpur,2024-09-18 06:00:00,20.283437,29.24093675
Kuala Lumpur,2024-09-18 12:00:00,25.9980195,36.022470250000005
Kuala Lumpur,2024-09-18 18:00:00,42.287809249999995,58.93187475
Kuala Lumpur,2024-09-19 00:00:00,12.358441399999998,17.477532500000002
Kuala Lumpur,2024-09-19 06:00:00,1.516355025,2.1550476875
Kuala Lumpur,2024-09-19 12:00:00,16.98484175,23.85002025
Kuala Lumpur,2024-09-19 18:00:00,45.784531,64.58739700000001
Kuala Lumpur,2024-09-20 00:00:00,55.86511525,78.65980925
Kuala Lumpur,2024-09-20 06:00:00,23.8995595,33.30407625
Kuala Lumpur,2024-09-20 12:00:00,26.0199045,35.25116175
Kuala Lumpur,2024-09-20 18:00:00,38.153189,52.230063
Kuala Lumpur,2024-09-21 00:00:00,55.43222325,76.1284595
Kuala Lumpur,2024-09-21 06:00:00,27.607314249999998,37.49329349999999
Kuala Lumpur,2024-09-21 12:00:00,37.72987625,51.205006749999995
Kuala Lumpur,2024-09-21 18:00:00,56.19961,77.87832675
Kuala Lumpur,2024-09-22 00:00:00,33.217929500000004,46.47870425
Kuala Lumpur,2024-09-22 06:00:00,10.892620149999999,15.267573999999998
Kuala Lumpur,2024-09-22 12:00:00,33.36788275,46.25235250000001
Kuala Lumpur,2024-09-22 18:00:00,51.936523750000006,72.63645400000001
Kuala Lumpur,2024-09-23 00:00:00,66.827511,93.7909585
Kuala Lumpur,2024-09-23 06:00:00,28.39558975,39.703821000000005
Kuala Lumpur,2024-09-23 12:00:00,33.96544875,47.148547
Kuala Lumpur,2024-09-23 18:00:00,33.6857795,46.9928515
Kuala Lumpur,2024-09-24 00:00:00,25.05572625,35.216772
Kuala Lumpur,2024-09-24 06:00:00,9.872735500000001,13.85410575
Kuala Lumpur,2024-09-24 12:00:00,21.08296825,29.45324675
Kuala Lumpur,2024-09-24 18:00:00,49.26872074999999,69.34902675
Kuala Lumpur,2024-09-25 00:00:00,57.0000795,80.27234349999999
Kuala Lumpur,2024-09-25 06:00:00,23.196378,32.488743
Kuala Lumpur,2024-09-25 12:00:00,36.18993075,50.4012405
Kuala Lumpur,2024-09-25 18:00:00,41.802934,58.59254775
Kuala Lumpur,2024-09-26 00:00:00,45.089336499999995,63.2517185
Kuala Lumpur,2024-09-26 06:00:00,24.042521,33.804525
Kuala Lumpur,2024-09-26 12:00:00,34.92164075,48.7403325
Kuala Lumpur,2024-09-26 18:00:00,46.311981,65.04160275
Kuala Lumpur,2024-09-27 00:00:00,42.80624925,60.257037
Kuala Lumpur,2024-09-27 06:00:00,15.320182625000001,21.693665499999998
Kuala Lumpur,2024-09-27 12:00:00,26.64040725,37.23800975
Kuala Lumpur,2024-09-27 18:00:00,49.421771,69.494547
Kuala Lumpur,2024-09-28 00:00:00,34.90740124999999,49.245500250000006
Kuala Lumpur,2024-09-28 06:00:00,17.780621250000003,25.150143
Kuala Lumpur,2024-09-28 12:00:00,23.90652275,33.685750999999996
Kuala Lumpur,2024-09-28 18:00:00,42.457828,59.91077425
Kuala Lumpur,2024-09-29 00:00:00,48.731465,68.86500649999999
Kuala Lumpur,2024-09-29 06:00:00,20.57964825,29.171587749999997
Kuala Lumpur,2024-09-29 12:00:00,30.204659999999997,42.4249715
Kuala Lumpur,2024-09-29 18:00:00,41.75004175,58.8304375
Kuala Lumpur,2024-09-30 00:00:00,38.5422825,54.413419000000005
Kuala Lumpur,2024-09-30 06:00:00,18.115571250000002,25.65349175
Kuala Lumpur,2024-09-30 12:00:00,23.52953725,33.086934
Kuala Lumpur,2024-09-30 18:00:00,34.17616775,48.22084
Kuala Lumpur,2024-10-01 00:00:00,43.2144985,61.04215849999999
Kuala Lumpur,2024-10-01 06:00:00,18.277518,25.924321999999997
Kuala Lumpur,2024-10-01 12:00:00,25.4721045,35.7325395
Kuala Lumpur,2024-10-01 18:00:00,39.592266,55.734375
Kuala Lumpur,2024-10-02 00:00:00,57.21787525,80.714015
Kuala Lumpur,2024-10-02 06:00:00,23.054468,32.5855465
Kuala Lumpur,2024-10-02 12:00:00,33.72460375,47.346303999999996
Kuala Lumpur,2024-10-02 18:00:00,39.66582125,55.893025249999994
Kuala Lumpur,2024-10-03 00:00:00,23.23616875,32.85970174999999
Kuala Lumpur,2024-10-03 06:00:00,12.78891675,18.1760245
Kuala Lumpur,2024-10-03 12:00:00,21.90466825,30.89110125
Kuala Lumpur,2024-10-03 18:00:00,30.126330250000002,42.567761749999995
Kuala Lumpur,2024-10-04 00:00:00,46.562036,65.8928345
Kuala Lumpur,2024-10-04 06:00:00,18.6515765,26.47760775
Kuala Lumpur,2024-10-04 12:00:00,29.668740500000002,41.691294
Kuala Lumpur,2024-10-04 18:00:00,23.94585875,33.77897425
Kuala Lumpur,2024-10-05 00:00:00,31.41315125,44.41187625
Kuala Lumpur,2024-10-05 06:00:00,15.010926000000001,21.2700115
Kuala Lumpur,2024-10-05 12:00:00,20.170375875,28.42728
Kuala Lumpur,2024-10-05 18:00:00,33.36555225,47.091589500000005
Kuala Lumpur,2024-10-06 00:00:00,23.77652175,33.64357325
Kuala Lumpur,2024-10-06 06:00:00,12.639133875,17.880324875
Kuala Lumpur,2024-10-06 12:00:00,31.377851999999997,44.13539050000001
Kuala Lumpur,2024-10-06 18:00:00,45.158145499999996,63.76433275
Kuala Lumpur,2024-10-07 00:00:00,49.110554,69.4664095
Kuala Lumpur,2024-10-07 06:00:00,20.88842175,29.715522
Kuala Lumpur,2024-10-07 12:00:00,25.2593965,35.565619749999996
Kuala Lumpur,2024-10-07 18:00:00,38.56825925,54.30598575
Kuala Lumpur,2024-10-08 00:00:00,47.813216,67.46375825
Kuala Lumpur,2024-10-08 06:00:00,17.60150775,24.99166425
Kuala Lumpur,2024-10-08 12:00:00,29.40674925,41.312148
Kuala Lumpur,2024-10-08 18:00:00,51.170559250000004,72.12747750000001
Kuala Lumpur,2024-10-09 00:00:00,55.94304725,79.011557
Kuala Lumpur,2024-10-09 06:00:00,28.7819825,40.84381575
Kuala Lumpur,2024-10-09 12:00:00,39.24998325,55.02534025
Kuala Lumpur,2024-10-09 18:00:00,39.66516675,55.881969250000004
Kuala Lumpur,2024-10-10 00:00:00,33.87921775,47.82111825
Kuala Lumpur,2024-10-10 06:00:00,19.02893125,26.99113125
Kuala Lumpur,2024-10-10 12:00:00,38.60282075000001,54.173029250000006
Kuala Lumpur,2024-10-10 18:00:00,40.277115,56.779128
Kuala Lumpur,2024-10-11 00:00:00,38.743678249999995,54.7505005
Kuala Lumpur,2024-10-11 06:00:00,12.1276285,17.16759375
Kuala Lumpur,2024-10-11 12:00:00,21.30076375,29.961313249999996
Kuala Lumpur,2024-10-11 18:00:00,26.93263925,37.969812250000004
Kuala Lumpur,2024-10-12 00:00:00,35.843641,50.646122999999996
Kuala Lumpur,2024-10-12 06:00:00,16.820195000000002,23.730365000000003
Kuala Lumpur,2024-10-12 12:00:00,27.35799875,38.429789
Kuala Lumpur,2024-10-12 18:00:00,37.307471750000005,52.5626545
Kuala Lumpur,2024-10-13 00:00:00,21.800473999999998,30.806632
Kuala Lumpur,2024-10-13 06:00:00,9.3653795,13.246562875
Kuala Lumpur,2024-10-13 12:00:00,23.21974075,32.65091725
Kuala Lumpur,2024-10-13 18:00:00,27.460004375,38.744929
Kuala Lumpur,2024-10-14 00:00:00,34.59416625,48.91364825
Kuala Lumpur,2024-10-14 06:00:00,7.864344000000001,11.182408
Kuala Lumpur,2024-10-14 12:00:00,29.08075175,40.9102085
Kuala Lumpur,2024-10-14 18:00:00,44.01658825,62.1258775
Kuala Lumpur,2024-10-15 00:00:00,32.08526825,45.40322625
Kuala Lumpur,2024-10-15 06:00:00,16.05923225,22.88192025
Kuala Lumpur,2024-10-15 12:00:00,24.697072499999997,34.822931499999996
Kuala Lumpur,2024-10-15 18:00:00,42.742897,60.31461949999999
Kuala Lumpur,2024-10-16 00:00:00,26.10886375,36.9511776
Kuala Lumpur,2024-10-16 06:00:00,6.18132375,9.027814824999998
Kuala Lumpur,2024-10-16 12:00:00,18.91940785,26.676218499999997
Kuala Lumpur,2024-10-16 18:00:00,29.85112225,42.1772485
Kuala Lumpur,2024-10-17 00:00:00,38.345376,54.299220500000004
Kuala Lumpur,2024-10-17 06:00:00,13.561361999999999,19.314825
Kuala Lumpur,2024-10-17 12:00:00,29.658651,41.72153425
Kuala Lumpur,2024-10-17 18:00:00,29.0553715,41.128942
Kuala Lumpur,2024-10-18 00:00:00,23.557959250000003,33.3340035
Kuala Lumpur,2024-10-18 06:00:00,10.3854631,14.851650375
Kuala Lumpur,2024-10-18 12:00:00,31.559437499999998,44.288526749999996
Kuala Lumpur,2024-10-18 18:00:00,45.15649775,63.70817125
Kuala Lumpur,2024-10-19 00:00:00,49.70979825,70.34742525
Kuala Lumpur,2024-10-19 06:00:00,16.423939375,23.83148975
Kuala Lumpur,2024-10-19 12:00:00,28.646653,40.15140675
Kuala Lumpur,2024-10-19 18:00:00,40.431019500000005,56.803855
Kuala Lumpur,2024-10-20 00:00:00,26.98038775,38.0230175
Kuala Lumpur,2024-10-20 06:00:00,14.735007750000001,20.891889
Kuala Lumpur,2024-10-20 12:00:00,28.18687525,39.508108
Kuala Lumpur,2024-10-20 18:00:00,45.48010575,63.98903525
Kuala Lumpur,2024-10-21 00:00:00,33.48577675,47.283719999999995
Kuala Lumpur,2024-10-21 06:00:00,8.956178,12.602896424999999
Kuala Lumpur,2024-10-21 12:00:00,25.21908025,35.368685750000004
Kuala Lumpur,2024-10-21 18:00:00,54.694851,77.12992575
Kuala Lumpur,2024-10-22 00:00:00,65.3803915,92.39238225
Kuala Lumpur,2024-10-22 06:00:00,21.08072275,29.70386975
Kuala Lumpur,2024-10-22 12:00:00,27.35561075,38.2152615
Kuala Lumpur,2024-10-22 18:00:00,59.2336855,83.34677674999999
Kuala Lumpur,2024-10-23 00:00:00,38.14807350000001,53.82548835
Kuala Lumpur,2024-10-23 06:00:00,7.44381625,10.5471825
Kuala Lumpur,2024-10-23 12:00:00,29.35895825,41.138264
Kuala Lumpur,2024-10-23 18:00:00,62.939533499999996,88.63321475
Kuala Lumpur,2024-10-24 00:00:00,52.22563,73.729438
Kuala Lumpur,2024-10-24 06:00:00,14.8088475,20.78788
Kuala Lumpur,2024-10-24 12:00:00,23.917650249999998,33.38237875
Kuala Lumpur,2024-10-24 18:00:00,36.61992300000001,51.388695750000004
Kuala Lumpur,2024-10-25 00:00:00,40.875875375,57.4792425
Kuala Lumpur,2024-10-25 06:00:00,11.972936500000001,16.897317249999997
Kuala Lumpur,2024-10-25 12:00:00,22.249501499999997,31.01544625
Kuala Lumpur,2024-10-25 18:00:00,38.3236625,53.56028525
Kuala Lumpur,2024-10-26 00:00:00,41.153952499999995,57.569878
Kuala Lumpur,2024-10-26 06:00:00,13.906046,19.566826250000002
Kuala Lumpur,2024-10-26 12:00:00,22.314651499999997,30.805636999999997
Kuala Lumpur,2024-10-26 18:00:00,34.299376,47.89632124999999
Kuala Lumpur,2024-10-27 00:00:00,43.708951,60.975480499999996
Kuala Lumpur,2024-10-27 06:00:00,17.00502825,23.47130125
Kuala Lumpur,2024-10-27 12:00:00,22.77860075,30.919892499999996
Kuala Lumpur,2024-10-27 18:00:00,42.32416025,58.4327035
Kuala Lumpur,2024-10-28 00:00:00,33.991454000000004,47.4296945
Kuala Lumpur,2024-10-28 06:00:00,9.4287885,13.139469875
Kuala Lumpur,2024-10-28 12:00:00,20.882723,29.14214325
Kuala Lumpur,2024-10-28 18:00:00,33.6104615,47.241854749999995
Kuala Lumpur,2024-10-29 00:00:00,41.798614,58.803834499999994
Kuala Lumpur,2024-10-29 06:00:00,15.85320325,22.406197249999998
Kuala Lumpur,2024-10-29 12:00:00,23.31753975,32.441533500000006
Kuala Lumpur,2024-10-29 18:00:00,43.83996125000001,61.486303
Kuala Lumpur,2024-10-30 00:00:00,35.001277249999994,49.13255175
Kuala Lumpur,2024-10-30 06:00:00,14.80334775,20.794715
Kuala Lumpur,2024-10-30 12:00:00,28.95461675,40.3918105
Kuala Lumpur,2024-10-30 18:00:00,55.572866999999995,78.07258875000001
Kuala Lumpur,2024-10-31 00:00:00,55.659029499999995,78.22774125000001
Kuala Lumpur,2024-10-31 06:00:00,24.421950749999997,34.52940725
Kuala Lumpur,2024-10-31 12:00:00,25.35278975,35.45557
Kuala Lumpur,2024-10-31 18:00:00,27.35515625,38.39682025
Kuala Lumpur,2024-11-01 00:00:00,28.4079535,40.032773
Kuala Lumpur,2024-11-01 06:00:00,12.648115500000001,17.991311500000002
Kuala Lumpur,2024-11-01 12:00:00,20.339967749999996,28.614635999999997
Kuala Lumpur,2024-11-01 18:00:00,41.237029750000005,58.15178375
Kuala Lumpur,2024-11-02 00:00:00,39.179553999999996,55.421992
Kuala Lumpur,2024-11-02 06:00:00,16.859545,24.05835175
Kuala Lumpur,2024-11-02 12:00:00,22.86776625,32.132788500000004
Kuala Lumpur,2024-11-02 18:00:00,38.840653875,54.73148725
Kuala Lumpur,2024-11-03 00:00:00,34.943014,49.35077425
Kuala Lumpur,2024-11-03 06:00:00,8.84892875,12.584593000000002
Kuala Lumpur,2024-11-03 12:00:00,21.608229625000003,30.350818749999995
Kuala Lumpur,2024-11-03 18:00:00,31.263538849999996,44.076443
Kuala Lumpur,2024-11-04 00:00:00,49.488903750000006,69.87943274999999
Kuala Lumpur,2024-11-04 06:00:00,21.001582499999998,29.7518025
Kuala Lumpur,2024-11-04 12:00:00,30.80265275,43.18968675
Kuala Lumpur,2024-11-04 18:00:00,44.29944075,62.38394575
Kuala Lumpur,2024-11-05 00:00:00,35.132076000000005,49.549043999999995
Kuala Lumpur,2024-11-05 06:00:00,20.589198,29.05036975
Kuala Lumpur,2024-11-05 12:00:00,28.95376375,40.611723999999995
Kuala Lumpur,2024-11-05 18:00:00,32.84981175,46.29578125
Kuala Lumpur,2024-11-06 00:00:00,32.89187575,46.43243375
Kuala Lumpur,2024-11-06 06:00:00,17.185129749999998,24.275892
Kuala Lumpur,2024-11-06 12:00:00,29.17343425,41.000504
Kuala Lumpur,2024-11-06 18:00:00,43.799445999999996,61.76719524999999
Kuala Lumpur,2024-11-07 00:00:00,39.208997999999994,55.4398415
Kuala Lumpur,2024-11-07 06:00:00,10.76409715,15.2110145
Kuala Lumpur,2024-11-07 12:00:00,21.982827999999998,30.938053500000006
Kuala Lumpur,2024-11-07 18:00:00,37.91490199999999,53.49863825
Kuala Lumpur,2024-11-08 00:00:00,27.39778875,38.70275175
Kuala Lumpur,2024-11-08 06:00:00,11.732112249999998,16.568521
Kuala Lumpur,2024-11-08 12:00:00,26.79010475,37.668656250000005
Kuala Lumpur,2024-11-08 18:00:00,32.559754500000004,45.90131625
Kuala Lumpur,2024-11-09 00:00:00,32.711454874999994,46.234277250000005
Kuala Lumpur,2024-11-09 06:00:00,11.06570825,15.664255750000002
Kuala Lumpur,2024-11-09 12:00:00,24.76888,34.875043
Kuala Lumpur,2024-11-09 18:00:00,37.737010500000004,53.25503575
Kuala Lumpur,2024-11-10 00:00:00,37.260349500000004,52.812765999999996
Kuala Lumpur,2024-11-10 06:00:00,12.4379369,18.01441825
Kuala Lumpur,2024-11-10 12:00:00,29.405001249999998,41.492342
Kuala Lumpur,2024-11-10 18:00:00,49.169642499999995,69.475448
Kuala Lumpur,2024-11-11 00:00:00,45.1810825,63.982952499999996
Kuala Lumpur,2024-11-11 06:00:00,15.836121875,22.621804750000003
Kuala Lumpur,2024-11-11 12:00:00,34.015386500000005,47.9032995
Kuala Lumpur,2024-11-11 18:00:00,58.9699035,83.178606
Kuala Lumpur,2024-11-12 00:00:00,44.04745275,62.2734985
Kuala Lumpur,2024-11-12 06:00:00,15.28666625,21.73845825
Kuala Lumpur,2024-11-12 12:00:00,19.819253625,27.979893999999998
Kuala Lumpur,2024-11-12 18:00:00,37.83622975,53.388305249999995
Kuala Lumpur,2024-11-13 00:00:00,58.628189750000004,82.92045275000001
Kuala Lumpur,2024-11-13 06:00:00,31.2396935,44.487904750000006
Kuala Lumpur,2024-11-13 12:00:00,35.98130150000001,50.796870750000004
Kuala Lumpur,2024-11-13 18:00:00,49.0723555,69.33828450000001
Kuala Lumpur,2024-11-14 00:00:00,40.01026325,56.513728
Kuala Lumpur,2024-11-14 06:00:00,17.030231399999998,24.055737125
Kuala Lumpur,2024-11-14 12:00:00,32.36678475,45.44071475
Kuala Lumpur,2024-11-14 18:00:00,45.170849499999996,63.46908775
Kuala Lumpur,2024-11-15 00:00:00,45.81065075,64.63483174999999
Kuala Lumpur,2024-11-15 06:00:00,16.278448750000003,23.106125249999998
Kuala Lumpur,2024-11-15 12:00:00,29.816788999999996,41.958458
Kuala Lumpur,2024-11-15 18:00:00,31.426281749999998,44.352929249999995
Kuala Lumpur,2024-11-16 00:00:00,35.07655225,49.64548
Kuala Lumpur,2024-11-16 06:00:00,13.766765349999998,19.5567795
Kuala Lumpur,2024-11-16 12:00:00,27.514986,38.76102975
Kuala Lumpur,2024-11-16 18:00:00,48.20434175,68.06590100000001
Kuala Lumpur,2024-11-17 00:00:00,26.689065,37.72447625
Kuala Lumpur,2024-11-17 06:00:00,13.615775375,19.35821075
Kuala Lumpur,2024-11-17 12:00:00,23.42230225,33.021592749999996
Kuala Lumpur,2024-11-17 18:00:00,35.063806,49.519598
Kuala Lumpur,2024-11-18 00:00:00,44.63765875,63.204311749999995
Kuala Lumpur,2024-11-18 06:00:00,16.06191075,23.524805125
Kuala Lumpur,2024-11-18 12:00:00,27.705795000000002,39.21735425
Kuala Lumpur,2024-11-18 18:00:00,27.8663775,39.554691749999996
Kuala Lumpur,2024-11-19 00:00:00,34.15414,48.55530825
Kuala Lumpur,2024-11-19 06:00:00,19.99066525,29.333023
Kuala Lumpur,2024-11-19 12:00:00,31.316787249999997,44.376292500000005
Kuala Lumpur,2024-11-19 18:00:00,37.6652445,53.37534475
Kuala Lumpur,2024-11-20 00:00:00,41.55151600000001,58.9003545
Kuala Lumpur,2024-11-20 06:00:00,17.072324125,24.651086499999998
Kuala Lumpur,2024-11-20 12:00:00,26.200837250000003,37.065092
Kuala Lumpur,2024-11-20 18:00:00,36.65854775,51.807660999999996
Kuala Lumpur,2024-11-21 00:00:00,48.2241375,68.43333875
Kuala Lumpur,2024-11-21 06:00:00,19.94789025,29.09825975
Kuala Lumpur,2024-11-21 12:00:00,34.0496335,48.136031249999995
Kuala Lumpur,2024-11-21 18:00:00,40.019073999999996,56.73615575
Kuala Lumpur,2024-11-22 00:00:00,29.59109225,42.069587250000005
Kuala Lumpur,2024-11-22 06:00:00,14.561393749999999,21.2152715
Kuala Lumpur,2024-11-22 12:00:00,27.09454375,38.37031675
Kuala Lumpur,2024-11-22 18:00:00,38.2277675,54.11124025
Kuala Lumpur,2024-11-23 00:00:00,44.592099499999996,63.40073425
Kuala Lumpur,2024-11-23 06:00:00,17.62353475,26.747671
Kuala Lumpur,2024-11-23 12:00:00,26.23833225,37.37935075
Kuala Lumpur,2024-11-23 18:00:00,38.39656425,54.47378775
Kuala Lumpur,2024-11-24 00:00:00,29.901798250000002,42.9185995
Kuala Lumpur,2024-11-24 06:00:00,14.437887,21.7481215
Kuala Lumpur,2024-11-24 12:00:00,24.717209750000002,35.08725325
Kuala Lumpur,2024-11-24 18:00:00,34.2690215,48.565568
Kuala Lumpur,2024-11-25 00:00:00,44.449208000000006,63.103046
Kuala Lumpur,2024-11-25 06:00:00,19.584106625,28.4482265
Kuala Lumpur,2024-11-25 12:00:00,29.863812749999997,42.211667750000004
Kuala Lumpur,2024-11-25 18:00:00,40.3620105,57.11360975
Kuala Lumpur,2024-11-26 00:00:00,56.514309499999996,80.199299
Kuala Lumpur,2024-11-26 06:00:00,20.048219500000002,29.18719175
Kuala Lumpur,2024-11-26 12:00:00,23.7158985,33.7825835
Kuala Lumpur,2024-11-26 18:00:00,35.71992175,50.586095
Kuala Lumpur,2024-11-27 00:00:00,21.6745805,31.152439000000005
Kuala Lumpur,2024-11-27 06:00:00,11.5587185,16.917113
Kuala Lumpur,2024-11-27 12:00:00,23.688940749999997,33.513231250000004
Kuala Lumpur,2024-11-27 18:00:00,26.35962925,37.330608
Kuala Lumpur,2024-11-28 00:00:00,26.2656385,37.578956999999996
Kuala Lumpur,2024-11-28 06:00:00,14.2517465,20.766251
Kuala Lumpur,2024-11-28 12:00:00,27.311728375,38.703632
Kuala Lumpur,2024-11-28 18:00:00,15.17254575,21.69437625
Kuala Lumpur,2024-11-29 00:00:00,22.536014,32.2056045
Kuala Lumpur,2024-11-29 06:00:00,11.87066825,17.166342874999998
Kuala Lumpur,2024-11-29 12:00:00,21.785353875,30.70860575
Kuala Lumpur,2024-11-29 18:00:00,24.40211225,34.60814975
Kuala Lumpur,2024-11-30 00:00:00,38.8396865,55.293924749999995
Kuala Lumpur,2024-11-30 06:00:00,17.69807075,27.0053135
Kuala Lumpur,2024-11-30 12:00:00,21.497527499999997,31.01766275
Kuala Lumpur,2024-11-30 18:00:00,23.02940125,32.927403749999996
Kuala Lumpur,2024-12-01 00:00:00,37.590098,54.145631
Kuala Lumpur,2024-12-01 06:00:00,19.64264125,29.312672999999997
Kuala Lumpur,2024-12-01 12:00:00,27.25444425,38.79216575
Kuala Lumpur,2024-12-01 18:00:00,40.59219875,57.4989235
Kuala Lumpur,2024-12-02 00:00:00,43.772189999999995,62.14969525
Kuala Lumpur,2024-12-02 06:00:00,13.698390250000001,19.963664625
Kuala Lumpur,2024-12-02 12:00:00,29.3294985,41.445957250000006
Kuala Lumpur,2024-12-02 18:00:00,49.81498575,70.43254925
Kuala Lumpur,2024-12-03 00:00:00,24.63396225,35.01035925
Kuala Lumpur,2024-12-03 06:00:00,11.598828750000001,16.899307
Kuala Lumpur,2024-12-03 12:00:00,36.0931975,50.8570965
Kuala Lumpur,2024-12-03 18:00:00,38.543603749999996,54.494577500000005
Kuala Lumpur,2024-12-04 00:00:00,33.737364250000006,47.812433999999996
Kuala Lumpur,2024-12-04 06:00:00,14.593794500000001,20.940249
Kuala Lumpur,2024-12-04 12:00:00,26.92640025,37.98179275
Kuala Lumpur,2024-12-04 18:00:00,33.841118,47.8101755
Kuala Lumpur,2024-12-05 00:00:00,34.974022,49.58667425
Kuala Lumpur,2024-12-05 06:00:00,15.829172499999999,22.6692405
Kuala Lumpur,2024-12-05 12:00:00,41.82452075,58.81031525
Kuala Lumpur,2024-12-05 18:00:00,37.69734725,53.18284475
Kuala Lumpur,2024-12-06 00:00:00,39.542128500000004,55.906213
Kuala Lumpur,2024-12-06 06:00:00,9.539895999999999,13.6077035
Kuala Lumpur,2024-12-06 12:00:00,25.16612325,35.3983295
Kuala Lumpur,2024-12-06 18:00:00,33.73861575,47.6394465
Kuala Lumpur,2024-12-07 00:00:00,32.06312725,45.3523225
Kuala Lumpur,2024-12-07 06:00:00,13.05275545,18.60291825
Kuala Lumpur,2024-12-07 12:00:00,21.543464,30.372021750000002
Kuala Lumpur,2024-12-07 18:00:00,28.275593500000003,39.882650500000004
Kuala Lumpur,2024-12-08 00:00:00,43.51079475,61.515635
Kuala Lumpur,2024-12-08 06:00:00,16.07446625,23.25563725
Kuala Lumpur,2024-12-08 12:00:00,23.409001,33.052217000000006
Kuala Lumpur,2024-12-08 18:00:00,26.7350515,37.9261275
Kuala Lumpur,2024-12-09 00:00:00,26.2068345,37.28249
Kuala Lumpur,2024-12-09 06:00:00,14.160988875,20.44896525
Kuala Lumpur,2024-12-09 12:00:00,15.967714349999998,22.842499749999998
Kuala Lumpur,2024-12-09 18:00:00,21.044187,29.930902
Kuala Lumpur,2024-12-10 00:00:00,25.222050000000003,36.1947345
Kuala Lumpur,2024-12-10 06:00:00,16.8327995,24.3903745
Kuala Lumpur,2024-12-10 12:00:00,26.764127249999998,37.8926755
Kuala Lumpur,2024-12-10 18:00:00,46.2586625,65.4477775
Kuala Lumpur,2024-12-11 00:00:00,26.91220375,38.29012425
Kuala Lumpur,2024-12-11 06:00:00,12.854926,18.972911999999997
Kuala Lumpur,2024-12-11 12:00:00,24.1406185,34.41945775
Kuala Lumpur,2024-12-11 18:00:00,31.887722750000002,45.53425025
Kuala Lumpur,2024-12-12 00:00:00,34.7280175,49.476767499999994
Kuala Lumpur,2024-12-12 06:00:00,18.16073325,26.37857225
Kuala Lumpur,2024-12-12 12:00:00,28.1523285,39.870329
Kuala Lumpur,2024-12-12 18:00:00,46.477495499999996,65.7826005
Kuala Lumpur,2024-12-13 00:00:00,41.353928249999996,58.7526195
Kuala Lumpur,2024-12-13 06:00:00,16.3550165,23.448081249999998
Kuala Lumpur,2024-12-13 12:00:00,27.30720875,38.557971499999994
Kuala Lumpur,2024-12-13 18:00:00,25.828413,36.53228475
Kuala Lumpur,2024-12-14 00:00:00,29.525495,41.89479275
Kuala Lumpur,2024-12-14 06:00:00,14.593667,20.90783375
Kuala Lumpur,2024-12-14 12:00:00,27.572497,38.9279645
Kuala Lumpur,2024-12-14 18:00:00,44.458943749999996,62.84173575
Kuala Lumpur,2024-12-15 00:00:00,61.1364055,86.60299524999999
Kuala Lumpur,2024-12-15 06:00:00,24.9049495,35.65349975
Kuala Lumpur,2024-12-15 12:00:00,36.339458,51.25060824999999
Kuala Lumpur,2024-12-15 18:00:00,40.4205595,57.1322115
Kuala Lumpur,2024-12-16 00:00:00,45.310913000000006,64.231187
Kuala Lumpur,2024-12-16 06:00:00,24.565195999999997,35.15100375
Kuala Lumpur,2024-12-16 12:00:00,28.40633325,40.16072825
Kuala Lumpur,2024-12-16 18:00:00,29.894379999999998,42.34633
Kuala Lumpur,2024-12-17 00:00:00,46.6742165,66.166194
Kuala Lumpur,2024-12-17 06:00:00,14.30935025,21.03142575
Kuala Lumpur,2024-12-17 12:00:00,27.5127405,38.906335
Kuala Lumpur,2024-12-17 18:00:00,30.874005250000003,43.82891875
Kuala Lumpur,2024-12-18 00:00:00,16.040758049999997,22.838918075
Kuala Lumpur,2024-12-18 06:00:00,7.481389600000001,10.964129250000001
Kuala Lumpur,2024-12-18 12:00:00,23.62412475,33.374902
Kuala Lumpur,2024-12-18 18:00:00,36.545061249999996,51.73245675
Kuala Lumpur,2024-12-19 00:00:00,42.00654725,59.67669474999999
Kuala Lumpur,2024-12-19 06:00:00,16.193894375,23.837600000000002
Kuala Lumpur,2024-12-19 12:00:00,25.36288,36.03531725
Kuala Lumpur,2024-12-19 18:00:00,39.378278,55.817054
Kuala Lumpur,2024-12-20 00:00:00,44.373962,63.06919375000001
Kuala Lumpur,2024-12-20 06:00:00,21.11681875,30.8429545
Kuala Lumpur,2024-12-20 12:00:00,31.971993000000005,45.313157249999996
Kuala Lumpur,2024-12-20 18:00:00,32.841455749999994,46.6075675
Kuala Lumpur,2024-12-21 00:00:00,58.27561675,83.08637825
Kuala Lumpur,2024-12-21 06:00:00,25.492625,37.738189500000004
Kuala Lumpur,2024-12-21 12:00:00,27.998410749999998,39.90155025
Kuala Lumpur,2024-12-21 18:00:00,43.941028499999994,62.21404225
Kuala Lumpur,2024-12-22 00:00:00,45.58174275,64.577449
Kuala Lumpur,2024-12-22 06:00:00,18.8936865,27.42621075
Kuala Lumpur,2024-12-22 12:00:00,24.243633,34.297827
Kuala Lumpur,2024-12-22 18:00:00,34.41087399999999,48.719784
Kuala Lumpur,2024-12-23 00:00:00,38.603473750000006,54.740951
Kuala Lumpur,2024-12-23 06:00:00,18.420109999999998,26.549486249999998
Kuala Lumpur,2024-12-23 12:00:00,27.218618499999998,38.472621000000004
Kuala Lumpur,2024-12-23 18:00:00,43.394749000000004,61.369888749999994
Kuala Lumpur,2024-12-24 00:00:00,41.98329825,59.47234275
Kuala Lumpur,2024-12-24 06:00:00,17.6517005,25.379762
Kuala Lumpur,2024-12-24 12:00:00,27.821876500000002,39.36966674999999
Kuala Lumpur,2024-12-24 18:00:00,24.111472250000002,34.16761275
Kuala Lumpur,2024-12-25 00:00:00,32.766465,46.48097800000001
Kuala Lumpur,2024-12-25 06:00:00,17.16676925,24.558943250000002
Kuala Lumpur,2024-12-25 12:00:00,31.06464425,43.80444875
Kuala Lumpur,2024-12-25 18:00:00,39.744065750000004,56.15626625
Kuala Lumpur,2024-12-26 00:00:00,41.226869,58.36221825
Kuala Lumpur,2024-12-26 06:00:00,18.86203925,26.8142345
Kuala Lumpur,2024-12-26 12:00:00,31.767107250000002,44.748346749999996
Kuala Lumpur,2024-12-26 18:00:00,48.188894000000005,68.0808805
Kuala Lumpur,2024-12-27 00:00:00,36.02451625,51.008782999999994
Kuala Lumpur,2024-12-27 06:00:00,10.871673175,15.43983785
Kuala Lumpur,2024-12-27 12:00:00,23.85378675,33.60774725
Kuala Lumpur,2024-12-27 18:00:00,39.18495425,55.342411250000005
Kuala Lumpur,2024-12-28 00:00:00,56.16777825,79.4105395
Kuala Lumpur,2024-12-28 06:00:00,24.55948325,34.94975
Kuala Lumpur,2024-12-28 12:00:00,32.13301675,45.28178125
Kuala Lumpur,2024-12-28 18:00:00,37.578217,53.07776975
Kuala Lumpur,2024-12-29 00:00:00,54.5210085,77.331434
Kuala Lumpur,2024-12-29 06:00:00,17.1661725,25.74347475
Kuala Lumpur,2024-12-29 12:00:00,21.8388865,31.22198725
Kuala Lumpur,2024-12-29 18:00:00,26.6143875,37.88594
Kuala Lumpur,2024-12-30 00:00:00,25.323288500000004,36.15156225
Kuala Lumpur,2024-12-30 06:00:00,12.572201,18.957706375
Kuala Lumpur,2024-12-30 12:00:00,25.092291,35.54627925
Kuala Lumpur,2024-12-30 18:00:00,33.6916345,47.9303705
Kuala Lumpur,2024-12-31 00:00:00,42.420254,60.49666025
Kuala Lumpur,2024-12-31 06:00:00,14.966758749999999,22.972244500000002
Kuala Lumpur,2024-12-31 12:00:00,18.196772,26.1375845
Kuala Lumpur,2024-12-31 18:00:00,23.5113765,33.44894125
Kuala Lumpur,2025-01-01 00:00:00,30.659833750000004,43.6525625
Kuala Lumpur,2025-01-01 06:00:00,16.5682225,24.76349425
Kuala Lumpur,2025-01-01 12:00:00,18.46823475,26.297556
Kuala Lumpur,2025-01-01 18:00:00,34.225165999999994,48.4697575
Kuala Lumpur,2025-01-02 00:00:00,37.204288,52.7354305
Kuala Lumpur,2025-01-02 06:00:00,16.50656125,23.9297435
Kuala Lumpur,2025-01-02 12:00:00,22.6881695,32.122074
Kuala Lumpur,2025-01-02 18:00:00,43.879282249999996,61.9384635
Kuala Lumpur,2025-01-03 00:00:00,42.377195,59.938315249999995
Kuala Lumpur,2025-01-03 06:00:00,19.200115,27.33221975
Kuala Lumpur,2025-01-03 12:00:00,22.762605999999998,32.109852999999994
Kuala Lumpur,2025-01-03 18:00:00,25.946292,36.6994185
Kuala Lumpur,2025-01-04 00:00:00,38.517015,54.5455245
Kuala Lumpur,2025-01-04 06:00:00,12.140503875,17.40403375
Kuala Lumpur,2025-01-04 12:00:00,19.738309,27.9359115
Kuala Lumpur,2025-01-04 18:00:00,30.679871000000002,43.458556
Kuala Lumpur,2025-01-05 00:00:00,35.775883500000006,50.7438935
Kuala Lumpur,2025-01-05 06:00:00,13.260489374999999,19.903893500000002
Kuala Lumpur,2025-01-05 12:00:00,17.434970999999997,25.02152075
Kuala Lumpur,2025-01-05 18:00:00,26.551632,38.045868500000005
Kuala Lumpur,2025-01-06 00:00:00,28.45956725,40.7605965
Kuala Lumpur,2025-01-06 06:00:00,12.1221005,18.49514325
Kuala Lumpur,2025-01-06 12:00:00,20.410780250000002,29.355178000000002
Kuala Lumpur,2025-01-06 18:00:00,22.44071575,32.07853175
Kuala Lumpur,2025-01-07 00:00:00,27.294505,38.87512925
Kuala Lumpur,2025-01-07 06:00:00,13.69676275,20.1421815
Kuala Lumpur,2025-01-07 12:00:00,26.36781475,37.329073
Kuala Lumpur,2025-01-07 18:00:00,43.74173625,61.913539
Kuala Lumpur,2025-01-08 00:00:00,28.002503,39.677274999999995
Kuala Lumpur,2025-01-08 06:00:00,9.935320325,14.596423750000001
Kuala Lumpur,2025-01-08 12:00:00,15.97292975,22.67802325
Kuala Lumpur,2025-01-08 18:00:00,39.78803475,56.24937675
Kuala Lumpur,2025-01-09 00:00:00,49.4998175,70.14048724999999
Kuala Lumpur,2025-01-09 06:00:00,17.851761,25.870917875
Kuala Lumpur,2025-01-09 12:00:00,26.14876825,36.9844315
Kuala Lumpur,2025-01-09 18:00:00,44.294352749999995,62.646448750000005
Kuala Lumpur,2025-01-10 00:00:00,35.84641175,50.73329125
Kuala Lumpur,2025-01-10 06:00:00,16.30121475,23.570948
Kuala Lumpur,2025-01-10 12:00:00,23.0975135,33.14534025
Kuala Lumpur,2025-01-10 18:00:00,25.62055075,36.729574250000006
Kuala Lumpur,2025-01-11 00:00:00,31.05210975,44.212214249999995
Kuala Lumpur,2025-01-11 06:00:00,14.446186375,21.950199750000003
Kuala Lumpur,2025-01-11 12:00:00,27.780686250000002,39.74258875
Kuala Lumpur,2025-01-11 18:00:00,38.317069249999996,54.6487515
Kuala Lumpur,2025-01-12 00:00:00,39.81887150000001,57.060845
Kuala Lumpur,2025-01-12 06:00:00,20.382629,30.832040999999997
Kuala Lumpur,2025-01-12 12:00:00,27.7942435,40.12571275
Kuala Lumpur,2025-01-12 18:00:00,37.784047,54.064031750000005
Kuala Lumpur,2025-01-13 00:00:00,24.072789750000002,34.92124200000001
Kuala Lumpur,2025-01-13 06:00:00,13.18163375,21.10908775
Kuala Lumpur,2025-01-13 12:00:00,22.0433235,32.005587500000004
Kuala Lumpur,2025-01-13 18:00:00,39.782719,56.589954
Kuala Lumpur,2025-01-14 00:00:00,32.249886249999996,46.02823300000001
Kuala Lumpur,2025-01-14 06:00:00,12.39492075,18.7739315
Kuala Lumpur,2025-01-14 12:00:00,25.200108999999998,35.846454
Kuala Lumpur,2025-01-14 18:00:00,39.99855375,56.6544145
Kuala Lumpur,2025-01-15 00:00:00,32.66040875,46.286629500000004
Kuala Lumpur,2025-01-15 06:00:00,17.46820975,25.03483625
Kuala Lumpur,2025-01-15 12:00:00,25.234022875,35.642274
Kuala Lumpur,2025-01-15 18:00:00,28.35908225,40.1806515
Kuala Lumpur,2025-01-16 00:00:00,37.20083425,53.01620875
Kuala Lumpur,2025-01-16 06:00:00,15.38921875,23.32257075
Kuala Lumpur,2025-01-16 12:00:00,19.09622675,27.496881499999997
Kuala Lumpur,2025-01-16 18:00:00,29.33623475,42.15121375
Kuala Lumpur,2025-01-17 00:00:00,58.013257249999995,83.71327374999998
Kuala Lumpur,2025-01-17 06:00:00,21.37073775,34.475561750000004
Kuala Lumpur,2025-01-17 12:00:00,21.724304125,32.58759275
Kuala Lumpur,2025-01-17 18:00:00,31.070072749999998,44.78778225
Kuala Lumpur,2025-01-18 00:00:00,35.5989305,51.13651075
Kuala Lumpur,2025-01-18 06:00:00,20.475624749999998,31.994744750000002
Kuala Lumpur,2025-01-18 12:00:00,21.82262875,31.722407750000002
Kuala Lumpur,2025-01-18 18:00:00,43.089982750000004,61.349339
Kuala Lumpur,2025-01-19 00:00:00,33.87106075,48.61351425
Kuala Lumpur,2025-01-19 06:00:00,17.128883375,25.980256
Kuala Lumpur,2025-01-19 12:00:00,27.69554925,39.427903
Kuala Lumpur,2025-01-19 18:00:00,50.26794275,71.21906325
Kuala Lumpur,2025-01-20 00:00:00,41.22028925,58.7488105
Kuala Lumpur,2025-01-20 06:00:00,14.90025165,22.792363499999997
Kuala Lumpur,2025-01-20 12:00:00,28.3601195,40.271515
Kuala Lumpur,2025-01-20 18:00:00,49.745126,70.42064075
Kuala Lumpur,2025-01-21 00:00:00,54.050758249999994,76.6534085
Kuala Lumpur,2025-01-21 06:00:00,21.023794499999997,31.308132999999998
Kuala Lumpur,2025-01-21 12:00:00,29.818877750000002,42.670222499999994
Kuala Lumpur,2025-01-21 18:00:00,37.965691500000005,54.013866750000005
Kuala Lumpur,2025-01-22 00:00:00,44.760156,63.78331875
Kuala Lumpur,2025-01-22 06:00:00,23.30440925,35.45594075
Kuala Lumpur,2025-01-22 12:00:00,29.78893575,42.594735
Kuala Lumpur,2025-01-22 18:00:00,49.22748125,69.74749925
Kuala Lumpur,2025-01-23 00:00:00,45.969273,65.6439175
Kuala Lumpur,2025-01-23 06:00:00,20.410738,30.794439
Kuala Lumpur,2025-01-23 12:00:00,27.72631575,39.43080175
Kuala Lumpur,2025-01-23 18:00:00,48.449351500000006,68.642067
Kuala Lumpur,2025-01-24 00:00:00,42.14871275,59.75260875
Kuala Lumpur,2025-01-24 06:00:00,18.756211,27.2500815
Kuala Lumpur,2025-01-24 12:00:00,31.254487250000004,44.1762475
Kuala Lumpur,2025-01-24 18:00:00,31.76717275,44.99031575
Kuala Lumpur,2025-01-25 00:00:00,24.709038149999998,35.00599625
Kuala Lumpur,2025-01-25 06:00:00,8.859558575000001,13.142937375
Kuala Lumpur,2025-01-25 12:00:00,18.2208735,25.882997250000003
Kuala Lumpur,2025-01-25 18:00:00,26.272346499999998,37.309518999999995
Kuala Lumpur,2025-01-26 00:00:00,35.65725175,50.656808
Kuala Lumpur,2025-01-26 06:00:00,18.037837749999998,26.845612250000002
Kuala Lumpur,2025-01-26 12:00:00,27.89673225,39.609232750000004
Kuala Lumpur,2025-01-26 18:00:00,47.5143905,67.35194800000001
Kuala Lumpur,2025-01-27 00:00:00,36.39851825,51.62686975
Kuala Lumpur,2025-01-27 06:00:00,10.85800235,15.910416150000001
Kuala Lumpur,2025-01-27 12:00:00,20.464924,29.118240500000002
Kuala Lumpur,2025-01-27 18:00:00,25.22099875,36.634133999999996
Kuala Lumpur,2025-01-28 00:00:00,36.1220035,52.12143625
Kuala Lumpur,2025-01-28 06:00:00,20.6705405,32.723420499999996
Kuala Lumpur,2025-01-28 12:00:00,24.156648,35.686497249999995
Kuala Lumpur,2025-01-28 18:00:00,25.18115175,37.051592
Kuala Lumpur,2025-01-29 00:00:00,31.3755925,45.85939425
Kuala Lumpur,2025-01-29 06:00:00,16.04882975,25.79560025
Kuala Lumpur,2025-01-29 12:00:00,16.77018675,25.142583000000002
Kuala Lumpur,2025-01-29 18:00:00,32.9551855,47.111769
Kuala Lumpur,2025-01-30 00:00:00,29.02685025,41.71991475
Kuala Lumpur,2025-01-30 06:00:00,13.298290625,19.80549775
Kuala Lumpur,2025-01-30 12:00:00,26.221584999999997,37.14998825
Kuala Lumpur,2025-01-30 18:00:00,44.49503875,63.00112375
Kuala Lumpur,2025-01-31 00:00:00,39.9783175,56.738032
Kuala Lumpur,2025-01-31 06:00:00,16.906369625,24.65168325
Kuala Lumpur,2025-01-31 12:00:00,29.99243525,42.290324250000005
Kuala Lumpur,2025-01-31 18:00:00,50.912518750000004,71.93651100000001
Kuala Lumpur,2025-02-01 00:00:00,51.97060225,73.60171100000001
Kuala Lumpur,2025-02-01 06:00:00,26.567121750000002,38.6225875
Kuala Lumpur,2025-02-01 12:00:00,31.904051,45.107697249999994
Kuala Lumpur,2025-02-01 18:00:00,55.85377475,78.8957095
Kuala Lumpur,2025-02-02 00:00:00,53.240399,75.4730525
Kuala Lumpur,2025-02-02 06:00:00,15.3928995,22.41812025
Kuala Lumpur,2025-02-02 12:00:00,24.591074000000003,34.803065499999995
Kuala Lumpur,2025-02-02 18:00:00,58.28911875,82.33519050000001
Kuala Lumpur,2025-02-03 00:00:00,41.863131749999994,59.259832499999995
Kuala Lumpur,2025-02-03 06:00:00,9.266955125,13.2214381
Kuala Lumpur,2025-02-03 12:00:00,28.501687999999998,40.12082375
Kuala Lumpur,2025-02-03 18:00:00,53.9122735,76.049275
Kuala Lumpur,2025-02-04 00:00:00,74.235033,105.1698175
Kuala Lumpur,2025-02-04 06:00:00,22.79892925,34.258334749999996
Kuala Lumpur,2025-02-04 12:00:00,33.5807755,48.298858
Kuala Lumpur,2025-02-04 18:00:00,23.607824625000003,34.25265075
Kuala Lumpur,2025-02-05 00:00:00,29.010806249999998,41.563537749999995
Kuala Lumpur,2025-02-05 06:00:00,14.945229125,23.25683125
Kuala Lumpur,2025-02-05 12:00:00,21.7247305,31.49637
Kuala Lumpur,2025-02-05 18:00:00,40.665569,57.82507675
Kuala Lumpur,2025-02-06 00:00:00,45.062349749999996,64.11181675
Kuala Lumpur,2025-02-06 06:00:00,12.41781435,18.7367845
Kuala Lumpur,2025-02-06 12:00:00,23.732568,33.970166750000004
Kuala Lumpur,2025-02-06 18:00:00,41.532502,58.93971825
Kuala Lumpur,2025-02-07 00:00:00,52.900191,75.188782
Kuala Lumpur,2025-02-07 06:00:00,15.837769999999999,23.090706
Kuala Lumpur,2025-02-07 12:00:00,25.282475,35.87223325
Kuala Lumpur,2025-02-07 18:00:00,44.0077485,62.33369724999999
Kuala Lumpur,2025-02-08 00:00:00,35.127896500000006,49.817799750000006
Kuala Lumpur,2025-02-08 06:00:00,14.50734975,21.934625
Kuala Lumpur,2025-02-08 12:00:00,23.009164249999998,32.71989575
Kuala Lumpur,2025-02-08 18:00:00,47.3152105,66.86801125
Kuala Lumpur,2025-02-09 00:00:00,59.0127925,84.66597
Kuala Lumpur,2025-02-09 06:00:00,20.40633275,32.10934125
Kuala Lumpur,2025-02-09 12:00:00,22.7773285,33.21721925
Kuala Lumpur,2025-02-09 18:00:00,36.43944525,52.0483635
Kuala Lumpur,2025-02-10 00:00:00,35.85250875,51.467907000000004
Kuala Lumpur,2025-02-10 06:00:00,18.48371775,28.04881625
Kuala Lumpur,2025-02-10 12:00:00,26.1817095,37.5666215
Kuala Lumpur,2025-02-10 18:00:00,33.593409,47.94793475
Kuala Lumpur,2025-02-11 00:00:00,39.829274,56.76037075
Kuala Lumpur,2025-02-11 06:00:00,13.48513465,20.18595075
Kuala Lumpur,2025-02-11 12:00:00,22.822177999999997,32.66691775
Kuala Lumpur,2025-02-11 18:00:00,31.617233249999998,44.937707249999995
Kuala Lumpur,2025-02-12 00:00:00,46.64531175,66.4501825
Kuala Lumpur,2025-02-12 06:00:00,23.1131595,34.107330749999996
Kuala Lumpur,2025-02-12 12:00:00,27.44155825,39.323851499999996
Kuala Lumpur,2025-02-12 18:00:00,45.38581824999999,64.26409925
Kuala Lumpur,2025-02-13 00:00:00,50.99116075,72.2441775
Kuala Lumpur,2025-02-13 06:00:00,26.92711125,39.04435125
Kuala Lumpur,2025-02-13 12:00:00,30.749610999999998,43.757751
Kuala Lumpur,2025-02-13 18:00:00,39.8553515,56.407089
Kuala Lumpur,2025-02-14 00:00:00,44.5136125,63.020138
Kuala Lumpur,2025-02-14 06:00:00,20.859786624999998,30.186470250000003
Kuala Lumpur,2025-02-14 12:00:00,23.2772805,33.08883825
Kuala Lumpur,2025-02-14 18:00:00,32.9218605,46.62811625
Kuala Lumpur,2025-02-15 00:00:00,27.55706425,39.094061
Kuala Lumpur,2025-02-15 06:00:00,10.623182224999999,15.14530385
Kuala Lumpur,2025-02-15 12:00:00,23.023915249999998,32.46094625
Kuala Lumpur,2025-02-15 18:00:00,39.71945265,56.13585925
Kuala Lumpur,2025-02-16 00:00:00,51.946471499999994,73.54992675000001
Kuala Lumpur,2025-02-16 06:00:00,24.11968575,34.250376749999994
Kuala Lumpur,2025-02-16 12:00:00,33.91290475,47.778399
Kuala Lumpur,2025-02-16 18:00:00,48.6739965,68.7192605
Kuala Lumpur,2025-02-17 00:00:00,54.382098,76.9218795
Kuala Lumpur,2025-02-17 06:00:00,19.371555,27.81584375
Kuala Lumpur,2025-02-17 12:00:00,22.134713249999997,31.433529750000005
Kuala Lumpur,2025-02-17 18:00:00,34.98831825,49.5466845
Kuala Lumpur,2025-02-18 00:00:00,39.494807,56.0239635
Kuala Lumpur,2025-02-18 06:00:00,15.78342775,23.93156225
Kuala Lumpur,2025-02-18 12:00:00,21.72303925,31.097172750000002
Kuala Lumpur,2025-02-18 18:00:00,39.95222675,56.634007749999995
Kuala Lumpur,2025-02-19 00:00:00,48.47282675,68.8220895
Kuala Lumpur,2025-02-19 06:00:00,18.95547525,28.030285874999997
Kuala Lumpur,2025-02-19 12:00:00,27.39796675,38.96211325
Kuala Lumpur,2025-02-19 18:00:00,43.437495000000006,61.53214875
Kuala Lumpur,2025-02-20 00:00:00,45.4417665,64.476581
Kuala Lumpur,2025-02-20 06:00:00,12.037162375000001,18.0187955
Kuala Lumpur,2025-02-20 12:00:00,20.2652969,29.0016115
Kuala Lumpur,2025-02-20 18:00:00,31.87687975,45.26472700000001
Kuala Lumpur,2025-02-21 00:00:00,49.394372249999996,70.21532325000001
Kuala Lumpur,2025-02-21 06:00:00,22.3554365,33.566948
Kuala Lumpur,2025-02-21 12:00:00,24.07146875,34.452696749999994
Kuala Lumpur,2025-02-21 18:00:00,46.44455525000001,65.877259
Kuala Lumpur,2025-02-22 00:00:00,46.313005,65.7123565
Kuala Lumpur,2025-02-22 06:00:00,15.9516275,24.050507
Kuala Lumpur,2025-02-22 12:00:00,23.37542075,33.44496225
Kuala Lumpur,2025-02-22 18:00:00,31.227998,44.405539
Kuala Lumpur,2025-02-23 00:00:00,28.60565475,40.594216
Kuala Lumpur,2025-02-23 06:00:00,10.69931,15.61875225
Kuala Lumpur,2025-02-23 12:00:00,18.819989,26.68681975
Kuala Lumpur,2025-02-23 18:00:00,40.333275750000006,56.98458975
Kuala Lumpur,2025-02-24 00:00:00,40.21393425,56.995646
Kuala Lumpur,2025-02-24 06:00:00,12.6562725,18.986241749999998
Kuala Lumpur,2025-02-24 12:00:00,22.67134375,32.19881225
Kuala Lumpur,2025-02-24 18:00:00,32.056505,45.5013385
Kuala Lumpur,2025-02-25 00:00:00,31.690433499999997,45.1232155
Kuala Lumpur,2025-02-25 06:00:00,12.74071325,19.566755249999996
Kuala Lumpur,2025-02-25 12:00:00,18.491505,26.7928895
Kuala Lumpur,2025-02-25 18:00:00,29.1647665,41.630529499999994
Kuala Lumpur,2025-02-26 00:00:00,41.008661000000004,58.54963025
Kuala Lumpur,2025-02-26 06:00:00,16.2445985,25.316467250000002
Kuala Lumpur,2025-02-26 12:00:00,22.78676425,33.18285725
Kuala Lumpur,2025-02-26 18:00:00,27.0827625,39.802386750000004
Kuala Lumpur,2025-02-27 00:00:00,38.119651,55.21746925
Kuala Lumpur,2025-02-27 06:00:00,20.087015,32.10499225
Kuala Lumpur,2025-02-27 12:00:00,25.702661250000002,37.33558175
Kuala Lumpur,2025-02-27 18:00:00,27.3044805,39.35309675
Kuala Lumpur,2025-02-28 00:00:00,28.325246,40.64958175
Kuala Lumpur,2025-02-28 06:00:00,12.991563574999999,19.792821500000002
Kuala Lumpur,2025-02-28 12:00:00,20.729587,29.770746499999994
Kuala Lumpur,2025-02-28 18:00:00,37.6199545,53.39154525
Kuala Lumpur,2025-03-01 00:00:00,35.6145055,50.9845675
Kuala Lumpur,2025-03-01 06:00:00,14.377278,22.377520750000002
Kuala Lumpur,2025-03-01 12:00:00,25.9554725,37.07251075
Kuala Lumpur,2025-03-01 18:00:00,52.15552825,73.79219225
Kuala Lumpur,2025-03-02 00:00:00,31.0127315,43.9506215
Kuala Lumpur,2025-03-02 06:00:00,10.1063335,14.840509125
Kuala Lumpur,2025-03-02 12:00:00,21.4188415,30.451417499999998
Kuala Lumpur,2025-03-02 18:00:00,55.581679,78.55627000000001
Kuala Lumpur,2025-03-03 00:00:00,81.45105,115.4523375
Kuala Lumpur,2025-03-03 06:00:00,30.373158,44.482164
Kuala Lumpur,2025-03-03 12:00:00,37.69729125,53.64557875
Kuala Lumpur,2025-03-03 18:00:00,59.71392675,84.4170245
Kuala Lumpur,2025-03-04 00:00:00,59.17081749999999,83.8339245
Kuala Lumpur,2025-03-04 06:00:00,25.0360305,36.242624500000005
Kuala Lumpur,2025-03-04 12:00:00,31.530817000000003,44.729973
Kuala Lumpur,2025-03-04 18:00:00,50.5242355,71.44839675
Kuala Lumpur,2025-03-05 00:00:00,31.659467,44.860541749999996
Kuala Lumpur,2025-03-05 06:00:00,15.077717,21.645049999999998
Kuala Lumpur,2025-03-05 12:00:00,25.7398795,36.33218175
Kuala Lumpur,2025-03-05 18:00:00,35.170856,49.72034125
Kuala Lumpur,2025-03-06 00:00:00,18.9621685,26.923089500000003
Kuala Lumpur,2025-03-06 06:00:00,7.6368565749999995,10.99544975
Kuala Lumpur,2025-03-06 12:00:00,21.382966749999998,30.175897500000005
Kuala Lumpur,2025-03-06 18:00:00,41.848721250000004,59.2000335
Kuala Lumpur,2025-03-07 00:00:00,44.909285249999996,63.50660400000001
Kuala Lumpur,2025-03-07 06:00:00,16.97438275,24.50164525
Kuala Lumpur,2025-03-07 12:00:00,29.713078,41.9584725
Kuala Lumpur,2025-03-07 18:00:00,33.48782225,47.343007
Kuala Lumpur,2025-03-08 00:00:00,40.27720075,57.06169775
Kuala Lumpur,2025-03-08 06:00:00,17.668682875,25.4241855
Kuala Lumpur,2025-03-08 12:00:00,23.293594499999998,33.0220755
Kuala Lumpur,2025-03-08 18:00:00,30.168394499999998,42.68110825000001
Kuala Lumpur,2025-03-09 00:00:00,35.023731500000004,49.665231999999996
Kuala Lumpur,2025-03-09 06:00:00,12.972662875,19.295328
Kuala Lumpur,2025-03-09 12:00:00,22.154708250000002,31.61403575
Kuala Lumpur,2025-03-09 18:00:00,29.56096525,42.009105500000004
Kuala Lumpur,2025-03-10 00:00:00,21.608230075,30.643150499999994
Kuala Lumpur,2025-03-10 06:00:00,7.57177085,10.983455874999999
Kuala Lumpur,2025-03-10 12:00:00,15.859768499999998,22.509709625
Kuala Lumpur,2025-03-10 18:00:00,37.19995350000001,52.59090575
Kuala Lumpur,2025-03-11 00:00:00,73.56118175,104.26958875000001
Kuala Lumpur,2025-03-11 06:00:00,23.787337,35.801207250000004
Kuala Lumpur,2025-03-11 12:00:00,25.452323125,36.40832325
Kuala Lumpur,2025-03-11 18:00:00,40.5863715,57.4605685
Kuala Lumpur,2025-03-12 00:00:00,48.384322250000004,68.47995
Kuala Lumpur,2025-03-12 06:00:00,16.59589075,24.56593475
Kuala Lumpur,2025-03-12 12:00:00,25.406905,36.21823875
Kuala Lumpur,2025-03-12 18:00:00,49.1961595,69.55559650000001
Kuala Lumpur,2025-03-13 00:00:00,38.53074375,54.6131095
Kuala Lumpur,2025-03-13 06:00:00,10.892421075000001,15.877219249999998
Kuala Lumpur,2025-03-13 12:00:00,18.89543475,26.818355500000003
Kuala Lumpur,2025-03-13 18:00:00,36.52718325,51.760082000000004
Kuala Lumpur,2025-03-14 00:00:00,50.09226925,71.14934525
Kuala Lumpur,2025-03-14 06:00:00,19.27453775,28.183421750000004
Kuala Lumpur,2025-03-14 12:00:00,25.356002,35.9801225
Kuala Lumpur,2025-03-14 18:00:00,52.13655675,73.73034750000001
Kuala Lumpur,2025-03-15 00:00:00,43.703665,61.9879745
Kuala Lumpur,2025-03-15 06:00:00,13.326058750000001,19.716082999999998
Kuala Lumpur,2025-03-15 12:00:00,22.368212,31.724255
Kuala Lumpur,2025-03-15 18:00:00,42.06029325,59.4993695
Kuala Lumpur,2025-03-16 00:00:00,52.574847500000004,74.55059825000001
Kuala Lumpur,2025-03-16 06:00:00,20.79849575,30.2228785
Kuala Lumpur,2025-03-16 12:00:00,26.117476,37.242870499999995
Kuala Lumpur,2025-03-16 18:00:00,33.913273249999996,48.0926725
Kuala Lumpur,2025-03-17 00:00:00,33.71894725,47.753929
Kuala Lumpur,2025-03-17 06:00:00,7.914167135,11.3014950425
Kuala Lumpur,2025-03-17 12:00:00,23.673813499999998,33.3494515
Kuala Lumpur,2025-03-17 18:00:00,47.79343525,67.52122750000001
Kuala Lumpur,2025-03-18 00:00:00,69.677184,98.602641
Kuala Lumpur,2025-03-18 06:00:00,19.670537375000002,29.046305000000004
Kuala Lumpur,2025-03-18 12:00:00,33.599100750000005,47.61676525000001
Kuala Lumpur,2025-03-18 18:00:00,58.355766499999994,82.49225
Kuala Lumpur,2025-03-19 00:00:00,54.673818999999995,77.38208275000001
Kuala Lumpur,2025-03-19 06:00:00,21.495396000000003,33.018353000000005
Kuala Lumpur,2025-03-19 12:00:00,26.6372525,38.38957225
Kuala Lumpur,2025-03-19 18:00:00,46.43786275,65.90670399999999
Kuala Lumpur,2025-03-20 00:00:00,50.65817275,71.72479775
Kuala Lumpur,2025-03-20 06:00:00,24.217087,36.08516875
Kuala Lumpur,2025-03-20 12:00:00,29.425116499999998,42.074888
Kuala Lumpur,2025-03-20 18:00:00,44.170207500000004,62.600094
Kuala Lumpur,2025-03-21 00:00:00,58.82770875,83.53527
Kuala Lumpur,2025-03-21 06:00:00,26.258732249999998,39.43902975
Kuala Lumpur,2025-03-21 12:00:00,29.84581475,42.60121475
Kuala Lumpur,2025-03-21 18:00:00,51.55476425,72.98319925000001
Kuala Lumpur,2025-03-22 00:00:00,45.323077000000005,64.29763774999999
Kuala Lumpur,2025-03-22 06:00:00,19.197315999999997,28.94498175
Kuala Lumpur,2025-03-22 12:00:00,23.166393250000002,33.23782475
Kuala Lumpur,2025-03-22 18:00:00,34.11309975,48.36897425
Kuala Lumpur,2025-03-23 00:00:00,55.72746875,79.31612425
Kuala Lumpur,2025-03-23 06:00:00,27.57371925,40.89085325
Kuala Lumpur,2025-03-23 12:00:00,27.693161500000002,39.39567275
Kuala Lumpur,2025-03-23 18:00:00,45.944149,65.05911275
Kuala Lumpur,2025-03-24 00:00:00,39.3611115,55.9457475
Kuala Lumpur,2025-03-24 06:00:00,19.5950065,30.15404125
Kuala Lumpur,2025-03-24 12:00:00,22.22455475,32.14529425
Kuala Lumpur,2025-03-24 18:00:00,32.355956250000006,46.044079
Kuala Lumpur,2025-03-25 00:00:00,32.95303925,46.830563500000004
Kuala Lumpur,2025-03-25 06:00:00,15.328282499999998,22.485324
Kuala Lumpur,2025-03-25 12:00:00,22.731938999999997,32.191053749999995
Kuala Lumpur,2025-03-25 18:00:00,50.24918425,70.98356
Kuala Lumpur,2025-03-26 00:00:00,59.3221895,83.97443925
Kuala Lumpur,2025-03-26 06:00:00,19.3992945,27.9167125
Kuala Lumpur,2025-03-26 12:00:00,25.936315999999998,36.637971
Kuala Lumpur,2025-03-26 18:00:00,37.62306775,53.14569725
Kuala Lumpur,2025-03-27 00:00:00,42.223831499999996,59.580258
Kuala Lumpur,2025-03-27 06:00:00,20.6807445,29.552097749999998
Kuala Lumpur,2025-03-27 12:00:00,27.17294475,38.1826915
Kuala Lumpur,2025-03-27 18:00:00,59.464952000000004,83.61103999999999
Kuala Lumpur,2025-03-28 00:00:00,50.1497655,70.65653999999999
Kuala Lumpur,2025-03-28 06:00:00,26.806447,37.69497474999999
Kuala Lumpur,2025-03-28 12:00:00,26.925477,37.657030999999996
Kuala Lumpur,2025-03-28 18:00:00,37.15595675,52.1558835
Kuala Lumpur,2025-03-29 00:00:00,39.75284775,55.917156
Kuala Lumpur,2025-03-29 06:00:00,18.204616499999997,25.67483625
Kuala Lumpur,2025-03-29 12:00:00,38.66878125,54.10038275
Kuala Lumpur,2025-03-29 18:00:00,56.868598750000004,79.979316
Kuala Lumpur,2025-03-30 00:00:00,53.73934175,75.71378425
Kuala Lumpur,2025-03-30 06:00:00,22.20030375,31.227756499999998
Kuala Lumpur,2025-03-30 12:00:00,32.37669675,45.299415249999996
Kuala Lumpur,2025-03-30 18:00:00,56.067790499999994,78.8877225
Kuala Lumpur,2025-03-31 00:00:00,40.475924500000005,57.12945500000001
Kuala Lumpur,2025-03-31 06:00:00,20.35244525,28.747564249999996
Kuala Lumpur,2025-03-31 12:00:00,33.977585,47.673908000000004
Kuala Lumpur,2025-03-31 18:00:00,35.307238000000005,49.7105065
Kuala Lumpur,2025-04-01 00:00:00,42.874831,60.45922900000001
Kuala Lumpur,2025-04-01 06:00:00,15.822962250000002,22.37837285
Kuala Lumpur,2025-04-01 12:00:00,31.890501,44.782198
Kuala Lumpur,2025-04-01 18:00:00,35.82681475,50.4694525
Kuala Lumpur,2025-04-02 00:00:00,39.25538225,55.40709875
Kuala Lumpur,2025-04-02 06:00:00,15.1646305,21.633184
Kuala Lumpur,2025-04-02 12:00:00,23.570465249999998,33.2153715
Kuala Lumpur,2025-04-02 18:00:00,35.96016925,50.73991375
Kuala Lumpur,2025-04-03 00:00:00,48.43093375,68.573511
Kuala Lumpur,2025-04-03 06:00:00,16.90440125,24.500024999999997
Kuala Lumpur,2025-04-03 12:00:00,26.104132000000003,36.885267999999996
Kuala Lumpur,2025-04-03 18:00:00,35.30217825,49.91756
Kuala Lumpur,2025-04-04 00:00:00,44.7241175,63.292759
Kuala Lumpur,2025-04-04 06:00:00,13.79874,19.8703845
Kuala Lumpur,2025-04-04 12:00:00,22.545904750000002,31.860083
Kuala Lumpur,2025-04-04 18:00:00,40.1442435,56.7379175
Kuala Lumpur,2025-04-05 00:00:00,39.43318925,55.85479825
Kuala Lumpur,2025-04-05 06:00:00,11.026429625,16.178773749999998
Kuala Lumpur,2025-04-05 12:00:00,24.954303250000002,35.20594325
Kuala Lumpur,2025-04-05 18:00:00,41.481143249999995,58.622845749999996
Kuala Lumpur,2025-04-06 00:00:00,56.205181,79.34159
Kuala Lumpur,2025-04-06 06:00:00,14.794153625,21.546469750000004
Kuala Lumpur,2025-04-06 12:00:00,25.519696500000002,35.999947
Kuala Lumpur,2025-04-06 18:00:00,42.369734750000006,59.66649150000001
Kuala Lumpur,2025-04-07 00:00:00,55.230942250000005,78.15276625
Kuala Lumpur,2025-04-07 06:00:00,20.504160000000002,29.70034575
Kuala Lumpur,2025-04-07 12:00:00,22.04816975,31.344683250000003
Kuala Lumpur,2025-04-07 18:00:00,28.670115,40.577504000000005
Kuala Lumpur,2025-04-08 00:00:00,42.8590285,60.74947125
Kuala Lumpur,2025-04-08 06:00:00,19.3325035,28.471163500000003
Kuala Lumpur,2025-04-08 12:00:00,35.79580725,50.42357975
Kuala Lumpur,2025-04-08 18:00:00,47.78610325,67.56618999999999
Kuala Lumpur,2025-04-09 00:00:00,45.638444,64.62050749999999
Kuala Lumpur,2025-04-09 06:00:00,17.248766,24.9154935
Kuala Lumpur,2025-04-09 12:00:00,31.508819,44.40704525
Kuala Lumpur,2025-04-09 18:00:00,35.014579749999996,49.41228
Kuala Lumpur,2025-04-10 00:00:00,46.51175825,65.76419825
Kuala Lumpur,2025-04-10 06:00:00,17.24427525,24.6164405
Kuala Lumpur,2025-04-10 12:00:00,20.5850625,29.065319
Kuala Lumpur,2025-04-10 18:00:00,40.17374525,56.74689875
Kuala Lumpur,2025-04-11 00:00:00,39.805741,56.37519975
Kuala Lumpur,2025-04-11 06:00:00,19.780884500000003,28.105774
Kuala Lumpur,2025-04-11 12:00:00,22.859182750000002,32.283935250000006
Kuala Lumpur,2025-04-11 18:00:00,42.943327124999996,60.69876700000001
Kuala Lumpur,2025-04-12 00:00:00,32.7745505,46.393892750000006
Kuala Lumpur,2025-04-12 06:00:00,9.09604115,12.96196225
Kuala Lumpur,2025-04-12 12:00:00,19.003664875000002,26.786892750000003
Kuala Lumpur,2025-04-12 18:00:00,21.643245500000003,30.49660775
Kuala Lumpur,2025-04-13 00:00:00,51.485130749999996,72.699775
Kuala Lumpur,2025-04-13 06:00:00,21.49525375,30.6218625
Kuala Lumpur,2025-04-13 12:00:00,31.917806999999996,44.70609775
Kuala Lumpur,2025-04-13 18:00:00,28.846557,40.589839
Kuala Lumpur,2025-04-14 00:00:00,17.542106575000002,24.80715
Kuala Lumpur,2025-04-14 06:00:00,8.758135574999999,12.408207775000001
Kuala Lumpur,2025-04-14 12:00:00,16.84850325,23.73070675
Kuala Lumpur,2025-04-14 18:00:00,31.648312500000003,44.685861249999995
Kuala Lumpur,2025-04-15 00:00:00,42.843567,60.6240735
Kuala Lumpur,2025-04-15 06:00:00,12.57267,17.90667175
Kuala Lumpur,2025-04-15 12:00:00,20.933811,29.508896500000002
Kuala Lumpur,2025-04-15 18:00:00,21.99681175,31.11472325
Kuala Lumpur,2025-04-16 00:00:00,36.29338525,51.337338
Kuala Lumpur,2025-04-16 06:00:00,12.238956499999999,17.369586625
Kuala Lumpur,2025-04-16 12:00:00,21.5573265,30.28819175
Kuala Lumpur,2025-04-16 18:00:00,45.3352985,63.92985950000001
Kuala Lumpur,2025-04-17 00:00:00,44.756546500000006,63.23227875
Kuala Lumpur,2025-04-17 06:00:00,15.885546999999999,22.55157475
Kuala Lumpur,2025-04-17 12:00:00,28.355373,39.893024999999994
Kuala Lumpur,2025-04-17 18:00:00,41.40540025,58.412923
Kuala Lumpur,2025-04-18 00:00:00,42.573901,60.153524999999995
Kuala Lumpur,2025-04-18 06:00:00,19.855918,28.197689250000003
Kuala Lumpur,2025-04-18 12:00:00,29.218739499999998,41.128003500000005
Kuala Lumpur,2025-04-18 18:00:00,43.283421249999996,61.04909275
Kuala Lumpur,2025-04-19 00:00:00,19.083643000000002,27.008525249999998
Kuala Lumpur,2025-04-19 06:00:00,3.7828726000000006,5.364768325
Kuala Lumpur,2025-04-19 12:00:00,17.601323174999997,24.82292425
Kuala Lumpur,2025-04-19 18:00:00,24.211488250000002,34.228378750000005
Kuala Lumpur,2025-04-20 00:00:00,23.205743249999998,32.85859375
Kuala Lumpur,2025-04-20 06:00:00,9.966839875,14.177714875000001
Kuala Lumpur,2025-04-20 12:00:00,22.148427,31.1847545
Kuala Lumpur,2025-04-20 18:00:00,40.963670500000006,57.86319
Kuala Lumpur,2025-04-21 00:00:00,32.9229701,46.586195625
Kuala Lumpur,2025-04-21 06:00:00,5.537657299999999,7.847234025
Kuala Lumpur,2025-04-21 12:00:00,22.070026,31.065781249999997
Kuala Lumpur,2025-04-21 18:00:00,34.81551375,49.16034925
Kuala Lumpur,2025-04-22 00:00:00,34.00157275,48.13011899999999
Kuala Lumpur,2025-04-22 06:00:00,11.730875750000001,16.8059555
Kuala Lumpur,2025-04-22 12:00:00,27.859613500000002,39.26254575
Kuala Lumpur,2025-04-22 18:00:00,47.6000535,67.25130725
Kuala Lumpur,2025-04-23 00:00:00,36.0807065,51.049653
Kuala Lumpur,2025-04-23 06:00:00,13.459441499999999,19.12377475
Kuala Lumpur,2025-04-23 12:00:00,26.259187,37.00091625
Kuala Lumpur,2025-04-23 18:00:00,49.76925575,70.2711705
Kuala Lumpur,2025-04-24 00:00:00,26.706459249999998,37.77040475
Kuala Lumpur,2025-04-24 06:00:00,8.799346850000001,12.458627749999998
Kuala Lumpur,2025-04-24 12:00:00,27.108513000000002,38.0678105
Kuala Lumpur,2025-04-24 18:00:00,49.419668,69.71492775
Kuala Lumpur,2025-04-25 00:00:00,51.651284000000004,73.0410065
Kuala Lumpur,2025-04-25 06:00:00,12.5732385,17.74452575
Kuala Lumpur,2025-04-25 12:00:00,25.05447525,35.181415
Kuala Lumpur,2025-04-25 18:00:00,43.3695685,61.1418045
Kuala Lumpur,2025-04-26 00:00:00,42.02502225,59.383864749999994
Kuala Lumpur,2025-04-26 06:00:00,20.279174,28.627056
Kuala Lumpur,2025-04-26 12:00:00,28.2913675,39.817420999999996
Kuala Lumpur,2025-04-26 18:00:00,48.238661,68.043534
Kuala Lumpur,2025-04-27 00:00:00,49.473783499999996,69.956627
Kuala Lumpur,2025-04-27 06:00:00,18.574042000000002,26.268765
Kuala Lumpur,2025-04-27 12:00:00,28.342356000000002,39.880546
Kuala Lumpur,2025-04-27 18:00:00,31.13501625,43.93919475
Kuala Lumpur,2025-04-28 00:00:00,41.79639775,59.079299
Kuala Lumpur,2025-04-28 06:00:00,13.89753385,19.708466125
Kuala Lumpur,2025-04-28 12:00:00,22.3851655,31.486792249999997
Kuala Lumpur,2025-04-28 18:00:00,47.923862750000005,67.61132425
Kuala Lumpur,2025-04-29 00:00:00,23.332517875,32.96986475
Kuala Lumpur,2025-04-29 06:00:00,10.10637615,14.3155885
Kuala Lumpur,2025-04-29 12:00:00,16.63897825,23.41087675
Kuala Lumpur,2025-04-29 18:00:00,34.0848485,48.07395675
Kuala Lumpur,2025-04-30 00:00:00,49.36089249999999,69.7802985
Kuala Lumpur,2025-04-30 06:00:00,21.05309725,29.95997725
Kuala Lumpur,2025-04-30 12:00:00,28.862558749999998,40.68853375
Kuala Lumpur,2025-04-30 18:00:00,46.635704999999994,65.8222345
Kuala Lumpur,2025-05-01 00:00:00,51.466941000000006,72.78617949999999
Kuala Lumpur,2025-05-01 06:00:00,21.39753975,30.376071
Kuala Lumpur,2025-05-01 12:00:00,30.699311749999996,43.269040000000004
Kuala Lumpur,2025-05-01 18:00:00,35.244226999999995,49.79074275
Kuala Lumpur,2025-05-02 00:00:00,53.925419500000004,76.2008775
Kuala Lumpur,2025-05-02 06:00:00,21.82333225,30.94214625
Kuala Lumpur,2025-05-02 12:00:00,34.416743000000004,48.4124325
Kuala Lumpur,2025-05-02 18:00:00,55.503249749999995,78.22916525
Kuala Lumpur,2025-05-03 00:00:00,31.946115,45.13344675
Kuala Lumpur,2025-05-03 06:00:00,9.59482775,13.5454455
Kuala Lumpur,2025-05-03 12:00:00,22.814817,32.10999475
Kuala Lumpur,2025-05-03 18:00:00,27.482329249999996,38.808423625
Kuala Lumpur,2025-05-04 00:00:00,34.02544675,48.1292665
Kuala Lumpur,2025-05-04 06:00:00,8.945221625,12.668323249999998
Kuala Lumpur,2025-05-04 12:00:00,22.930351249999998,32.2763755
Kuala Lumpur,2025-05-04 18:00:00,44.4867975,62.8401725
Kuala Lumpur,2025-05-05 00:00:00,48.869055,69.21044375000001
Kuala Lumpur,2025-05-05 06:00:00,15.636260375,22.2327685
Kuala Lumpur,2025-05-05 12:00:00,23.39882575,32.966085
Kuala Lumpur,2025-05-05 18:00:00,38.146708999999994,53.8561835
Kuala Lumpur,2025-05-06 00:00:00,27.624992000000002,39.0664355
Kuala Lumpur,2025-05-06 06:00:00,4.811568025000001,6.797051725
Kuala Lumpur,2025-05-06 12:00:00,20.23699625,28.431088499999998
Kuala Lumpur,2025-05-06 18:00:00,39.863778,56.14981625
Kuala Lumpur,2025-05-07 00:00:00,55.237649,78.0435125
Kuala Lumpur,2025-05-07 06:00:00,21.79962175,30.787703
Kuala Lumpur,2025-05-07 12:00:00,28.8353165,40.51034375
Kuala Lumpur,2025-05-07 18:00:00,43.107775499999995,60.721617499999994
Kuala Lumpur,2025-05-08 00:00:00,58.788486500000005,82.91385774999999
Kuala Lumpur,2025-05-08 06:00:00,25.971814750000004,36.647946999999995
Kuala Lumpur,2025-05-08 12:00:00,27.43308875,38.59509025
Kuala Lumpur,2025-05-08 18:00:00,50.589335,71.33848975000001
Kuala Lumpur,2025-05-09 00:00:00,38.632492875,54.5855405
Kuala Lumpur,2025-05-09 06:00:00,8.40998365,11.876593999999999
Kuala Lumpur,2025-05-09 12:00:00,15.973967,22.47151075
Kuala Lumpur,2025-05-09 18:00:00,28.260785249999998,39.8936215
Kuala Lumpur,2025-05-10 00:00:00,59.98003824999999,84.82481849999999
Kuala Lumpur,2025-05-10 06:00:00,28.44572575,40.07469525
Kuala Lumpur,2025-05-10 12:00:00,37.596038,52.679241250000004
Kuala Lumpur,2025-05-10 18:00:00,47.489948749999996,66.82876175
Kuala Lumpur,2025-05-11 00:00:00,38.77107624999999,54.6277765
Kuala Lumpur,2025-05-11 06:00:00,21.93741025,30.82300275
Kuala Lumpur,2025-05-11 12:00:00,25.92588525,36.28451875
Kuala Lumpur,2025-05-11 18:00:00,48.2742735,67.9319775
Kuala Lumpur,2025-05-12 00:00:00,54.635336,76.97514075
Kuala Lumpur,2025-05-12 06:00:00,22.64788175,31.9927265
Kuala Lumpur,2025-05-12 12:00:00,38.24897025,53.553379
Kuala Lumpur,2025-05-12 18:00:00,45.458762,63.87239225
Kuala Lumpur,2025-05-13 00:00:00,62.36285875,87.82478800000001
Kuala Lumpur,2025-05-13 06:00:00,29.157391249999996,41.183398
Kuala Lumpur,2025-05-13 12:00:00,29.32861775,41.0663855
Kuala Lumpur,2025-05-13 18:00:00,25.101627750000002,35.346687
Kuala Lumpur,2025-05-14 00:00:00,43.097203,60.79511725
Kuala Lumpur,2025-05-14 06:00:00,25.96070225,36.796479
Kuala Lumpur,2025-05-14 12:00:00,36.235974500000005,50.687844999999996
Kuala Lumpur,2025-05-14 18:00:00,52.832206,74.25677400000001
Kuala Lumpur,2025-05-15 00:00:00,44.517719250000006,62.739219000000006
Kuala Lumpur,2025-05-15 06:00:00,16.6607065,23.673123999999998
Kuala Lumpur,2025-05-15 12:00:00,25.9068995,36.36682775
Kuala Lumpur,2025-05-15 18:00:00,33.268179249999996,46.85892975
Kuala Lumpur,2025-05-16 00:00:00,29.2980075,41.45977075
Kuala Lumpur,2025-05-16 06:00:00,11.75220625,17.07280725
Kuala Lumpur,2025-05-16 12:00:00,36.295546,50.925819999999995
Kuala Lumpur,2025-05-16 18:00:00,48.97481125,68.99227875000001
Kuala Lumpur,2025-05-17 00:00:00,42.588567000000005,60.186266
Kuala Lumpur,2025-05-17 06:00:00,12.630820875000001,18.075397249999998
Kuala Lumpur,2025-05-17 12:00:00,22.805451750000003,31.74312725
Kuala Lumpur,2025-05-17 18:00:00,25.07488275,35.105643
Kuala Lumpur,2025-05-18 00:00:00,46.248033750000005,64.9092725
Kuala Lumpur,2025-05-18 06:00:00,24.468093,34.52925025
Kuala Lumpur,2025-05-18 12:00:00,32.437824750000004,45.00500925
Kuala Lumpur,2025-05-18 18:00:00,35.232915750000004,49.2937035
Kuala Lumpur,2025-05-19 00:00:00,37.214476499999996,52.321184499999994
Kuala Lumpur,2025-05-19 06:00:00,18.943438625000002,26.6728645
Kuala Lumpur,2025-05-19 12:00:00,30.352438749999997,42.21132575
Kuala Lumpur,2025-05-19 18:00:00,40.202678999999996,56.3422875
Kuala Lumpur,2025-05-20 00:00:00,51.66893375,72.6612945
Kuala Lumpur,2025-05-20 06:00:00,23.10815675,32.3531995
Kuala Lumpur,2025-05-20 12:00:00,39.218009,54.61444575
Kuala Lumpur,2025-05-20 18:00:00,45.109089749999995,63.265418249999996
Kuala Lumpur,2025-05-21 00:00:00,35.121303250000004,49.388603499999995
Kuala Lumpur,2025-05-21 06:00:00,12.9373205,18.0874055
Kuala Lumpur,2025-05-21 12:00:00,33.548190000000005,46.693912250000004
Kuala Lumpur,2025-05-21 18:00:00,34.009247,47.553158999999994
Kuala Lumpur,2025-05-22 00:00:00,60.5084555,84.64098825
Kuala Lumpur,2025-05-22 06:00:00,27.54532625,38.518181000000006
Kuala Lumpur,2025-05-22 12:00:00,27.68354075,38.4447395
Kuala Lumpur,2025-05-22 18:00:00,41.17452975,57.637407249999995
Kuala Lumpur,2025-05-23 00:00:00,45.88446275,64.40916525
Kuala Lumpur,2025-05-23 06:00:00,17.76106725,24.81328925
Kuala Lumpur,2025-05-23 12:00:00,27.750616,38.29507025
Kuala Lumpur,2025-05-23 18:00:00,48.245169499999996,67.31034
Kuala Lumpur,2025-05-24 00:00:00,30.164642000000004,42.363693999999995
Kuala Lumpur,2025-05-24 06:00:00,9.476479975,13.313609725
Kuala Lumpur,2025-05-24 12:00:00,25.093982,34.924482499999996
Kuala Lumpur,2025-05-24 18:00:00,48.1620645,67.63912075
Kuala Lumpur,2025-05-25 00:00:00,28.421226,40.03499025000001
Kuala Lumpur,2025-05-25 06:00:00,9.25757615,13.06762
Kuala Lumpur,2025-05-25 12:00:00,21.521373125,30.009971250000003
Kuala Lumpur,2025-05-25 18:00:00,44.205307999999995,62.034814250000004
Kuala Lumpur,2025-05-26 00:00:00,28.471049125000004,40.177951
Kuala Lumpur,2025-05-26 06:00:00,9.09335525,12.8380009
Kuala Lumpur,2025-05-26 12:00:00,16.22078125,22.6051495
Kuala Lumpur,2025-05-26 18:00:00,30.647470249999994,42.99397525
Kuala Lumpur,2025-05-27 00:00:00,43.6014025,61.38725375
Kuala Lumpur,2025-05-27 06:00:00,13.132279,18.872924750000003
Kuala Lumpur,2025-05-27 12:00:00,30.29970225,42.170711
Kuala Lumpur,2025-05-27 18:00:00,39.01948275,54.6355075
Kuala Lumpur,2025-05-28 00:00:00,36.991878,52.1936275
Kuala Lumpur,2025-05-28 06:00:00,12.704163249999999,18.09144125
Kuala Lumpur,2025-05-28 12:00:00,19.245248625,26.882163000000002
Kuala Lumpur,2025-05-28 18:00:00,31.37535025,43.95786875
Kuala Lumpur,2025-05-29 00:00:00,37.68269599999999,52.81327775
Kuala Lumpur,2025-05-29 06:00:00,26.875113499999998,37.86794875
Kuala Lumpur,2025-05-29 12:00:00,41.5756175,58.06691625
Kuala Lumpur,2025-05-29 18:00:00,48.81019325,68.55566449999999
Kuala Lumpur,2025-05-30 00:00:00,44.459739,62.574259250000004
Kuala Lumpur,2025-05-30 06:00:00,25.36398825,36.359097
Kuala Lumpur,2025-05-30 12:00:00,28.84945625,40.30022175
Kuala Lumpur,2025-05-30 18:00:00,38.14381,53.0111485
Kuala Lumpur,2025-05-31 00:00:00,16.118491675,22.652613825
Kuala Lumpur,2025-05-31 06:00:00,9.498109150000001,13.404644500000002
Kuala Lumpur,2025-05-31 12:00:00,19.53026175,27.18798
Kuala Lumpur,2025-05-31 18:00:00,33.046945,46.30487625
Kuala Lumpur,2025-06-01 00:00:00,25.38712375,35.755079
Kuala Lumpur,2025-06-01 06:00:00,10.982773875,15.622731499999999
Kuala Lumpur,2025-06-01 12:00:00,26.4316215,36.870915499999995
Kuala Lumpur,2025-06-01 18:00:00,38.317921,53.8787505
Kuala Lumpur,2025-06-02 00:00:00,63.43364575,89.487913
Kuala Lumpur,2025-06-02 06:00:00,26.18276075,37.58322025
Kuala Lumpur,2025-06-02 12:00:00,36.338065,50.298269999999995
Kuala Lumpur,2025-06-02 18:00:00,58.13431825,81.53637
Kuala Lumpur,2025-06-03 00:00:00,63.5574655,89.53299
Kuala Lumpur,2025-06-03 06:00:00,23.806449999999998,34.012913499999996
Kuala Lumpur,2025-06-03 12:00:00,32.276233250000004,44.63970525
Kuala Lumpur,2025-06-03 18:00:00,59.9350465,83.87945649999999
Kuala Lumpur,2025-06-04 00:00:00,48.00756425,67.13938125
Kuala Lumpur,2025-06-04 06:00:00,31.561683500000004,44.31058175
Kuala Lumpur,2025-06-04 12:00:00,39.03130625,53.71418875
Kuala Lumpur,2025-06-04 18:00:00,61.22792175000001,85.45117674999999
Kuala Lumpur,2025-06-05 00:00:00,60.01234025,83.9831375
Kuala Lumpur,2025-06-05 06:00:00,29.848707,41.87813775
Kuala Lumpur,2025-06-05 12:00:00,33.544267749999996,46.218134
Kuala Lumpur,2025-06-05 18:00:00,48.729588750000005,67.95465775000001
Kuala Lumpur,2025-06-06 00:00:00,38.78511725,54.236580499999995
Kuala Lumpur,2025-06-06 06:00:00,15.026500750000002,21.09351275
Kuala Lumpur,2025-06-06 12:00:00,29.91129125,41.762064
Kuala Lumpur,2025-06-06 18:00:00,46.51673125,65.402502
Kuala Lumpur,2025-06-07 00:00:00,50.5251595,71.16614075
Kuala Lumpur,2025-06-07 06:00:00,19.17254625,27.44667425
Kuala Lumpur,2025-06-07 12:00:00,26.39728775,36.234610499999995
Kuala Lumpur,2025-06-07 18:00:00,40.84256475,56.96909925
Kuala Lumpur,2025-06-08 00:00:00,28.12464575,39.536871500000004
Kuala Lumpur,2025-06-08 06:00:00,11.01727775,15.671275875
Kuala Lumpur,2025-06-08 12:00:00,20.644620000000003,28.6794375
Kuala Lumpur,2025-06-08 18:00:00,46.816154499999996,65.6885945
Kuala Lumpur,2025-06-09 00:00:00,58.144337750000005,81.9510425
Kuala Lumpur,2025-06-09 06:00:00,15.769700124999998,22.5185775
Kuala Lumpur,2025-06-09 12:00:00,30.683736499999995,42.39979025
Kuala Lumpur,2025-06-09 18:00:00,54.0920845,75.63448999999999
Kuala Lumpur,2025-06-10 00:00:00,32.38426425,45.2561155
Kuala Lumpur,2025-06-10 06:00:00,13.173917,18.651917249999997
Kuala Lumpur,2025-06-10 12:00:00,19.83795475,27.881014750000002
Kuala Lumpur,2025-06-10 18:00:00,39.6295825,55.84718025
Kuala Lumpur,2025-06-11 00:00:00,20.205561499999998,28.593149175
Kuala Lumpur,2025-06-11 06:00:00,3.296094075,4.7127741499999996
Kuala Lumpur,2025-06-11 12:00:00,24.189262250000002,33.816092999999995
Kuala Lumpur,2025-06-11 18:00:00,46.564153000000005,65.6309275
Kuala Lumpur,2025-06-12 00:00:00,72.33289599999999,102.07424
Kuala Lumpur,2025-06-12 06:00:00,27.37701225,39.34727049999999
Kuala Lumpur,2025-06-12 12:00:00,31.125182499999998,43.71295875
Kuala Lumpur,2025-06-12 18:00:00,52.53593825,74.0101885
Kuala Lumpur,2025-06-13 00:00:00,31.0834025,43.8713805
Kuala Lumpur,2025-06-13 06:00:00,17.90428425,25.58817875
Kuala Lumpur,2025-06-13 12:00:00,21.681046000000002,30.47733875
Kuala Lumpur,2025-06-13 18:00:00,38.837982000000004,54.609244499999996
Kuala Lumpur,2025-06-14 00:00:00,61.306110499999996,86.36593125
Kuala Lumpur,2025-06-14 06:00:00,24.093424249999998,34.3324015
Kuala Lumpur,2025-06-14 12:00:00,31.395700249999997,44.2192915
Kuala Lumpur,2025-06-14 18:00:00,39.03807075,54.9250095
Kuala Lumpur,2025-06-15 00:00:00,44.83321475,63.120268249999995
Kuala Lumpur,2025-06-15 06:00:00,16.089188500000002,23.105656
Kuala Lumpur,2025-06-15 12:00:00,21.796609,30.753767250000003
Kuala Lumpur,2025-06-15 18:00:00,26.828417,37.85714900000001
Kuala Lumpur,2025-06-16 00:00:00,20.22329675,28.593518500000002
Kuala Lumpur,2025-06-16 06:00:00,10.02251775,14.326588000000001
Kuala Lumpur,2025-06-16 12:00:00,18.433524249999998,25.848294499999998
Kuala Lumpur,2025-06-16 18:00:00,32.84311825,46.221502
Kuala Lumpur,2025-06-17 00:00:00,39.22914975,55.398970500000004
Kuala Lumpur,2025-06-17 06:00:00,14.804982250000002,21.386199249999997
Kuala Lumpur,2025-06-17 12:00:00,27.25471425,38.147164000000004
Kuala Lumpur,2025-06-17 18:00:00,32.313948999999994,45.4907375
Kuala Lumpur,2025-06-18 00:00:00,41.51265025,58.444585249999996
Kuala Lumpur,2025-06-18 06:00:00,15.8242415,23.051939
Kuala Lumpur,2025-06-18 12:00:00,25.128315,35.2695795
Kuala Lumpur,2025-06-18 18:00:00,43.78875925,61.607864
Kuala Lumpur,2025-06-19 00:00:00,34.7853305,49.07798325
Kuala Lumpur,2025-06-19 06:00:00,13.913336,20.12325225
Kuala Lumpur,2025-06-19 12:00:00,24.9416415,35.13866875
Kuala Lumpur,2025-06-19 18:00:00,37.69065375,53.040935749999996
Kuala Lumpur,2025-06-20 00:00:00,34.55792775,48.865274
Kuala Lumpur,2025-06-20 06:00:00,22.529036,32.03444975
Kuala Lumpur,2025-06-20 12:00:00,32.879939,46.08284675
Kuala Lumpur,2025-06-20 18:00:00,46.54089025,65.49598175
Kuala Lumpur,2025-06-21 00:00:00,44.605925500000005,62.93387775000001
Kuala Lumpur,2025-06-21 06:00:00,17.17671675,24.837959249999997
Kuala Lumpur,2025-06-21 12:00:00,29.24491575,40.76480324999999
Kuala Lumpur,2025-06-21 18:00:00,62.1471085,87.39178275
Kuala Lumpur,2025-06-22 00:00:00,74.8043475,105.5066435
Kuala Lumpur,2025-06-22 06:00:00,25.45226625,36.6680415
Kuala Lumpur,2025-06-22 12:00:00,35.15822325,48.6926415
Kuala Lumpur,2025-06-22 18:00:00,62.86165925,88.0849025
Kuala Lumpur,2025-06-23 00:00:00,38.599466,54.2338505
Kuala Lumpur,2025-06-23 06:00:00,18.131288249999997,25.68560825
Kuala Lumpur,2025-06-23 12:00:00,28.639135500000002,39.61713425
Kuala Lumpur,2025-06-23 18:00:00,60.59158875000001,84.97164525
Kuala Lumpur,2025-06-24 00:00:00,54.689792249999996,76.75566925
Kuala Lumpur,2025-06-24 06:00:00,23.9392645,33.810010999999996
Kuala Lumpur,2025-06-24 12:00:00,32.717195749999995,45.13805125
Kuala Lumpur,2025-06-24 18:00:00,49.96491,69.73505125
Kuala Lumpur,2025-06-25 00:00:00,47.3995095,66.289091
Kuala Lumpur,2025-06-25 06:00:00,27.87706425,39.549803999999995
Kuala Lumpur,2025-06-25 12:00:00,26.75039925,37.348116000000005
Kuala Lumpur,2025-06-25 18:00:00,39.68347025,55.426653249999994
Kuala Lumpur,2025-06-26 00:00:00,23.877135,33.58059075
Kuala Lumpur,2025-06-26 06:00:00,13.230732,18.8559425
Kuala Lumpur,2025-06-26 12:00:00,22.20070875,30.94388025
Kuala Lumpur,2025-06-26 18:00:00,48.595325,68.27673324999999
Kuala Lumpur,2025-06-27 00:00:00,59.44389175,83.62923025
Kuala Lumpur,2025-06-27 06:00:00,35.25525475,50.11327125
Kuala Lumpur,2025-06-27 12:00:00,41.089663,56.5936495
Kuala Lumpur,2025-06-27 18:00:00,58.242762,81.17728875
Kuala Lumpur,2025-06-28 00:00:00,50.430259,70.5261415
Kuala Lumpur,2025-06-28 06:00:00,26.085729,36.590165750000004
Kuala Lumpur,2025-06-28 12:00:00,38.86339025,53.4656115
Kuala Lumpur,2025-06-28 18:00:00,39.77400825,55.060581250000006
Kuala Lumpur,2025-06-29 00:00:00,2.55847965,3.6189362500000004
Kuala Lumpur,2025-06-29 06:00:00,2.1804851375000003,3.1045033
Kuala Lumpur,2025-06-29 12:00:00,21.51458025,30.064428
Kuala Lumpur,2025-06-29 18:00:00,44.0077485,62.00954825
Kuala Lumpur,2025-06-30 00:00:00,45.733855500000004,64.62457275
Kuala Lumpur,2025-06-30 06:00:00,9.6032409,13.59444475
Kuala Lumpur,2025-06-30 12:00:00,22.75010075,31.8127315
Kuala Lumpur,2025-06-30 18:00:00,52.976076500000005,74.5845915
Kuala Lumpur,2025-07-01 00:00:00,47.727624500000005,67.28151925
Kuala Lumpur,2025-07-01 06:00:00,20.400420625000002,28.73707675
Kuala Lumpur,2025-07-01 12:00:00,29.143223250000002,40.51509075
Kuala Lumpur,2025-07-01 18:00:00,44.435396,62.12908899999999
Kuala Lumpur,2025-07-02 00:00:00,57.261103500000004,80.3070175
Kuala Lumpur,2025-07-02 06:00:00,28.745603250000002,40.049372000000005
Kuala Lumpur,2025-07-02 12:00:00,39.45592525,54.585712
Kuala Lumpur,2025-07-02 18:00:00,52.354521000000005,73.04922
Kuala Lumpur,2025-07-03 00:00:00,50.092523,70.35925
Kuala Lumpur,2025-07-03 06:00:00,28.169495249999997,39.529795
Kuala Lumpur,2025-07-03 12:00:00,32.09721925,44.68523675
Kuala Lumpur,2025-07-03 18:00:00,47.57305325,66.76461225
Kuala Lumpur,2025-07-04 00:00:00,37.096143,52.437685
Kuala Lumpur,2025-07-04 06:00:00,13.19790525,18.652088125
Kuala Lumpur,2025-07-04 12:00:00,20.507172750000002,28.62657275
Kuala Lumpur,2025-07-04 18:00:00,44.85468675,63.050862
Kuala Lumpur,2025-07-05 00:00:00,39.81608575,56.31136575
Kuala Lumpur,2025-07-05 06:00:00,11.256844375,15.738891250000002
Kuala Lumpur,2025-07-05 12:00:00,22.469862499999998,30.92310375
Kuala Lumpur,2025-07-05 18:00:00,52.92150675,74.117849
Kuala Lumpur,2025-07-06 00:00:00,68.440726,95.8286825
Kuala Lumpur,2025-07-06 06:00:00,30.101830500000002,41.449765750000005
Kuala Lumpur,2025-07-06 12:00:00,32.85464375,44.723265
Kuala Lumpur,2025-07-06 18:00:00,49.336206749999995,68.15230325
Kuala Lumpur,2025-07-07 00:00:00,57.52764325,79.95896474999999
Kuala Lumpur,2025-07-07 06:00:00,20.601475999999998,28.65664275
Kuala Lumpur,2025-07-07 12:00:00,23.82205375,32.807861249999995
Kuala Lumpur,2025-07-07 18:00:00,38.795376875,54.242804250000006
Kuala Lumpur,2025-07-08 00:00:00,29.999909999999996,42.1545115
Kuala Lumpur,2025-07-08 06:00:00,16.971483874999997,24.0196985
Kuala Lumpur,2025-07-08 12:00:00,23.70086375,32.944967500000004
Kuala Lumpur,2025-07-08 18:00:00,47.0030555,65.833689
Kuala Lumpur,2025-07-09 00:00:00,43.4520765,61.1581755
Kuala Lumpur,2025-07-09 06:00:00,10.789847374999999,15.309979
Kuala Lumpur,2025-07-09 12:00:00,16.660465,23.24270575
Kuala Lumpur,2025-07-09 18:00:00,48.682793499999995,68.61553375
Kuala Lumpur,2025-07-10 00:00:00,44.92379375,63.39766399999999
Kuala Lumpur,2025-07-10 06:00:00,11.663559125,16.566787
Kuala Lumpur,2025-07-10 12:00:00,18.44654225,25.60398125
Kuala Lumpur,2025-07-10 18:00:00,35.892227250000005,50.270911999999996
Kuala Lumpur,2025-07-11 00:00:00,38.78761875,54.356376999999995
Kuala Lumpur,2025-07-11 06:00:00,10.995364649999999,15.339537750000002
Kuala Lumpur,2025-07-11 12:00:00,20.596758124999997,28.564443
Kuala Lumpur,2025-07-11 18:00:00,38.194286,53.574639250000004
Kuala Lumpur,2025-07-12 00:00:00,58.882534,82.19035600000001
Kuala Lumpur,2025-07-12 06:00:00,31.497407500000005,44.29080075
Kuala Lumpur,2025-07-12 12:00:00,33.802621,46.50394225
Kuala Lumpur,2025-07-12 18:00:00,54.47807875,75.81743875
Kuala Lumpur,2025-07-13 00:00:00,46.465033,65.02156725
Kuala Lumpur,2025-07-13 06:00:00,17.77239325,25.2213115
Kuala Lumpur,2025-07-13 12:00:00,21.346807000000002,29.842112999999998
Kuala Lumpur,2025-07-13 18:00:00,45.87640425000001,64.459016
Kuala Lumpur,2025-07-14 00:00:00,39.13544325,55.17159650000001
Kuala Lumpur,2025-07-14 06:00:00,12.2487904,17.88845325
Kuala Lumpur,2025-07-14 12:00:00,22.501922,31.427816749999998
Kuala Lumpur,2025-07-14 18:00:00,23.96490125,33.66403675
Kuala Lumpur,2025-07-15 00:00:00,43.62780675,61.31000375
Kuala Lumpur,2025-07-15 06:00:00,16.23430975,23.79493925
Kuala Lumpur,2025-07-15 12:00:00,22.872768250000004,31.6036905
Kuala Lumpur,2025-07-15 18:00:00,31.9415675,44.21559525000001
Kuala Lumpur,2025-07-16 00:00:00,27.3592205,38.35072025
Kuala Lumpur,2025-07-16 06:00:00,10.58776875,15.260582
Kuala Lumpur,2025-07-16 12:00:00,18.726041249999998,25.7820145
Kuala Lumpur,2025-07-16 18:00:00,37.763897,52.574875999999996
Kuala Lumpur,2025-07-17 00:00:00,53.470075249999994,74.8579515
Kuala Lumpur,2025-07-17 06:00:00,18.968875999999998,26.948328
Kuala Lumpur,2025-07-17 12:00:00,27.5595085,37.93604725
Kuala Lumpur,2025-07-17 18:00:00,52.468379500000005,73.286627
Kuala Lumpur,2025-07-18 00:00:00,50.04554275,70.1159885
Kuala Lumpur,2025-07-18 06:00:00,12.632711,18.24332675
Kuala Lumpur,2025-07-18 12:00:00,28.478439249999997,39.791757499999996
Kuala Lumpur,2025-07-18 18:00:00,61.20910674999999,86.15529725
Kuala Lumpur,2025-07-19 00:00:00,31.43117025,44.4017015
Kuala Lumpur,2025-07-19 06:00:00,13.325461499999998,19.70454375
Kuala Lumpur,2025-07-19 12:00:00,35.60211325,49.5400625
Kuala Lumpur,2025-07-19 18:00:00,55.07041575,77.213657
Kuala Lumpur,2025-07-20 00:00:00,56.3984765,79.31208824999999
Kuala Lumpur,2025-07-20 06:00:00,15.051454999999999,21.807636249999998
Kuala Lumpur,2025-07-20 12:00:00,43.9801515,61.635206000000004
Kuala Lumpur,2025-07-20 18:00:00,69.19145875,97.26130475000001
Kuala Lumpur,2025-07-21 00:00:00,84.76129825,119.753395
Kuala Lumpur,2025-07-21 06:00:00,34.093602749999995,48.888979750000004
Kuala Lumpur,2025-07-21 12:00:00,32.906428,46.174705
Kuala Lumpur,2025-07-21 18:00:00,56.53532825,79.50614974999999
Kuala Lumpur,2025-07-22 00:00:00,60.8597475,85.760008
Kuala Lumpur,2025-07-22 06:00:00,30.154836749999998,42.65012875000001
Kuala Lumpur,2025-07-22 12:00:00,31.1514155,43.444543
Kuala Lumpur,2025-07-22 18:00:00,55.929376,78.56289125
Kuala Lumpur,2025-07-23 00:00:00,88.15317125000001,124.0279335
Kuala Lumpur,2025-07-23 06:00:00,47.92099175,67.94852
Kuala Lumpur,2025-07-23 12:00:00,45.327397000000005,63.35187775000001
Kuala Lumpur,2025-07-23 18:00:00,60.34702,84.5838875
Kuala Lumpur,2025-07-24 00:00:00,87.73668124999999,123.20651749999999
Kuala Lumpur,2025-07-24 06:00:00,53.4262205,75.52194
Kuala Lumpur,2025-07-24 12:00:00,44.1989415,62.0650555
Kuala Lumpur,2025-07-24 18:00:00,57.565301500000004,80.67076075
Kuala Lumpur,2025-07-25 00:00:00,55.020734250000004,77.27166375
Kuala Lumpur,2025-07-25 06:00:00,37.729137,53.1056805
Kuala Lumpur,2025-07-25 12:00:00,39.342865249999996,54.810812
Kuala Lumpur,2025-07-25 18:00:00,35.95043525,50.224230500000004
Kuala Lumpur,2025-07-26 00:00:00,43.5516375,60.99423925000001
Kuala Lumpur,2025-07-26 06:00:00,22.23873725,31.302079250000002
Kuala Lumpur,2025-07-26 12:00:00,28.30302025,39.53607575
Kuala Lumpur,2025-07-26 18:00:00,47.64220325,66.95941450000001
Kuala Lumpur,2025-07-27 00:00:00,46.8229755,66.10088100000002
Kuala Lumpur,2025-07-27 06:00:00,20.470509,28.998101749999996
Kuala Lumpur,2025-07-27 12:00:00,27.697411000000002,38.60725425
Kuala Lumpur,2025-07-27 18:00:00,54.780003,76.92642500000001
Kuala Lumpur,2025-07-28 00:00:00,39.11281974999999,55.15892
Kuala Lumpur,2025-07-28 06:00:00,15.233126749999998,22.317352
Kuala Lumpur,2025-07-28 12:00:00,23.0822935,32.0773095
Kuala Lumpur,2025-07-28 18:00:00,34.61414625,48.56724425
Kuala Lumpur,2025-07-29 00:00:00,34.227412,48.26972625
Kuala Lumpur,2025-07-29 06:00:00,19.193749,27.192072749999998
Kuala Lumpur,2025-07-29 12:00:00,27.382384,38.300754500000004
Kuala Lumpur,2025-07-29 18:00:00,42.139959000000005,59.081202499999996
Kuala Lumpur,2025-07-30 00:00:00,46.3589485,65.08199125
Kuala Lumpur,2025-07-30 06:00:00,29.84370425,42.12404325
Kuala Lumpur,2025-07-30 12:00:00,38.8438365,54.148132
Kuala Lumpur,2025-07-30 18:00:00,53.505118749999994,74.8998445
Kuala Lumpur,2025-07-31 00:00:00,52.215909499999995,73.31112875000001
Kuala Lumpur,2025-07-31 06:00:00,27.756471,39.79982925
Kuala Lumpur,2025-07-31 12:00:00,26.6769575,37.48425575
Kuala Lumpur,2025-07-31 18:00:00,51.62968325,72.41061425000001
Kuala Lumpur,2025-08-01 00:00:00,48.502898,68.1117165
Kuala Lumpur,2025-08-01 06:00:00,23.4153955,33.476567749999994
Kuala Lumpur,2025-08-01 12:00:00,28.35957975,39.685688
Kuala Lumpur,2025-08-01 18:00:00,35.06346475,49.0575755
Kuala Lumpur,2025-08-02 00:00:00,48.555308,68.03628624999999
Kuala Lumpur,2025-08-02 06:00:00,16.54302625,24.112864749999996
Kuala Lumpur,2025-08-02 12:00:00,21.817299749999997,30.613080249999996
Kuala Lumpur,2025-08-02 18:00:00,38.752033749999995,54.213956249999995
Kuala Lumpur,2025-08-03 00:00:00,31.57856575,44.471278250000005
Kuala Lumpur,2025-08-03 06:00:00,16.5361485,24.473820500000002
Kuala Lumpur,2025-08-03 12:00:00,22.9856595,31.801164
Kuala Lumpur,2025-08-03 18:00:00,44.548386,62.102402
Kuala Lumpur,2025-08-04 00:00:00,43.016909999999996,60.499132499999995
Kuala Lumpur,2025-08-04 06:00:00,19.10478875,27.23174925
Kuala Lumpur,2025-08-04 12:00:00,29.186765,40.16755
Kuala Lumpur,2025-08-04 18:00:00,24.835884250000003,34.58765675
Kuala Lumpur,2025-08-05 00:00:00,22.206791000000003,31.090764
Kuala Lumpur,2025-08-05 06:00:00,14.230664500000001,19.854724
Kuala Lumpur,2025-08-05 12:00:00,27.510339000000002,38.27256024999999
Kuala Lumpur,2025-08-05 18:00:00,39.100272,54.70488375
Kuala Lumpur,2025-08-06 00:00:00,29.47132325,41.391870499999996
Kuala Lumpur,2025-08-06 06:00:00,12.471389499999999,17.55688575
Kuala Lumpur,2025-08-06 12:00:00,26.16292275,36.459936500000005
Kuala Lumpur,2025-08-06 18:00:00,42.61767150000001,59.86396425
Kuala Lumpur,2025-08-07 00:00:00,41.52042275,58.51831075
Kuala Lumpur,2025-08-07 06:00:00,13.35081375,18.98757775
Kuala Lumpur,2025-08-07 12:00:00,19.7938445,27.66773825
Kuala Lumpur,2025-08-07 18:00:00,38.96906225,54.585711749999994
Kuala Lumpur,2025-08-08 00:00:00,46.68066775,65.67103125
Kuala Lumpur,2025-08-08 06:00:00,22.190647499999997,31.317427000000002
Kuala Lumpur,2025-08-08 12:00:00,27.26199025,38.19974375
Kuala Lumpur,2025-08-08 18:00:00,43.79035,61.52595300000001
Kuala Lumpur,2025-08-09 00:00:00,66.54698900000001,93.72621350000001
Kuala Lumpur,2025-08-09 06:00:00,33.745664000000005,47.590106750000004
Kuala Lumpur,2025-08-09 12:00:00,36.1501405,50.45205800000001
Kuala Lumpur,2025-08-09 18:00:00,56.52481175,79.3156115
Kuala Lumpur,2025-08-10 00:00:00,59.256820999999995,83.01447125
Kuala Lumpur,2025-08-10 06:00:00,28.50072175,39.77982075
Kuala Lumpur,2025-08-10 12:00:00,32.67922525,45.245714
Kuala Lumpur,2025-08-10 18:00:00,45.46279825,63.64115375000001
Kuala Lumpur,2025-08-11 00:00:00,37.23610575,52.12933699999999
Kuala Lumpur,2025-08-11 06:00:00,13.615647375,19.062611
Kuala Lumpur,2025-08-11 12:00:00,21.84637525,30.169047499999998
Kuala Lumpur,2025-08-11 18:00:00,31.78215725,44.234497250000004
Kuala Lumpur,2025-08-12 00:00:00,40.20319075,56.578869499999996
Kuala Lumpur,2025-08-12 06:00:00,14.0813655,19.676406250000003
Kuala Lumpur,2025-08-12 12:00:00,22.1263005,30.1326965
Kuala Lumpur,2025-08-12 18:00:00,34.167215,47.299636
Kuala Lumpur,2025-08-13 00:00:00,38.171209499999996,53.0839655
Kuala Lumpur,2025-08-13 06:00:00,18.69131,25.7441
Kuala Lumpur,2025-08-13 12:00:00,30.19465525,41.37263050000001
Kuala Lumpur,2025-08-13 18:00:00,44.5457425,61.95773625
Kuala Lumpur,2025-08-14 00:00:00,33.475544,46.54418725
Kuala Lumpur,2025-08-14 06:00:00,19.046297,26.22698525
Kuala Lumpur,2025-08-14 12:00:00,27.477228,37.636681
Kuala Lumpur,2025-08-14 18:00:00,41.786521,58.26649375
Kuala Lumpur,2025-08-15 00:00:00,43.952695250000005,61.1220225
Kuala Lumpur,2025-08-15 06:00:00,18.075411499999998,25.17958825
Kuala Lumpur,2025-08-15 12:00:00,19.156572750000002,26.58705975
Kuala Lumpur,2025-08-15 18:00:00,31.105486000000003,43.70622275
Kuala Lumpur,2025-08-16 00:00:00,26.914392499999998,37.859877250000004
Kuala Lumpur,2025-08-16 06:00:00,14.89024725,21.19861625
Kuala Lumpur,2025-08-16 12:00:00,22.87293925,31.79957275
Kuala Lumpur,2025-08-16 18:00:00,35.109792750000004,49.10316525
Kuala Lumpur,2025-08-17 00:00:00,45.447678499999995,63.78593274999999
Kuala Lumpur,2025-08-17 06:00:00,18.88145125,26.708108000000003
Kuala Lumpur,2025-08-17 12:00:00,25.576966499999997,35.604358250000004
Kuala Lumpur,2025-08-17 18:00:00,42.3778065,59.3365005
Kuala Lumpur,2025-08-18 00:00:00,59.883320000000005,84.1309325
Kuala Lumpur,2025-08-18 06:00:00,21.130404000000002,30.06834975
Kuala Lumpur,2025-08-18 12:00:00,25.3628515,35.53088875
Kuala Lumpur,2025-08-18 18:00:00,38.313401999999996,53.766712
Kuala Lumpur,2025-08-19 00:00:00,28.684212249999998,40.398191499999996
Kuala Lumpur,2025-08-19 06:00:00,9.291625250000001,13.108831375000001
Kuala Lumpur,2025-08-19 12:00:00,21.4160995,30.022306500000003
Kuala Lumpur,2025-08-19 18:00:00,31.660192500000004,44.4983935
Kuala Lumpur,2025-08-20 00:00:00,35.8944585,50.551989250000005
Kuala Lumpur,2025-08-20 06:00:00,19.288733999999998,27.153874
Kuala Lumpur,2025-08-20 12:00:00,29.720695250000002,41.62023975
Kuala Lumpur,2025-08-20 18:00:00,35.26290025,49.38928625
Kuala Lumpur,2025-08-21 00:00:00,38.581504,54.2039525
Kuala Lumpur,2025-08-21 06:00:00,22.690699000000002,32.57059675
Kuala Lumpur,2025-08-21 12:00:00,32.663707,45.60314425
Kuala Lumpur,2025-08-21 18:00:00,57.79420975,81.2155185
Kuala Lumpur,2025-08-22 00:00:00,51.2821995,72.30181625
Kuala Lumpur,2025-08-22 06:00:00,18.86596125,27.041067749999996
Kuala Lumpur,2025-08-22 12:00:00,41.92381225,58.5154115
Kuala Lumpur,2025-08-22 18:00:00,64.78882175,91.11698750000001
Kuala Lumpur,2025-08-23 00:00:00,36.93597375,52.0172425
Kuala Lumpur,2025-08-23 06:00:00,14.998989,21.3506725
Kuala Lumpur,2025-08-23 12:00:00,24.47058025,34.27680925
Kuala Lumpur,2025-08-23 18:00:00,44.2637145,62.366582
Kuala Lumpur,2025-08-24 00:00:00,33.131328999999994,46.764569
Kuala Lumpur,2025-08-24 06:00:00,12.154089125,17.352306499999997
Kuala Lumpur,2025-08-24 12:00:00,20.363074750000003,28.63512825
Kuala Lumpur,2025-08-24 18:00:00,37.64711275,53.077172999999995
Kuala Lumpur,2025-08-25 00:00:00,35.11475225,49.581729249999995
Kuala Lumpur,2025-08-25 06:00:00,16.975377624999997,24.3354065
Kuala Lumpur,2025-08-25 12:00:00,19.617459500000002,27.71491825
Kuala Lumpur,2025-08-25 18:00:00,38.54484075,54.3653305
Kuala Lumpur,2025-08-26 00:00:00,19.221317575,27.18249375
Kuala Lumpur,2025-08-26 06:00:00,4.333401175,6.1573359750000005
Kuala Lumpur,2025-08-26 12:00:00,17.90817775,25.16702625
Kuala Lumpur,2025-08-26 18:00:00,38.12445475,53.82150975
Kuala Lumpur,2025-08-27 00:00:00,48.31218875,68.3831715
Kuala Lumpur,2025-08-27 06:00:00,23.824896,33.96314675
Kuala Lumpur,2025-08-27 12:00:00,30.471710499999997,42.968623
Kuala Lumpur,2025-08-27 18:00:00,43.5347835,61.43170475
Kuala Lumpur,2025-08-28 00:00:00,37.3591425,52.89223225
Kuala Lumpur,2025-08-28 06:00:00,24.09677775,34.1640315
Kuala Lumpur,2025-08-28 12:00:00,24.488429250000003,34.6079785
Kuala Lumpur,2025-08-28 18:00:00,44.86639649999999,63.349148500000005
Kuala Lumpur,2025-08-29 00:00:00,36.05725775,51.0168545
Kuala Lumpur,2025-08-29 06:00:00,8.905431075000001,12.746454375
Kuala Lumpur,2025-08-29 12:00:00,13.09740575,18.504010625
Kuala Lumpur,2025-08-29 18:00:00,30.365129,42.884835
Kuala Lumpur,2025-08-30 00:00:00,45.11935025,63.8892745
Kuala Lumpur,2025-08-30 06:00:00,15.773423249999999,22.572066875
Kuala Lumpur,2025-08-30 12:00:00,26.46200425,37.18935225
Kuala Lumpur,2025-08-30 18:00:00,33.071529500000004,46.72216425
Kuala Lumpur,2025-08-31 00:00:00,33.750212000000005,47.72573525000001
Kuala Lumpur,2025-08-31 06:00:00,7.770893325,11.105157499999999
Kuala Lumpur,2025-08-31 12:00:00,27.730379749999997,38.965936750000004
Kuala Lumpur,2025-08-31 18:00:00,37.410104,52.7869575
Singapore,2024-09-01 00:00:00,12.4807685,17.663978750000002
Singapore,2024-09-01 06:00:00,23.285622500000002,33.08912275
Singapore,2024-09-01 12:00:00,40.7670195,57.586248
Singapore,2024-09-01 18:00:00,36.6711245,51.69812325
Singapore,2024-09-02 00:00:00,41.9317985,59.42072775
Singapore,2024-09-02 06:00:00,35.889542,51.490985499999994
Singapore,2024-09-02 12:00:00,37.76779075,53.58452775
Singapore,2024-09-02 18:00:00,29.58820725,41.99279225
Singapore,2024-09-03 00:00:00,36.69856525,52.489326
Singapore,2024-09-03 06:00:00,35.553512500000004,50.905328250000004
Singapore,2024-09-03 12:00:00,42.71009875,60.5451765
Singapore,2024-09-03 18:00:00,44.238675,62.69925725
Singapore,2024-09-04 00:00:00,33.640163,47.899448
Singapore,2024-09-04 06:00:00,39.56995425,56.3262575
Singapore,2024-09-04 12:00:00,48.85919225,69.3535185
Singapore,2024-09-04 18:00:00,48.582649,68.75737374999999
Singapore,2024-09-05 00:00:00,41.128828,58.150589999999994
Singapore,2024-09-05 06:00:00,35.56806425,50.509584
Singapore,2024-09-05 12:00:00,37.620452750000005,53.4108725
Singapore,2024-09-05 18:00:00,31.273231499999998,44.4697715
Singapore,2024-09-06 00:00:00,34.56125325,49.52352175
Singapore,2024-09-06 06:00:00,33.32422725,48.315883
Singapore,2024-09-06 12:00:00,36.4528885,52.24410325
Singapore,2024-09-06 18:00:00,20.492791750000002,29.650891500000004
Singapore,2024-09-07 00:00:00,27.2992795,39.79357625
Singapore,2024-09-07 06:00:00,33.28602825,48.6754745
Singapore,2024-09-07 12:00:00,26.6511505,38.934786
Singapore,2024-09-07 18:00:00,26.193702999999996,37.93445525
Singapore,2024-09-08 00:00:00,43.9591755,63.130641499999996
Singapore,2024-09-08 06:00:00,46.00053675,66.37947100000001
Singapore,2024-09-08 12:00:00,50.782092,72.541524
Singapore,2024-09-08 18:00:00,32.31468775,46.346542
Singapore,2024-09-09 00:00:00,36.906499249999996,52.850964499999996
Singapore,2024-09-09 06:00:00,35.219670750000006,50.61690475
Singapore,2024-09-09 12:00:00,36.275537500000006,51.774122500000004
Singapore,2024-09-09 18:00:00,17.298248125,24.754229000000002
Singapore,2024-09-10 00:00:00,24.11724125,34.6712455
Singapore,2024-09-10 06:00:00,28.594627000000003,40.9777385
Singapore,2024-09-10 12:00:00,32.013758749999994,45.54419725
Singapore,2024-09-10 18:00:00,25.25777625,35.905713999999996
Singapore,2024-09-11 00:00:00,18.098489999999998,25.6365525
Singapore,2024-09-11 06:00:00,27.35254175,39.126689500000005
Singapore,2024-09-11 12:00:00,31.310776000000004,44.4400715
Singapore,2024-09-11 18:00:00,22.93909025,32.6165545
Singapore,2024-09-12 00:00:00,16.2945925,23.135158
Singapore,2024-09-12 06:00:00,19.146057250000002,27.3568045
Singapore,2024-09-12 12:00:00,24.89622375,35.51338075
Singapore,2024-09-12 18:00:00,17.787044625,25.452180625
Singapore,2024-09-13 00:00:00,6.1529590075,8.753204275
Singapore,2024-09-13 06:00:00,12.703310499999999,18.353944000000002
Singapore,2024-09-13 12:00:00,26.761654250000003,38.0905475
Singapore,2024-09-13 18:00:00,21.9278175,31.226989
Singapore,2024-09-14 00:00:00,9.465566,13.495650874999999
Singapore,2024-09-14 06:00:00,14.920828875,21.3256045
Singapore,2024-09-14 12:00:00,24.719725,35.03635075
Singapore,2024-09-14 18:00:00,24.933171875,35.378093
Singapore,2024-09-15 00:00:00,15.20865575,21.555365249999998
Singapore,2024-09-15 06:00:00,24.92890875,35.34103125
Singapore,2024-09-15 12:00:00,36.480756,51.5618125
Singapore,2024-09-15 18:00:00,37.355945999999996,52.7692525
Singapore,2024-09-16 00:00:00,6.4621019650000004,9.146845025
Singapore,2024-09-16 06:00:00,16.382927000000002,23.22065025
Singapore,2024-09-16 12:00:00,26.06631725,36.8878825
Singapore,2024-09-16 18:00:00,19.98357375,28.17941475
Singapore,2024-09-17 00:00:00,32.98924875,46.38062
Singapore,2024-09-17 06:00:00,35.88775075,50.635065999999995
Singapore,2024-09-17 12:00:00,32.3658185,45.572335249999995
Singapore,2024-09-17 18:00:00,13.580631625,19.05399925
Singapore,2024-09-18 00:00:00,18.692048999999997,26.118811750000003
Singapore,2024-09-18 06:00:00,23.64743025,33.405967000000004
Singapore,2024-09-18 12:00:00,29.48092975,41.0176425
Singapore,2024-09-18 18:00:00,28.306459,39.1113705
Singapore,2024-09-19 00:00:00,14.020543,19.72546225
Singapore,2024-09-19 06:00:00,21.691193000000002,30.778267000000003
Singapore,2024-09-19 12:00:00,35.048231,49.48839175
Singapore,2024-09-19 18:00:00,35.5155405,50.00447375
Singapore,2024-09-20 00:00:00,50.73803775,71.1335985
Singapore,2024-09-20 06:00:00,51.477855,72.19782124999999
Singapore,2024-09-20 12:00:00,50.990393000000005,70.9540585
Singapore,2024-09-20 18:00:00,29.973108499999995,41.497656750000004
Singapore,2024-09-21 00:00:00,31.9666065,43.77324125
Singapore,2024-09-21 06:00:00,34.723769,48.268589750000004
Singapore,2024-09-21 12:00:00,49.6712,69.041108
Singapore,2024-09-21 18:00:00,48.72239825,67.74473524999999
Singapore,2024-09-22 00:00:00,22.160804375,31.093464250000004
Singapore,2024-09-22 06:00:00,23.72320325,33.353728749999995
Singapore,2024-09-22 12:00:00,36.695269499999995,51.237976249999996
Singapore,2024-09-22 18:00:00,35.613027,49.567631000000006
Singapore,2024-09-23 00:00:00,34.601953249999994,48.06759125
Singapore,2024-09-23 06:00:00,31.423923000000002,43.79393175
Singapore,2024-09-23 12:00:00,35.851144250000004,49.79477825
Singapore,2024-09-23 18:00:00,32.98095,45.4448925
Singapore,2024-09-24 00:00:00,18.41101485,25.6125075
Singapore,2024-09-24 06:00:00,29.50224575,41.48762375
Singapore,2024-09-24 12:00:00,36.639051,51.497523
Singapore,2024-09-24 18:00:00,33.2815945,46.721396
Singapore,2024-09-25 00:00:00,30.894625250000004,43.42678
Singapore,2024-09-25 06:00:00,34.7898205,49.101572999999995
Singapore,2024-09-25 12:00:00,40.01714175,56.594330250000006
Singapore,2024-09-25 18:00:00,22.737310875,31.976753750000004
Singapore,2024-09-26 00:00:00,18.92226475,26.47948325
Singapore,2024-09-26 06:00:00,21.85788625,30.97810025
Singapore,2024-09-26 12:00:00,26.49096575,37.454356
Singapore,2024-09-26 18:00:00,28.124248,39.639644249999996
Singapore,2024-09-27 00:00:00,25.307059,35.699742
Singapore,2024-09-27 06:00:00,34.52217325,48.85060875
Singapore,2024-09-27 12:00:00,35.14523475,49.6375495
Singapore,2024-09-27 18:00:00,24.46611825,34.39078
Singapore,2024-09-28 00:00:00,20.87975325,29.383273000000003
Singapore,2024-09-28 06:00:00,22.39715975,31.72334525
Singapore,2024-09-28 12:00:00,22.041093,31.178558749999997
Singapore,2024-09-28 18:00:00,19.16200225,27.02717025
Singapore,2024-09-29 00:00:00,31.10545775,43.88596175
Singapore,2024-09-29 06:00:00,29.37577,41.695386750000004
Singapore,2024-09-29 12:00:00,32.502498,46.030323249999995
Singapore,2024-09-29 18:00:00,21.969697,31.206965999999998
Singapore,2024-09-30 00:00:00,3.5660150649999998,5.0583821250000005
Singapore,2024-09-30 06:00:00,11.614503124999999,16.567298625
Singapore,2024-09-30 12:00:00,22.61001,32.140178750000004
Singapore,2024-09-30 18:00:00,17.1928889,24.440226000000003
Singapore,2024-10-01 00:00:00,10.158771374999999,14.407078175
Singapore,2024-10-01 06:00:00,12.82086275,18.25912925
Singapore,2024-10-01 12:00:00,24.766137499999996,35.1845135
Singapore,2024-10-01 18:00:00,23.4144295,33.19475175
Singapore,2024-10-02 00:00:00,30.64303675,43.526711
Singapore,2024-10-02 06:00:00,29.025813000000003,41.530399
Singapore,2024-10-02 12:00:00,33.62680475,47.90302975
Singapore,2024-10-02 18:00:00,28.341958,40.2641825
Singapore,2024-10-03 00:00:00,12.433986299999999,17.671027325
Singapore,2024-10-03 06:00:00,17.888453249999998,25.49654675
Singapore,2024-10-03 12:00:00,25.23634625,35.86183075
Singapore,2024-10-03 18:00:00,15.843170125,22.52699
Singapore,2024-10-04 00:00:00,25.24768675,35.903383500000004
Singapore,2024-10-04 06:00:00,30.101261500000003,42.896260999999996
Singapore,2024-10-04 12:00:00,28.07678375,39.941027
Singapore,2024-10-04 18:00:00,12.982980249999999,18.48548
Singapore,2024-10-05 00:00:00,15.596924624999998,22.166148000000003
Singapore,2024-10-05 06:00:00,17.37868175,24.74786275
Singapore,2024-10-05 12:00:00,29.72223,42.2330685
Singapore,2024-10-05 18:00:00,18.229457250000003,25.886834
Singapore,2024-10-06 00:00:00,18.21655375,25.89627
Singapore,2024-10-06 06:00:00,22.224753749999998,31.64655025
Singapore,2024-10-06 12:00:00,36.906726,52.237738
Singapore,2024-10-06 18:00:00,32.73805775,46.21449475
Singapore,2024-10-07 00:00:00,35.89912,50.52913825
Singapore,2024-10-07 06:00:00,34.162099,48.31468925
Singapore,2024-10-07 12:00:00,32.426385,45.78396325
Singapore,2024-10-07 18:00:00,21.601465499999996,30.467163
Singapore,2024-10-08 00:00:00,11.3703889,15.9973865
Singapore,2024-10-08 06:00:00,19.21756625,27.294617999999996
Singapore,2024-10-08 12:00:00,27.19019675,38.4893605
Singapore,2024-10-08 18:00:00,26.308498500000002,37.1206275
Singapore,2024-10-09 00:00:00,41.36671725,58.336239
Singapore,2024-10-09 06:00:00,29.51804875,41.97045125
Singapore,2024-10-09 12:00:00,25.925317,36.720621
Singapore,2024-10-09 18:00:00,22.617370875,31.930312500000003
Singapore,2024-10-10 00:00:00,24.12230025,34.0406245
Singapore,2024-10-10 06:00:00,23.05239375,32.75278
Singapore,2024-10-10 12:00:00,30.31374225,42.8987055
Singapore,2024-10-10 18:00:00,30.992794500000002,43.71764725
Singapore,2024-10-11 00:00:00,22.92085825,32.46225325
Singapore,2024-10-11 06:00:00,24.32679475,34.579642
Singapore,2024-10-11 12:00:00,29.489924999999996,41.859351499999995
Singapore,2024-10-11 18:00:00,19.377807925,27.4947065
Singapore,2024-10-12 00:00:00,21.324012749999998,30.265710000000002
Singapore,2024-10-12 06:00:00,25.6829365,36.548953999999995
Singapore,2024-10-12 12:00:00,30.247406499999997,42.979763500000004
Singapore,2024-10-12 18:00:00,27.395799,38.90227175
Singapore,2024-10-13 00:00:00,20.78729775,29.5380005
Singapore,2024-10-13 06:00:00,17.660909249999996,25.146164000000002
Singapore,2024-10-13 12:00:00,31.358950500000002,44.4876205
Singapore,2024-10-13 18:00:00,26.62059725,37.79865650000001
Singapore,2024-10-14 00:00:00,20.071666999999998,28.53818175
Singapore,2024-10-14 06:00:00,15.17648225,21.6638795
Singapore,2024-10-14 12:00:00,32.33685725000001,46.0217965
Singapore,2024-10-14 18:00:00,26.10113375,37.12705125
Singapore,2024-10-15 00:00:00,21.7562505,30.952606
Singapore,2024-10-15 06:00:00,16.719099,23.8069335
Singapore,2024-10-15 12:00:00,22.6784495,32.191024999999996
Singapore,2024-10-15 18:00:00,19.622973249999998,27.844635
Singapore,2024-10-16 00:00:00,12.216560124999999,17.37112175
Singapore,2024-10-16 06:00:00,16.50036525,23.5635015
Singapore,2024-10-16 12:00:00,38.60846225,54.85947
Singapore,2024-10-16 18:00:00,34.25043375,48.5790115
Singapore,2024-10-17 00:00:00,35.925552249999996,50.874973000000004
Singapore,2024-10-17 06:00:00,27.29964875,38.76237925
Singapore,2024-10-17 12:00:00,35.00775900000001,49.52139
Singapore,2024-10-17 18:00:00,34.12924325,48.06111075
Singapore,2024-10-18 00:00:00,40.60593975,57.257068000000004
Singapore,2024-10-18 06:00:00,45.2262725,63.93923850000001
Singapore,2024-10-18 12:00:00,54.7131265,77.21854475
Singapore,2024-10-18 18:00:00,42.06259525,59.2394825
Singapore,2024-10-19 00:00:00,39.36907025,55.403405
Singapore,2024-10-19 06:00:00,35.019667,49.4738965
Singapore,2024-10-19 12:00:00,38.22965725,53.986013
Singapore,2024-10-19 18:00:00,32.61618575,45.948582249999994
Singapore,2024-10-20 00:00:00,38.2242435,54.0392195
Singapore,2024-10-20 06:00:00,28.698196,40.567954
Singapore,2024-10-20 12:00:00,27.39082575,38.575137749999996
Singapore,2024-10-20 18:00:00,19.3028595,26.982007250000002
Singapore,2024-10-21 00:00:00,10.42906205,14.68049525
Singapore,2024-10-21 06:00:00,17.87411475,25.295207750000003
Singapore,2024-10-21 12:00:00,32.757768,46.103196
Singapore,2024-10-21 18:00:00,35.9733575,50.68432075
Singapore,2024-10-22 00:00:00,24.024074999999996,33.95143775
Singapore,2024-10-22 06:00:00,32.623745250000006,46.27707949999999
Singapore,2024-10-22 12:00:00,43.248008,61.276951249999996
Singapore,2024-10-22 18:00:00,30.755870749999996,43.433716
Singapore,2024-10-23 00:00:00,27.1061255,38.29313725
Singapore,2024-10-23 06:00:00,34.25410025,48.5981675
Singapore,2024-10-23 12:00:00,38.327343000000006,54.236324249999996
Singapore,2024-10-23 18:00:00,36.49620325,51.545384999999996
Singapore,2024-10-24 00:00:00,40.20398575,56.73916875
Singapore,2024-10-24 06:00:00,44.400821,62.79896024999999
Singapore,2024-10-24 12:00:00,51.978972000000006,73.61004025
Singapore,2024-10-24 18:00:00,51.401683999999996,72.73501925
Singapore,2024-10-25 00:00:00,47.46115775,67.08901925
Singapore,2024-10-25 06:00:00,34.972068,49.4256225
Singapore,2024-10-25 12:00:00,31.242962,43.790904999999995
Singapore,2024-10-25 18:00:00,20.245437499999998,28.36807775
Singapore,2024-10-26 00:00:00,18.866785250000003,26.414682
Singapore,2024-10-26 06:00:00,22.65095175,31.8353555
Singapore,2024-10-26 12:00:00,38.676006,54.20238825
Singapore,2024-10-26 18:00:00,39.262659,54.96167525
Singapore,2024-10-27 00:00:00,22.125846,31.04401
Singapore,2024-10-27 06:00:00,17.80999525,25.03347225
Singapore,2024-10-27 12:00:00,40.0653585,56.489582000000006
Singapore,2024-10-27 18:00:00,35.393754,49.79670975
Singapore,2024-10-28 00:00:00,23.8948135,33.55035
Singapore,2024-10-28 06:00:00,18.28905725,25.74418575
Singapore,2024-10-28 12:00:00,35.13989125,49.635986249999995
Singapore,2024-10-28 18:00:00,40.409076750000004,56.88087925
Singapore,2024-10-29 00:00:00,58.81938125,82.700979
Singapore,2024-10-29 06:00:00,56.295618749999996,79.30006399999999
Singapore,2024-10-29 12:00:00,60.342544,84.8913815
Singapore,2024-10-29 18:00:00,33.15038575,46.587701
Singapore,2024-10-30 00:00:00,25.68580775,36.032219000000005
Singapore,2024-10-30 06:00:00,32.82848125,46.2890175
Singapore,2024-10-30 12:00:00,44.1969305,62.10390700000001
Singapore,2024-10-30 18:00:00,39.85113075,55.99699175
Singapore,2024-10-31 00:00:00,46.876607500000006,65.79677000000001
Singapore,2024-10-31 06:00:00,47.497749250000005,66.892142
Singapore,2024-10-31 12:00:00,53.0209265,74.5180845
Singapore,2024-10-31 18:00:00,37.352492500000004,52.33516675
Singapore,2024-11-01 00:00:00,12.1158336,17.01823735
Singapore,2024-11-01 06:00:00,21.41578675,30.31368575
Singapore,2024-11-01 12:00:00,34.7319825,49.08019975
Singapore,2024-11-01 18:00:00,29.3424025,41.440842
Singapore,2024-11-02 00:00:00,29.8825285,42.276724
Singapore,2024-11-02 06:00:00,24.088677750000002,34.2540575
Singapore,2024-11-02 12:00:00,24.80251775,35.23416575
Singapore,2024-11-02 18:00:00,18.296418999999997,25.903091500000002
Singapore,2024-11-03 00:00:00,13.224394075,18.69739225
Singapore,2024-11-03 06:00:00,17.731451875,25.1825155
Singapore,2024-11-03 12:00:00,29.07380325,41.199669
Singapore,2024-11-03 18:00:00,19.06678925,27.00647875
Singapore,2024-11-04 00:00:00,26.986072,38.20468925
Singapore,2024-11-04 06:00:00,27.380764250000002,38.84632325
Singapore,2024-11-04 12:00:00,32.97438425,46.707213749999994
Singapore,2024-11-04 18:00:00,26.243356,37.09209275
Singapore,2024-11-05 00:00:00,12.989744375,18.3745215
Singapore,2024-11-05 06:00:00,18.17150525,25.76433625
Singapore,2024-11-05 12:00:00,23.518239625000003,33.27832575
Singapore,2024-11-05 18:00:00,19.9485155,28.1834225
Singapore,2024-11-06 00:00:00,6.92944025,9.792529425
Singapore,2024-11-06 06:00:00,13.333022,18.897708249999997
Singapore,2024-11-06 12:00:00,24.3968825,34.523565749999996
Singapore,2024-11-06 18:00:00,22.5329585,31.864147000000003
Singapore,2024-11-07 00:00:00,21.088226499999998,29.850752749999998
Singapore,2024-11-07 06:00:00,20.79167425,29.50224575
Singapore,2024-11-07 12:00:00,28.81213825,40.79083775
Singapore,2024-11-07 18:00:00,22.899655875,32.4048125
Singapore,2024-11-08 00:00:00,13.990131575,19.820106375
Singapore,2024-11-08 06:00:00,18.351102,26.0837395
Singapore,2024-11-08 12:00:00,31.138526750000004,44.13851725
Singapore,2024-11-08 18:00:00,27.54929075,39.0070055
Singapore,2024-11-09 00:00:00,20.9674905,29.692501
Singapore,2024-11-09 06:00:00,24.513326499999998,34.85050175
Singapore,2024-11-09 12:00:00,32.852653749999995,46.7100565
Singapore,2024-11-09 18:00:00,25.418216750000003,36.096281749999996
Singapore,2024-11-10 00:00:00,27.670069,39.279541
Singapore,2024-11-10 06:00:00,21.5496245,30.631610999999996
Singapore,2024-11-10 12:00:00,24.711553499999997,35.10203325
Singapore,2024-11-10 18:00:00,18.253786249999997,25.908719
Singapore,2024-11-11 00:00:00,16.983563125000003,24.085807250000002
Singapore,2024-11-11 06:00:00,21.7477235,30.9050845
Singapore,2024-11-11 12:00:00,33.51887275,47.47253925
Singapore,2024-11-11 18:00:00,22.13082,31.290227500000004
Singapore,2024-11-12 00:00:00,13.291838649999999,18.824891575000002
Singapore,2024-11-12 06:00:00,19.047604500000002,27.0812565
Singapore,2024-11-12 12:00:00,28.171513,39.965442
Singapore,2024-11-12 18:00:00,22.61646175,32.0932825
Singapore,2024-11-13 00:00:00,6.95251865,9.87097325
Singapore,2024-11-13 06:00:00,13.42087325,19.102003500000002
Singapore,2024-11-13 12:00:00,22.31791975,31.71024325
Singapore,2024-11-13 18:00:00,21.80672675,30.9462395
Singapore,2024-11-14 00:00:00,17.5159584,24.8746795
Singapore,2024-11-14 06:00:00,20.6092635,29.34467625
Singapore,2024-11-14 12:00:00,27.256220250000002,38.7507845
Singapore,2024-11-14 18:00:00,21.930191,31.154797749999997
Singapore,2024-11-15 00:00:00,24.441505,34.72985075
Singapore,2024-11-15 06:00:00,24.53290925,34.9619285
Singapore,2024-11-15 12:00:00,31.53118625,44.836724249999996
Singapore,2024-11-15 18:00:00,20.454536,29.053637
Singapore,2024-11-16 00:00:00,34.07335275,48.46174275
Singapore,2024-11-16 06:00:00,28.232882500000002,40.277882500000004
Singapore,2024-11-16 12:00:00,31.430247500000004,44.6980125
Singapore,2024-11-16 18:00:00,23.76127425,33.754034250000004
Singapore,2024-11-17 00:00:00,21.58421375,30.704768499999997
Singapore,2024-11-17 06:00:00,19.096205625,27.260341750000002
Singapore,2024-11-17 12:00:00,20.73815625,29.51779275
Singapore,2024-11-17 18:00:00,10.332385375,14.740066875
Singapore,2024-11-18 00:00:00,14.577892725000002,20.998129249999998
Singapore,2024-11-18 06:00:00,17.1859185,24.90781975
Singapore,2024-11-18 12:00:00,17.1181396,24.762556
Singapore,2024-11-18 18:00:00,11.312209925,16.411775149999997
Singapore,2024-11-19 00:00:00,10.845923375,15.777004499999999
Singapore,2024-11-19 06:00:00,16.92890825,24.267606750000002
Singapore,2024-11-19 12:00:00,18.24807325,25.98041225
Singapore,2024-11-19 18:00:00,11.904234149999999,16.9902705
Singapore,2024-11-20 00:00:00,13.048406749999998,18.71910625
Singapore,2024-11-20 06:00:00,17.813619,25.592556000000002
Singapore,2024-11-20 12:00:00,18.711290249999998,26.695801000000003
Singapore,2024-11-20 18:00:00,12.984287499999999,18.588593625
Singapore,2024-11-21 00:00:00,18.639412,26.629095250000002
Singapore,2024-11-21 06:00:00,21.90097375,31.43014725
Singapore,2024-11-21 12:00:00,27.6892535,39.4157385
Singapore,2024-11-21 18:00:00,18.12652775,25.863102249999997
Singapore,2024-11-22 00:00:00,18.9480145,27.13511525
Singapore,2024-11-22 06:00:00,20.347372,29.33943225
Singapore,2024-11-22 12:00:00,24.66398975,35.292942
Singapore,2024-11-22 18:00:00,15.691483499999999,22.718382000000002
Singapore,2024-11-23 00:00:00,21.75320925,31.791045750000002
Singapore,2024-11-23 06:00:00,22.1583035,32.464612
Singapore,2024-11-23 12:00:00,27.6316145,39.817280249999996
Singapore,2024-11-23 18:00:00,18.96813725,27.329690499999998
Singapore,2024-11-24 00:00:00,15.387002,22.429105500000002
Singapore,2024-11-24 06:00:00,19.22745725,27.89300925
Singapore,2024-11-24 12:00:00,23.636190000000003,33.76872825
Singapore,2024-11-24 18:00:00,19.137104375,27.25374775
Singapore,2024-11-25 00:00:00,25.095957249999998,35.755362999999996
Singapore,2024-11-25 06:00:00,25.3772045,36.27798125
Singapore,2024-11-25 12:00:00,27.24321775,38.799286
Singapore,2024-11-25 18:00:00,16.970404,24.21902
Singapore,2024-11-26 00:00:00,20.282186749999997,29.11048125
Singapore,2024-11-26 06:00:00,19.5019535,28.1416275
Singapore,2024-11-26 12:00:00,23.8882905,34.17233075
Singapore,2024-11-26 18:00:00,18.65703325,26.651776
Singapore,2024-11-27 00:00:00,16.2670375,23.457005000000002
Singapore,2024-11-27 06:00:00,18.16648175,26.16437175
Singapore,2024-11-27 12:00:00,19.888546,28.414604
Singapore,2024-11-27 18:00:00,15.557674375,22.253687
Singapore,2024-11-28 00:00:00,24.39064425,35.023134999999996
Singapore,2024-11-28 06:00:00,27.5631605,39.501245250000004
Singapore,2024-11-28 12:00:00,31.111724249999998,44.3757245
Singapore,2024-11-28 18:00:00,20.427407249999998,29.153512
Singapore,2024-11-29 00:00:00,16.93727825,24.258866499999996
Singapore,2024-11-29 06:00:00,13.203276874999998,19.040072499999997
Singapore,2024-11-29 12:00:00,19.52170725,27.83579625
Singapore,2024-11-29 18:00:00,14.936943849999999,21.3752855
Singapore,2024-11-30 00:00:00,14.047302,20.542955499999998
Singapore,2024-11-30 06:00:00,20.29628375,29.517280749999998
Singapore,2024-11-30 12:00:00,29.540501250000002,42.256971
Singapore,2024-11-30 18:00:00,18.20245675,26.091583749999998
Singapore,2024-12-01 00:00:00,18.15701,26.33402125
Singapore,2024-12-01 06:00:00,23.813384749999997,34.70071825
Singapore,2024-12-01 12:00:00,30.016138750000003,43.31163
Singapore,2024-12-01 18:00:00,20.30402875,29.355973499999998
Singapore,2024-12-02 00:00:00,19.24657075,27.984299250000003
Singapore,2024-12-02 06:00:00,23.8407055,34.609313750000005
Singapore,2024-12-02 12:00:00,23.608876499999997,33.9946665
Singapore,2024-12-02 18:00:00,15.8392765,22.98348575
Singapore,2024-12-03 00:00:00,23.803039500000004,34.95034625
Singapore,2024-12-03 06:00:00,25.55679425,37.675107000000004
Singapore,2024-12-03 12:00:00,38.426265,55.09024
Singapore,2024-12-03 18:00:00,28.1491735,40.47230125
Singapore,2024-12-04 00:00:00,28.2661575,40.59575125
Singapore,2024-12-04 06:00:00,30.321800250000003,43.62897275
Singapore,2024-12-04 12:00:00,34.8614295,49.75186125
Singapore,2024-12-04 18:00:00,20.49775125,29.1823315
Singapore,2024-12-05 00:00:00,22.846251,32.52978325
Singapore,2024-12-05 06:00:00,26.362862,37.8600195
Singapore,2024-12-05 12:00:00,34.20377975,48.295959499999995
Singapore,2024-12-05 18:00:00,30.598997249999996,43.21952925
Singapore,2024-12-06 00:00:00,26.24381075,37.2409375
Singapore,2024-12-06 06:00:00,23.845004499999998,34.10099225
Singapore,2024-12-06 12:00:00,39.3381115,55.66914725
Singapore,2024-12-06 18:00:00,31.818814749999998,45.16567725
Singapore,2024-12-07 00:00:00,23.182793,33.082670750000005
Singapore,2024-12-07 06:00:00,23.85610275,34.06040575
Singapore,2024-12-07 12:00:00,31.736732249999996,44.995219
Singapore,2024-12-07 18:00:00,21.59274,30.708435
Singapore,2024-12-08 00:00:00,9.3373841,13.38173675
Singapore,2024-12-08 06:00:00,13.574762674999999,19.702739
Singapore,2024-12-08 12:00:00,20.2194955,29.201317
Singapore,2024-12-08 18:00:00,13.025200250000001,19.34657225
Singapore,2024-12-09 00:00:00,10.681759249999999,16.606691350000002
Singapore,2024-12-09 06:00:00,13.9122275,20.836395749999998
Singapore,2024-12-09 12:00:00,17.067989375,24.674435
Singapore,2024-12-09 18:00:00,13.22275975,19.181357
Singapore,2024-12-10 00:00:00,19.82911625,28.775275500000003
Singapore,2024-12-10 06:00:00,22.746505250000002,33.31329875
Singapore,2024-12-10 12:00:00,20.00489025,28.988011999999998
Singapore,2024-12-10 18:00:00,15.819964249999998,22.9271675
Singapore,2024-12-11 00:00:00,29.30755775,42.23821275
Singapore,2024-12-11 06:00:00,20.421268249999997,29.947159
Singapore,2024-12-11 12:00:00,36.51864225,52.184575
Singapore,2024-12-11 18:00:00,15.082704749999998,21.9646665
Singapore,2024-12-12 00:00:00,15.154981625000001,22.192651249999997
Singapore,2024-12-12 06:00:00,19.9671745,29.1572205
Singapore,2024-12-12 12:00:00,30.717124250000005,43.999251
Singapore,2024-12-12 18:00:00,18.32407275,26.38334725
Singapore,2024-12-13 00:00:00,10.9648114,15.7701265
Singapore,2024-12-13 06:00:00,15.409170875000001,22.074686749999998
Singapore,2024-12-13 12:00:00,33.682809,47.8891305
Singapore,2024-12-13 18:00:00,28.52074425,40.60774425
Singapore,2024-12-14 00:00:00,20.2597335,28.923125250000002
Singapore,2024-12-14 06:00:00,20.248308,29.058583249999998
Singapore,2024-12-14 12:00:00,41.2734515,58.6338305
Singapore,2024-12-14 18:00:00,23.8551365,33.940324249999996
Singapore,2024-12-15 00:00:00,6.4881646,9.245866225
Singapore,2024-12-15 06:00:00,12.297320575,17.577519749999997
Singapore,2024-12-15 12:00:00,25.19597375,35.8349865
Singapore,2024-12-15 18:00:00,20.544149500000003,29.15896825
Singapore,2024-12-16 00:00:00,24.032204,34.222808
Singapore,2024-12-16 06:00:00,24.580927499999998,35.2377605
Singapore,2024-12-16 12:00:00,28.0248715,39.995626
Singapore,2024-12-16 18:00:00,12.946145625000002,18.6956585
Singapore,2024-12-17 00:00:00,15.51484275,23.33484875
Singapore,2024-12-17 06:00:00,18.506071625,27.996208000000003
Singapore,2024-12-17 12:00:00,18.68295375,27.89431625
Singapore,2024-12-17 18:00:00,10.720754,16.79705975
Singapore,2024-12-18 00:00:00,10.71822465,16.528162
Singapore,2024-12-18 06:00:00,13.52175625,20.65976925
Singapore,2024-12-18 12:00:00,13.55937225,20.9101925
Singapore,2024-12-18 18:00:00,8.68971025,14.088754999999999
Singapore,2024-12-19 00:00:00,12.385442,19.04675175
Singapore,2024-12-19 06:00:00,18.086439249999998,27.271483
Singapore,2024-12-19 12:00:00,19.116811000000002,28.7085415
Singapore,2024-12-19 18:00:00,12.000669,18.966375250000002
Singapore,2024-12-20 00:00:00,15.57128825,25.9202015
Singapore,2024-12-20 06:00:00,19.6255315,32.1718405
Singapore,2024-12-20 12:00:00,20.784384,32.9023205
Singapore,2024-12-20 18:00:00,15.7780845,25.6733585
Singapore,2024-12-21 00:00:00,20.206897500000004,32.52066
Singapore,2024-12-21 06:00:00,24.610756,38.494121250000006
Singapore,2024-12-21 12:00:00,22.856554,35.111157000000006
Singapore,2024-12-21 18:00:00,15.275048750000002,23.55761825
Singapore,2024-12-22 00:00:00,17.876715,27.0813985
Singapore,2024-12-22 06:00:00,20.182185,30.9583185
Singapore,2024-12-22 12:00:00,20.349887,31.311074750000003
Singapore,2024-12-22 18:00:00,14.8532565,23.48534175
Singapore,2024-12-23 00:00:00,20.2075795,30.6371815
Singapore,2024-12-23 06:00:00,24.311987,35.84847275
Singapore,2024-12-23 12:00:00,24.639732000000002,35.82424325
Singapore,2024-12-23 18:00:00,19.80779975,28.466132249999998
Singapore,2024-12-24 00:00:00,18.24008675,26.289399
Singapore,2024-12-24 06:00:00,20.946970500000003,30.254199
Singapore,2024-12-24 12:00:00,26.04966925,37.235735749999996
Singapore,2024-12-24 18:00:00,17.99847375,25.71397325
Singapore,2024-12-25 00:00:00,10.1752705,14.553535250000001
Singapore,2024-12-25 06:00:00,22.37894125,32.1323205
Singapore,2024-12-25 12:00:00,33.73097025,48.057131500000004
Singapore,2024-12-25 18:00:00,20.765725250000003,29.70713825
Singapore,2024-12-26 00:00:00,19.108455499999998,27.38457275
Singapore,2024-12-26 06:00:00,24.174824,34.638674
Singapore,2024-12-26 12:00:00,29.9339005,42.53541825
Singapore,2024-12-26 18:00:00,23.149937,32.853762499999995
Singapore,2024-12-27 00:00:00,27.41364825,39.078941
Singapore,2024-12-27 06:00:00,23.0724025,33.10773875
Singapore,2024-12-27 12:00:00,25.75920625,36.73278575
Singapore,2024-12-27 18:00:00,15.040996000000002,21.404759
Singapore,2024-12-28 00:00:00,11.589009,16.52963975
Singapore,2024-12-28 06:00:00,17.69552675,25.38607225
Singapore,2024-12-28 12:00:00,25.00620175,35.7960345
Singapore,2024-12-28 18:00:00,11.978727249999999,17.516413500000002
Singapore,2024-12-29 00:00:00,16.19335425,23.93133525
Singapore,2024-12-29 06:00:00,17.661904,26.12074475
Singapore,2024-12-29 12:00:00,23.450468125,33.9124705
Singapore,2024-12-29 18:00:00,11.268184500000002,16.93493375
Singapore,2024-12-30 00:00:00,10.411383874999999,16.96435
Singapore,2024-12-30 06:00:00,17.4292155,27.5433365
Singapore,2024-12-30 12:00:00,22.01859675,33.540274249999996
Singapore,2024-12-30 18:00:00,13.132308,21.157348
Singapore,2024-12-31 00:00:00,9.887429625,16.2024775
Singapore,2024-12-31 06:00:00,15.471869,24.010944249999998
Singapore,2024-12-31 12:00:00,19.506771500000003,28.840091
Singapore,2024-12-31 18:00:00,10.6833085,16.12585275
Singapore,2025-01-01 00:00:00,27.64187475,41.337785000000004
Singapore,2025-01-01 06:00:00,27.039022,39.8682685
Singapore,2025-01-01 12:00:00,28.974944999999998,41.67486625
Singapore,2025-01-01 18:00:00,21.610788000000003,30.925264
Singapore,2025-01-02 00:00:00,24.26514825,34.7779975
Singapore,2025-01-02 06:00:00,20.986504999999998,30.318062749999996
Singapore,2025-01-02 12:00:00,23.871777375,34.32413124999999
Singapore,2025-01-02 18:00:00,13.67914125,19.984099625
Singapore,2025-01-03 00:00:00,14.322182250000001,21.00313175
Singapore,2025-01-03 06:00:00,17.55907425,25.8012845
Singapore,2025-01-03 12:00:00,20.6975555,29.938178249999996
Singapore,2025-01-03 18:00:00,14.75100925,21.33148775
Singapore,2025-01-04 00:00:00,15.60110275,22.63607275
Singapore,2025-01-04 06:00:00,17.030373249999997,25.5988085
Singapore,2025-01-04 12:00:00,21.622199000000002,32.443679499999995
Singapore,2025-01-04 18:00:00,13.803117,21.74050475
Singapore,2025-01-05 00:00:00,13.59296675,22.006247749999996
Singapore,2025-01-05 06:00:00,17.803472499999998,28.29386825
Singapore,2025-01-05 12:00:00,18.1207865,28.510001749999997
Singapore,2025-01-05 18:00:00,10.865420375,17.99284625
Singapore,2025-01-06 00:00:00,10.641685,17.939811499999998
Singapore,2025-01-06 06:00:00,18.197170000000003,29.83267725
Singapore,2025-01-06 12:00:00,21.8402645,34.688951749999994
Singapore,2025-01-06 18:00:00,15.57285125,25.19777775
Singapore,2025-01-07 00:00:00,14.720313749999999,23.89808175
Singapore,2025-01-07 06:00:00,16.631702249999996,26.216810000000002
Singapore,2025-01-07 12:00:00,22.301719499999997,33.08650825
Singapore,2025-01-07 18:00:00,11.48920625,18.11405075
Singapore,2025-01-08 00:00:00,24.27523775,37.515235000000004
Singapore,2025-01-08 06:00:00,25.971985500000002,40.07202325
Singapore,2025-01-08 12:00:00,26.404251,39.83942075
Singapore,2025-01-08 18:00:00,12.281077499999999,19.860522000000003
Singapore,2025-01-09 00:00:00,18.845668500000002,29.725669
Singapore,2025-01-09 06:00:00,20.93332815,31.96947825
Singapore,2025-01-09 12:00:00,20.569530250000003,30.731143749999998
Singapore,2025-01-09 18:00:00,12.652179875,19.4152675
Singapore,2025-01-10 00:00:00,13.254137625,19.983957750000002
Singapore,2025-01-10 06:00:00,19.47142875,28.8556805
Singapore,2025-01-10 12:00:00,14.252137249999999,21.248069875000002
Singapore,2025-01-10 18:00:00,9.327820249999998,14.44419675
Singapore,2025-01-11 00:00:00,12.82055,20.713088499999998
Singapore,2025-01-11 06:00:00,21.22649775,34.413289999999996
Singapore,2025-01-11 12:00:00,25.15724875,40.442955749999996
Singapore,2025-01-11 18:00:00,13.840576500000001,24.363771500000002
Singapore,2025-01-12 00:00:00,15.280960499999999,26.760432249999997
Singapore,2025-01-12 06:00:00,22.6245615,38.6463625
Singapore,2025-01-12 12:00:00,21.8554275,37.4388945
Singapore,2025-01-12 18:00:00,17.330804999999998,31.153292250000003
Singapore,2025-01-13 00:00:00,13.843205750000001,23.58027025
Singapore,2025-01-13 06:00:00,17.829649,29.63892575
Singapore,2025-01-13 12:00:00,18.875838,29.54499225
Singapore,2025-01-13 18:00:00,11.744902,18.7708905
Singapore,2025-01-14 00:00:00,10.881493124999999,17.578415250000003
Singapore,2025-01-14 06:00:00,15.4230835,23.949098499999998
Singapore,2025-01-14 12:00:00,15.233865749999998,23.49383975
Singapore,2025-01-14 18:00:00,13.807437,20.941286
Singapore,2025-01-15 00:00:00,23.18415675,33.86890075
Singapore,2025-01-15 06:00:00,25.88893775,37.454924500000004
Singapore,2025-01-15 12:00:00,34.90197275,49.874202749999995
Singapore,2025-01-15 18:00:00,18.169473,26.283146249999998
Singapore,2025-01-16 00:00:00,14.2564145,22.0084645
Singapore,2025-01-16 06:00:00,16.51648075,26.013936249999997
Singapore,2025-01-16 12:00:00,18.7819395,29.862960249999997
Singapore,2025-01-16 18:00:00,12.093280875000001,20.4882725
Singapore,2025-01-17 00:00:00,18.69082675,32.749682
Singapore,2025-01-17 06:00:00,24.657225500000003,40.567243250000004
Singapore,2025-01-17 12:00:00,18.29721425,30.24445025
Singapore,2025-01-17 18:00:00,11.674529999999999,20.62944275
Singapore,2025-01-18 00:00:00,11.365386875,20.133370499999998
Singapore,2025-01-18 06:00:00,18.00876275,29.50025625
Singapore,2025-01-18 12:00:00,18.488279,29.725583750000002
Singapore,2025-01-18 18:00:00,11.3435305,19.124797750000003
Singapore,2025-01-19 00:00:00,10.034796125,16.58173675
Singapore,2025-01-19 06:00:00,15.1516985,23.866277500000002
Singapore,2025-01-19 12:00:00,17.45695475,27.61211675
Singapore,2025-01-19 18:00:00,12.977181875000001,21.195262500000002
Singapore,2025-01-20 00:00:00,11.471115875,19.144295
Singapore,2025-01-20 06:00:00,15.78868575,25.46326525
Singapore,2025-01-20 12:00:00,20.20266275,30.58912075
Singapore,2025-01-20 18:00:00,12.581523475,19.8199075
Singapore,2025-01-21 00:00:00,14.873933375,24.615872
Singapore,2025-01-21 06:00:00,21.81451475,33.7753365
Singapore,2025-01-21 12:00:00,22.541193999999997,34.1709665
Singapore,2025-01-21 18:00:00,13.361614,21.22175125
Singapore,2025-01-22 00:00:00,13.55297725,21.472886
Singapore,2025-01-22 06:00:00,18.81423375,28.79644975
Singapore,2025-01-22 12:00:00,21.34083825,31.5880585
Singapore,2025-01-22 18:00:00,12.45783235,18.8512105
Singapore,2025-01-23 00:00:00,13.596093250000001,20.81606
Singapore,2025-01-23 06:00:00,14.54085925,21.885512249999998
Singapore,2025-01-23 12:00:00,21.235663499999998,30.762123000000003
Singapore,2025-01-23 18:00:00,13.963529000000001,20.22932225
Singapore,2025-01-24 00:00:00,10.9458255,16.11005
Singapore,2025-01-24 06:00:00,16.146373,23.814323
Singapore,2025-01-24 12:00:00,21.5187155,31.39645275
Singapore,2025-01-24 18:00:00,15.1595145,22.40358325
Singapore,2025-01-25 00:00:00,18.309265250000003,27.53495225
Singapore,2025-01-25 06:00:00,22.33031175,33.1492625
Singapore,2025-01-25 12:00:00,32.1228555,46.253518250000006
Singapore,2025-01-25 18:00:00,25.87705725,37.16377249999999
Singapore,2025-01-26 00:00:00,26.004614,37.44764825
Singapore,2025-01-26 06:00:00,23.15857725,33.85798675
Singapore,2025-01-26 12:00:00,24.24687325,34.81949325
Singapore,2025-01-26 18:00:00,14.287138749999999,20.72619075
Singapore,2025-01-27 00:00:00,5.503665075,8.163538975
Singapore,2025-01-27 06:00:00,11.405660500000002,16.815988625000003
Singapore,2025-01-27 12:00:00,21.98011375,31.91651425
Singapore,2025-01-27 18:00:00,15.86613525,25.218185000000002
Singapore,2025-01-28 00:00:00,16.01142675,26.83964325
Singapore,2025-01-28 06:00:00,21.589613500000002,35.41165924999999
Singapore,2025-01-28 12:00:00,21.74087425,35.51285575
Singapore,2025-01-28 18:00:00,15.8793515,26.58515525
Singapore,2025-01-29 00:00:00,16.43131525,27.60569375
Singapore,2025-01-29 06:00:00,20.336756,33.477675500000004
Singapore,2025-01-29 12:00:00,19.86043675,32.7291335
Singapore,2025-01-29 18:00:00,16.27392975,26.910982
Singapore,2025-01-30 00:00:00,19.53924275,31.78408325
Singapore,2025-01-30 06:00:00,19.852819750000002,31.50620375
Singapore,2025-01-30 12:00:00,24.69101925,37.19299025
Singapore,2025-01-30 18:00:00,14.59308375,23.14936825
Singapore,2025-01-31 00:00:00,11.751922,19.010713
Singapore,2025-01-31 06:00:00,16.177878500000002,25.17410275
Singapore,2025-01-31 12:00:00,18.555518,27.9367355
Singapore,2025-01-31 18:00:00,11.854297125,18.090617
Singapore,2025-02-01 00:00:00,13.963912500000001,21.27939075
Singapore,2025-02-01 06:00:00,19.81129575,29.763668999999997
Singapore,2025-02-01 12:00:00,26.036445999999998,38.1348285
Singapore,2025-02-01 18:00:00,15.393993499999999,22.93325
Singapore,2025-02-02 00:00:00,21.57051425,31.92724325
Singapore,2025-02-02 06:00:00,29.226200000000002,42.7224335
Singapore,2025-02-02 12:00:00,42.1230055,60.1175145
Singapore,2025-02-02 18:00:00,31.6119895,45.090244999999996
Singapore,2025-02-03 00:00:00,34.68153375,49.603727
Singapore,2025-02-03 06:00:00,32.965346749999995,47.49389825
Singapore,2025-02-03 12:00:00,36.8466715,52.6790135
Singapore,2025-02-03 18:00:00,14.4018485,21.46222725
Singapore,2025-02-04 00:00:00,20.09005575,31.36290125
Singapore,2025-02-04 06:00:00,23.4656735,35.95482675
Singapore,2025-02-04 12:00:00,22.1662765,33.06482225
Singapore,2025-02-04 18:00:00,11.64187325,18.493665000000004
Singapore,2025-02-05 00:00:00,8.966679749999999,14.918555500000002
Singapore,2025-02-05 06:00:00,18.1349405,28.87637125
Singapore,2025-02-05 12:00:00,19.41020125,30.8126005
Singapore,2025-02-05 18:00:00,13.891537000000001,22.48580725
Singapore,2025-02-06 00:00:00,17.59291025,28.59675875
Singapore,2025-02-06 06:00:00,19.756726,31.4077795
Singapore,2025-02-06 12:00:00,24.040801499999997,36.414562
Singapore,2025-02-06 18:00:00,13.424624875000001,21.162549000000002
Singapore,2025-02-07 00:00:00,19.2510185,31.330045749999996
Singapore,2025-02-07 06:00:00,22.873393999999998,36.37853725
Singapore,2025-02-07 12:00:00,24.450031499999998,36.9099385
Singapore,2025-02-07 18:00:00,11.370588000000001,18.14942125
Singapore,2025-02-08 00:00:00,11.974464124999999,19.473247999999998
Singapore,2025-02-08 06:00:00,15.230824499999997,23.82086
Singapore,2025-02-08 12:00:00,19.25886275,29.76995025
Singapore,2025-02-08 18:00:00,14.013437750000001,22.828771999999997
Singapore,2025-02-09 00:00:00,23.15728375,38.72813175
Singapore,2025-02-09 06:00:00,20.0861195,32.969069499999996
Singapore,2025-02-09 12:00:00,20.76686225,34.154140749999996
Singapore,2025-02-09 18:00:00,18.877741999999998,30.560215249999995
Singapore,2025-02-10 00:00:00,15.391379250000002,25.039127999999998
Singapore,2025-02-10 06:00:00,15.045656750000001,24.248607
Singapore,2025-02-10 12:00:00,17.49327825,27.11647075
Singapore,2025-02-10 18:00:00,10.181736149999999,17.222021249999997
Singapore,2025-02-11 00:00:00,12.5813245,21.32424
Singapore,2025-02-11 06:00:00,15.372336249999998,24.36866025
Singapore,2025-02-11 12:00:00,20.381094375,30.744942249999998
Singapore,2025-02-11 18:00:00,8.820265325,14.112714500000001
Singapore,2025-02-12 00:00:00,16.801465,26.399732000000004
Singapore,2025-02-12 06:00:00,23.95088925,35.845175999999995
Singapore,2025-02-12 12:00:00,27.64680575,40.014768249999996
Singapore,2025-02-12 18:00:00,19.37129925,27.84824475
Singapore,2025-02-13 00:00:00,15.369067999999999,22.3584775
Singapore,2025-02-13 06:00:00,16.914512375,24.838755
Singapore,2025-02-13 12:00:00,23.54953925,33.963332
Singapore,2025-02-13 18:00:00,8.99470365,13.281067
Singapore,2025-02-14 00:00:00,14.1584025,21.455378
Singapore,2025-02-14 06:00:00,18.043124249999998,26.86479675
Singapore,2025-02-14 12:00:00,23.937559250000003,34.57250825
Singapore,2025-02-14 18:00:00,10.872369875000002,15.994089500000001
Singapore,2025-02-15 00:00:00,9.1972084,13.44528775
Singapore,2025-02-15 06:00:00,15.124271500000003,22.02671125
Singapore,2025-02-15 12:00:00,24.283920375,34.79087225000001
Singapore,2025-02-15 18:00:00,15.479528750000002,22.133889500000002
Singapore,2025-02-16 00:00:00,12.619693750000001,18.216951249999997
Singapore,2025-02-16 06:00:00,17.88868075,25.618674749999997
Singapore,2025-02-16 12:00:00,26.698494,37.955772
Singapore,2025-02-16 18:00:00,27.37942825,38.84997575
Singapore,2025-02-17 00:00:00,23.8828765,34.012373249999996
Singapore,2025-02-17 06:00:00,27.20332775,39.64308325
Singapore,2025-02-17 12:00:00,31.000880000000002,44.783506
Singapore,2025-02-17 18:00:00,19.159983999999998,28.108076
Singapore,2025-02-18 00:00:00,13.355077000000001,20.071468000000003
Singapore,2025-02-18 06:00:00,17.171047,25.364244
Singapore,2025-02-18 12:00:00,19.728680999999998,28.616518749999997
Singapore,2025-02-18 18:00:00,14.118512500000001,20.94382975
Singapore,2025-02-19 00:00:00,13.8373365,20.793606999999998
Singapore,2025-02-19 06:00:00,16.45405225,24.51996325
Singapore,2025-02-19 12:00:00,22.547403875,32.680276500000005
Singapore,2025-02-19 18:00:00,16.003042125,23.35968925
Singapore,2025-02-20 00:00:00,11.1592725,16.48072625
Singapore,2025-02-20 06:00:00,15.607383874999998,23.143457
Singapore,2025-02-20 12:00:00,19.937466750000002,29.29036175
Singapore,2025-02-20 18:00:00,12.009436999999998,18.024792249999997
Singapore,2025-02-21 00:00:00,13.555506875,20.325501
Singapore,2025-02-21 06:00:00,18.197482750000002,27.263979500000005
Singapore,2025-02-21 12:00:00,21.45854,31.457602500000004
Singapore,2025-02-21 18:00:00,14.506397750000001,21.30380475
Singapore,2025-02-22 00:00:00,11.0767645,16.69297925
Singapore,2025-02-22 06:00:00,16.08364625,23.7683935
Singapore,2025-02-22 12:00:00,19.194359875,27.79748325
Singapore,2025-02-22 18:00:00,10.757432249999999,15.761969625
Singapore,2025-02-23 00:00:00,11.84881175,17.76192
Singapore,2025-02-23 06:00:00,17.0226,24.9864345
Singapore,2025-02-23 12:00:00,27.159146500000002,38.930806499999996
Singapore,2025-02-23 18:00:00,21.229539,30.36365125
Singapore,2025-02-24 00:00:00,20.25905125,29.622583499999998
Singapore,2025-02-24 06:00:00,21.334173500000002,31.319445000000005
Singapore,2025-02-24 12:00:00,22.140170750000003,32.1304015
Singapore,2025-02-24 18:00:00,13.32620075,19.88098575
Singapore,2025-02-25 00:00:00,10.2440935,15.590558249999999
Singapore,2025-02-25 06:00:00,16.64949425,24.906683
Singapore,2025-02-25 12:00:00,17.8994385,26.4350605
Singapore,2025-02-25 18:00:00,10.8818766,16.244712
Singapore,2025-02-26 00:00:00,14.85796,22.907897750000004
Singapore,2025-02-26 06:00:00,20.91371675,32.3050245
Singapore,2025-02-26 12:00:00,19.37223725,29.98734775
Singapore,2025-02-26 18:00:00,13.617068249999999,21.35413975
Singapore,2025-02-27 00:00:00,12.8048895,20.78888875
Singapore,2025-02-27 06:00:00,20.1629005,31.37591875
Singapore,2025-02-27 12:00:00,27.7968015,40.751785
Singapore,2025-02-27 18:00:00,13.53001275,20.294408
Singapore,2025-02-28 00:00:00,12.624639250000001,18.992295499999997
Singapore,2025-02-28 06:00:00,16.32767525,24.78827825
Singapore,2025-02-28 12:00:00,19.525657375,29.366987
Singapore,2025-02-28 18:00:00,12.1249855,18.84851025
Singapore,2025-03-01 00:00:00,17.0652325,26.5182225
Singapore,2025-03-01 06:00:00,21.292905249999997,32.5626385
Singapore,2025-03-01 12:00:00,20.7219695,30.830108250000002
Singapore,2025-03-01 18:00:00,11.045259,16.78617425
Singapore,2025-03-02 00:00:00,0.0,0.0
Singapore,2025-03-02 06:00:00,8.271996575,12.011924024999999
Singapore,2025-03-02 12:00:00,15.2757305,22.279181
Singapore,2025-03-02 18:00:00,9.50865325,14.196842625
Singapore,2025-03-03 00:00:00,10.229115375,14.96255225
Singapore,2025-03-03 06:00:00,21.652666999999997,32.00626975
Singapore,2025-03-03 12:00:00,27.64419125,40.20267875
Singapore,2025-03-03 18:00:00,20.037674625,29.08143425
Singapore,2025-03-04 00:00:00,24.51776025,35.84853
Singapore,2025-03-04 06:00:00,29.98757525,44.2034035
Singapore,2025-03-04 12:00:00,34.162724,49.434533
Singapore,2025-03-04 18:00:00,20.790181875000002,30.1855325
Singapore,2025-03-05 00:00:00,16.532766249999998,23.71250225
Singapore,2025-03-05 06:00:00,27.981244000000004,40.041243
Singapore,2025-03-05 12:00:00,30.154971749999998,42.90899325
Singapore,2025-03-05 18:00:00,18.12446725,25.704736
Singapore,2025-03-06 00:00:00,14.748366375,20.938727749999998
Singapore,2025-03-06 06:00:00,14.388575500000002,20.43893225
Singapore,2025-03-06 12:00:00,22.15926975,31.376259500000003
Singapore,2025-03-06 18:00:00,19.5445865,27.614874
Singapore,2025-03-07 00:00:00,21.87857725,30.81800075
Singapore,2025-03-07 06:00:00,25.00844675,35.448124500000006
Singapore,2025-03-07 12:00:00,40.412644,57.1047985
Singapore,2025-03-07 18:00:00,19.3303435,27.31644575
Singapore,2025-03-08 00:00:00,6.0717866625,8.631559325
Singapore,2025-03-08 06:00:00,17.93529225,25.81475675
Singapore,2025-03-08 12:00:00,19.413221250000003,28.11958675
Singapore,2025-03-08 18:00:00,13.526801124999999,20.06117925
Singapore,2025-03-09 00:00:00,10.608346124999999,15.898876999999999
Singapore,2025-03-09 06:00:00,15.877248,24.04146925
Singapore,2025-03-09 12:00:00,19.790476750000003,29.186054249999998
Singapore,2025-03-09 18:00:00,10.92541875,16.412968749999997
Singapore,2025-03-10 00:00:00,6.77709985,10.151779750000001
Singapore,2025-03-10 06:00:00,12.023576875,17.83715225
Singapore,2025-03-10 12:00:00,16.931380500000003,25.10722675
Singapore,2025-03-10 18:00:00,12.1183345,18.3029555
Singapore,2025-03-11 00:00:00,17.970592,26.7376665
Singapore,2025-03-11 06:00:00,18.015413249999998,26.3900405
Singapore,2025-03-11 12:00:00,22.16907525,31.82515225
Singapore,2025-03-11 18:00:00,10.975270325,16.225442375
Singapore,2025-03-12 00:00:00,11.60515225,17.2893805
Singapore,2025-03-12 06:00:00,17.426757,25.94671825
Singapore,2025-03-12 12:00:00,19.828292125,28.880378750000002
Singapore,2025-03-12 18:00:00,12.269509999999999,17.812795
Singapore,2025-03-13 00:00:00,7.7757817,11.1375585
Singapore,2025-03-13 06:00:00,14.065222124999998,20.254361749999997
Singapore,2025-03-13 12:00:00,17.574905125,25.140053625
Singapore,2025-03-13 18:00:00,8.818062675,12.65266275
Singapore,2025-03-14 00:00:00,14.492314875,21.346238250000003
Singapore,2025-03-14 06:00:00,19.858490000000003,29.20143075
Singapore,2025-03-14 12:00:00,26.862750499999997,38.7842085
Singapore,2025-03-14 18:00:00,18.83856275,27.28137375
Singapore,2025-03-15 00:00:00,13.778162374999999,19.9564735
Singapore,2025-03-15 06:00:00,15.566683750000001,22.629848125
Singapore,2025-03-15 12:00:00,29.09888475,41.532216999999996
Singapore,2025-03-15 18:00:00,24.331768500000003,34.70648825
Singapore,2025-03-16 00:00:00,27.923646750000003,40.085638249999995
Singapore,2025-03-16 06:00:00,23.843100000000003,34.55508625
Singapore,2025-03-16 12:00:00,20.399767750000002,29.45202475
Singapore,2025-03-16 18:00:00,9.673286225,14.0536115
Singapore,2025-03-17 00:00:00,5.736921975,8.390884425000001
Singapore,2025-03-17 06:00:00,11.23916595,16.41763
Singapore,2025-03-17 12:00:00,19.326811999999997,27.92485475
Singapore,2025-03-17 18:00:00,11.9828485,17.48912825
Singapore,2025-03-18 00:00:00,26.3737545,38.719690750000005
Singapore,2025-03-18 06:00:00,23.37249325,35.1851955
Singapore,2025-03-18 12:00:00,25.62462975,38.70549375
Singapore,2025-03-18 18:00:00,20.041966249999998,31.09499875
Singapore,2025-03-19 00:00:00,19.522872250000002,30.052888250000002
Singapore,2025-03-19 06:00:00,25.747411250000003,38.94145075
Singapore,2025-03-19 12:00:00,24.3106795,36.6513575
Singapore,2025-03-19 18:00:00,18.45089025,28.18450225
Singapore,2025-03-20 00:00:00,18.60962575,28.921136
Singapore,2025-03-20 06:00:00,25.933289249999998,38.866488499999996
Singapore,2025-03-20 12:00:00,27.470647999999997,42.35305124999999
Singapore,2025-03-20 18:00:00,19.462760250000002,30.480151499999998
Singapore,2025-03-21 00:00:00,22.23850975,34.73564925
Singapore,2025-03-21 06:00:00,21.93785075,34.571002
Singapore,2025-03-21 12:00:00,24.353411750000003,37.70730975
Singapore,2025-03-21 18:00:00,15.78462175,25.28020125
Singapore,2025-03-22 00:00:00,12.1406175,18.97115
Singapore,2025-03-22 06:00:00,15.231663,23.368358
Singapore,2025-03-22 12:00:00,16.97451075,25.68566475
Singapore,2025-03-22 18:00:00,11.3509485,17.3906755
Singapore,2025-03-23 00:00:00,11.3514035,17.63874025
Singapore,2025-03-23 06:00:00,16.96159325,25.5395775
Singapore,2025-03-23 12:00:00,22.693029749999997,33.38908525
Singapore,2025-03-23 18:00:00,16.062244875,24.0504505
Singapore,2025-03-24 00:00:00,13.585122375,20.943844249999998
Singapore,2025-03-24 06:00:00,17.63203275,26.679515749999997
Singapore,2025-03-24 12:00:00,21.23513825,31.10284325
Singapore,2025-03-24 18:00:00,13.74655775,20.29946725
Singapore,2025-03-25 00:00:00,16.18536775,24.1739145
Singapore,2025-03-25 06:00:00,25.665116249999997,37.579240999999996
Singapore,2025-03-25 12:00:00,33.201644,47.61409425
Singapore,2025-03-25 18:00:00,24.976657749999998,35.6026255
Singapore,2025-03-26 00:00:00,36.413467499999996,51.665778499999995
Singapore,2025-03-26 06:00:00,35.18798075,50.048982
Singapore,2025-03-26 12:00:00,44.221878000000004,62.45573949999999
Singapore,2025-03-26 18:00:00,30.04532825,42.2554085
Singapore,2025-03-27 00:00:00,25.217786999999998,35.409357500000006
Singapore,2025-03-27 06:00:00,29.722713249999998,41.99591725
Singapore,2025-03-27 12:00:00,34.23158975,48.289963
Singapore,2025-03-27 18:00:00,27.69783675,39.00584025
Singapore,2025-03-28 00:00:00,27.0953535,38.3579395
Singapore,2025-03-28 06:00:00,30.55473025,43.617006499999995
Singapore,2025-03-28 12:00:00,41.36119025000001,58.476302499999996
Singapore,2025-03-28 18:00:00,27.28336325,38.38852125
Singapore,2025-03-29 00:00:00,27.11689725,38.15682675
Singapore,2025-03-29 06:00:00,30.22036275,42.751239250000005
Singapore,2025-03-29 12:00:00,40.1245115,56.7633125
Singapore,2025-03-29 18:00:00,26.740594000000005,37.7481795
Singapore,2025-03-30 00:00:00,22.7873045,32.1400075
Singapore,2025-03-30 06:00:00,23.08872375,32.66239899999999
Singapore,2025-03-30 12:00:00,29.74298475,42.046209499999996
Singapore,2025-03-30 18:00:00,20.056689000000002,28.243931749999998
Singapore,2025-03-31 00:00:00,4.153235909999999,5.8711294249999995
Singapore,2025-03-31 06:00:00,14.085500999999999,19.94575925
Singapore,2025-03-31 12:00:00,29.924052250000003,42.39841175
Singapore,2025-03-31 18:00:00,22.2344025,31.33192175
Singapore,2025-04-01 00:00:00,18.555624499999997,26.17753125
Singapore,2025-04-01 06:00:00,25.41437975,36.13268975
Singapore,2025-04-01 12:00:00,38.080564499999994,53.89901475
Singapore,2025-04-01 18:00:00,30.412309250000003,43.0836745
Singapore,2025-04-02 00:00:00,4.670709975,6.69001575
Singapore,2025-04-02 06:00:00,12.99632425,18.513049000000002
Singapore,2025-04-02 12:00:00,25.42395775,36.097362
Singapore,2025-04-02 18:00:00,18.63782,26.44924275
Singapore,2025-04-03 00:00:00,18.20671975,26.047814250000002
Singapore,2025-04-03 06:00:00,21.55511675,30.9327105
Singapore,2025-04-03 12:00:00,23.429869375000003,33.426573
Singapore,2025-04-03 18:00:00,15.257939,21.636992499999998
Singapore,2025-04-04 00:00:00,11.57326325,16.43798
Singapore,2025-04-04 06:00:00,15.874306375,22.69526075
Singapore,2025-04-04 12:00:00,20.08759775,28.64231925
Singapore,2025-04-04 18:00:00,10.034455075,14.511954500000002
Singapore,2025-04-05 00:00:00,10.605049375,15.527575625
Singapore,2025-04-05 06:00:00,15.57111775,22.905936500000003
Singapore,2025-04-05 12:00:00,30.33622425,43.42851425
Singapore,2025-04-05 18:00:00,22.30979175,32.00261775
Singapore,2025-04-06 00:00:00,18.95818975,27.141141
Singapore,2025-04-06 06:00:00,17.248140749999997,24.87911375
Singapore,2025-04-06 12:00:00,20.06103725,28.644464499999998
Singapore,2025-04-06 18:00:00,15.169718149999998,21.63201875
Singapore,2025-04-07 00:00:00,3.3933814975,4.8272567175
Singapore,2025-04-07 06:00:00,11.023388375,15.760719000000002
Singapore,2025-04-07 12:00:00,21.52626175,30.628427749999997
Singapore,2025-04-07 18:00:00,17.18780125,24.46830625
Singapore,2025-04-08 00:00:00,19.87700675,28.362365
Singapore,2025-04-08 06:00:00,23.70390475,33.862249999999996
Singapore,2025-04-08 12:00:00,25.212329875,35.929361500000006
Singapore,2025-04-08 18:00:00,19.5927895,27.84963725
Singapore,2025-04-09 00:00:00,15.756313500000001,22.41563375
Singapore,2025-04-09 06:00:00,17.47102375,24.94365925
Singapore,2025-04-09 12:00:00,26.849676000000002,38.12030525
Singapore,2025-04-09 18:00:00,24.091804,34.164145
Singapore,2025-04-10 00:00:00,13.51367,19.164304
Singapore,2025-04-10 06:00:00,15.42406375,21.965320000000002
Singapore,2025-04-10 12:00:00,24.1112585,34.281299999999995
Singapore,2025-04-10 18:00:00,18.79965325,26.7191925
Singapore,2025-04-11 00:00:00,22.040808249999998,31.30759325
Singapore,2025-04-11 06:00:00,18.480307125,26.317536750000002
Singapore,2025-04-11 12:00:00,32.655207749999995,46.375532750000005
Singapore,2025-04-11 18:00:00,21.06372675,29.884006
Singapore,2025-04-12 00:00:00,2.770320825,3.91719375
Singapore,2025-04-12 06:00:00,13.0297905,18.568457000000002
Singapore,2025-04-12 12:00:00,26.7255305,37.9436355
Singapore,2025-04-12 18:00:00,12.475425000000001,17.7112725
Singapore,2025-04-13 00:00:00,17.84690075,25.292593
Singapore,2025-04-13 06:00:00,21.060032000000003,29.995305999999996
Singapore,2025-04-13 12:00:00,26.83111675,38.072528
Singapore,2025-04-13 18:00:00,22.079462,31.311401749999998
Singapore,2025-04-14 00:00:00,13.289991375,18.83563525
Singapore,2025-04-14 06:00:00,20.6876365,29.426502
Singapore,2025-04-14 12:00:00,21.307016750000003,30.278443
Singapore,2025-04-14 18:00:00,10.965777674999998,15.616478749999999
Singapore,2025-04-15 00:00:00,9.5477049,13.570911449999999
Singapore,2025-04-15 06:00:00,18.19509525,25.953113249999998
Singapore,2025-04-15 12:00:00,24.0174815,34.195125
Singapore,2025-04-15 18:00:00,20.813672625,29.598596
Singapore,2025-04-16 00:00:00,16.978447,24.10524725
Singapore,2025-04-16 06:00:00,26.44162575,37.60328525
Singapore,2025-04-16 12:00:00,37.635573,53.437901000000004
Singapore,2025-04-16 18:00:00,20.04748,28.39351525
Singapore,2025-04-17 00:00:00,0.9831069250000002,1.393857475
Singapore,2025-04-17 06:00:00,8.44931945,11.991232900000002
Singapore,2025-04-17 12:00:00,29.4651265,41.6946195
Singapore,2025-04-17 18:00:00,31.728092250000003,44.9068125
Singapore,2025-04-18 00:00:00,14.426177725,20.46976945
Singapore,2025-04-18 06:00:00,20.1022774,28.608212749999996
Singapore,2025-04-18 12:00:00,34.209037,48.5936485
Singapore,2025-04-18 18:00:00,21.118495250000002,29.985812749999997
Singapore,2025-04-19 00:00:00,18.1507575,25.796851
Singapore,2025-04-19 06:00:00,15.37952675,21.926013
Singapore,2025-04-19 12:00:00,19.679888,27.9712825
Singapore,2025-04-19 18:00:00,16.458159249999998,23.360712250000002
Singapore,2025-04-20 00:00:00,11.660574625,16.535921125
Singapore,2025-04-20 06:00:00,16.012080625,22.80796675
Singapore,2025-04-20 12:00:00,25.68296475,36.5435825
Singapore,2025-04-20 18:00:00,20.6223375,29.27964725
Singapore,2025-04-21 00:00:00,13.545587675,19.231038
Singapore,2025-04-21 06:00:00,19.273585375,27.453808000000002
Singapore,2025-04-21 12:00:00,31.070244,44.18268475
Singapore,2025-04-21 18:00:00,25.7675195,36.62546525
Singapore,2025-04-22 00:00:00,37.979703,54.02552
Singapore,2025-04-22 06:00:00,33.94717425,48.431501000000004
Singapore,2025-04-22 12:00:00,34.10272625,48.56030925
Singapore,2025-04-22 18:00:00,28.4259725,40.373578
Singapore,2025-04-23 00:00:00,13.94187165,19.817094
Singapore,2025-04-23 06:00:00,21.225901,30.212163250000003
Singapore,2025-04-23 12:00:00,31.23457775,44.40281075
Singapore,2025-04-23 18:00:00,31.428569999999997,44.640813
Singapore,2025-04-24 00:00:00,30.452610749999998,43.275122749999994
Singapore,2025-04-24 06:00:00,29.8317955,42.4953445
Singapore,2025-04-24 12:00:00,41.439051,58.879379750000005
Singapore,2025-04-24 18:00:00,36.83692275,52.316409
Singapore,2025-04-25 00:00:00,31.429636000000002,44.590195
Singapore,2025-04-25 06:00:00,28.90969575,41.144943500000004
Singapore,2025-04-25 12:00:00,34.10281125,48.421156249999996
Singapore,2025-04-25 18:00:00,18.962708625,26.864313375000002
Singapore,2025-04-26 00:00:00,20.086190499999997,28.449449
Singapore,2025-04-26 06:00:00,15.178585500000002,21.61277725
Singapore,2025-04-26 12:00:00,25.273805749999998,35.87823
Singapore,2025-04-26 18:00:00,18.253103999999997,25.87725575
Singapore,2025-04-27 00:00:00,16.35567075,23.205871000000002
Singapore,2025-04-27 06:00:00,17.515532500000003,24.9362985
Singapore,2025-04-27 12:00:00,23.8201775,33.8058615
Singapore,2025-04-27 18:00:00,21.76946675,30.851396250000004
Singapore,2025-04-28 00:00:00,20.7461425,29.35206525
Singapore,2025-04-28 06:00:00,21.1804975,30.058317500000005
Singapore,2025-04-28 12:00:00,29.48237925,41.78940574999999
Singapore,2025-04-28 18:00:00,24.758009,35.0933645
Singapore,2025-04-29 00:00:00,23.20325625,32.92461775
Singapore,2025-04-29 06:00:00,25.01825225,35.5864245
Singapore,2025-04-29 12:00:00,38.134516000000005,54.2281095
Singapore,2025-04-29 18:00:00,18.9913295,26.9604925
Singapore,2025-04-30 00:00:00,5.133642875,7.290282249999999
Singapore,2025-04-30 06:00:00,12.39789075,17.68725625
Singapore,2025-04-30 12:00:00,19.89854325,28.31882225
Singapore,2025-04-30 18:00:00,18.14481725,25.801569
Singapore,2025-05-01 00:00:00,10.185203875,14.471879625
Singapore,2025-05-01 06:00:00,16.573096749999998,23.5929465
Singapore,2025-05-01 12:00:00,30.12985375,42.858630250000004
Singapore,2025-05-01 18:00:00,27.1699605,38.62726325
Singapore,2025-05-02 00:00:00,22.7345255,32.33299175
Singapore,2025-05-02 06:00:00,21.11887925,30.064171499999997
Singapore,2025-05-02 12:00:00,26.56064175,37.73325875
Singapore,2025-05-02 18:00:00,28.134564500000003,39.925850499999996
Singapore,2025-05-03 00:00:00,18.27436325,25.9424265
Singapore,2025-05-03 06:00:00,18.28144025,26.01078125
Singapore,2025-05-03 12:00:00,39.5302215,56.07728275
Singapore,2025-05-03 18:00:00,23.85770875,33.82354
Singapore,2025-05-04 00:00:00,15.536158999999998,22.1016305
Singapore,2025-05-04 06:00:00,15.946881124999999,22.6876295
Singapore,2025-05-04 12:00:00,29.165676,41.253712750000005
Singapore,2025-05-04 18:00:00,26.689804499999997,37.66797375
Singapore,2025-05-05 00:00:00,36.89311275,52.06402525
Singapore,2025-05-05 06:00:00,36.51166525,51.587136750000006
Singapore,2025-05-05 12:00:00,42.13740075,59.523187750000005
Singapore,2025-05-05 18:00:00,29.507531999999998,41.53400875
Singapore,2025-05-06 00:00:00,8.340748475,11.770907925000001
Singapore,2025-05-06 06:00:00,17.77071675,25.16517825
Singapore,2025-05-06 12:00:00,30.7966275,43.4857845
Singapore,2025-05-06 18:00:00,28.5941155,40.08052225
Singapore,2025-05-07 00:00:00,13.952558,19.477170249999997
Singapore,2025-05-07 06:00:00,20.55350025,28.79815525
Singapore,2025-05-07 12:00:00,30.534494,42.722263
Singapore,2025-05-07 18:00:00,22.30027025,30.9164535
Singapore,2025-05-08 00:00:00,40.223313,55.644022750000005
Singapore,2025-05-08 06:00:00,35.296708,49.1655775
Singapore,2025-05-08 12:00:00,44.14766925,61.6537365
Singapore,2025-05-08 18:00:00,38.6073115,53.858911750000004
Singapore,2025-05-09 00:00:00,31.300146499999997,43.75016275
Singapore,2025-05-09 06:00:00,31.969776249999995,45.012114249999996
Singapore,2025-05-09 12:00:00,45.184151500000006,63.5293985
Singapore,2025-05-09 18:00:00,38.84264275,54.304791
Singapore,2025-05-10 00:00:00,28.00811675,39.05495325
Singapore,2025-05-10 06:00:00,35.537014,49.688295
Singapore,2025-05-10 12:00:00,41.950642,58.825434
Singapore,2025-05-10 18:00:00,30.767409999999998,42.91700875
Singapore,2025-05-11 00:00:00,10.121311675,14.247575750000001
Singapore,2025-05-11 06:00:00,19.373374000000002,27.49325725
Singapore,2025-05-11 12:00:00,25.20312125,35.67686225
Singapore,2025-05-11 18:00:00,19.153389999999998,27.00437575
Singapore,2025-05-12 00:00:00,22.803533374999997,32.19133775
Singapore,2025-05-12 06:00:00,26.58744325,37.7557965
Singapore,2025-05-12 12:00:00,34.951597,49.614413750000004
Singapore,2025-05-12 18:00:00,35.21552125,49.9491085
Singapore,2025-05-13 00:00:00,45.728797,64.78421825000001
Singapore,2025-05-13 06:00:00,48.210737,68.4335645
Singapore,2025-05-13 12:00:00,49.810494500000004,70.60597675
Singapore,2025-05-13 18:00:00,30.56177925,43.141994749999995
Singapore,2025-05-14 00:00:00,34.6304315,48.844697249999996
Singapore,2025-05-14 06:00:00,37.65472875,53.26296575
Singapore,2025-05-14 12:00:00,43.6214125,61.5463025
Singapore,2025-05-14 18:00:00,42.134502,59.340549
Singapore,2025-05-15 00:00:00,39.66817975,55.894929
Singapore,2025-05-15 06:00:00,34.3745515,48.600781500000004
Singapore,2025-05-15 12:00:00,40.9873735,57.95297475
Singapore,2025-05-15 18:00:00,36.07362925,50.990877250000004
Singapore,2025-05-16 00:00:00,34.210132,48.350216499999995
Singapore,2025-05-16 06:00:00,33.25010325,47.37194125
Singapore,2025-05-16 12:00:00,32.8925295,46.657419
Singapore,2025-05-16 18:00:00,29.297737500000004,41.4518125
Singapore,2025-05-17 00:00:00,8.973756850000001,12.711780075
Singapore,2025-05-17 06:00:00,15.058461,21.5029275
Singapore,2025-05-17 12:00:00,22.0186675,31.256291499999996
Singapore,2025-05-17 18:00:00,14.261331625,20.186689625
Singapore,2025-05-18 00:00:00,18.473770249999998,26.108182499999998
Singapore,2025-05-18 06:00:00,23.513948,33.308851
Singapore,2025-05-18 12:00:00,24.677547,34.950375
Singapore,2025-05-18 18:00:00,17.91465825,25.264853249999998
Singapore,2025-05-19 00:00:00,21.794449250000003,30.670662249999996
Singapore,2025-05-19 06:00:00,24.54524425,34.7183685
Singapore,2025-05-19 12:00:00,29.770077999999998,41.8813785
Singapore,2025-05-19 18:00:00,19.122637750000003,26.77109025
Singapore,2025-05-20 00:00:00,3.6668269000000002,5.1691132500000005
Singapore,2025-05-20 06:00:00,4.938556225,7.02138425
Singapore,2025-05-20 12:00:00,19.463613000000002,27.44110375
Singapore,2025-05-20 18:00:00,17.46380475,24.384349
Singapore,2025-05-21 00:00:00,13.365763500000002,18.74335
Singapore,2025-05-21 06:00:00,19.075415250000002,26.99584875
Singapore,2025-05-21 12:00:00,30.588864750000003,43.061277249999996
Singapore,2025-05-21 18:00:00,21.285643625,29.786747
Singapore,2025-05-22 00:00:00,14.81782875,20.74386875
Singapore,2025-05-22 06:00:00,24.14387275,33.83911525
Singapore,2025-05-22 12:00:00,36.769222,51.15322225
Singapore,2025-05-22 18:00:00,31.7619425,43.84185125
Singapore,2025-05-23 00:00:00,15.884438750000001,22.031145000000002
Singapore,2025-05-23 06:00:00,17.08508575,24.1057025
Singapore,2025-05-23 12:00:00,24.283622750000003,34.3469535
Singapore,2025-05-23 18:00:00,24.679138625,34.801700999999994
Singapore,2025-05-24 00:00:00,19.4033305,27.497435
Singapore,2025-05-24 06:00:00,18.886879500000003,26.885431500000003
Singapore,2025-05-24 12:00:00,21.41854325,30.35415825
Singapore,2025-05-24 18:00:00,22.766755500000002,32.15677725
Singapore,2025-05-25 00:00:00,10.067708425000001,14.28611555
Singapore,2025-05-25 06:00:00,16.53722875,23.506857
Singapore,2025-05-25 12:00:00,31.334309249999997,44.432567250000005
Singapore,2025-05-25 18:00:00,26.706402,37.8026925
Singapore,2025-05-26 00:00:00,19.780145375,27.678425
Singapore,2025-05-26 06:00:00,24.653672999999998,34.559491
Singapore,2025-05-26 12:00:00,33.393575999999996,46.6195615
Singapore,2025-05-26 18:00:00,28.65704125,39.8677
Singapore,2025-05-27 00:00:00,36.0582815,50.1345325
Singapore,2025-05-27 06:00:00,36.486427,51.176243500000005
Singapore,2025-05-27 12:00:00,36.91525325,51.91827775
Singapore,2025-05-27 18:00:00,19.2297875,26.99391625
Singapore,2025-05-28 00:00:00,2.1013874799999996,2.9782540875
Singapore,2025-05-28 06:00:00,12.416649249999999,17.69672075
Singapore,2025-05-28 12:00:00,21.674111125,30.79264825
Singapore,2025-05-28 18:00:00,12.405166999999999,17.50436225
Singapore,2025-05-29 00:00:00,33.088212750000004,46.39622375
Singapore,2025-05-29 06:00:00,35.89923375,50.69978225
Singapore,2025-05-29 12:00:00,44.5807015,62.671459999999996
Singapore,2025-05-29 18:00:00,36.094889,50.597691
Singapore,2025-05-30 00:00:00,26.0979505,36.457096
Singapore,2025-05-30 06:00:00,18.1773315,25.47949325
Singapore,2025-05-30 12:00:00,23.6673255,33.04614925
Singapore,2025-05-30 18:00:00,22.78005675,31.582772
Singapore,2025-05-31 00:00:00,8.06818425,11.176439474999999
Singapore,2025-05-31 06:00:00,21.972652749999998,30.81595425
Singapore,2025-05-31 12:00:00,30.528440250000003,42.612442
Singapore,2025-05-31 18:00:00,28.349404749999998,39.183362249999995
Singapore,2025-06-01 00:00:00,6.9126143749999995,9.654314750000001
Singapore,2025-06-01 06:00:00,11.888801,16.850890625
Singapore,2025-06-01 12:00:00,22.00962975,31.1195555
Singapore,2025-06-01 18:00:00,14.902852499999998,20.871965125
Singapore,2025-06-02 00:00:00,8.380467975,11.77886585
Singapore,2025-06-02 06:00:00,12.928765499999999,18.38009225
Singapore,2025-06-02 12:00:00,23.675625000000004,33.4479465
Singapore,2025-06-02 18:00:00,16.781925374999997,23.50356025
Singapore,2025-06-03 00:00:00,20.810631375,28.824843249999997
Singapore,2025-06-03 06:00:00,26.24540225,36.698794
Singapore,2025-06-03 12:00:00,35.560789,49.42705675
Singapore,2025-06-03 18:00:00,32.95922125,45.71771225
Singapore,2025-06-04 00:00:00,16.233087649999998,22.531366875
Singapore,2025-06-04 06:00:00,22.02551725,30.85597225
Singapore,2025-06-04 12:00:00,36.055155750000004,50.33894
Singapore,2025-06-04 18:00:00,38.73607575,54.10396375
Singapore,2025-06-05 00:00:00,23.822096249999998,33.385248499999996
Singapore,2025-06-05 06:00:00,24.082169,34.060804
Singapore,2025-06-05 12:00:00,32.6298845,45.8533125
Singapore,2025-06-05 18:00:00,26.847786000000003,37.6013245
Singapore,2025-06-06 00:00:00,33.037110999999996,46.2464405
Singapore,2025-06-06 06:00:00,26.597263,37.44150975
Singapore,2025-06-06 12:00:00,32.9486625,46.272305
Singapore,2025-06-06 18:00:00,24.674732874999997,34.528398249999995
Singapore,2025-06-07 00:00:00,22.201448,31.1274565
Singapore,2025-06-07 06:00:00,19.33813125,27.425017
Singapore,2025-06-07 12:00:00,23.482755249999997,33.20190025
Singapore,2025-06-07 18:00:00,19.929587,28.03176375
Singapore,2025-06-08 00:00:00,20.76888,29.121793
Singapore,2025-06-08 06:00:00,23.592747250000002,33.2768195
Singapore,2025-06-08 12:00:00,33.83013325,47.5869225
Singapore,2025-06-08 18:00:00,28.597355750000002,39.98906125
Singapore,2025-06-09 00:00:00,11.2194128,15.74005625
Singapore,2025-06-09 06:00:00,16.023222,22.68174625
Singapore,2025-06-09 12:00:00,26.93374775,38.0359205
Singapore,2025-06-09 18:00:00,20.08266675,28.190925
Singapore,2025-06-10 00:00:00,21.27717375,29.874968499999998
Singapore,2025-06-10 06:00:00,14.08420775,20.11296375
Singapore,2025-06-10 12:00:00,22.48242475,31.87290075
Singapore,2025-06-10 18:00:00,22.57561975,31.9091665
Singapore,2025-06-11 00:00:00,10.34902675,14.658212325
Singapore,2025-06-11 06:00:00,16.7476345,23.80090775
Singapore,2025-06-11 12:00:00,22.44911475,31.7492095
Singapore,2025-06-11 18:00:00,21.237241249999997,29.983539249999996
Singapore,2025-06-12 00:00:00,33.854178250000004,47.77712125
Singapore,2025-06-12 06:00:00,27.575055500000005,39.136751
Singapore,2025-06-12 12:00:00,30.6675645,43.433800999999995
Singapore,2025-06-12 18:00:00,25.67580275,36.20408475
Singapore,2025-06-13 00:00:00,16.70960625,23.552217999999996
Singapore,2025-06-13 06:00:00,18.312022,26.03928825
Singapore,2025-06-13 12:00:00,23.99858075,34.08888425
Singapore,2025-06-13 18:00:00,14.8764345,21.09351225
Singapore,2025-06-14 00:00:00,10.019817875000001,14.264230750000001
Singapore,2025-06-14 06:00:00,15.68503175,22.5039685
Singapore,2025-06-14 12:00:00,21.370738,30.43180625
Singapore,2025-06-14 18:00:00,12.126378250000002,17.210140875
Singapore,2025-06-15 00:00:00,10.1163095,14.328890125000001
Singapore,2025-06-15 06:00:00,17.845423,25.31027125
Singapore,2025-06-15 12:00:00,22.917106500000003,32.30866225
Singapore,2025-06-15 18:00:00,16.14907325,22.6211795
Singapore,2025-06-16 00:00:00,6.19581905,8.7185583
Singapore,2025-06-16 06:00:00,12.431144125,17.61577525
Singapore,2025-06-16 12:00:00,24.388214250000004,34.591494
Singapore,2025-06-16 18:00:00,16.40458425,23.2265625
Singapore,2025-06-17 00:00:00,11.338855375,16.035301
Singapore,2025-06-17 06:00:00,19.7511555,28.1090135
Singapore,2025-06-17 12:00:00,25.5207055,36.2474565
Singapore,2025-06-17 18:00:00,17.99003275,25.522325499999997
Singapore,2025-06-18 00:00:00,24.5226915,34.926586750000006
Singapore,2025-06-18 06:00:00,25.354978499999998,36.708343500000005
Singapore,2025-06-18 12:00:00,33.3182585,47.682021750000004
Singapore,2025-06-18 18:00:00,30.03958725,42.75551675
Singapore,2025-06-19 00:00:00,30.757405500000004,43.90301475
Singapore,2025-06-19 06:00:00,28.541933,41.0678925
Singapore,2025-06-19 12:00:00,35.45125075,50.277662750000005
Singapore,2025-06-19 18:00:00,31.42244475,44.403946499999996
Singapore,2025-06-20 00:00:00,31.6436515,44.4776455
Singapore,2025-06-20 06:00:00,33.592471,47.66377525
Singapore,2025-06-20 12:00:00,37.177642250000005,52.57152250000001
Singapore,2025-06-20 18:00:00,30.014277500000002,42.380179500000004
Singapore,2025-06-21 00:00:00,25.830857750000003,36.30404425
Singapore,2025-06-21 06:00:00,23.050234,32.583045750000004
Singapore,2025-06-21 12:00:00,27.62385575,38.87828375
Singapore,2025-06-21 18:00:00,23.774020999999998,33.4743505
Singapore,2025-06-22 00:00:00,28.62123075,40.452619
Singapore,2025-06-22 06:00:00,25.11364975,35.767982499999995
Singapore,2025-06-22 12:00:00,34.765548249999995,48.8807925
Singapore,2025-06-22 18:00:00,37.42815075,52.66019825
Singapore,2025-06-23 00:00:00,25.382292,35.776054
Singapore,2025-06-23 06:00:00,24.678257499999997,34.984652
Singapore,2025-06-23 12:00:00,31.928834500000004,45.0226595
Singapore,2025-06-23 18:00:00,29.361985,41.31928275
Singapore,2025-06-24 00:00:00,31.826062249999996,44.815465
Singapore,2025-06-24 06:00:00,25.70718075,36.47051
Singapore,2025-06-24 12:00:00,28.230033,39.9028865
Singapore,2025-06-24 18:00:00,14.944248250000001,21.103915250000004
Singapore,2025-06-25 00:00:00,19.22828125,27.182864
Singapore,2025-06-25 06:00:00,19.84099625,28.23963975
Singapore,2025-06-25 12:00:00,23.269706,32.98202925
Singapore,2025-06-25 18:00:00,13.99723725,19.8447765
Singapore,2025-06-26 00:00:00,0.11112888325,0.1610374075
Singapore,2025-06-26 06:00:00,10.6840615,15.337789749999999
Singapore,2025-06-26 12:00:00,20.817623,29.577620500000002
Singapore,2025-06-26 18:00:00,17.61736725,24.953294500000002
Singapore,2025-06-27 00:00:00,17.25817375,24.367807250000002
Singapore,2025-06-27 06:00:00,20.646610000000003,29.37815675
Singapore,2025-06-27 12:00:00,34.660956,48.898073
Singapore,2025-06-27 18:00:00,24.778444125,34.845072
Singapore,2025-06-28 00:00:00,27.1973025,38.122465500000004
Singapore,2025-06-28 06:00:00,34.70313425,48.99908375
Singapore,2025-06-28 12:00:00,31.12711525,44.129024
Singapore,2025-06-28 18:00:00,24.28765825,34.36881025
Singapore,2025-06-29 00:00:00,0.0,0.0
Singapore,2025-06-29 06:00:00,3.62206265,5.15706235
Singapore,2025-06-29 12:00:00,20.7297715,29.4160145
Singapore,2025-06-29 18:00:00,19.31353225,27.4675645
Singapore,2025-06-30 00:00:00,24.613939249999998,35.013414499999996
Singapore,2025-06-30 06:00:00,23.915504249999998,34.16886325
Singapore,2025-06-30 12:00:00,33.067891,46.983274
Singapore,2025-06-30 18:00:00,36.81912975,52.1603175
Singapore,2025-07-01 00:00:00,43.241115,61.18094100000001
Singapore,2025-07-01 06:00:00,30.6558265,43.650971
Singapore,2025-07-01 12:00:00,33.5942325,47.47693099999999
Singapore,2025-07-01 18:00:00,23.4883115,33.198176999999994
Singapore,2025-07-02 00:00:00,26.192424,37.0355905
Singapore,2025-07-02 06:00:00,28.87350075,40.85677575
Singapore,2025-07-02 12:00:00,41.9493065,59.107265
Singapore,2025-07-02 18:00:00,35.76793975,50.22386025
Singapore,2025-07-03 00:00:00,24.268629750000002,33.948737
Singapore,2025-07-03 06:00:00,24.942096499999998,35.02816525
Singapore,2025-07-03 12:00:00,28.9246315,40.5324845
Singapore,2025-07-03 18:00:00,23.1688375,32.30840675
Singapore,2025-07-04 00:00:00,15.149695,21.214162750000003
Singapore,2025-07-04 06:00:00,18.908395,26.68019775
Singapore,2025-07-04 12:00:00,21.371420250000003,30.17794375
Singapore,2025-07-04 18:00:00,22.884591999999998,32.1262805
Singapore,2025-07-05 00:00:00,22.39767125,31.392801499999997
Singapore,2025-07-05 06:00:00,24.08748425,33.83414075
Singapore,2025-07-05 12:00:00,32.83980725,46.07068125
Singapore,2025-07-05 18:00:00,27.289700999999997,38.2780745
Singapore,2025-07-06 00:00:00,8.432266481,11.9034668025
Singapore,2025-07-06 06:00:00,11.1238025,15.805198999999998
Singapore,2025-07-06 12:00:00,23.402208,32.95917825
Singapore,2025-07-06 18:00:00,21.26604675,29.849559499999994
Singapore,2025-07-07 00:00:00,2.7237945249999997,3.8465942500000003
Singapore,2025-07-07 06:00:00,7.408914525,10.5272307
Singapore,2025-07-07 12:00:00,14.81799935,21.008304499999998
Singapore,2025-07-07 18:00:00,9.028809675,12.747193525
Singapore,2025-07-08 00:00:00,26.69719425,37.55599225
Singapore,2025-07-08 06:00:00,22.0638015,31.294689750000003
Singapore,2025-07-08 12:00:00,25.59414725,36.117399000000006
Singapore,2025-07-08 18:00:00,22.51243825,31.71152225
Singapore,2025-07-09 00:00:00,11.5895775,16.2997935
Singapore,2025-07-09 06:00:00,14.08983525,19.962499
Singapore,2025-07-09 12:00:00,25.369502,35.841708249999996
Singapore,2025-07-09 18:00:00,22.98880075,32.592794250000004
Singapore,2025-07-10 00:00:00,11.756156950000001,16.66400325
Singapore,2025-07-10 06:00:00,16.541832749999998,23.593315999999998
Singapore,2025-07-10 12:00:00,26.49022675,37.502615999999996
Singapore,2025-07-10 18:00:00,25.134028375,35.501728
Singapore,2025-07-11 00:00:00,27.43908575,38.69629975
Singapore,2025-07-11 06:00:00,26.542522749999996,37.60129625
Singapore,2025-07-11 12:00:00,29.1499875,41.20471425
Singapore,2025-07-11 18:00:00,18.3334805,25.917729249999997
Singapore,2025-07-12 00:00:00,3.2385685250000003,4.611195
Singapore,2025-07-12 06:00:00,11.664994349999999,16.67808675
Singapore,2025-07-12 12:00:00,17.4520665,24.815051625
Singapore,2025-07-12 18:00:00,13.793083900000001,19.58855525
Singapore,2025-07-13 00:00:00,17.74262175,25.263063
Singapore,2025-07-13 06:00:00,24.267336500000003,34.71848275
Singapore,2025-07-13 12:00:00,32.156321750000004,45.776801
Singapore,2025-07-13 18:00:00,28.9333855,41.117402500000004
Singapore,2025-07-14 00:00:00,23.086755999999998,32.81544949999999
Singapore,2025-07-14 06:00:00,22.743052000000002,32.53984425
Singapore,2025-07-14 12:00:00,27.72617325,39.4437615
Singapore,2025-07-14 18:00:00,17.3311035,24.684141
Singapore,2025-07-15 00:00:00,28.9955155,41.450618999999996
Singapore,2025-07-15 06:00:00,28.07928475,40.176872
Singapore,2025-07-15 12:00:00,28.17284875,40.06892575
Singapore,2025-07-15 18:00:00,20.52172475,29.0998515
Singapore,2025-07-16 00:00:00,11.124257,15.748525999999998
Singapore,2025-07-16 06:00:00,17.750096499999998,25.276847500000002
Singapore,2025-07-16 12:00:00,28.697173,40.490704
Singapore,2025-07-16 18:00:00,21.989763250000003,31.031419500000002
Singapore,2025-07-17 00:00:00,21.694404249999998,30.705450499999994
Singapore,2025-07-17 06:00:00,20.833568,29.734906000000002
Singapore,2025-07-17 12:00:00,28.80563,40.55903
Singapore,2025-07-17 18:00:00,21.983311,31.029515
Singapore,2025-07-18 00:00:00,21.1314275,29.81326475
Singapore,2025-07-18 06:00:00,24.154531,34.240884
Singapore,2025-07-18 12:00:00,35.846312250000004,50.35332125
Singapore,2025-07-18 18:00:00,32.26159625,45.39856475
Singapore,2025-07-19 00:00:00,18.043862999999998,25.3900225
Singapore,2025-07-19 06:00:00,18.24969325,25.99142575
Singapore,2025-07-19 12:00:00,34.8701405,49.1251055
Singapore,2025-07-19 18:00:00,25.05507275,35.45312575
Singapore,2025-07-20 00:00:00,43.87902625,62.015316750000004
Singapore,2025-07-20 06:00:00,32.8157625,46.54168625
Singapore,2025-07-20 12:00:00,37.632105,52.972723
Singapore,2025-07-20 18:00:00,30.588921500000005,42.907288750000006
Singapore,2025-07-21 00:00:00,21.37335275,29.815850999999995
Singapore,2025-07-21 06:00:00,18.99633175,26.74363475
Singapore,2025-07-21 12:00:00,29.817783249999998,42.149167500000004
Singapore,2025-07-21 18:00:00,27.24794925,38.374025749999994
Singapore,2025-07-22 00:00:00,33.0086035,46.319712499999994
Singapore,2025-07-22 06:00:00,33.97676075,47.909310250000004
Singapore,2025-07-22 12:00:00,38.1920415,53.784901
Singapore,2025-07-22 18:00:00,30.03111675,42.13023875
Singapore,2025-07-23 00:00:00,33.94148975,47.761460750000005
Singapore,2025-07-23 06:00:00,34.30761775,48.711513
Singapore,2025-07-23 12:00:00,31.382228499999997,44.46570725
Singapore,2025-07-23 18:00:00,22.75646675,32.1311975
Singapore,2025-07-24 00:00:00,21.73874225,30.68768725
Singapore,2025-07-24 06:00:00,20.871652750000003,29.6770395
Singapore,2025-07-24 12:00:00,27.99743,39.71717925
Singapore,2025-07-24 18:00:00,24.934934,35.24468175
Singapore,2025-07-25 00:00:00,28.8190165,40.845208
Singapore,2025-07-25 06:00:00,30.337929499999998,43.1136865
Singapore,2025-07-25 12:00:00,34.9073725,49.39943225
Singapore,2025-07-25 18:00:00,23.202233,32.6886035
Singapore,2025-07-26 00:00:00,25.97803925,36.35287275
Singapore,2025-07-26 06:00:00,26.4613505,37.1975945
Singapore,2025-07-26 12:00:00,32.71298925,45.9671125
Singapore,2025-07-26 18:00:00,31.3319645,43.9566035
Singapore,2025-07-27 00:00:00,18.466835325,26.0423008
Singapore,2025-07-27 06:00:00,15.586095749999998,22.124084
Singapore,2025-07-27 12:00:00,26.438442499999997,37.417294
Singapore,2025-07-27 18:00:00,14.771757150000001,20.8472245
Singapore,2025-07-28 00:00:00,11.695476349999998,16.4606605
Singapore,2025-07-28 06:00:00,15.975103750000002,22.633003
Singapore,2025-07-28 12:00:00,23.1908645,32.770117500000005
Singapore,2025-07-28 18:00:00,14.931401874999999,20.942280874999998
Singapore,2025-07-29 00:00:00,16.274029,22.91190525
Singapore,2025-07-29 06:00:00,21.48937025,30.35654575
Singapore,2025-07-29 12:00:00,23.36668075,32.985212499999996
Singapore,2025-07-29 18:00:00,16.688034000000002,23.535278749999996
Singapore,2025-07-30 00:00:00,17.03493525,24.09632325
Singapore,2025-07-30 06:00:00,19.55692125,27.906139749999998
Singapore,2025-07-30 12:00:00,24.8248855,35.267703000000004
Singapore,2025-07-30 18:00:00,16.282911125,23.063137374999997
Singapore,2025-07-31 00:00:00,27.04976475,38.439680249999995
Singapore,2025-07-31 06:00:00,29.795274,42.733518
Singapore,2025-07-31 12:00:00,28.577119,40.75195625
Singapore,2025-07-31 18:00:00,18.4340365,26.0428695
Singapore,2025-08-01 00:00:00,11.960821625,16.78813525
Singapore,2025-08-01 06:00:00,16.538593,23.481902499999997
Singapore,2025-08-01 12:00:00,26.30145025,37.17957525
Singapore,2025-08-01 18:00:00,17.30518275,24.54953625
Singapore,2025-08-02 00:00:00,21.148594,29.9446585
Singapore,2025-08-02 06:00:00,23.5962715,33.71633275
Singapore,2025-08-02 12:00:00,33.57530425,47.41013975
Singapore,2025-08-02 18:00:00,23.793234,33.65346375
Singapore,2025-08-03 00:00:00,14.772752,20.86903825
Singapore,2025-08-03 06:00:00,20.41792875,29.292209749999998
Singapore,2025-08-03 12:00:00,29.84421575,42.3075335
Singapore,2025-08-03 18:00:00,21.777197,30.79526275
Singapore,2025-08-04 00:00:00,12.771550874999999,18.060291125000003
Singapore,2025-08-04 06:00:00,19.125309,27.48862475
Singapore,2025-08-04 12:00:00,35.10115225,49.7163335
Singapore,2025-08-04 18:00:00,22.16702925,31.371968250000002
Singapore,2025-08-05 00:00:00,31.924003250000002,46.052349250000006
Singapore,2025-08-05 06:00:00,32.856462,46.429249250000005
Singapore,2025-08-05 12:00:00,37.468795,51.610243999999994
Singapore,2025-08-05 18:00:00,31.363143249999997,43.0041215
Singapore,2025-08-06 00:00:00,10.119620625,14.10998625
Singapore,2025-08-06 06:00:00,14.484044125,20.581751375
Singapore,2025-08-06 12:00:00,22.21776175,31.316858000000003
Singapore,2025-08-06 18:00:00,19.092851500000002,26.750057875
Singapore,2025-08-07 00:00:00,19.24757975,26.830833000000002
Singapore,2025-08-07 06:00:00,20.97607425,29.514069499999998
Singapore,2025-08-07 12:00:00,25.30475725,35.62109875
Singapore,2025-08-07 18:00:00,19.59335825,27.482087500000002
Singapore,2025-08-08 00:00:00,20.71521975,28.962290499999998
Singapore,2025-08-08 06:00:00,21.598396,30.443061749999995
Singapore,2025-08-08 12:00:00,27.53012,38.776022499999996
Singapore,2025-08-08 18:00:00,25.626434125,36.0068095
Singapore,2025-08-09 00:00:00,22.54569125,31.778484125000006
Singapore,2025-08-09 06:00:00,25.1437775,35.661629
Singapore,2025-08-09 12:00:00,31.154002000000002,44.119361
Singapore,2025-08-09 18:00:00,27.000226499999997,38.108112000000006
Singapore,2025-08-10 00:00:00,12.649707125,17.873787875
Singapore,2025-08-10 06:00:00,24.55652775,34.80010925
Singapore,2025-08-10 12:00:00,38.0650245,53.782514
Singapore,2025-08-10 18:00:00,30.805665749999996,43.40932900000001
Singapore,2025-08-11 00:00:00,22.462757,31.574472499999995
Singapore,2025-08-11 06:00:00,22.172542749999998,31.248845499999998
Singapore,2025-08-11 12:00:00,25.57337125,36.095684500000004
Singapore,2025-08-11 18:00:00,19.592306750000002,27.60609125
Singapore,2025-08-12 00:00:00,30.596823,43.08861925
Singapore,2025-08-12 06:00:00,28.93295875,41.04981575
Singapore,2025-08-12 12:00:00,32.17621675,45.53453425
Singapore,2025-08-12 18:00:00,27.31093225,38.493283
Singapore,2025-08-13 00:00:00,11.602878624999999,16.332023875
Singapore,2025-08-13 06:00:00,18.5746105,26.24614075
Singapore,2025-08-13 12:00:00,23.6802295,33.44058525
Singapore,2025-08-13 18:00:00,15.694297749999999,22.0810535
Singapore,2025-08-14 00:00:00,11.932627125000002,16.831677499999998
Singapore,2025-08-14 06:00:00,18.004016,25.6629845
Singapore,2025-08-14 12:00:00,24.0892175,34.1591145
Singapore,2025-08-14 18:00:00,15.0261314,21.3350405
Singapore,2025-08-15 00:00:00,11.365159499999999,16.1310255
Singapore,2025-08-15 06:00:00,17.3128,24.67913875
Singapore,2025-08-15 12:00:00,22.1860715,31.42753275
Singapore,2025-08-15 18:00:00,18.614273,26.07819725
Singapore,2025-08-16 00:00:00,15.472380500000002,21.68235375
Singapore,2025-08-16 06:00:00,19.378831,27.442410750000004
Singapore,2025-08-16 12:00:00,25.15366775,35.5994415
Singapore,2025-08-16 18:00:00,17.619584250000003,24.945507000000003
Singapore,2025-08-17 00:00:00,18.189951,25.770760000000003
Singapore,2025-08-17 06:00:00,21.01808175,30.17169125
Singapore,2025-08-17 12:00:00,24.0427625,34.20157625
Singapore,2025-08-17 18:00:00,15.289089125,21.83001875
Singapore,2025-08-18 00:00:00,14.963376250000001,21.2424995
Singapore,2025-08-18 06:00:00,16.4435225,23.558072999999997
Singapore,2025-08-18 12:00:00,24.492806,34.85581575
Singapore,2025-08-18 18:00:00,18.67964275,26.519018250000002
Singapore,2025-08-19 00:00:00,21.180824,30.101261500000003
Singapore,2025-08-19 06:00:00,26.6432495,37.972939000000004
Singapore,2025-08-19 12:00:00,30.17248675,42.837712
Singapore,2025-08-19 18:00:00,26.9108115,38.110272249999994
Singapore,2025-08-20 00:00:00,14.165237925,20.0503795
Singapore,2025-08-20 06:00:00,19.37476675,27.508917750000002
Singapore,2025-08-20 12:00:00,25.096341000000002,35.55058475
Singapore,2025-08-20 18:00:00,15.445991249999999,21.74803625
Singapore,2025-08-21 00:00:00,10.5883371,14.85204825
Singapore,2025-08-21 06:00:00,19.002783,26.932696
Singapore,2025-08-21 12:00:00,30.726568000000004,43.38886575
Singapore,2025-08-21 18:00:00,31.19382075,44.003555999999996
Singapore,2025-08-22 00:00:00,5.9784498,8.464610425
Singapore,2025-08-22 06:00:00,10.683209000000002,15.157382875
Singapore,2025-08-22 12:00:00,26.68809875,37.672805499999996
Singapore,2025-08-22 18:00:00,18.329899349999998,25.6939075
Singapore,2025-08-23 00:00:00,20.486482,28.86065425
Singapore,2025-08-23 06:00:00,27.43132675,39.065185
Singapore,2025-08-23 12:00:00,40.6523385,57.627857999999996
Singapore,2025-08-23 18:00:00,36.319705,51.49331575
Singapore,2025-08-24 00:00:00,17.3012325,24.641394875
Singapore,2025-08-24 06:00:00,17.8633855,25.482450250000003
Singapore,2025-08-24 12:00:00,21.8688285,31.312169
Singapore,2025-08-24 18:00:00,16.8289775,24.0386836
Singapore,2025-08-25 00:00:00,7.18435445,10.272856325
Singapore,2025-08-25 06:00:00,11.57326325,16.501815
Singapore,2025-08-25 12:00:00,20.614181,29.28351225
Singapore,2025-08-25 18:00:00,13.8559529,19.6726544
Singapore,2025-08-26 00:00:00,10.663711625,15.204989
Singapore,2025-08-26 06:00:00,13.95369525,19.908839
Singapore,2025-08-26 12:00:00,25.559757,36.28082325
Singapore,2025-08-26 18:00:00,24.55587375,34.718226
Singapore,2025-08-27 00:00:00,36.38638175,51.113203750000004
Singapore,2025-08-27 06:00:00,36.71812025,51.826759
Singapore,2025-08-27 12:00:00,31.810145500000004,44.979401
Singapore,2025-08-27 18:00:00,20.714793250000003,29.3302375
Singapore,2025-08-28 00:00:00,23.0840835,32.733283
Singapore,2025-08-28 06:00:00,28.67830075,40.822613
Singapore,2025-08-28 12:00:00,37.252505750000005,52.863527749999996
Singapore,2025-08-28 18:00:00,37.08254325,52.5704995
Singapore,2025-08-29 00:00:00,30.088131000000004,42.60925825
Singapore,2025-08-29 06:00:00,31.6435945,44.96416775
Singapore,2025-08-29 12:00:00,48.380741,68.4386235
Singapore,2025-08-29 18:00:00,45.119662749999996,63.789003750000006
Singapore,2025-08-30 00:00:00,24.73211675,35.035554749999996
Singapore,2025-08-30 06:00:00,21.66368075,30.998251249999996
Singapore,2025-08-30 12:00:00,31.061034750000005,44.2065015
Singapore,2025-08-30 18:00:00,21.02049725,29.86627075
Singapore,2025-08-31 00:00:00,2.573415245,3.6479832625
Singapore,2025-08-31 06:00:00,9.69674825,13.854787375
Singapore,2025-08-31 12:00:00,20.024458625,28.4721865
Singapore,2025-08-31 18:00:00,16.512729,23.379812
Surakarta,2024-09-01 00:00:00,15.10619525,21.59902125
Surakarta,2024-09-01 06:00:00,14.786337625,20.79968925
Surakarta,2024-09-01 12:00:00,17.925401499999996,24.56653175
Surakarta,2024-09-01 18:00:00,20.16790275,27.181429
Surakarta,2024-09-02 00:00:00,31.572852750000003,41.9375685
Surakarta,2024-09-02 06:00:00,21.2253325,28.83700775
Surakarta,2024-09-02 12:00:00,20.429070250000002,28.1020785
Surakarta,2024-09-02 18:00:00,18.898362,26.11727725
Surakarta,2024-09-03 00:00:00,19.07079625,26.73812125
Surakarta,2024-09-03 06:00:00,18.41579,26.1117065
Surakarta,2024-09-03 12:00:00,22.80035,31.634612750000002
Surakarta,2024-09-03 18:00:00,26.16911825,36.4115065
Surakarta,2024-09-04 00:00:00,21.25955225,30.3232355
Surakarta,2024-09-04 06:00:00,18.25787875,26.81429125
Surakarta,2024-09-04 12:00:00,20.013885499999997,29.07017875
Surakarta,2024-09-04 18:00:00,20.451494875,29.51702525
Surakarta,2024-09-05 00:00:00,15.65297225,22.84116375
Surakarta,2024-09-05 06:00:00,13.477119875,20.010475
Surakarta,2024-09-05 12:00:00,18.831997375,27.521423249999998
Surakarta,2024-09-05 18:00:00,29.5042925,42.35184275
Surakarta,2024-09-06 00:00:00,21.516882499999998,31.673664249999995
Surakarta,2024-09-06 06:00:00,14.39650525,21.747951
Surakarta,2024-09-06 12:00:00,17.555294,26.187876749999997
Surakarta,2024-09-06 18:00:00,18.8243235,27.6947955
Surakarta,2024-09-07 00:00:00,36.430037750000004,53.3626685
Surakarta,2024-09-07 06:00:00,21.02399325,32.01864725
Surakarta,2024-09-07 12:00:00,23.36787475,35.29658
Surakarta,2024-09-07 18:00:00,25.435611,37.48897325
Surakarta,2024-09-08 00:00:00,25.77525025,38.247095
Surakarta,2024-09-08 06:00:00,19.9830765,30.779688249999996
Surakarta,2024-09-08 12:00:00,28.74253375,42.484202
Surakarta,2024-09-08 18:00:00,28.119870000000002,41.0852295
Surakarta,2024-09-09 00:00:00,24.14373075,35.86660575
Surakarta,2024-09-09 06:00:00,18.325011,28.073941
Surakarta,2024-09-09 12:00:00,23.803749749999998,35.069434
Surakarta,2024-09-09 18:00:00,33.94109175,48.554056249999995
Surakarta,2024-09-10 00:00:00,27.0878785,39.541248499999995
Surakarta,2024-09-10 06:00:00,28.7368495,42.541842499999994
Surakarta,2024-09-10 12:00:00,31.223976499999996,44.916533
Surakarta,2024-09-10 18:00:00,36.019116499999996,51.3239805
Surakarta,2024-09-11 00:00:00,27.59981025,39.86070875
Surakarta,2024-09-11 06:00:00,22.606741500000002,33.192918750000004
Surakarta,2024-09-11 12:00:00,25.0960855,36.06726325
Surakarta,2024-09-11 18:00:00,27.459847850000003,39.040941249999996
Surakarta,2024-09-12 00:00:00,33.547764,47.994035000000004
Surakarta,2024-09-12 06:00:00,22.5638815,32.85202875
Surakarta,2024-09-12 12:00:00,23.40510725,33.37976325
Surakarta,2024-09-12 18:00:00,30.26637775,42.68105125
Surakarta,2024-09-13 00:00:00,9.83482105,14.121155875000001
Surakarta,2024-09-13 06:00:00,7.549942874999999,10.963162875
Surakarta,2024-09-13 12:00:00,15.637510749999999,22.619247
Surakarta,2024-09-13 18:00:00,25.33136025,36.34738775
Surakarta,2024-09-14 00:00:00,27.58827125,39.493671
Surakarta,2024-09-14 06:00:00,12.676196000000001,18.034257
Surakarta,2024-09-14 12:00:00,16.940930375,23.72451
Surakarta,2024-09-14 18:00:00,27.763206625,38.6796155
Surakarta,2024-09-15 00:00:00,33.865432750000004,47.08834925
Surakarta,2024-09-15 06:00:00,14.955333000000001,21.01808175
Surakarta,2024-09-15 12:00:00,18.2280075,25.552310499999997
Surakarta,2024-09-15 18:00:00,29.545361749999998,41.375671249999996
Surakarta,2024-09-16 00:00:00,8.477911725,11.9866285
Surakarta,2024-09-16 06:00:00,9.56762835,13.616272500000001
Surakarta,2024-09-16 12:00:00,16.5174045,23.022636499999997
Surakarta,2024-09-16 18:00:00,22.026029625000003,30.73017725
Surakarta,2024-09-17 00:00:00,10.448218325,14.720797
Surakarta,2024-09-17 06:00:00,10.30588225,14.614187000000001
Surakarta,2024-09-17 12:00:00,22.66415325,31.32421975
Surakarta,2024-09-17 18:00:00,35.08505125,48.64986699999999
Surakarta,2024-09-18 00:00:00,12.528459824999999,17.615547999999997
Surakarta,2024-09-18 06:00:00,8.352287749999999,12.064106124999999
Surakarta,2024-09-18 12:00:00,15.526495500000001,21.990104
Surakarta,2024-09-18 18:00:00,22.450535875,31.767598125000003
Surakarta,2024-09-19 00:00:00,14.193631250000001,20.13189275
Surakarta,2024-09-19 06:00:00,10.5704885,14.93361875
Surakarta,2024-09-19 12:00:00,17.59704575,23.97547425
Surakarta,2024-09-19 18:00:00,30.53798975,41.904656
Surakarta,2024-09-20 00:00:00,1.8336549750000002,2.595925225
Surakarta,2024-09-20 06:00:00,11.27378375,16.039365
Surakarta,2024-09-20 12:00:00,16.291920949999998,22.96928875
Surakarta,2024-09-20 18:00:00,25.641611375,36.028837
Surakarta,2024-09-21 00:00:00,47.986191000000005,67.072334
Surakarta,2024-09-21 06:00:00,27.547856,38.33315525
Surakarta,2024-09-21 12:00:00,26.69389675,37.029281
Surakarta,2024-09-21 18:00:00,39.89902075,55.54352425
Surakarta,2024-09-22 00:00:00,62.8314185,86.8650425
Surakarta,2024-09-22 06:00:00,50.344567749999996,69.63517999999999
Surakarta,2024-09-22 12:00:00,49.956725250000005,68.67446775
Surakarta,2024-09-22 18:00:00,59.497949250000005,82.17517775
Surakarta,2024-09-23 00:00:00,50.535277,70.17229075
Surakarta,2024-09-23 06:00:00,39.853603,55.900955
Surakarta,2024-09-23 12:00:00,38.92029075,54.843951499999996
Surakarta,2024-09-23 18:00:00,52.2530285,73.57488075
Surakarta,2024-09-24 00:00:00,41.82635425,59.01165325
Surakarta,2024-09-24 06:00:00,36.577546,51.923961750000004
Surakarta,2024-09-24 12:00:00,41.862108,59.11050525
Surakarta,2024-09-24 18:00:00,41.599292500000004,58.51575225
Surakarta,2024-09-25 00:00:00,16.248918749999998,22.98759225
Surakarta,2024-09-25 06:00:00,21.2439775,30.21551675
Surakarta,2024-09-25 12:00:00,34.80852275,49.1543225
Surakarta,2024-09-25 18:00:00,39.754070250000005,56.0887655
Surakarta,2024-09-26 00:00:00,23.35468725,33.08491625
Surakarta,2024-09-26 06:00:00,18.941222000000003,26.92922825
Surakarta,2024-09-26 12:00:00,31.444130350000005,44.425461750000004
Surakarta,2024-09-26 18:00:00,34.654306,48.964068749999996
Surakarta,2024-09-27 00:00:00,25.7192315,36.344659
Surakarta,2024-09-27 06:00:00,15.727295250000001,22.26505575
Surakarta,2024-09-27 12:00:00,33.578743375,47.30583225
Surakarta,2024-09-27 18:00:00,37.3847225,52.601649
Surakarta,2024-09-28 00:00:00,28.152470249999997,39.844224000000004
Surakarta,2024-09-28 06:00:00,17.965646749999998,25.76689475
Surakarta,2024-09-28 12:00:00,30.8061205,44.01039225
Surakarta,2024-09-28 18:00:00,37.81404675,53.8508685
Surakarta,2024-09-29 00:00:00,42.28508025,60.883678
Surakarta,2024-09-29 06:00:00,19.88649975,29.1302625
Surakarta,2024-09-29 12:00:00,32.61141025,46.957438499999995
Surakarta,2024-09-29 18:00:00,47.51585475,67.931353
Surakarta,2024-09-30 00:00:00,48.380398500000005,69.64921899999999
Surakarta,2024-09-30 06:00:00,23.34493825,34.8109665
Surakarta,2024-09-30 12:00:00,41.021167,58.8609625
Surakarta,2024-09-30 18:00:00,46.8756125,66.72627299999999
Surakarta,2024-10-01 00:00:00,31.48582525,45.255774499999994
Surakarta,2024-10-01 06:00:00,16.67160625,24.69661825
Surakarta,2024-10-01 12:00:00,26.053044500000002,37.717342
Surakarta,2024-10-01 18:00:00,29.38209325,42.03916125
Surakarta,2024-10-02 00:00:00,39.931450749999996,57.815384249999994
Surakarta,2024-10-02 06:00:00,25.796794,37.6511765
Surakarta,2024-10-02 12:00:00,29.011147250000004,41.4850665
Surakarta,2024-10-02 18:00:00,39.28890675,54.86359075
Surakarta,2024-10-03 00:00:00,49.06127025,68.34989025
Surakarta,2024-10-03 06:00:00,32.469131,44.9126675
Surakarta,2024-10-03 12:00:00,40.34979,55.464966249999996
Surakarta,2024-10-03 18:00:00,44.54352649999999,61.40146425
Surakarta,2024-10-04 00:00:00,53.16275075,72.91163125
Surakarta,2024-10-04 06:00:00,34.5115155,47.642687
Surakarta,2024-10-04 12:00:00,35.17601575,48.732941749999995
Surakarta,2024-10-04 18:00:00,44.934609249999994,62.632807250000006
Surakarta,2024-10-05 00:00:00,30.017901250000005,42.12984075
Surakarta,2024-10-05 06:00:00,23.10031275,32.66154625
Surakarta,2024-10-05 12:00:00,28.65459675,40.525492
Surakarta,2024-10-05 18:00:00,33.10538025,46.405262
Surakarta,2024-10-06 00:00:00,32.564741500000004,45.761452999999996
Surakarta,2024-10-06 06:00:00,23.32080825,33.01943225
Surakarta,2024-10-06 12:00:00,31.02854875,43.68450825
Surakarta,2024-10-06 18:00:00,37.2916415,52.438337250000004
Surakarta,2024-10-07 00:00:00,26.6007875,37.70333025
Surakarta,2024-10-07 06:00:00,19.2003425,27.6116335
Surakarta,2024-10-07 12:00:00,26.95304625,38.889198
Surakarta,2024-10-07 18:00:00,29.004695750000003,41.457893999999996
Surakarta,2024-10-08 00:00:00,42.476642999999996,61.360822000000006
Surakarta,2024-10-08 06:00:00,22.88561525,33.29478225
Surakarta,2024-10-08 12:00:00,24.08989975,34.519985
Surakarta,2024-10-08 18:00:00,31.8766525,45.15999275
Surakarta,2024-10-09 00:00:00,33.7010705,47.88842075
Surakarta,2024-10-09 06:00:00,16.97770825,24.35103875
Surakarta,2024-10-09 12:00:00,20.61591425,29.209104250000003
Surakarta,2024-10-09 18:00:00,26.452312,37.2863265
Surakarta,2024-10-10 00:00:00,24.7588045,34.96427325
Surakarta,2024-10-10 06:00:00,15.506998499999998,22.209292249999997
Surakarta,2024-10-10 12:00:00,20.27957225,28.955582500000002
Surakarta,2024-10-10 18:00:00,30.737425375,43.419220249999995
Surakarta,2024-10-11 00:00:00,24.73353775,35.03930675
Surakarta,2024-10-11 06:00:00,17.13246425,24.49090175
Surakarta,2024-10-11 12:00:00,23.238684,33.0901455
Surakarta,2024-10-11 18:00:00,33.938022249999996,48.16763575
Surakarta,2024-10-12 00:00:00,29.4000985,41.937710499999994
Surakarta,2024-10-12 06:00:00,20.018092,29.0269215
Surakarta,2024-10-12 12:00:00,26.78262925,38.46435025
Surakarta,2024-10-12 18:00:00,25.9744295,37.26552225
Surakarta,2024-10-13 00:00:00,20.5039895,29.70216425
Surakarta,2024-10-13 06:00:00,16.35373775,23.92670275
Surakarta,2024-10-13 12:00:00,20.867787749999998,30.029951749999995
Surakarta,2024-10-13 18:00:00,23.0354545,33.01084875
Surakarta,2024-10-14 00:00:00,26.08769025,37.6246585
Surakarta,2024-10-14 06:00:00,18.89918625,27.1909925
Surakarta,2024-10-14 12:00:00,22.73665725,31.74056925
Surakarta,2024-10-14 18:00:00,26.5931135,36.268375750000004
Surakarta,2024-10-15 00:00:00,16.193098375,22.147219
Surakarta,2024-10-15 06:00:00,14.981395625,21.08112075
Surakarta,2024-10-15 12:00:00,17.553262,24.42271825
Surakarta,2024-10-15 18:00:00,19.66037625,27.3955725
Surakarta,2024-10-16 00:00:00,13.6540165,19.3572305
Surakarta,2024-10-16 06:00:00,9.558078875,13.941757999999998
Surakarta,2024-10-16 12:00:00,11.1894706,16.399610499999998
Surakarta,2024-10-16 18:00:00,13.293458874999999,19.1487855
Surakarta,2024-10-17 00:00:00,12.744237499999999,18.3342765
Surakarta,2024-10-17 06:00:00,12.11481075,17.414151750000002
Surakarta,2024-10-17 12:00:00,17.0514625,24.26017425
Surakarta,2024-10-17 18:00:00,17.820212875000003,25.359924
Surakarta,2024-10-18 00:00:00,5.016360625,7.286985225
Surakarta,2024-10-18 06:00:00,13.330549000000001,19.17192125
Surakarta,2024-10-18 12:00:00,17.620664,25.31913875
Surakarta,2024-10-18 18:00:00,26.990989250000002,38.34816225
Surakarta,2024-10-19 00:00:00,46.494903,66.13390725
Surakarta,2024-10-19 06:00:00,34.7398835,49.31592875
Surakarta,2024-10-19 12:00:00,36.422918,51.6261875
Surakarta,2024-10-19 18:00:00,38.18115575,53.985558000000005
Surakarta,2024-10-20 00:00:00,40.6955675,57.610350499999996
Surakarta,2024-10-20 06:00:00,32.7293605,46.531681000000006
Surakarta,2024-10-20 12:00:00,37.477676,53.12835975
Surakarta,2024-10-20 18:00:00,29.22962525,41.424071749999996
Surakarta,2024-10-21 00:00:00,14.7413175,20.960897000000003
Surakarta,2024-10-21 06:00:00,16.31775625,23.3329445
Surakarta,2024-10-21 12:00:00,23.577115750000004,33.489726499999996
Surakarta,2024-10-21 18:00:00,27.87942275,39.3622485
Surakarta,2024-10-22 00:00:00,23.777147749999997,33.748619500000004
Surakarta,2024-10-22 06:00:00,14.29640425,20.7000425
Surakarta,2024-10-22 12:00:00,15.714874875000001,22.7190075
Surakarta,2024-10-22 18:00:00,14.02378315,20.226593750000003
Surakarta,2024-10-23 00:00:00,21.29945625,31.4137195
Surakarta,2024-10-23 06:00:00,11.66617375,17.599916
Surakarta,2024-10-23 12:00:00,14.042314,20.595422
Surakarta,2024-10-23 18:00:00,14.263719075000001,20.79605115
Surakarta,2024-10-24 00:00:00,15.36767525,22.6187925
Surakarta,2024-10-24 06:00:00,10.89749475,16.32238875
Surakarta,2024-10-24 12:00:00,16.372340124999997,23.778198749999998
Surakarta,2024-10-24 18:00:00,20.129761000000002,28.871738750000002
Surakarta,2024-10-25 00:00:00,14.425836499999999,20.961778250000002
Surakarta,2024-10-25 06:00:00,11.449167000000001,16.696475500000002
Surakarta,2024-10-25 12:00:00,16.413502,23.354473875
Surakarta,2024-10-25 18:00:00,16.423655375,23.161561250000002
Surakarta,2024-10-26 00:00:00,24.424935,34.62332625
Surakarta,2024-10-26 06:00:00,18.45334875,26.5149965
Surakarta,2024-10-26 12:00:00,22.0648815,31.14570325
Surakarta,2024-10-26 18:00:00,24.504459,34.386744
Surakarta,2024-10-27 00:00:00,15.195723749999999,21.71395875
Surakarta,2024-10-27 06:00:00,15.471030500000001,22.2159145
Surakarta,2024-10-27 12:00:00,21.147222749999997,30.010795500000004
Surakarta,2024-10-27 18:00:00,25.500753749999998,36.1190479
Surakarta,2024-10-28 00:00:00,26.110910750000002,37.84816725
Surakarta,2024-10-28 06:00:00,18.231702249999998,26.34993725
Surakarta,2024-10-28 12:00:00,15.740354625,22.745922500000002
Surakarta,2024-10-28 18:00:00,16.147935999999998,23.090706
Surakarta,2024-10-29 00:00:00,23.32004125,33.304559499999996
Surakarta,2024-10-29 06:00:00,18.59163475,26.06489575
Surakarta,2024-10-29 12:00:00,22.45785425,30.583237249999996
Surakarta,2024-10-29 18:00:00,23.4029615,31.257428250000004
Surakarta,2024-10-30 00:00:00,21.61249325,28.60926425
Surakarta,2024-10-30 06:00:00,16.004847,21.17407375
Surakarta,2024-10-30 12:00:00,23.02716275,30.86766725
Surakarta,2024-10-30 18:00:00,25.85504425,34.954752
Surakarta,2024-10-31 00:00:00,25.98488925,35.16413475
Surakarta,2024-10-31 06:00:00,19.98203875,27.50100225
Surakarta,2024-10-31 12:00:00,32.376504999999995,44.74034775
Surakarta,2024-10-31 18:00:00,31.234947499999997,43.347086000000004
Surakarta,2024-11-01 00:00:00,24.945166000000004,34.823415499999996
Surakarta,2024-11-01 06:00:00,20.28954775,28.677817625
Surakarta,2024-11-01 12:00:00,27.45511605,38.674727000000004
Surakarta,2024-11-01 18:00:00,41.28511925,58.253989250000004
Surakarta,2024-11-02 00:00:00,16.608624125,23.57137385
Surakarta,2024-11-02 06:00:00,12.772602525,18.171747
Surakarta,2024-11-02 12:00:00,21.375058250000002,30.389031750000004
Surakarta,2024-11-02 18:00:00,29.26913125,41.47406675
Surakarta,2024-11-03 00:00:00,45.315914750000005,64.22738
Surakarta,2024-11-03 06:00:00,34.148726249999996,48.279986
Surakarta,2024-11-03 12:00:00,42.8018445,60.227223
Surakarta,2024-11-03 18:00:00,45.482353,64.13136949999999
Surakarta,2024-11-04 00:00:00,23.011352750000004,32.49715525
Surakarta,2024-11-04 06:00:00,13.934425000000001,19.734357999999997
Surakarta,2024-11-04 12:00:00,32.84118575,46.48151925
Surakarta,2024-11-04 18:00:00,41.3794515,58.61596775
Surakarta,2024-11-05 00:00:00,33.27249975,47.247113750000004
Surakarta,2024-11-05 06:00:00,19.970855,28.4967145
Surakarta,2024-11-05 12:00:00,30.799355750000004,43.947295749999995
Surakarta,2024-11-05 18:00:00,44.09957925,62.612570749999996
Surakarta,2024-11-06 00:00:00,42.20737525,59.96980725
Surakarta,2024-11-06 06:00:00,25.0814765,35.7697445
Surakarta,2024-11-06 12:00:00,46.041407250000006,64.9396275
Surakarta,2024-11-06 18:00:00,64.9287125,91.8121245
Surakarta,2024-11-07 00:00:00,42.5907275,60.23174124999999
Surakarta,2024-11-07 06:00:00,24.4633045,34.524191
Surakarta,2024-11-07 12:00:00,35.23410875,49.29063375
Surakarta,2024-11-07 18:00:00,50.515581499999996,70.912079
Surakarta,2024-11-08 00:00:00,65.185759,91.088452
Surakarta,2024-11-08 06:00:00,39.38272675,54.85833325
Surakarta,2024-11-08 12:00:00,37.2818645,51.433403999999996
Surakarta,2024-11-08 18:00:00,35.415851999999994,48.6377885
Surakarta,2024-11-09 00:00:00,27.52563,37.723566749999996
Surakarta,2024-11-09 06:00:00,17.509137375,24.35641
Surakarta,2024-11-09 12:00:00,25.73506225,36.09373775
Surakarta,2024-11-09 18:00:00,21.90964225,30.759395
Surakarta,2024-11-10 00:00:00,30.499933499999997,42.637395749999996
Surakarta,2024-11-10 06:00:00,25.10211075,35.03856775
Surakarta,2024-11-10 12:00:00,36.83705125,51.16544325
Surakarta,2024-11-10 18:00:00,38.0609605,53.259724750000004
Surakarta,2024-11-11 00:00:00,39.510837249999994,55.495889
Surakarta,2024-11-11 06:00:00,30.96755575,43.816215
Surakarta,2024-11-11 12:00:00,39.25414675,55.42523175
Surakarta,2024-11-11 18:00:00,37.0171445,52.294296249999995
Surakarta,2024-11-12 00:00:00,48.7892465,68.922872
Surakarta,2024-11-12 06:00:00,36.289535,51.385243
Surakarta,2024-11-12 12:00:00,38.136491,53.66243375
Surakarta,2024-11-12 18:00:00,52.553559,74.15758375
Surakarta,2024-11-13 00:00:00,61.92362775000001,87.557738
Surakarta,2024-11-13 06:00:00,43.503916499999995,61.70770950000001
Surakarta,2024-11-13 12:00:00,58.972545249999996,82.89239725
Surakarta,2024-11-13 18:00:00,77.3911775,109.11162625
Surakarta,2024-11-14 00:00:00,95.68384475,134.98129250000002
Surakarta,2024-11-14 06:00:00,58.207945,81.956215
Surakarta,2024-11-14 12:00:00,53.574411,75.009837
Surakarta,2024-11-14 18:00:00,59.95900725,84.08045425
Surakarta,2024-11-15 00:00:00,80.39731325,112.92564899999999
Surakarta,2024-11-15 06:00:00,48.833242250000005,69.138267
Surakarta,2024-11-15 12:00:00,58.393653,81.7535695
Surakarta,2024-11-15 18:00:00,49.43149124999999,69.1884455
Surakarta,2024-11-16 00:00:00,67.3098985,94.0212025
Surakarta,2024-11-16 06:00:00,61.816728749999996,86.6809975
Surakarta,2024-11-16 12:00:00,58.72985225,81.5733325
Surakarta,2024-11-16 18:00:00,66.16407674999999,92.3645165
Surakarta,2024-11-17 00:00:00,53.49954825,74.8821095
Surakarta,2024-11-17 06:00:00,34.6082485,48.6053865
Surakarta,2024-11-17 12:00:00,38.922492999999996,54.4382885
Surakarta,2024-11-17 18:00:00,38.76522225,54.518210999999994
Surakarta,2024-11-18 00:00:00,24.462736,34.578989
Surakarta,2024-11-18 06:00:00,14.377342,20.30670025
Surakarta,2024-11-18 12:00:00,26.34270425,37.129439
Surakarta,2024-11-18 18:00:00,34.32390425,48.57875575
Surakarta,2024-11-19 00:00:00,48.985867500000005,69.3689225
Surakarta,2024-11-19 06:00:00,32.02714525,45.20413175
Surakarta,2024-11-19 12:00:00,39.877513,56.1892365
Surakarta,2024-11-19 18:00:00,38.144974999999995,53.85868575000001
Surakarta,2024-11-20 00:00:00,37.340442,52.789005249999995
Surakarta,2024-11-20 06:00:00,20.741595,29.4152755
Surakarta,2024-11-20 12:00:00,31.00760175,43.783102750000005
Surakarta,2024-11-20 18:00:00,38.32428675,54.2155475
Surakarta,2024-11-21 00:00:00,43.343334500000005,61.37747675000001
Surakarta,2024-11-21 06:00:00,20.704703499999997,29.448414999999997
Surakarta,2024-11-21 12:00:00,38.112773000000004,53.937979999999996
Surakarta,2024-11-21 18:00:00,40.419522,57.198406
Surakarta,2024-11-22 00:00:00,61.9859865,87.76402124999998
Surakarta,2024-11-22 06:00:00,34.09199675,48.535014000000004
Surakarta,2024-11-22 12:00:00,30.14682175,42.64067875
Surakarta,2024-11-22 18:00:00,35.873653999999995,50.693842
Surakarta,2024-11-23 00:00:00,48.20518025,68.11490025
Surakarta,2024-11-23 06:00:00,38.4235365,54.45782875
Surakarta,2024-11-23 12:00:00,52.554198750000005,73.96703
Surakarta,2024-11-23 18:00:00,45.6595325,64.3452155
Surakarta,2024-11-24 00:00:00,47.413976749999996,66.86576550000001
Surakarta,2024-11-24 06:00:00,33.078095,46.927141999999996
Surakarta,2024-11-24 12:00:00,36.86602625,51.98416075
Surakarta,2024-11-24 18:00:00,26.476982,37.4361095
Surakarta,2024-11-25 00:00:00,32.96976575,46.71099449999999
Surakarta,2024-11-25 06:00:00,21.3299815,30.418604249999998
Surakarta,2024-11-25 12:00:00,31.331765499999996,44.1628165
Surakarta,2024-11-25 18:00:00,19.944081999999998,28.16570075
Surakarta,2024-11-26 00:00:00,22.02111175,31.151301999999998
Surakarta,2024-11-26 06:00:00,11.53462425,16.55146775
Surakarta,2024-11-26 12:00:00,25.8814055,36.46148625
Surakarta,2024-11-26 18:00:00,43.58942425,61.60318925
Surakarta,2024-11-27 00:00:00,42.66280525,60.43089175
Surakarta,2024-11-27 06:00:00,16.529760500000002,23.79037775
Surakarta,2024-11-27 12:00:00,27.28648975,38.32607825
Surakarta,2024-11-27 18:00:00,25.947059499999998,36.791020875
Surakarta,2024-11-28 00:00:00,16.829815749999998,24.17689875
Surakarta,2024-11-28 06:00:00,8.390393999999999,12.661644
Surakarta,2024-11-28 12:00:00,21.516954,30.714645000000004
Surakarta,2024-11-28 18:00:00,18.353105675000002,26.3148935
Surakarta,2024-11-29 00:00:00,11.712373225,16.813004375
Surakarta,2024-11-29 06:00:00,9.48304545,14.161969375
Surakarta,2024-11-29 12:00:00,26.311085000000002,37.580634
Surakarta,2024-11-29 18:00:00,35.92521125,51.14125575
Surakarta,2024-11-30 00:00:00,29.447804625,42.07206025
Surakarta,2024-11-30 06:00:00,10.143097,15.055121499999998
Surakarta,2024-11-30 12:00:00,23.98121535,34.258363499999994
Surakarta,2024-11-30 18:00:00,21.333733,30.653325125
Surakarta,2024-12-01 00:00:00,24.006936850000002,34.383049375
Surakarta,2024-12-01 06:00:00,7.085901575,10.536666749999998
Surakarta,2024-12-01 12:00:00,26.0574495,36.980693
Surakarta,2024-12-01 18:00:00,28.897432074999998,41.112998
Surakarta,2024-12-02 00:00:00,36.436233574999996,51.87203475
Surakarta,2024-12-02 06:00:00,13.2261065,18.991826500000002
Surakarta,2024-12-02 12:00:00,25.622995,36.056974000000004
Surakarta,2024-12-02 18:00:00,29.125758,40.73012875
Surakarta,2024-12-03 00:00:00,31.112549,43.27326075
Surakarta,2024-12-03 06:00:00,16.107663,21.906771749999997
Surakarta,2024-12-03 12:00:00,27.121345249999997,37.332455
Surakarta,2024-12-03 18:00:00,26.6582845,37.263020499999996
Surakarta,2024-12-04 00:00:00,38.165382,54.0365485
Surakarta,2024-12-04 06:00:00,19.316346,27.73418825
Surakarta,2024-12-04 12:00:00,27.639245749999997,38.76215275
Surakarta,2024-12-04 18:00:00,33.703401125,47.473662
Surakarta,2024-12-05 00:00:00,38.82314525,54.824879499999994
Surakarta,2024-12-05 06:00:00,23.033266,32.726034999999996
Surakarta,2024-12-05 12:00:00,39.23072675,55.151189875
Surakarta,2024-12-05 18:00:00,32.07485125,45.299912500000005
Surakarta,2024-12-06 00:00:00,39.786045,56.385034499999996
Surakarta,2024-12-06 06:00:00,25.1591105,35.840202
Surakarta,2024-12-06 12:00:00,34.113633,48.28802875
Surakarta,2024-12-06 18:00:00,40.64119775,57.5587365
Surakarta,2024-12-07 00:00:00,71.46898825,101.26330974999999
Surakarta,2024-12-07 06:00:00,35.228438499999996,50.327685
Surakarta,2024-12-07 12:00:00,39.86925625,56.484098249999995
Surakarta,2024-12-07 18:00:00,51.937078,73.60247975
Surakarta,2024-12-08 00:00:00,51.755905000000006,73.4969485
Surakarta,2024-12-08 06:00:00,24.977438499999998,35.760749000000004
Surakarta,2024-12-08 12:00:00,29.80057425,42.3600015
Surakarta,2024-12-08 18:00:00,23.727835499999998,33.810749875
Surakarta,2024-12-09 00:00:00,25.4638625,36.513825
Surakarta,2024-12-09 06:00:00,14.19421375,20.98163075
Surakarta,2024-12-09 12:00:00,28.936185,41.447478000000004
Surakarta,2024-12-09 18:00:00,26.225493,37.5885355
Surakarta,2024-12-10 00:00:00,22.5196005,32.48516075
Surakarta,2024-12-10 06:00:00,8.7452463,13.484566375
Surakarta,2024-12-10 12:00:00,16.522946575,24.2558825
Surakarta,2024-12-10 18:00:00,23.087550925,33.5152775
Surakarta,2024-12-11 00:00:00,34.413731000000006,49.651803750000006
Surakarta,2024-12-11 06:00:00,12.4860265,18.652030850000003
Surakarta,2024-12-11 12:00:00,19.922012749999997,28.79747325
Surakarta,2024-12-11 18:00:00,32.3240385,46.1624125
Surakarta,2024-12-12 00:00:00,42.154383,60.267708999999996
Surakarta,2024-12-12 06:00:00,19.169704125000003,28.181673500000002
Surakarta,2024-12-12 12:00:00,30.994847499999995,44.360747
Surakarta,2024-12-12 18:00:00,40.83464937499999,58.03853725
Surakarta,2024-12-13 00:00:00,44.88818225,63.733949499999994
Surakarta,2024-12-13 06:00:00,22.5873575,32.366188
Surakarta,2024-12-13 12:00:00,41.752016999999995,58.65291575
Surakarta,2024-12-13 18:00:00,38.199501500000004,54.16072225
Surakarta,2024-12-14 00:00:00,49.84883575,70.91909925
Surakarta,2024-12-14 06:00:00,23.8901385,34.738747
Surakarta,2024-12-14 12:00:00,35.39247475,50.49028575
Surakarta,2024-12-14 18:00:00,36.82701725,52.6064815
Surakarta,2024-12-15 00:00:00,38.37533275,54.93620775
Surakarta,2024-12-15 06:00:00,22.015243,31.897570750000003
Surakarta,2024-12-15 12:00:00,30.626068749999998,43.625476500000005
Surakarta,2024-12-15 18:00:00,39.494808,56.08421875
Surakarta,2024-12-16 00:00:00,51.173573000000005,72.8337555
Surakarta,2024-12-16 06:00:00,20.531502000000003,29.85135
Surakarta,2024-12-16 12:00:00,41.45242475,58.86930425
Surakarta,2024-12-16 18:00:00,40.8637685,58.172531
Surakarta,2024-12-17 00:00:00,58.38661875,83.2213785
Surakarta,2024-12-17 06:00:00,24.14621725,35.02550775
Surakarta,2024-12-17 12:00:00,32.39831875,46.270543
Surakarta,2024-12-17 18:00:00,28.479021749999998,40.81857825
Surakarta,2024-12-18 00:00:00,31.155366749999995,44.8199275
Surakarta,2024-12-18 06:00:00,9.835901125,15.122253750000002
Surakarta,2024-12-18 12:00:00,24.688589250000003,35.58380975
Surakarta,2024-12-18 18:00:00,38.773734250000004,55.36870199999999
Surakarta,2024-12-19 00:00:00,55.96859775,80.45540650000001
Surakarta,2024-12-19 06:00:00,15.29119225,23.126830249999998
Surakarta,2024-12-19 12:00:00,25.182288375000002,36.483527
Surakarta,2024-12-19 18:00:00,36.00973825,51.483653249999996
Surakarta,2024-12-20 00:00:00,51.3905145,73.132526
Surakarta,2024-12-20 06:00:00,19.71960725,28.69774075
Surakarta,2024-12-20 12:00:00,28.958794499999996,41.701583
Surakarta,2024-12-20 18:00:00,38.9306935,55.43822
Surakarta,2024-12-21 00:00:00,63.51353974999999,90.2598175
Surakarta,2024-12-21 06:00:00,35.53030625,51.096392
Surakarta,2024-12-21 12:00:00,38.453465,54.5723115
Surakarta,2024-12-21 18:00:00,44.162390499999994,62.654862
Surakarta,2024-12-22 00:00:00,54.5750815,77.465161
Surakarta,2024-12-22 06:00:00,27.2805355,39.30338725
Surakarta,2024-12-22 12:00:00,41.23181425,58.349683250000005
Surakarta,2024-12-22 18:00:00,42.11133975,59.7528645
Surakarta,2024-12-23 00:00:00,23.665648925,33.59460275
Surakarta,2024-12-23 06:00:00,13.0924606,19.00744475
Surakarta,2024-12-23 12:00:00,22.113390250000002,31.55568575
Surakarta,2024-12-23 18:00:00,25.31203315,36.171286125
Surakarta,2024-12-24 00:00:00,48.84236625,70.844664
Surakarta,2024-12-24 06:00:00,23.157923750000002,34.540932
Surakarta,2024-12-24 12:00:00,29.188314000000002,41.794521
Surakarta,2024-12-24 18:00:00,37.603087,53.5167145
Surakarta,2024-12-25 00:00:00,40.097731249999995,57.1723145
Surakarta,2024-12-25 06:00:00,18.05172175,26.356545750000002
Surakarta,2024-12-25 12:00:00,28.340338,40.75286625
Surakarta,2024-12-25 18:00:00,29.437785499999997,42.47081625
Surakarta,2024-12-26 00:00:00,35.18931625,50.971636
Surakarta,2024-12-26 06:00:00,12.705641250000001,19.30720825
Surakarta,2024-12-26 12:00:00,24.3056066,35.268513625
Surakarta,2024-12-26 18:00:00,28.337439250000003,40.9946775
Surakarta,2024-12-27 00:00:00,33.739411,49.07082025
Surakarta,2024-12-27 06:00:00,16.617917499999997,25.546598250000002
Surakarta,2024-12-27 12:00:00,26.8683915,38.779618
Surakarta,2024-12-27 18:00:00,34.158120375,48.64702474999999
Surakarta,2024-12-28 00:00:00,47.10935325,66.81119625
Surakarta,2024-12-28 06:00:00,13.05267,19.16205875
Surakarta,2024-12-28 12:00:00,25.48533475,36.342156749999994
Surakarta,2024-12-28 18:00:00,34.37675425,48.839183
Surakarta,2024-12-29 00:00:00,37.557214,53.3998165
Surakarta,2024-12-29 06:00:00,13.393361124999998,19.647586750000002
Surakarta,2024-12-29 12:00:00,26.38705625,37.954351
Surakarta,2024-12-29 18:00:00,33.87649025,48.32139675
Surakarta,2024-12-30 00:00:00,43.31076325,61.743662750000006
Surakarta,2024-12-30 06:00:00,18.094397,26.94116575
Surakarta,2024-12-30 12:00:00,30.552058750000004,44.55958375
Surakarta,2024-12-30 18:00:00,31.698049499999996,45.72675125
Surakarta,2024-12-31 00:00:00,39.33573199999999,56.42928525
Surakarta,2024-12-31 06:00:00,19.70784075,28.8998195
Surakarta,2024-12-31 12:00:00,31.552631250000005,45.261971
Surakarta,2024-12-31 18:00:00,29.5226955,42.04048275
Surakarta,2025-01-01 00:00:00,48.843532249999996,69.145642
Surakarta,2025-01-01 06:00:00,25.849203499999998,36.986790750000004
Surakarta,2025-01-01 12:00:00,36.548627499999995,51.43562025
Surakarta,2025-01-01 18:00:00,32.03029975,45.35144100000001
Surakarta,2025-01-02 00:00:00,45.51644325,64.2953925
Surakarta,2025-01-02 06:00:00,27.783698750000003,39.544602250000004
Surakarta,2025-01-02 12:00:00,34.4739135,47.82907575
Surakarta,2025-01-02 18:00:00,38.67978675,53.6865625
Surakarta,2025-01-03 00:00:00,31.23963675,43.471403125
Surakarta,2025-01-03 06:00:00,12.912863499999998,17.903886500000002
Surakarta,2025-01-03 12:00:00,24.96980775,34.373215
Surakarta,2025-01-03 18:00:00,45.685283125000005,63.7483305
Surakarta,2025-01-04 00:00:00,44.88413125,62.5043975
Surakarta,2025-01-04 06:00:00,13.152942,18.28442475
Surakarta,2025-01-04 12:00:00,20.12969675,27.873682
Surakarta,2025-01-04 18:00:00,23.1856915,32.47191625
Surakarta,2025-01-05 00:00:00,35.22006875,49.227650499999996
Surakarta,2025-01-05 06:00:00,9.619498,13.358317
Surakarta,2025-01-05 12:00:00,22.815243000000002,31.595035999999997
Surakarta,2025-01-05 18:00:00,37.152702,52.020851500000006
Surakarta,2025-01-06 00:00:00,32.91904705,46.31212425
Surakarta,2025-01-06 06:00:00,13.48202275,18.9352535
Surakarta,2025-01-06 12:00:00,31.098536575,43.363471499999996
Surakarta,2025-01-06 18:00:00,30.62982025,42.897057
Surakarta,2025-01-07 00:00:00,38.158589250000006,53.79413925
Surakarta,2025-01-07 06:00:00,17.07064725,24.150494625
Surakarta,2025-01-07 12:00:00,27.058149750000002,38.0049415
Surakarta,2025-01-07 18:00:00,44.7972185,62.87461900000001
Surakarta,2025-01-08 00:00:00,53.54084475,75.28279675
Surakarta,2025-01-08 06:00:00,24.048859250000003,33.9326505
Surakarta,2025-01-08 12:00:00,39.79674525,55.719255000000004
Surakarta,2025-01-08 18:00:00,44.762558750000004,62.87362575
Surakarta,2025-01-09 00:00:00,25.6114275,36.15801375
Surakarta,2025-01-09 06:00:00,13.415416500000001,19.1855065
Surakarta,2025-01-09 12:00:00,32.329069000000004,45.72029875
Surakarta,2025-01-09 18:00:00,37.686589000000005,53.424345249999995
Surakarta,2025-01-10 00:00:00,37.728241749999995,53.550962250000005
Surakarta,2025-01-10 06:00:00,17.394427125,24.995955499999997
Surakarta,2025-01-10 12:00:00,33.0817185,46.842330249999996
Surakarta,2025-01-10 18:00:00,38.81764675,55.1149235
Surakarta,2025-01-11 00:00:00,28.288184625,40.2493475
Surakarta,2025-01-11 06:00:00,11.8135973,17.27880775
Surakarta,2025-01-11 12:00:00,27.7451306,39.70018275
Surakarta,2025-01-11 18:00:00,34.010383499999996,48.61567575000001
Surakarta,2025-01-12 00:00:00,38.995039999999996,55.72704175
Surakarta,2025-01-12 06:00:00,12.305974749999999,18.11693575
Surakarta,2025-01-12 12:00:00,22.9879905,32.8124375
Surakarta,2025-01-12 18:00:00,24.019555875000002,34.22192725
Surakarta,2025-01-13 00:00:00,42.508049,60.50879700000001
Surakarta,2025-01-13 06:00:00,17.954832250000003,25.939073
Surakarta,2025-01-13 12:00:00,34.01187575,47.56643125
Surakarta,2025-01-13 18:00:00,39.1736135,54.95510925000001
Surakarta,2025-01-14 00:00:00,47.5123155,66.6602635
Surakarta,2025-01-14 06:00:00,16.813714875,23.584221
Surakarta,2025-01-14 12:00:00,29.61857625,41.338723375
Surakarta,2025-01-14 18:00:00,34.27385325,48.149615499999996
Surakarta,2025-01-15 00:00:00,43.575767,61.110881250000006
Surakarta,2025-01-15 06:00:00,15.867698499999998,22.242403499999998
Surakarta,2025-01-15 12:00:00,21.4984015,30.1143075
Surakarta,2025-01-15 18:00:00,34.604951,48.7249845
Surakarta,2025-01-16 00:00:00,47.98616325,67.62138575
Surakarta,2025-01-16 06:00:00,13.710490499999999,19.40159675
Surakarta,2025-01-16 12:00:00,27.075494250000002,38.531381499999995
Surakarta,2025-01-16 18:00:00,34.941166499999994,49.885330375
Surakarta,2025-01-17 00:00:00,50.457274250000005,72.0192175
Surakarta,2025-01-17 06:00:00,18.65862475,27.40580425
Surakarta,2025-01-17 12:00:00,27.545752250000003,39.56873225
Surakarta,2025-01-17 18:00:00,29.931413749999997,42.85613025
Surakarta,2025-01-18 00:00:00,38.439623000000005,55.01095825
Surakarta,2025-01-18 06:00:00,21.28916775,30.9730125
Surakarta,2025-01-18 12:00:00,25.780323250000002,36.85809725
Surakarta,2025-01-18 18:00:00,31.4903445,45.02254575
Surakarta,2025-01-19 00:00:00,35.861774000000004,51.445908
Surakarta,2025-01-19 06:00:00,12.506945,18.53302975
Surakarta,2025-01-19 12:00:00,23.519078175,33.989976999999996
Surakarta,2025-01-19 18:00:00,28.2199725,40.43107525
Surakarta,2025-01-20 00:00:00,31.710158250000003,45.50327075
Surakarta,2025-01-20 06:00:00,17.6824245,25.959792999999998
Surakarta,2025-01-20 12:00:00,30.112601875,43.01458025
Surakarta,2025-01-20 18:00:00,31.920649249999997,45.459444500000004
Surakarta,2025-01-21 00:00:00,53.77387425,76.8313825
Surakarta,2025-01-21 06:00:00,32.1229265,46.91546
Surakarta,2025-01-21 12:00:00,35.1116965,50.1677275
Surakarta,2025-01-21 18:00:00,32.952727,47.1384285
Surakarta,2025-01-22 00:00:00,40.59973025,57.94936475
Surakarta,2025-01-22 06:00:00,16.902106500000002,24.58142475
Surakarta,2025-01-22 12:00:00,32.443495000000006,46.16217
Surakarta,2025-01-22 18:00:00,38.856739499999996,55.2747095
Surakarta,2025-01-23 00:00:00,42.470276750000004,60.63783125
Surakarta,2025-01-23 06:00:00,17.67020325,25.7718685
Surakarta,2025-01-23 12:00:00,25.426487625,36.34815575
Surakarta,2025-01-23 18:00:00,34.5023355,49.08417825
Surakarta,2025-01-24 00:00:00,32.084017625,45.693439999999995
Surakarta,2025-01-24 06:00:00,9.66957735,14.22768075
Surakarta,2025-01-24 12:00:00,25.596364125,36.448412
Surakarta,2025-01-24 18:00:00,33.07565025,46.971649
Surakarta,2025-01-25 00:00:00,37.905465750000005,53.8313995
Surakarta,2025-01-25 06:00:00,10.40143625,15.078739999999998
Surakarta,2025-01-25 12:00:00,16.142365650000002,22.951866375
Surakarta,2025-01-25 18:00:00,28.94262245,41.078123749999996
Surakarta,2025-01-26 00:00:00,64.83071500000001,92.65807
Surakarta,2025-01-26 06:00:00,17.46821,26.13762725
Surakarta,2025-01-26 12:00:00,17.485007425,25.21602475
Surakarta,2025-01-26 18:00:00,30.491690900000002,43.40813525
Surakarta,2025-01-27 00:00:00,34.1935049,48.966570250000004
Surakarta,2025-01-27 06:00:00,12.700326,18.69909725
Surakarta,2025-01-27 12:00:00,25.868502,36.953408125
Surakarta,2025-01-27 18:00:00,35.30119875,50.29241375
Surakarta,2025-01-28 00:00:00,60.11919199999999,85.90814100000001
Surakarta,2025-01-28 06:00:00,24.448752250000002,36.024176000000004
Surakarta,2025-01-28 12:00:00,29.09551725,41.669082499999995
Surakarta,2025-01-28 18:00:00,44.78255275,63.429950749999996
Surakarta,2025-01-29 00:00:00,58.9113255,83.6294305
Surakarta,2025-01-29 06:00:00,31.8819955,46.08310125
Surakarta,2025-01-29 12:00:00,34.77432325,50.12927325
Surakarta,2025-01-29 18:00:00,34.580907249999996,49.5571165
Surakarta,2025-01-30 00:00:00,34.9506445,50.19921900000001
Surakarta,2025-01-30 06:00:00,17.7530525,26.4344635
Surakarta,2025-01-30 12:00:00,27.2730035,39.35627975
Surakarta,2025-01-30 18:00:00,33.35604475,48.07284925
Surakarta,2025-01-31 00:00:00,43.986972,63.615005499999995
Surakarta,2025-01-31 06:00:00,23.43748,35.08148475
Surakarta,2025-01-31 12:00:00,36.85129025,52.464244
Surakarta,2025-01-31 18:00:00,43.06764375,61.497898750000004
Surakarta,2025-02-01 00:00:00,50.159656000000005,71.849089
Surakarta,2025-02-01 06:00:00,20.818731500000002,30.649402750000004
Surakarta,2025-02-01 12:00:00,29.438012999999998,41.95419525
Surakarta,2025-02-01 18:00:00,33.587298499999996,48.050310249999995
Surakarta,2025-02-02 00:00:00,38.7070715,55.49924325
Surakarta,2025-02-02 06:00:00,20.407356,29.871599749999994
Surakarta,2025-02-02 12:00:00,32.630509749999995,46.25894675
Surakarta,2025-02-02 18:00:00,39.51583975,56.214959
Surakarta,2025-02-03 00:00:00,46.89644575,66.65891275
Surakarta,2025-02-03 06:00:00,25.250926999999997,36.52857575000001
Surakarta,2025-02-03 12:00:00,32.8841455,47.056518000000004
Surakarta,2025-02-03 18:00:00,43.5262275,62.055023750000004
Surakarta,2025-02-04 00:00:00,49.665430750000006,70.81473375
Surakarta,2025-02-04 06:00:00,28.012948249999997,40.415102499999996
Surakarta,2025-02-04 12:00:00,32.784299,47.283806
Surakarta,2025-02-04 18:00:00,46.18659975,65.823258
Surakarta,2025-02-05 00:00:00,44.3450005,63.12646349999999
Surakarta,2025-02-05 06:00:00,23.402932749999998,34.187906
Surakarta,2025-02-05 12:00:00,31.613679749999996,45.341195750000004
Surakarta,2025-02-05 18:00:00,34.83107525,49.744131249999995
Surakarta,2025-02-06 00:00:00,20.172706,28.85599325
Surakarta,2025-02-06 06:00:00,11.252041,16.49900125
Surakarta,2025-02-06 12:00:00,23.68521725,33.8857545
Surakarta,2025-02-06 18:00:00,32.069053499999995,45.982006250000005
Surakarta,2025-02-07 00:00:00,35.5956615,50.955350499999994
Surakarta,2025-02-07 06:00:00,15.344028250000001,22.920233250000003
Surakarta,2025-02-07 12:00:00,33.60653975,47.90936775
Surakarta,2025-02-07 18:00:00,45.38100075,64.62408925
Surakarta,2025-02-08 00:00:00,61.175427000000006,87.1044115
Surakarta,2025-02-08 06:00:00,28.131239499999996,40.931979749999996
Surakarta,2025-02-08 12:00:00,40.55026175,57.522413750000005
Surakarta,2025-02-08 18:00:00,41.077683750000006,58.39319700000001
Surakarta,2025-02-09 00:00:00,76.850568,109.534169
Surakarta,2025-02-09 06:00:00,35.696161,51.766733
Surakarta,2025-02-09 12:00:00,32.69394725,46.69934125
Surakarta,2025-02-09 18:00:00,44.75695775,63.7402595
Surakarta,2025-02-10 00:00:00,55.26197875,79.0535075
Surakarta,2025-02-10 06:00:00,21.652397250000003,31.63268025
Surakarta,2025-02-10 12:00:00,27.244567250000003,38.7305475
Surakarta,2025-02-10 18:00:00,38.518294749999995,54.73003799999999
Surakarta,2025-02-11 00:00:00,60.5244855,86.2315215
Surakarta,2025-02-11 06:00:00,17.20985675,24.9672495
Surakarta,2025-02-11 12:00:00,32.070375,45.4294305
Surakarta,2025-02-11 18:00:00,45.7604305,64.973505
Surakarta,2025-02-12 00:00:00,49.82464950000001,71.00550374999999
Surakarta,2025-02-12 06:00:00,15.005781500000001,22.013154
Surakarta,2025-02-12 12:00:00,24.14348825,34.37435225
Surakarta,2025-02-12 18:00:00,41.159893499999995,58.546831499999996
Surakarta,2025-02-13 00:00:00,42.217550575000004,60.251720999999996
Surakarta,2025-02-13 06:00:00,8.254971999999999,12.568051624999999
Surakarta,2025-02-13 12:00:00,21.116776249999997,30.164813749999997
Surakarta,2025-02-13 18:00:00,40.6197955,57.6775675
Surakarta,2025-02-14 00:00:00,29.4954542,41.90366175
Surakarta,2025-02-14 06:00:00,9.2017274,13.61422625
Surakarta,2025-02-14 12:00:00,26.057449000000002,37.136742500000004
Surakarta,2025-02-14 18:00:00,22.105027,31.6388765
Surakarta,2025-02-15 00:00:00,50.20581325,71.38993425000001
Surakarta,2025-02-15 06:00:00,23.07655225,33.370270250000004
Surakarta,2025-02-15 12:00:00,32.92846899999999,46.770793
Surakarta,2025-02-15 18:00:00,38.2299845,54.272305749999994
Surakarta,2025-02-16 00:00:00,38.17285575,54.155863249999996
Surakarta,2025-02-16 06:00:00,12.510938000000001,17.934013750000002
Surakarta,2025-02-16 12:00:00,25.35883675,36.01267925
Surakarta,2025-02-16 18:00:00,33.766696249999995,47.96459037499999
Surakarta,2025-02-17 00:00:00,36.373423125,51.78935725
Surakarta,2025-02-17 06:00:00,11.85452445,17.113222875
Surakarta,2025-02-17 12:00:00,26.07656325,37.058768
Surakarta,2025-02-17 18:00:00,34.201946825,48.60712075
Surakarta,2025-02-18 00:00:00,35.20281625,50.080841250000006
Surakarta,2025-02-18 06:00:00,10.118511999999999,14.65400625
Surakarta,2025-02-18 12:00:00,28.947035,41.0193625
Surakarta,2025-02-18 18:00:00,24.4254185,34.69845825
Surakarta,2025-02-19 00:00:00,56.40410375,80.20100575000001
Surakarta,2025-02-19 06:00:00,33.876020249999996,48.5089665
Surakarta,2025-02-19 12:00:00,38.50253475,54.7209565
Surakarta,2025-02-19 18:00:00,42.6237255,60.55847824999999
Surakarta,2025-02-20 00:00:00,41.9373685,59.66580875
Surakarta,2025-02-20 06:00:00,15.854084124999998,22.80137325
Surakarta,2025-02-20 12:00:00,27.03512795,38.38116025
Surakarta,2025-02-20 18:00:00,38.4306275,54.572183
Surakarta,2025-02-21 00:00:00,57.2452735,81.51249675
Surakarta,2025-02-21 06:00:00,18.38512275,26.64757
Surakarta,2025-02-21 12:00:00,29.56426925,42.067200750000005
Surakarta,2025-02-21 18:00:00,39.094928875,55.56350375
Surakarta,2025-02-22 00:00:00,34.29084935,48.6345745
Surakarta,2025-02-22 06:00:00,8.751584424999999,12.5704105
Surakarta,2025-02-22 12:00:00,23.349628175,33.1871775
Surakarta,2025-02-22 18:00:00,24.624412749999998,35.02509575
Surakarta,2025-02-23 00:00:00,57.37695125,81.55251375
Surakarta,2025-02-23 06:00:00,28.030897,40.15058125
Surakarta,2025-02-23 12:00:00,39.335476,55.62685575
Surakarta,2025-02-23 18:00:00,41.8323365,59.258639
Surakarta,2025-02-24 00:00:00,54.425072,77.08263225
Surakarta,2025-02-24 06:00:00,26.10744325,37.35618775
Surakarta,2025-02-24 12:00:00,30.064910250000004,42.5686155
Surakarta,2025-02-24 18:00:00,18.778336925,26.5800965
Surakarta,2025-02-25 00:00:00,29.444436000000003,41.67031875
Surakarta,2025-02-25 06:00:00,11.351176125,16.229194000000003
Surakarta,2025-02-25 12:00:00,20.93670975,29.59922095
Surakarta,2025-02-25 18:00:00,28.44535625,40.298345749999996
Surakarta,2025-02-26 00:00:00,33.754986175,47.903085625
Surakarta,2025-02-26 06:00:00,12.82728615,18.329387999999998
Surakarta,2025-02-26 12:00:00,19.121614625,27.0788975
Surakarta,2025-02-26 18:00:00,34.52135,48.92808675
Surakarta,2025-02-27 00:00:00,23.169263750000002,32.811726325
Surakarta,2025-02-27 06:00:00,6.18123865,8.753715925
Surakarta,2025-02-27 12:00:00,31.78837445,44.861878250000004
Surakarta,2025-02-27 18:00:00,35.868738,50.689152750000005
Surakarta,2025-02-28 00:00:00,48.987914,69.331406
Surakarta,2025-02-28 06:00:00,16.870359375000003,23.94500625
Surakarta,2025-02-28 12:00:00,30.776263325000002,43.4963844
Surakarta,2025-02-28 18:00:00,39.71666725,56.19810375
Surakarta,2025-03-01 00:00:00,50.11334275,70.9673305
Surakarta,2025-03-01 06:00:00,11.627974824999999,16.5221935
Surakarta,2025-03-01 12:00:00,23.001035974999997,32.641906750000004
Surakarta,2025-03-01 18:00:00,50.27972425,71.14442774999999
Surakarta,2025-03-02 00:00:00,58.042488250000005,82.28602175
Surakarta,2025-03-02 06:00:00,14.169359000000002,20.291736125
Surakarta,2025-03-02 12:00:00,21.596264350000002,30.89385825
Surakarta,2025-03-02 18:00:00,42.02846025,59.65591750000001
Surakarta,2025-03-03 00:00:00,77.08535925,109.5380625
Surakarta,2025-03-03 06:00:00,30.144761000000003,42.976566500000004
Surakarta,2025-03-03 12:00:00,33.5258935,47.78400025
Surakarta,2025-03-03 18:00:00,39.203513,55.67909525
Surakarta,2025-03-04 00:00:00,41.52241175,59.030128
Surakarta,2025-03-04 06:00:00,21.50558475,30.688909
Surakarta,2025-03-04 12:00:00,35.1008395,49.806118625
Surakarta,2025-03-04 18:00:00,57.902298249999994,82.11648500000001
Surakarta,2025-03-05 00:00:00,46.040967249999994,65.4001
Surakarta,2025-03-05 06:00:00,19.88156825,28.355273999999998
Surakarta,2025-03-05 12:00:00,32.1614665,45.788013750000005
Surakarta,2025-03-05 18:00:00,53.943864500000004,76.64542025
Surakarta,2025-03-06 00:00:00,77.5072515,110.18255249999999
Surakarta,2025-03-06 06:00:00,25.340000250000003,36.381550250000004
Surakarta,2025-03-06 12:00:00,35.3469926,50.2390515
Surakarta,2025-03-06 18:00:00,32.350413925,45.973763325
Surakarta,2025-03-07 00:00:00,28.5861576,40.800728425
Surakarta,2025-03-07 06:00:00,7.507807649999999,11.167543499999999
Surakarta,2025-03-07 12:00:00,22.8107525,32.520575
Surakarta,2025-03-07 18:00:00,32.326909400000005,45.89639975
Surakarta,2025-03-08 00:00:00,39.58643925,56.294538749999994
Surakarta,2025-03-08 06:00:00,16.38214575,23.5415885
Surakarta,2025-03-08 12:00:00,32.581638625,46.262102500000005
Surakarta,2025-03-08 18:00:00,37.80962725,53.753637999999995
Surakarta,2025-03-09 00:00:00,44.272837749999994,62.88246374999999
Surakarta,2025-03-09 06:00:00,22.9598245,32.840404
Surakarta,2025-03-09 12:00:00,42.186486,59.866011500000006
Surakarta,2025-03-09 18:00:00,51.033794,72.3839545
Surakarta,2025-03-10 00:00:00,64.76466350000001,91.93036025
Surakarta,2025-03-10 06:00:00,25.29971275,36.11708575
Surakarta,2025-03-10 12:00:00,42.422443,60.10532100000001
Surakarta,2025-03-10 18:00:00,62.1500365,88.090019
Surakarta,2025-03-11 00:00:00,26.91672275,38.19127375
Surakarta,2025-03-11 06:00:00,6.695671525,9.528435074999999
Surakarta,2025-03-11 12:00:00,24.633124000000002,34.867070999999996
Surakarta,2025-03-11 18:00:00,44.935688750000004,63.685092499999996
Surakarta,2025-03-12 00:00:00,52.217045999999996,74.136891
Surakarta,2025-03-12 06:00:00,26.05690975,37.2162965
Surakarta,2025-03-12 12:00:00,43.06974675,61.00964225
Surakarta,2025-03-12 18:00:00,53.09019025,75.22260225
Surakarta,2025-03-13 00:00:00,57.31334325,81.329858
Surakarta,2025-03-13 06:00:00,14.85622625,21.258529499999998
Surakarta,2025-03-13 12:00:00,31.413207999999997,44.4823335
Surakarta,2025-03-13 18:00:00,50.54062125,71.6774475
Surakarta,2025-03-14 00:00:00,51.045588,72.435911375
Surakarta,2025-03-14 06:00:00,15.67715925,22.347051999999998
Surakarta,2025-03-14 12:00:00,31.4825004,44.614949675
Surakarta,2025-03-14 18:00:00,36.577603,51.842079
Surakarta,2025-03-15 00:00:00,48.07532125,67.97193750000001
Surakarta,2025-03-15 06:00:00,16.47848075,22.95195175
Surakarta,2025-03-15 12:00:00,33.603257750000004,47.066294
Surakarta,2025-03-15 18:00:00,36.75594975,51.6536715
Surakarta,2025-03-16 00:00:00,50.781693499999996,71.69592200000001
Surakarta,2025-03-16 06:00:00,22.54864725,31.91615825
Surakarta,2025-03-16 12:00:00,36.547163700000006,51.596714000000006
Surakarta,2025-03-16 18:00:00,53.047557250000004,74.9574705
Surakarta,2025-03-17 00:00:00,58.41405925,82.57995824999999
Surakarta,2025-03-17 06:00:00,29.454639249999996,41.90826525000001
Surakarta,2025-03-17 12:00:00,38.487116,54.380407250000005
Surakarta,2025-03-17 18:00:00,41.66250325,59.02609249999999
Surakarta,2025-03-18 00:00:00,42.95264975,61.05358325000001
Surakarta,2025-03-18 06:00:00,18.749631249999997,26.911038500000004
Surakarta,2025-03-18 12:00:00,38.746371249999996,54.943754500000004
Surakarta,2025-03-18 18:00:00,33.869156249999996,48.33918825
Surakarta,2025-03-19 00:00:00,27.09839475,38.719462750000005
Surakarta,2025-03-19 06:00:00,11.3756185,16.718559
Surakarta,2025-03-19 12:00:00,40.31355250000001,57.330481999999996
Surakarta,2025-03-19 18:00:00,52.173277750000004,74.1757735
Surakarta,2025-03-20 00:00:00,55.1524405,78.54930524999999
Surakarta,2025-03-20 06:00:00,14.212631,20.8336815
Surakarta,2025-03-20 12:00:00,28.260665,40.3131395
Surakarta,2025-03-20 18:00:00,57.349893,81.45334975
Surakarta,2025-03-21 00:00:00,59.82360625,85.1423465
Surakarta,2025-03-21 06:00:00,29.5381425,42.57682925
Surakarta,2025-03-21 12:00:00,38.879136249999995,55.610926000000006
Surakarta,2025-03-21 18:00:00,42.22448525,60.48628525000001
Surakarta,2025-03-22 00:00:00,48.85737275,69.790076
Surakarta,2025-03-22 06:00:00,14.986127975000002,22.368595750000004
Surakarta,2025-03-22 12:00:00,23.513095375,34.12264925
Surakarta,2025-03-22 18:00:00,34.89231025,49.9710495
Surakarta,2025-03-23 00:00:00,58.227669750000004,83.1305445
Surakarta,2025-03-23 06:00:00,19.55012875,28.6644305
Surakarta,2025-03-23 12:00:00,38.46403775,54.69721025
Surakarta,2025-03-23 18:00:00,47.52268925,67.69141675
Surakarta,2025-03-24 00:00:00,54.385964,77.59536
Surakarta,2025-03-24 06:00:00,24.21785425,35.173599
Surakarta,2025-03-24 12:00:00,43.29802975,61.987805249999994
Surakarta,2025-03-24 18:00:00,46.652530500000005,66.765097
Surakarta,2025-03-25 00:00:00,60.69080949999999,86.44292325
Surakarta,2025-03-25 06:00:00,22.41381475,32.153821
Surakarta,2025-03-25 12:00:00,37.45958575,53.240171999999994
Surakarta,2025-03-25 18:00:00,51.95136075,73.809134
Surakarta,2025-03-26 00:00:00,67.08273799999999,95.27116124999999
Surakarta,2025-03-26 06:00:00,27.74723375,39.981159500000004
Surakarta,2025-03-26 12:00:00,47.08363,66.89231075000001
Surakarta,2025-03-26 18:00:00,48.79970625,69.3842705
Surakarta,2025-03-27 00:00:00,56.161325749999996,79.7806475
Surakarta,2025-03-27 06:00:00,28.394453,40.79805675
Surakarta,2025-03-27 12:00:00,44.0619485,62.445508000000004
Surakarta,2025-03-27 18:00:00,52.281591250000005,74.17418225
Surakarta,2025-03-28 00:00:00,44.70246,63.44140625000001
Surakarta,2025-03-28 06:00:00,26.95173875,38.76846175
Surakarta,2025-03-28 12:00:00,38.376683,54.7665585
Surakarta,2025-03-28 18:00:00,36.140761875,51.569430000000004
Surakarta,2025-03-29 00:00:00,39.74076925,56.717169250000005
Surakarta,2025-03-29 06:00:00,13.487422624999999,19.726045
Surakarta,2025-03-29 12:00:00,31.81423825,44.747992249999996
Surakarta,2025-03-29 18:00:00,35.6285455,50.042047000000004
Surakarta,2025-03-30 00:00:00,59.152938500000005,82.541533
Surakarta,2025-03-30 06:00:00,20.84347275,28.55803425
Surakarta,2025-03-30 12:00:00,41.910674750000005,57.14497375
Surakarta,2025-03-30 18:00:00,53.58714325,73.70286375
Surakarta,2025-03-31 00:00:00,50.291022,69.58018025
Surakarta,2025-03-31 06:00:00,14.836516,20.041937750000002
Surakarta,2025-03-31 12:00:00,28.36769425,39.1386265
Surakarta,2025-03-31 18:00:00,52.50366625,73.3979835
Surakarta,2025-04-01 00:00:00,70.578977,98.08081825
Surakarta,2025-04-01 06:00:00,23.557931,31.9963365
Surakarta,2025-04-01 12:00:00,28.363367,38.70292175
Surakarta,2025-04-01 18:00:00,52.245980249999995,72.48934200000001
Surakarta,2025-04-02 00:00:00,49.490609,69.23437600000001
Surakarta,2025-04-02 06:00:00,14.11264325,19.51413275
Surakarta,2025-04-02 12:00:00,37.695854825,52.7650743
Surakarta,2025-04-02 18:00:00,33.877256499999994,47.554863
Surakarta,2025-04-03 00:00:00,41.836415499999994,58.962997
Surakarta,2025-04-03 06:00:00,14.54372975,20.340678500000003
Surakarta,2025-04-03 12:00:00,27.422509075,38.609159149999996
Surakarta,2025-04-03 18:00:00,36.691858249999996,51.87450775
Surakarta,2025-04-04 00:00:00,23.231337,32.890909449999995
Surakarta,2025-04-04 06:00:00,1.201158285,1.69052325
Surakarta,2025-04-04 12:00:00,32.550688300000004,45.61675875
Surakarta,2025-04-04 18:00:00,48.8922755,68.57447975000001
Surakarta,2025-04-05 00:00:00,61.360538000000005,86.3021785
Surakarta,2025-04-05 06:00:00,14.2677265,19.4897325
Surakarta,2025-04-05 12:00:00,31.887723250000004,44.42776375
Surakarta,2025-04-05 18:00:00,44.99702250000001,63.105062249999996
Surakarta,2025-04-06 00:00:00,43.0511585,60.605543999999995
Surakarta,2025-04-06 06:00:00,9.437741275,13.2303625
Surakarta,2025-04-06 12:00:00,32.961281625000005,46.15513587499999
Surakarta,2025-04-06 18:00:00,59.3972945,83.39565975
Surakarta,2025-04-07 00:00:00,48.67683825,68.53736175
Surakarta,2025-04-07 06:00:00,9.9286411,13.654556574999999
Surakarta,2025-04-07 12:00:00,20.106710875,27.820903
Surakarta,2025-04-07 18:00:00,47.3516775,66.35627875
Surakarta,2025-04-08 00:00:00,44.778971250000005,62.766730499999994
Surakarta,2025-04-08 06:00:00,12.47579475,17.111688
Surakarta,2025-04-08 12:00:00,35.71162265,49.794778125
Surakarta,2025-04-08 18:00:00,36.52030475,51.0537455
Surakarta,2025-04-09 00:00:00,56.6712965,79.23881625000001
Surakarta,2025-04-09 06:00:00,23.570379499999998,32.47873825
Surakarta,2025-04-09 12:00:00,34.26001175,47.46868849999999
Surakarta,2025-04-09 18:00:00,50.0256755,69.90251125
Surakarta,2025-04-10 00:00:00,71.3051225,99.8732025
Surakarta,2025-04-10 06:00:00,36.532015,50.7143345
Surakarta,2025-04-10 12:00:00,38.16855175,53.20555375
Surakarta,2025-04-10 18:00:00,43.9477505,61.65322449999999
Surakarta,2025-04-11 00:00:00,47.05697175,66.05955625
Surakarta,2025-04-11 06:00:00,18.23292475,25.478811999999998
Surakarta,2025-04-11 12:00:00,28.990868499999998,40.695795999999994
Surakarta,2025-04-11 18:00:00,40.85512725,57.473527999999995
Surakarta,2025-04-12 00:00:00,36.95004075,52.0197995
Surakarta,2025-04-12 06:00:00,23.83778525,33.47256025
Surakarta,2025-04-12 12:00:00,40.11928925,56.5792095
Surakarta,2025-04-12 18:00:00,43.56991225,61.57017624999999
Surakarta,2025-04-13 00:00:00,47.19947725,66.764415
Surakarta,2025-04-13 06:00:00,20.851530500000003,29.592854000000003
Surakarta,2025-04-13 12:00:00,35.9055434,50.8002815
Surakarta,2025-04-13 18:00:00,54.48941825,77.09491075
Surakarta,2025-04-14 00:00:00,56.72791225,80.37750374999999
Surakarta,2025-04-14 06:00:00,18.302245,26.01127875
Surakarta,2025-04-14 12:00:00,40.371787350000005,56.993883
Surakarta,2025-04-14 18:00:00,43.7379415,61.705348750000006
Surakarta,2025-04-15 00:00:00,43.3097965,61.166476
Surakarta,2025-04-15 06:00:00,12.18694475,17.174159
Surakarta,2025-04-15 12:00:00,29.802322499999995,41.8660305
Surakarta,2025-04-15 18:00:00,50.993037750000006,71.81517975
Surakarta,2025-04-16 00:00:00,63.49000599999999,88.7962425
Surakarta,2025-04-16 06:00:00,25.12177875,34.38663025
Surakarta,2025-04-16 12:00:00,36.864435,49.7699075
Surakarta,2025-04-16 18:00:00,56.214616750000005,76.78107700000001
Surakarta,2025-04-17 00:00:00,79.61040125,107.72634975
Surakarta,2025-04-17 06:00:00,39.75540625,52.24370625
Surakarta,2025-04-17 12:00:00,52.28835725,69.7808675
Surakarta,2025-04-17 18:00:00,63.517090749999994,86.567128
Surakarta,2025-04-18 00:00:00,74.15587825,101.48232800000001
Surakarta,2025-04-18 06:00:00,39.68676775,53.54954175
Surakarta,2025-04-18 12:00:00,53.522428,73.08506025
Surakarta,2025-04-18 18:00:00,43.57534125,59.321222999999996
Surakarta,2025-04-19 00:00:00,45.32941525,61.704043250000005
Surakarta,2025-04-19 06:00:00,19.4082615,26.05847225
Surakarta,2025-04-19 12:00:00,30.34334375,41.920401500000004
Surakarta,2025-04-19 18:00:00,26.871902,37.424513749999996
Surakarta,2025-04-20 00:00:00,33.673075,46.99373425
Surakarta,2025-04-20 06:00:00,16.969323625,23.758247249999997
Surakarta,2025-04-20 12:00:00,40.13946925,56.3873935
Surakarta,2025-04-20 18:00:00,57.1968435,80.61442674999999
Surakarta,2025-04-21 00:00:00,67.75559225,95.50081
Surakarta,2025-04-21 06:00:00,17.56527025,24.864675499999997
Surakarta,2025-04-21 12:00:00,21.79569975,30.421630999999998
Surakarta,2025-04-21 18:00:00,30.984097250000005,43.435193
Surakarta,2025-04-22 00:00:00,21.273763024999997,30.064085849999998
Surakarta,2025-04-22 06:00:00,7.521350825,10.8129255
Surakarta,2025-04-22 12:00:00,20.94068925,29.581827
Surakarta,2025-04-22 18:00:00,40.6865295,57.544268875
Surakarta,2025-04-23 00:00:00,41.66221925,59.036041000000004
Surakarta,2025-04-23 06:00:00,7.8297261250000005,11.234817425000001
Surakarta,2025-04-23 12:00:00,25.380728500000004,35.808966000000005
Surakarta,2025-04-23 18:00:00,43.023860075,60.8688425
Surakarta,2025-04-24 00:00:00,60.54727875,85.6733765
Surakarta,2025-04-24 06:00:00,16.497850000000003,23.368499999999997
Surakarta,2025-04-24 12:00:00,24.452106,34.320805500000006
Surakarta,2025-04-24 18:00:00,49.623393750000005,69.91342675
Surakarta,2025-04-25 00:00:00,54.582415000000005,77.0546075
Surakarta,2025-04-25 06:00:00,16.456198,23.238214999999997
Surakarta,2025-04-25 12:00:00,35.36024425,49.72878225
Surakarta,2025-04-25 18:00:00,63.379331,89.46659675000001
Surakarta,2025-04-26 00:00:00,47.529965874999995,67.071596
Surakarta,2025-04-26 06:00:00,10.02268855,13.693807125000001
Surakarta,2025-04-26 12:00:00,44.26095675,61.23119150000001
Surakarta,2025-04-26 18:00:00,66.28766875000001,92.54727975
Surakarta,2025-04-27 00:00:00,44.2721555,61.711374
Surakarta,2025-04-27 06:00:00,6.1365029,8.3529699
Surakarta,2025-04-27 12:00:00,32.60004167500001,45.86843225
Surakarta,2025-04-27 18:00:00,46.080230750000005,65.07176
Surakarta,2025-04-28 00:00:00,57.84414674999999,81.3137155
Surakarta,2025-04-28 06:00:00,16.62157,22.946949250000003
Surakarta,2025-04-28 12:00:00,31.997998375,44.01769575
Surakarta,2025-04-28 18:00:00,56.527682750000004,79.13507750000001
Surakarta,2025-04-29 00:00:00,33.0023795,46.41856375
Surakarta,2025-04-29 06:00:00,9.120938624999999,13.229055125
Surakarta,2025-04-29 12:00:00,33.857006,48.28740425
Surakarta,2025-04-29 18:00:00,58.7801305,83.535667
Surakarta,2025-04-30 00:00:00,46.163903749999996,65.7682905
Surakarta,2025-04-30 06:00:00,18.537434625,27.212934
Surakarta,2025-04-30 12:00:00,49.912713499999995,69.89867475
Surakarta,2025-04-30 18:00:00,73.60216425,103.29642750000001
Surakarta,2025-05-01 00:00:00,70.8482735,99.1083225
Surakarta,2025-05-01 06:00:00,18.554118250000002,25.791592750000003
Surakarta,2025-05-01 12:00:00,34.98126925,48.725383
Surakarta,2025-05-01 18:00:00,50.852746875,71.484009
Surakarta,2025-05-02 00:00:00,72.81585125,102.380909
Surakarta,2025-05-02 06:00:00,25.522524500000003,35.955338000000005
Surakarta,2025-05-02 12:00:00,46.482141999999996,64.97978675
Surakarta,2025-05-02 18:00:00,52.770131500000005,74.0918725
Surakarta,2025-05-03 00:00:00,46.675267749999996,65.87447374999999
Surakarta,2025-05-03 06:00:00,20.6421475,29.13716925
Surakarta,2025-05-03 12:00:00,41.79881325,58.776038250000006
Surakarta,2025-05-03 18:00:00,59.624185250000004,84.22449499999999
Surakarta,2025-05-04 00:00:00,63.27641649999999,89.3966215
Surakarta,2025-05-04 06:00:00,27.36180725,38.45897775
Surakarta,2025-05-04 12:00:00,39.74167925,55.875204000000004
Surakarta,2025-05-04 18:00:00,58.85385775,83.19551725
Surakarta,2025-05-05 00:00:00,55.178503000000006,78.1108725
Surakarta,2025-05-05 06:00:00,21.355645749999997,30.42447375
Surakarta,2025-05-05 12:00:00,35.36416675,50.233694
Surakarta,2025-05-05 18:00:00,42.95202425,60.94569475
Surakarta,2025-05-06 00:00:00,44.5817255,63.670767999999995
Surakarta,2025-05-06 06:00:00,15.526523999999998,22.94444825
Surakarta,2025-05-06 12:00:00,32.8685135,47.279399999999995
Surakarta,2025-05-06 18:00:00,39.69375975,56.93345875
Surakarta,2025-05-07 00:00:00,22.443089625,32.197931175
Surakarta,2025-05-07 06:00:00,9.2629335,14.247035499999999
Surakarta,2025-05-07 12:00:00,28.9084025,41.543557750000005
Surakarta,2025-05-07 18:00:00,41.85841325,59.6090215
Surakarta,2025-05-08 00:00:00,38.24641225,54.641531750000006
Surakarta,2025-05-08 06:00:00,14.462784500000001,21.3613305
Surakarta,2025-05-08 12:00:00,25.35597325,36.19064125
Surakarta,2025-05-08 18:00:00,37.64552025,53.58037975
Surakarta,2025-05-09 00:00:00,51.30556325,73.224101
Surakarta,2025-05-09 06:00:00,19.78878575,29.024136
Surakarta,2025-05-09 12:00:00,37.96020574999999,53.9948815
Surakarta,2025-05-09 18:00:00,47.32231675,67.26122525
Surakarta,2025-05-10 00:00:00,36.28827,51.54288275
Surakarta,2025-05-10 06:00:00,8.045091625,11.72324475
Surakarta,2025-05-10 12:00:00,30.058089624999997,42.753356749999995
Surakarta,2025-05-10 18:00:00,36.96573,52.524227999999994
Surakarta,2025-05-11 00:00:00,51.081657,72.64384325
Surakarta,2025-05-11 06:00:00,23.8580925,34.19967225
Surakarta,2025-05-11 12:00:00,35.57533975,50.530616
Surakarta,2025-05-11 18:00:00,29.277146175,41.632802625
Surakarta,2025-05-12 00:00:00,49.92182225,71.03460675000001
Surakarta,2025-05-12 06:00:00,18.46093775,26.795874
Surakarta,2025-05-12 12:00:00,33.378682749999996,47.214369999999995
Surakarta,2025-05-12 18:00:00,39.3397945,55.738099250000005
Surakarta,2025-05-13 00:00:00,45.73874475,64.86140974999999
Surakarta,2025-05-13 06:00:00,21.703030499999997,30.998450000000002
Surakarta,2025-05-13 12:00:00,37.587057,53.261344750000006
Surakarta,2025-05-13 18:00:00,54.96966075,77.90171875
Surakarta,2025-05-14 00:00:00,60.50817075,85.93173025
Surakarta,2025-05-14 06:00:00,26.169857500000003,37.34277325
Surakarta,2025-05-14 12:00:00,31.83288325,45.25566175
Surakarta,2025-05-14 18:00:00,37.986638000000006,53.880114999999996
Surakarta,2025-05-15 00:00:00,56.56983125,80.26086225
Surakarta,2025-05-15 06:00:00,24.2998225,34.53573075
Surakarta,2025-05-15 12:00:00,44.39184025,62.814707000000006
Surakarta,2025-05-15 18:00:00,41.564249,58.979141
Surakarta,2025-05-16 00:00:00,56.20790975,79.72312099999999
Surakarta,2025-05-16 06:00:00,30.129200750000006,42.805026500000004
Surakarta,2025-05-16 12:00:00,52.620037499999995,74.52044275
Surakarta,2025-05-16 18:00:00,39.6115205,56.39819249999999
Surakarta,2025-05-17 00:00:00,34.429378,48.9549165
Surakarta,2025-05-17 06:00:00,14.644229124999999,20.896337000000003
Surakarta,2025-05-17 12:00:00,39.81473725,56.5825645
Surakarta,2025-05-17 18:00:00,43.55669674999999,61.897196
Surakarta,2025-05-18 00:00:00,45.239971749999995,64.49249675
Surakarta,2025-05-18 06:00:00,26.070992500000003,37.591831750000004
Surakarta,2025-05-18 12:00:00,54.700436,77.84821375
Surakarta,2025-05-18 18:00:00,52.62882075,74.83623525
Surakarta,2025-05-19 00:00:00,36.1196725,51.50718575
Surakarta,2025-05-19 06:00:00,20.91240975,30.20826975
Surakarta,2025-05-19 12:00:00,35.2290645,50.53234975
Surakarta,2025-05-19 18:00:00,35.634797999999996,50.773565500000004
Surakarta,2025-05-20 00:00:00,48.7611655,69.33441925
Surakarta,2025-05-20 06:00:00,28.71320225,42.09712725
Surakarta,2025-05-20 12:00:00,45.6191035,65.32698575
Surakarta,2025-05-20 18:00:00,44.542304,63.74898625
Surakarta,2025-05-21 00:00:00,30.48697275,44.213749
Surakarta,2025-05-21 06:00:00,18.998719,28.58348575
Surakarta,2025-05-21 12:00:00,36.837889249999996,52.809467999999995
Surakarta,2025-05-21 18:00:00,39.66897575,56.42561975
Surakarta,2025-05-22 00:00:00,49.77067575,70.76994275
Surakarta,2025-05-22 06:00:00,26.65342425,38.586904000000004
Surakarta,2025-05-22 12:00:00,37.03496500000001,52.194081749999995
Surakarta,2025-05-22 18:00:00,44.9459765,63.20306049999999
Surakarta,2025-05-23 00:00:00,41.531166,58.62659625
Surakarta,2025-05-23 06:00:00,25.976362499999997,36.48841575
Surakarta,2025-05-23 12:00:00,45.1066165,63.291849250000006
Surakarta,2025-05-23 18:00:00,54.525571,76.70564625
Surakarta,2025-05-24 00:00:00,49.82519025,70.1344335
Surakarta,2025-05-24 06:00:00,16.91049075,23.61818475
Surakarta,2025-05-24 12:00:00,43.1362825,60.6661955
Surakarta,2025-05-24 18:00:00,44.781642999999995,63.256493
Surakarta,2025-05-25 00:00:00,55.02033725,77.848314
Surakarta,2025-05-25 06:00:00,18.701939499999998,26.53104025
Surakarta,2025-05-25 12:00:00,31.519505249999998,44.536648500000005
Surakarta,2025-05-25 18:00:00,34.46882575,48.838729
Surakarta,2025-05-26 00:00:00,69.47357175,98.547274
Surakarta,2025-05-26 06:00:00,30.9432265,44.06459175
Surakarta,2025-05-26 12:00:00,51.79578075,73.15225125
Surakarta,2025-05-26 18:00:00,59.84895875,84.67077400000001
Surakarta,2025-05-27 00:00:00,58.931163375,83.525037
Surakarta,2025-05-27 06:00:00,14.804527499999999,21.05161925
Surakarta,2025-05-27 12:00:00,37.20458525,52.4998995
Surakarta,2025-05-27 18:00:00,52.376776500000005,74.09982975
Surakarta,2025-05-28 00:00:00,49.39931775,70.02984075
Surakarta,2025-05-28 06:00:00,8.906113075,12.68176675
Surakarta,2025-05-28 12:00:00,39.794201,56.161525625
Surakarta,2025-05-28 18:00:00,54.71258575,77.485708
Surakarta,2025-05-29 00:00:00,65.22162725,92.57053049999999
Surakarta,2025-05-29 06:00:00,13.004864750000001,18.74479925
Surakarta,2025-05-29 12:00:00,34.37435265,48.5047165
Surakarta,2025-05-29 18:00:00,54.48873725000001,77.11560175
Surakarta,2025-05-30 00:00:00,27.80007,39.41283796250001
Surakarta,2025-05-30 06:00:00,3.08938305,4.390699325
Surakarta,2025-05-30 12:00:00,31.5919241,44.61173925000001
Surakarta,2025-05-30 18:00:00,48.206631,68.23552225
Surakarta,2025-05-31 00:00:00,71.15184500000001,100.77877799999999
Surakarta,2025-05-31 06:00:00,21.5141825,30.62876875
Surakarta,2025-05-31 12:00:00,34.129585,48.08396200000001
Surakarta,2025-05-31 18:00:00,26.953784874999997,38.006987249999995
Surakarta,2025-06-01 00:00:00,27.33858675,38.448206500000005
Surakarta,2025-06-01 06:00:00,18.804143749999998,26.41479575
Surakarta,2025-06-01 12:00:00,38.43635475000001,53.4329265
Surakarta,2025-06-01 18:00:00,62.72193875,87.85846675
Surakarta,2025-06-02 00:00:00,62.27051575000001,87.5153875
Surakarta,2025-06-02 06:00:00,21.948480500000002,30.773463500000002
Surakarta,2025-06-02 12:00:00,40.18996,56.476693749999995
Surakarta,2025-06-02 18:00:00,63.822568,90.02130224999999
Surakarta,2025-06-03 00:00:00,66.47614725,93.7666585
Surakarta,2025-06-03 06:00:00,23.041991499999998,32.3435925
Surakarta,2025-06-03 12:00:00,58.24128399999999,81.69206575
Surakarta,2025-06-03 18:00:00,77.86077574999999,109.3908395
Surakarta,2025-06-04 00:00:00,69.01555525,96.964044
Surakarta,2025-06-04 06:00:00,28.02539725,39.06757175
Surakarta,2025-06-04 12:00:00,35.57067875,48.944229
Surakarta,2025-06-04 18:00:00,38.6106365,53.43727575
Surakarta,2025-06-05 00:00:00,28.887086749999998,40.2236815
Surakarta,2025-06-05 06:00:00,12.794544,17.862362375000004
Surakarta,2025-06-05 12:00:00,27.53250775,39.044039
Surakarta,2025-06-05 18:00:00,41.75897975,59.291807
Surakarta,2025-06-06 00:00:00,34.141464675,48.448669
Surakarta,2025-06-06 06:00:00,9.277130099999999,13.229850999999998
Surakarta,2025-06-06 12:00:00,32.79765785,46.474953325
Surakarta,2025-06-06 18:00:00,52.39272112500001,74.36398150000001
Surakarta,2025-06-07 00:00:00,27.4055762175,38.87407749250001
Surakarta,2025-06-07 06:00:00,1.8201831,2.63645465
Surakarta,2025-06-07 12:00:00,22.62646625,32.18372075
Surakarta,2025-06-07 18:00:00,36.860911075,52.51217775
Surakarta,2025-06-08 00:00:00,30.142019,43.023646924999994
Surakarta,2025-06-08 06:00:00,7.8194943750000006,11.987594875000001
Surakarta,2025-06-08 12:00:00,39.289032750000004,56.5146365
Surakarta,2025-06-08 18:00:00,50.7349975,72.72120749999999
Surakarta,2025-06-09 00:00:00,72.7299615,104.534594
Surakarta,2025-06-09 06:00:00,24.39375625,36.5300825
Surakarta,2025-06-09 12:00:00,42.9203915,61.238808250000005
Surakarta,2025-06-09 18:00:00,51.5802305,73.45602275
Surakarta,2025-06-10 00:00:00,37.66240225,53.891426
Surakarta,2025-06-10 06:00:00,20.112509000000003,29.7227695
Surakarta,2025-06-10 12:00:00,39.137034750000005,56.00315875
Surakarta,2025-06-10 18:00:00,40.909043249999996,58.473802
Surakarta,2025-06-11 00:00:00,41.415944,59.3294085
Surakarta,2025-06-11 06:00:00,16.13591415,24.05312225
Surakarta,2025-06-11 12:00:00,27.49027325,39.684152749999996
Surakarta,2025-06-11 18:00:00,51.879325,73.61970325
Surakarta,2025-06-12 00:00:00,40.072976,57.149351499999995
Surakarta,2025-06-12 06:00:00,15.11492075,22.2719905
Surakarta,2025-06-12 12:00:00,38.15813525,54.51167375
Surakarta,2025-06-12 18:00:00,65.19380325,92.9861425
Surakarta,2025-06-13 00:00:00,61.9425005,88.7110915
Surakarta,2025-06-13 06:00:00,22.281597,32.75926025
Surakarta,2025-06-13 12:00:00,33.91772875,48.412005
Surakarta,2025-06-13 18:00:00,32.886419,47.0023445
Surakarta,2025-06-14 00:00:00,48.49512475,69.6711025
Surakarta,2025-06-14 06:00:00,24.0561345,35.08034775
Surakarta,2025-06-14 12:00:00,44.08656175,62.3253985
Surakarta,2025-06-14 18:00:00,58.017151,82.14243499999999
Surakarta,2025-06-15 00:00:00,65.2090085,92.46446075
Surakarta,2025-06-15 06:00:00,24.045164,34.446600499999995
Surakarta,2025-06-15 12:00:00,33.3258185,47.404455999999996
Surakarta,2025-06-15 18:00:00,42.039204000000005,59.51352625
Surakarta,2025-06-16 00:00:00,42.71055325,60.851988750000004
Surakarta,2025-06-16 06:00:00,19.39196175,28.14852
Surakarta,2025-06-16 12:00:00,31.998411,45.800902750000006
Surakarta,2025-06-16 18:00:00,53.37840025,76.155516
Surakarta,2025-06-17 00:00:00,47.619251999999996,68.0048805
Surakarta,2025-06-17 06:00:00,12.143033500000001,17.9003905
Surakarta,2025-06-17 12:00:00,30.448972750000003,43.79251025
Surakarta,2025-06-17 18:00:00,45.698642250000006,65.29558049999999
Surakarta,2025-06-18 00:00:00,56.38568775,80.91228625
Surakarta,2025-06-18 06:00:00,15.750942000000002,23.66482475
Surakarta,2025-06-18 12:00:00,35.95448575,51.324093125
Surakarta,2025-06-18 18:00:00,59.8058695,85.11716700000001
Surakarta,2025-06-19 00:00:00,43.85506725,62.667026750000005
Surakarta,2025-06-19 06:00:00,14.667364124999999,22.026597499999998
Surakarta,2025-06-19 12:00:00,49.691834750000005,70.35396225000001
Surakarta,2025-06-19 18:00:00,72.272501,102.43047725
Surakarta,2025-06-20 00:00:00,73.631212,104.38128425
Surakarta,2025-06-20 06:00:00,28.543013499999997,41.0210535
Surakarta,2025-06-20 12:00:00,50.337972750000006,71.073828
Surakarta,2025-06-20 18:00:00,64.15976450000001,90.595393
Surakarta,2025-06-21 00:00:00,57.102924,80.8546185
Surakarta,2025-06-21 06:00:00,19.05129925,27.12300765
Surakarta,2025-06-21 12:00:00,33.60196375,47.6052265
Surakarta,2025-06-21 18:00:00,33.3113235,47.256378250000004
Surakarta,2025-06-22 00:00:00,57.17223,81.298709
Surakarta,2025-06-22 06:00:00,28.630097250000002,41.471026249999994
Surakarta,2025-06-22 12:00:00,37.6409165,53.975213249999996
Surakarta,2025-06-22 18:00:00,49.16836325,70.09543774999999
Surakarta,2025-06-23 00:00:00,51.042888500000004,72.9724545
Surakarta,2025-06-23 06:00:00,23.025080250000002,34.104004999999994
Surakarta,2025-06-23 12:00:00,33.6842165,48.6410835
Surakarta,2025-06-23 18:00:00,45.301931749999994,64.98174725
Surakarta,2025-06-24 00:00:00,50.575238000000006,72.9313
Surakarta,2025-06-24 06:00:00,20.71885775,30.93879325
Surakarta,2025-06-24 12:00:00,32.3846905,46.64656225
Surakarta,2025-06-24 18:00:00,45.700858000000004,65.10310725000001
Surakarta,2025-06-25 00:00:00,78.82701575,112.1155715
Surakarta,2025-06-25 06:00:00,35.941041500000004,52.90561925
Surakarta,2025-06-25 12:00:00,38.76129975,55.32984975
Surakarta,2025-06-25 18:00:00,39.359917749999994,56.012083249999996
Surakarta,2025-06-26 00:00:00,35.401171500000004,50.66254925
Surakarta,2025-06-26 06:00:00,12.936297375,20.06976275
Surakarta,2025-06-26 12:00:00,32.4103835,46.72642725
Surakarta,2025-06-26 18:00:00,46.70613275,67.0775645
Surakarta,2025-06-27 00:00:00,34.44421325,49.765789
Surakarta,2025-06-27 06:00:00,14.99154225,22.8334325
Surakarta,2025-06-27 12:00:00,29.418345,43.257273500000004
Surakarta,2025-06-27 18:00:00,44.678331,64.07543774999999
Surakarta,2025-06-28 00:00:00,59.604459750000004,85.9167235
Surakarta,2025-06-28 06:00:00,24.87684,37.306506
Surakarta,2025-06-28 12:00:00,39.5730815,56.94329325
Surakarta,2025-06-28 18:00:00,41.2703405,58.683156999999994
Surakarta,2025-06-29 00:00:00,28.02022425,40.26185275
Surakarta,2025-06-29 06:00:00,20.3935715,29.91686175
Surakarta,2025-06-29 12:00:00,37.604536249999995,53.0727105
Surakarta,2025-06-29 18:00:00,59.574504250000004,83.51222075
Surakarta,2025-06-30 00:00:00,64.35217825000001,90.43836425
Surakarta,2025-06-30 06:00:00,28.97280625,41.142072999999996
Surakarta,2025-06-30 12:00:00,50.31111475,70.3329015
Surakarta,2025-06-30 18:00:00,72.70088625,102.33858849999999
Surakarta,2025-07-01 00:00:00,42.35155875,59.804307
Surakarta,2025-07-01 06:00:00,18.711717,26.37125325
Surakarta,2025-07-01 12:00:00,28.53323575,39.902317749999995
Surakarta,2025-07-01 18:00:00,40.7057285,56.99746425
Surakarta,2025-07-02 00:00:00,79.22949349999999,111.1334875
Surakarta,2025-07-02 06:00:00,29.15925275,41.042767500000004
Surakarta,2025-07-02 12:00:00,42.4063845,59.44150425
Surakarta,2025-07-02 18:00:00,66.58582650000001,93.6724415
Surakarta,2025-07-03 00:00:00,37.41752225,52.7019205
Surakarta,2025-07-03 06:00:00,22.674924999999998,32.33478175
Surakarta,2025-07-03 12:00:00,36.73402275,51.783871000000005
Surakarta,2025-07-03 18:00:00,39.894146500000005,55.96837125
Surakarta,2025-07-04 00:00:00,33.527229000000005,47.8016205
Surakarta,2025-07-04 06:00:00,18.57955575,27.6641005
Surakarta,2025-07-04 12:00:00,25.922986624999997,37.2319845
Surakarta,2025-07-04 18:00:00,34.4132045,48.460576249999995
Surakarta,2025-07-05 00:00:00,42.496935500000006,59.787225500000005
Surakarta,2025-07-05 06:00:00,23.551820250000002,33.4194115
Surakarta,2025-07-05 12:00:00,44.856505500000004,62.142533
Surakarta,2025-07-05 18:00:00,55.206669250000004,76.15705050000001
Surakarta,2025-07-06 00:00:00,43.419731,60.0314255
Surakarta,2025-07-06 06:00:00,19.98739675,27.6982065
Surakarta,2025-07-06 12:00:00,34.90896475,49.0384765
Surakarta,2025-07-06 18:00:00,47.15724375,66.39365275
Surakarta,2025-07-07 00:00:00,66.1024735,93.149425
Surakarta,2025-07-07 06:00:00,23.5655195,33.28466375
Surakarta,2025-07-07 12:00:00,30.356943249999997,42.96953175
Surakarta,2025-07-07 18:00:00,42.0646135,59.3333035
Surakarta,2025-07-08 00:00:00,33.73645475,47.834647000000004
Surakarta,2025-07-08 06:00:00,12.73801325,18.571029
Surakarta,2025-07-08 12:00:00,28.16926775,40.5900665
Surakarta,2025-07-08 18:00:00,34.479597999999996,49.59576925
Surakarta,2025-07-09 00:00:00,16.59611825,24.260942
Surakarta,2025-07-09 06:00:00,8.456368099999999,12.91840575
Surakarta,2025-07-09 12:00:00,25.49319325,36.525648125
Surakarta,2025-07-09 18:00:00,37.213212,53.009330999999996
Surakarta,2025-07-10 00:00:00,36.550361375,52.25091125
Surakarta,2025-07-10 06:00:00,10.445262500000002,15.600136124999999
Surakarta,2025-07-10 12:00:00,28.269170000000003,40.192958499999996
Surakarta,2025-07-10 18:00:00,40.23843425,57.2014335
Surakarta,2025-07-11 00:00:00,39.88108725,56.85683375
Surakarta,2025-07-11 06:00:00,10.407546824999999,15.125920250000002
Surakarta,2025-07-11 12:00:00,41.019974,58.226192
Surakarta,2025-07-11 18:00:00,74.71780475,106.07499250000001
Surakarta,2025-07-12 00:00:00,82.14041775,117.06032425000001
Surakarta,2025-07-12 06:00:00,33.150711750000006,47.993978500000004
Surakarta,2025-07-12 12:00:00,46.578918,65.76283325000001
Surakarta,2025-07-12 18:00:00,71.01647224999999,99.99274600000001
Surakarta,2025-07-13 00:00:00,67.56992824999999,94.95116074999999
Surakarta,2025-07-13 06:00:00,27.15377425,38.80020925
Surakarta,2025-07-13 12:00:00,35.91571875,51.30641549999999
Surakarta,2025-07-13 18:00:00,41.37153675,58.899502
Surakarta,2025-07-14 00:00:00,34.7325225,49.932339
Surakarta,2025-07-14 06:00:00,13.276974000000001,19.625133249999998
Surakarta,2025-07-14 12:00:00,22.778294874999997,32.93962425
Surakarta,2025-07-14 18:00:00,25.204087875,36.25444825
Surakarta,2025-07-15 00:00:00,44.431146749999996,64.21572725
Surakarta,2025-07-15 06:00:00,23.3911805,34.925222
Surakarta,2025-07-15 12:00:00,36.620918,52.385303
Surakarta,2025-07-15 18:00:00,38.675295875,55.4896935
Surakarta,2025-07-16 00:00:00,27.15930225,39.0824085
Surakarta,2025-07-16 06:00:00,8.0017914,12.1423225
Surakarta,2025-07-16 12:00:00,22.538699875000002,32.65040475000001
Surakarta,2025-07-16 18:00:00,33.223215999999994,47.394450750000004
Surakarta,2025-07-17 00:00:00,42.52581225,60.390221
Surakarta,2025-07-17 06:00:00,21.270921,30.88939625
Surakarta,2025-07-17 12:00:00,34.29977374999999,47.46596125
Surakarta,2025-07-17 18:00:00,46.974832750000004,64.7131625
Surakarta,2025-07-18 00:00:00,53.198192750000004,72.58452750000001
Surakarta,2025-07-18 06:00:00,21.05628025,28.91488275
Surakarta,2025-07-18 12:00:00,40.91992775,56.4623415
Surakarta,2025-07-18 18:00:00,47.2823555,65.786366
Surakarta,2025-07-19 00:00:00,34.984339000000006,49.287110125
Surakarta,2025-07-19 06:00:00,7.3364389999999995,10.6335847
Surakarta,2025-07-19 12:00:00,30.022306250000003,42.189187
Surakarta,2025-07-19 18:00:00,45.355875499999996,63.423697
Surakarta,2025-07-20 00:00:00,40.830656,57.0488505
Surakarta,2025-07-20 06:00:00,13.177157,18.3553085
Surakarta,2025-07-20 12:00:00,21.37232975,30.13133225
Surakarta,2025-07-20 18:00:00,37.015354375,52.419067999999996
Surakarta,2025-07-21 00:00:00,23.62304475,33.491800725
Surakarta,2025-07-21 06:00:00,5.51028735,7.8638321
Surakarta,2025-07-21 12:00:00,26.7443736,38.0397295
Surakarta,2025-07-21 18:00:00,45.42772465,64.55803775
Surakarta,2025-07-22 00:00:00,42.61738625,60.648176250000006
Surakarta,2025-07-22 06:00:00,16.01563325,22.9453575
Surakarta,2025-07-22 12:00:00,33.4787845,47.430177750000006
Surakarta,2025-07-22 18:00:00,54.083670999999995,76.58991275
Surakarta,2025-07-23 00:00:00,75.2919225,106.6056525
Surakarta,2025-07-23 06:00:00,28.00834425,39.88316175
Surakarta,2025-07-23 12:00:00,40.86831575,57.817544000000005
Surakarta,2025-07-23 18:00:00,62.736006499999995,88.82247249999999
Surakarta,2025-07-24 00:00:00,54.630531500000004,77.4865615
Surakarta,2025-07-24 06:00:00,20.032871500000002,28.6573825
Surakarta,2025-07-24 12:00:00,29.282887249999998,41.59244375
Surakarta,2025-07-24 18:00:00,35.8052715,50.74753075
Surakarta,2025-07-25 00:00:00,34.0028805,48.381537
Surakarta,2025-07-25 06:00:00,22.89988275,32.8623175
Surakarta,2025-07-25 12:00:00,42.17565775,59.92274
Surakarta,2025-07-25 18:00:00,49.22419825,69.81903875
Surakarta,2025-07-26 00:00:00,53.19582025,75.69792724999999
Surakarta,2025-07-26 06:00:00,27.30666875,39.01698125
Surakarta,2025-07-26 12:00:00,36.4540255,51.249117
Surakarta,2025-07-26 18:00:00,50.099472000000006,70.6996555
Surakarta,2025-07-27 00:00:00,28.1063135,39.90550175
Surakarta,2025-07-27 06:00:00,16.019811,22.889651
Surakarta,2025-07-27 12:00:00,30.388491750000004,42.848340500000006
Surakarta,2025-07-27 18:00:00,31.538192499999997,44.9149975
Surakarta,2025-07-28 00:00:00,33.0972515,47.3256125
Surakarta,2025-07-28 06:00:00,12.45877,18.553351
Surakarta,2025-07-28 12:00:00,20.0683415,29.485137
Surakarta,2025-07-28 18:00:00,20.390231749999998,30.123231999999998
Surakarta,2025-07-29 00:00:00,14.048438749999999,22.0316565
Surakarta,2025-07-29 06:00:00,13.62730025,22.44848925
Surakarta,2025-07-29 12:00:00,21.006485,32.599473499999995
Surakarta,2025-07-29 18:00:00,21.08431825,32.25463275
Surakarta,2025-07-30 00:00:00,28.5996435,44.2164495
Surakarta,2025-07-30 06:00:00,22.95547575,36.25461825
Surakarta,2025-07-30 12:00:00,25.9051375,38.7574345
Surakarta,2025-07-30 18:00:00,25.94305175,38.18269075
Surakarta,2025-07-31 00:00:00,14.363394000000001,21.428832
Surakarta,2025-07-31 06:00:00,12.55983775,19.061531249999998
Surakarta,2025-07-31 12:00:00,22.734070749999997,33.328206
Surakarta,2025-07-31 18:00:00,29.058867499999998,41.85704875
Surakarta,2025-08-01 00:00:00,22.739925375000002,32.8574285
Surakarta,2025-08-01 06:00:00,12.570751375,18.629179999999998
Surakarta,2025-08-01 12:00:00,33.20002375,47.382742
Surakarta,2025-08-01 18:00:00,53.70850425,76.32445399999999
Surakarta,2025-08-02 00:00:00,23.386945875,33.4090935
Surakarta,2025-08-02 06:00:00,11.439056,16.572357999999998
Surakarta,2025-08-02 12:00:00,20.500181,29.415958
Surakarta,2025-08-02 18:00:00,40.305054,57.36512825
Surakarta,2025-08-03 00:00:00,31.675427,45.0684745
Surakarta,2025-08-03 06:00:00,17.92483325,26.046108999999998
Surakarta,2025-08-03 12:00:00,24.66885025,35.2133615
Surakarta,2025-08-03 18:00:00,28.78192625,40.4922385
Surakarta,2025-08-04 00:00:00,44.21778525,62.224500750000004
Surakarta,2025-08-04 06:00:00,23.00640725,32.930814
Surakarta,2025-08-04 12:00:00,33.84366175,47.540254
Surakarta,2025-08-04 18:00:00,43.02791025,60.56106275
Surakarta,2025-08-05 00:00:00,27.093022625,38.306239749999996
Surakarta,2025-08-05 06:00:00,20.69083375,29.687839999999998
Surakarta,2025-08-05 12:00:00,23.436541124999998,33.71224025
Surakarta,2025-08-05 18:00:00,27.7725005,39.69657275
Surakarta,2025-08-06 00:00:00,18.77191375,27.069376
Surakarta,2025-08-06 06:00:00,7.7666868000000004,11.367319625
Surakarta,2025-08-06 12:00:00,18.20626475,26.29019475
Surakarta,2025-08-06 18:00:00,41.778037825,59.616808500000005
Surakarta,2025-08-07 00:00:00,38.212362999999996,54.732650750000005
Surakarta,2025-08-07 06:00:00,17.376180625,25.11040925
Surakarta,2025-08-07 12:00:00,27.103055649999998,38.612199499999996
Surakarta,2025-08-07 18:00:00,41.341138375,58.843171
Surakarta,2025-08-08 00:00:00,28.740543749999997,41.079204
Surakarta,2025-08-08 06:00:00,22.027336625,31.61790125
Surakarta,2025-08-08 12:00:00,34.282663750000005,48.49181275
Surakarta,2025-08-08 18:00:00,58.76620375,83.25753125
Surakarta,2025-08-09 00:00:00,53.21839975,75.49641675000001
Surakarta,2025-08-09 06:00:00,25.174585999999998,35.91560475
Surakarta,2025-08-09 12:00:00,29.305056250000003,41.4888745
Surakarta,2025-08-09 18:00:00,54.9970315,77.854849
Surakarta,2025-08-10 00:00:00,54.08492075,76.79517625
Surakarta,2025-08-10 06:00:00,26.53052825,38.08054325
Surakarta,2025-08-10 12:00:00,29.3293285,41.873022500000005
Surakarta,2025-08-10 18:00:00,39.84010275,56.466320249999995
Surakarta,2025-08-11 00:00:00,46.469778749999996,66.24350224999999
Surakarta,2025-08-11 06:00:00,25.289154,36.824417000000004
Surakarta,2025-08-11 12:00:00,29.565143250000002,42.56571525
Surakarta,2025-08-11 18:00:00,39.580832750000006,56.216010000000004
Surakarta,2025-08-12 00:00:00,46.196362,65.89817825
Surakarta,2025-08-12 06:00:00,20.074594375,29.378952750000003
Surakarta,2025-08-12 12:00:00,30.51047775,44.03705125
Surakarta,2025-08-12 18:00:00,45.872752,65.29501225
Surakarta,2025-08-13 00:00:00,57.79196575,82.611165
Surakarta,2025-08-13 06:00:00,24.20597375,35.59586
Surakarta,2025-08-13 12:00:00,36.95396325,53.53712075
Surakarta,2025-08-13 18:00:00,55.705045,79.8953875
Surakarta,2025-08-14 00:00:00,44.39272,65.038422
Surakarta,2025-08-14 06:00:00,19.27128325,30.65361
Surakarta,2025-08-14 12:00:00,21.088652749999998,31.712516750000002
Surakarta,2025-08-14 18:00:00,27.8610485,40.35453525
Surakarta,2025-08-15 00:00:00,11.94973725,17.4532035
Surakarta,2025-08-15 06:00:00,11.18610275,16.88272275
Surakarta,2025-08-15 12:00:00,23.906494249999998,34.76927175
Surakarta,2025-08-15 18:00:00,38.06957274999999,54.62294525
Surakarta,2025-08-16 00:00:00,33.09861525,47.50120375
Surakarta,2025-08-16 06:00:00,16.968101625000003,25.092617750000002
Surakarta,2025-08-16 12:00:00,31.42105225,45.559717
Surakarta,2025-08-16 18:00:00,61.76350175,88.173579
Surakarta,2025-08-17 00:00:00,51.444317500000004,73.62893925
Surakarta,2025-08-17 06:00:00,22.83195525,33.428818500000006
Surakarta,2025-08-17 12:00:00,34.8795905,49.8939415
Surakarta,2025-08-17 18:00:00,53.521474500000004,76.218115
Surakarta,2025-08-18 00:00:00,58.03724475,82.872533
Surakarta,2025-08-18 06:00:00,28.06442025,40.768156749999996
Surakarta,2025-08-18 12:00:00,38.032112500000004,54.5068135
Surakarta,2025-08-18 18:00:00,49.542152,70.28850750000001
Surakarta,2025-08-19 00:00:00,64.0292225,91.14606175
Surakarta,2025-08-19 06:00:00,37.3795505,53.879205000000006
Surakarta,2025-08-19 12:00:00,39.53402925,56.32335875
Surakarta,2025-08-19 18:00:00,36.68100125,52.1475845
Surakarta,2025-08-20 00:00:00,33.64834775,47.738012
Surakarta,2025-08-20 06:00:00,16.49627275,23.564894
Surakarta,2025-08-20 12:00:00,26.937812125,38.177773625
Surakarta,2025-08-20 18:00:00,45.08351,63.940177999999996
Surakarta,2025-08-21 00:00:00,41.508770000000005,58.9319605
Surakarta,2025-08-21 06:00:00,11.035155,15.811906500000001
Surakarta,2025-08-21 12:00:00,27.841253000000002,39.75247875
Surakarta,2025-08-21 18:00:00,41.34453525,58.708594
Surakarta,2025-08-22 00:00:00,61.87028225,87.72735800000001
Surakarta,2025-08-22 06:00:00,29.371364,41.88552775
Surakarta,2025-08-22 12:00:00,39.962457750000006,56.7125075
Surakarta,2025-08-22 18:00:00,58.71828525,83.19852999999999
Surakarta,2025-08-23 00:00:00,79.55466625000001,112.61840875
Surakarta,2025-08-23 06:00:00,41.4344185,58.7643865
Surakarta,2025-08-23 12:00:00,48.46853625,68.348527
Surakarta,2025-08-23 18:00:00,58.92769625,83.28186325
Surakarta,2025-08-24 00:00:00,65.2359515,92.1846215
Surakarta,2025-08-24 06:00:00,32.44525725,45.94318125
Surakarta,2025-08-24 12:00:00,51.41680575,72.469106
Surakarta,2025-08-24 18:00:00,62.13684825,87.7982405
Surakarta,2025-08-25 00:00:00,33.027731,46.85071625
Surakarta,2025-08-25 06:00:00,8.704773675,12.523798999999999
Surakarta,2025-08-25 12:00:00,19.017391900000003,27.066505375
Surakarta,2025-08-25 18:00:00,32.297634925,45.91993325
Surakarta,2025-08-26 00:00:00,22.88391,32.667173749999996
Surakarta,2025-08-26 06:00:00,9.874923975000002,14.332386
Surakarta,2025-08-26 12:00:00,19.997770625,28.622878
Surakarta,2025-08-26 18:00:00,29.36340575,42.4505515
Surakarta,2025-08-27 00:00:00,21.429883500000003,31.80213075
Surakarta,2025-08-27 06:00:00,10.692701999999999,17.79505975
Surakarta,2025-08-27 12:00:00,17.43274,27.76721425
Surakarta,2025-08-27 18:00:00,15.667154875,24.8534775
Surakarta,2025-08-28 00:00:00,12.99702025,20.0531075
Surakarta,2025-08-28 06:00:00,9.031680249999999,14.141051000000001
Surakarta,2025-08-28 12:00:00,14.1282045,21.360961
Surakarta,2025-08-28 18:00:00,19.586195500000002,28.716158250000003
Surakarta,2025-08-29 00:00:00,32.783987,47.7035665
Surakarta,2025-08-29 06:00:00,19.600691,29.69812875
Surakarta,2025-08-29 12:00:00,24.340920500000003,35.7745195
Surakarta,2025-08-29 18:00:00,22.726169249999998,33.007495250000005
Surakarta,2025-08-30 00:00:00,20.538436750000002,30.11814425
Surakarta,2025-08-30 06:00:00,14.510135,21.90699875
Surakarta,2025-08-30 12:00:00,25.088524999999997,36.678954999999995
Surakarta,2025-08-30 18:00:00,35.728192,51.101266
Surakarta,2025-08-31 00:00:00,40.799704500000004,58.44947175
Surakarta,2025-08-31 06:00:00,22.85816,32.940306
Surakarta,2025-08-31 12:00:00,35.2430335,49.43081
Surakarta,2025-08-31 18:00:00,66.4482235,93.2881225
