city,time,cams_pm2_5,cams_pm10,hour,day,month,day_of_week,pm2_5_lag_1,pm10_lag_1,pm2_5_rolling_3h,pm10_rolling_3h
Jakarta,2024-09-01 06:00:00,42.0864695,59.86640925,6,1,9,6,63.76547,90.45550125,63.76547,90.45550125
Jakarta,2024-09-01 12:00:00,61.3148355,86.6939445,12,1,9,6,42.0864695,59.86640925,52.92596975,75.16095525
Jakarta,2024-09-01 18:00:00,92.72936725,131.1833265,18,1,9,6,61.3148355,86.6939445,55.722258333333336,79.005285
Jakarta,2024-09-02 00:00:00,112.67644625,159.3998615,0,2,9,0,92.72936725,131.1833265,65.37689075,92.58122675
Jakarta,2024-09-02 06:00:00,58.561454000000005,82.9753605,6,2,9,0,112.67644625,159.3998615,88.906883,125.75904416666667
Jakarta,2024-09-02 12:00:00,62.18601999999999,87.38891225,12,2,9,0,58.561454000000005,82.9753605,87.98908916666666,124.51951616666666
Jakarta,2024-09-02 18:00:00,75.93426674999999,106.73659225,18,2,9,0,62.18601999999999,87.38891225,77.80797341666666,109.92137808333332
Jakarta,2024-09-03 00:00:00,65.02204925000001,91.74977,0,3,9,1,75.93426674999999,106.73659225,65.56058025,92.366955
Jakarta,2024-09-03 06:00:00,38.1839985,53.927124000000006,6,3,9,1,65.02204925000001,91.74977,67.714112,95.29175816666667
Jakarta,2024-09-03 12:00:00,50.56051525,71.00959475,12,3,9,1,38.1839985,53.927124000000006,59.71343816666667,84.13782875
Jakarta,2024-09-03 18:00:00,71.8796685,101.094743,18,3,9,1,50.56051525,71.00959475,51.25552100000001,72.22882958333334
Jakarta,2024-09-04 00:00:00,94.35234625,132.91651,0,4,9,2,71.8796685,101.094743,53.54139408333333,75.34382058333334
Jakarta,2024-09-04 06:00:00,39.05393,55.16960775,6,4,9,2,94.35234625,132.91651,72.26417666666667,101.67361591666668
Jakarta,2024-09-04 12:00:00,45.85103875,64.6542725,12,4,9,2,39.05393,55.16960775,68.42864825,96.39362024999998
Jakarta,2024-09-04 18:00:00,59.3424825,83.795215,18,4,9,2,45.85103875,64.6542725,59.75243833333334,84.24679675
Jakarta,2024-09-05 00:00:00,91.8012125,129.86527249999995,0,5,9,3,59.3424825,83.795215,48.08248375,67.87303175
Jakarta,2024-09-05 06:00:00,61.41249325,87.63777375000001,6,5,9,3,91.8012125,129.86527249999995,65.66491125,92.77158666666664
Jakarta,2024-09-05 12:00:00,64.85117875,92.03108625,12,5,9,3,61.41249325,87.63777375000001,70.85206275,100.43275374999997
Jakarta,2024-09-05 18:00:00,70.06434449999999,99.3023815,18,5,9,3,64.85117875,92.03108625,72.68829483333333,103.17804416666665
Jakarta,2024-09-06 00:00:00,84.97119225,120.7950525,0,6,9,4,70.06434449999999,99.3023815,65.44267216666667,92.99041383333333
Jakarta,2024-09-06 06:00:00,44.1302175,63.3164055,6,6,9,4,84.97119225,120.7950525,73.29557183333333,104.04284008333333
Jakarta,2024-09-06 12:00:00,40.02140475,57.337162,12,6,9,4,44.1302175,63.3164055,66.38858475,94.47127983333333
Jakarta,2024-09-06 18:00:00,55.604459,79.2673525,18,6,9,4,40.02140475,57.337162,56.3742715,80.48287333333333
Jakarta,2024-09-07 00:00:00,92.669439,132.3169275,0,7,9,5,55.604459,79.2673525,46.58536041666667,66.64030666666667
Jakarta,2024-09-07 06:00:00,43.1243735,62.621212500000006,6,7,9,5,92.669439,132.3169275,62.765100916666675,89.64048066666665
Jakarta,2024-09-07 12:00:00,51.13042725,72.92101000000001,12,7,9,5,43.1243735,62.621212500000006,63.79942383333334,91.40183083333334
Jakarta,2024-09-07 18:00:00,94.1013785,133.62626,18,7,9,5,51.13042725,72.92101000000001,62.308079916666664,89.28638333333333
Jakarta,2024-09-08 00:00:00,98.70496,140.47196875,0,8,9,6,94.1013785,133.62626,62.78539308333333,89.7228275
Jakarta,2024-09-08 06:00:00,47.16889625,67.76997475,6,8,9,6,98.70496,140.47196875,81.31225525,115.67307958333333
Jakarta,2024-09-08 12:00:00,48.800075,69.84851075,12,8,9,6,47.16889625,67.76997475,79.99174491666668,113.95606783333334
Jakarta,2024-09-08 18:00:00,54.7601085,77.94108125,18,8,9,6,48.800075,69.84851075,64.89131041666667,92.69681808333333
Jakarta,2024-09-09 00:00:00,65.77533875,93.549601,0,9,9,0,54.7601085,77.94108125,50.24302658333334,71.85318891666667
Jakarta,2024-09-09 06:00:00,37.11994550000001,53.343001,6,9,9,0,65.77533875,93.549601,56.445174083333335,80.44639766666666
Jakarta,2024-09-09 12:00:00,46.628771,66.562848,12,9,9,0,37.11994550000001,53.343001,52.55179758333335,74.94456108333333
Jakarta,2024-09-09 18:00:00,59.50067775,84.6602855,18,9,9,0,46.628771,66.562848,49.84135175000001,71.15181666666668
Jakarta,2024-09-10 00:00:00,75.927005,108.081961,0,10,9,1,59.50067775,84.6602855,47.74979808333334,68.1887115
Jakarta,2024-09-10 06:00:00,47.26257375,67.842051,6,10,9,1,75.927005,108.081961,60.685484583333334,86.4350315
Jakarta,2024-09-10 12:00:00,64.71589225,91.98856874999998,12,10,9,1,47.26257375,67.842051,60.89675216666668,86.86143249999999
Jakarta,2024-09-10 18:00:00,67.34475775,95.849201,18,10,9,1,64.71589225,91.98856874999998,62.635157,89.30419358333332
Jakarta,2024-09-11 00:00:00,61.3513305,87.35497624999999,0,11,9,2,67.34475775,95.849201,59.77440791666667,85.22660691666665
Jakarta,2024-09-11 06:00:00,32.81138575,47.08942875,6,11,9,2,61.3513305,87.35497624999999,64.47066016666668,91.73091533333331
Jakarta,2024-09-11 12:00:00,53.626877,76.37169275,12,11,9,2,32.81138575,47.08942875,53.83582466666667,76.76453533333333
Jakarta,2024-09-11 18:00:00,84.6433185,120.11053,18,11,9,2,53.626877,76.37169275,49.26319775000001,70.27203258333333
Jakarta,2024-09-12 00:00:00,66.13308275,93.8861715,0,12,9,3,84.6433185,120.11053,57.02719375,81.19055049999999
Jakarta,2024-09-12 06:00:00,40.3736635,57.650253500000005,6,12,9,3,66.13308275,93.8861715,68.13442608333334,96.78946475
Jakarta,2024-09-12 12:00:00,44.350884,62.94987925,12,12,9,3,40.3736635,57.650253500000005,63.716688250000004,90.548985
Jakarta,2024-09-12 18:00:00,78.7275245,111.5447775,18,12,9,3,44.350884,62.94987925,50.28587675,71.49543475
Jakarta,2024-09-13 00:00:00,77.25748174999998,109.7537265,0,13,9,4,78.7275245,111.5447775,54.484024000000005,77.38163675
Jakarta,2024-09-13 06:00:00,44.6706275,63.88404475,6,13,9,4,77.25748174999998,109.7537265,66.77863008333334,94.74946108333332
Jakarta,2024-09-13 12:00:00,72.26299175,102.1518285,12,13,9,4,44.6706275,63.88404475,66.88521125,95.06084958333334
Jakarta,2024-09-13 18:00:00,107.53308375,152.31094625,18,13,9,4,72.26299175,102.1518285,64.730367,91.92986658333332
Jakarta,2024-09-14 00:00:00,115.5601725,164.001675,0,14,9,5,107.53308375,152.31094625,74.82223433333333,106.11560650000001
Jakarta,2024-09-14 06:00:00,48.4380965,69.14012875,6,14,9,5,115.5601725,164.001675,98.45208266666667,139.48814991666669
Jakarta,2024-09-14 12:00:00,74.534001,105.279695,12,14,9,5,48.4380965,69.14012875,90.51045091666667,128.48425
Jakarta,2024-09-14 18:00:00,112.64703025,159.19295,18,14,9,5,74.534001,105.279695,79.51075666666667,112.80716625000002
Jakarta,2024-09-15 00:00:00,111.5721775,157.20854500000002,0,15,9,6,112.64703025,159.19295,78.53970925,111.20425791666668
Jakarta,2024-09-15 06:00:00,55.45933925,78.20404,6,15,9,6,111.5721775,157.20854500000002,99.58440291666666,140.5603966666667
Jakarta,2024-09-15 12:00:00,66.81033000000001,93.830494,12,15,9,6,55.45933925,78.20404,93.22618233333334,131.53517833333336
Jakarta,2024-09-15 18:00:00,121.29984849999998,171.14081249999998,18,15,9,6,66.81033000000001,93.830494,77.94728225000001,109.74769300000003
Jakarta,2024-09-16 00:00:00,98.9985825,139.86556,0,16,9,0,121.29984849999998,171.14081249999998,81.18983924999999,114.39178216666669
Jakarta,2024-09-16 06:00:00,38.5633145,54.5229295,6,16,9,0,98.9985825,139.86556,95.70292033333334,134.94562216666665
Jakarta,2024-09-16 12:00:00,52.23935775,73.58329375,12,16,9,0,38.5633145,54.5229295,86.28724849999999,121.84310066666666
Jakarta,2024-09-16 18:00:00,91.84745525,129.91353,18,16,9,0,52.23935775,73.58329375,63.26708491666667,89.32392775000001
Jakarta,2024-09-17 00:00:00,90.25606575,127.8950775,0,17,9,1,91.84745525,129.91353,60.88337583333333,86.00658441666667
Jakarta,2024-09-17 06:00:00,33.93515175,48.12898175,6,17,9,1,90.25606575,127.8950775,78.11429291666667,110.46396708333334
Jakarta,2024-09-17 12:00:00,50.479940500000005,71.1404485,12,17,9,1,33.93515175,48.12898175,72.01289091666668,101.97919641666668
Jakarta,2024-09-17 18:00:00,78.980931,111.4290475,18,17,9,1,50.479940500000005,71.1404485,58.22371933333334,82.38816925000002
Jakarta,2024-09-18 00:00:00,67.19693649999999,95.09488975,0,18,9,2,78.980931,111.4290475,54.465341083333335,76.89949258333336
Jakarta,2024-09-18 06:00:00,29.9763765,42.684520500000005,6,18,9,2,67.19693649999999,95.09488975,65.55260266666666,92.55479525
Jakarta,2024-09-18 12:00:00,40.50156075,57.240187,12,18,9,2,29.9763765,42.684520500000005,58.71808133333334,83.06948591666668
Jakarta,2024-09-18 18:00:00,89.87669374999999,127.18001625,18,18,9,2,40.50156075,57.240187,45.89162458333333,65.00653241666667
Jakarta,2024-09-19 00:00:00,78.13986324999999,110.750761,0,19,9,3,89.87669374999999,127.18001625,53.45154366666666,75.70157458333334
Jakarta,2024-09-19 06:00:00,39.538832500000005,56.124578,6,19,9,3,78.13986324999999,110.750761,69.50603924999999,98.39032141666668
Jakarta,2024-09-19 12:00:00,47.8245,67.59023549999999,12,19,9,3,39.538832500000005,56.124578,69.18512983333333,98.01845175000001
Jakarta,2024-09-19 18:00:00,79.07527624999999,111.784545,18,19,9,3,47.8245,67.59023549999999,55.16773191666667,78.1551915
Jakarta,2024-09-20 00:00:00,115.87962875,163.8857735,0,20,9,4,79.07527624999999,111.784545,55.479536249999995,78.49978616666668
Jakarta,2024-09-20 06:00:00,56.1167615,79.36228025,6,20,9,4,115.87962875,163.8857735,80.92646833333332,114.42018466666667
Jakarta,2024-09-20 12:00:00,52.49245275,73.9984785,12,20,9,4,56.1167615,79.36228025,83.69055549999999,118.34419958333335
Jakarta,2024-09-20 18:00:00,59.80649474999999,84.493023,18,20,9,4,52.49245275,73.9984785,74.82961433333334,105.74884408333334
Jakarta,2024-09-21 00:00:00,66.87682325,94.70835475,0,21,9,5,59.80649474999999,84.493023,56.13856966666666,79.28459391666667
Jakarta,2024-09-21 06:00:00,47.46152575,67.3286985,6,21,9,5,66.87682325,94.70835475,59.725256916666666,84.39995208333333
Jakarta,2024-09-21 12:00:00,50.17125175,70.87658024999999,12,21,9,5,47.46152575,67.3286985,58.048281249999995,82.17669208333332
Jakarta,2024-09-21 18:00:00,74.1127625,104.725415,18,21,9,5,50.17125175,70.87658024999999,54.836533583333335,77.63787783333333
Jakarta,2024-09-22 00:00:00,116.7053385,164.445965,0,22,9,6,74.1127625,104.725415,57.248513333333335,80.97689791666666
Jakarta,2024-09-22 06:00:00,66.185976,93.1595975,6,22,9,6,116.7053385,164.445965,80.32978425,113.34932008333334
Jakarta,2024-09-22 12:00:00,64.61778125000001,90.552021,12,22,9,6,66.185976,93.1595975,85.66802566666667,120.7769925
Jakarta,2024-09-22 18:00:00,73.97761625,103.42466875,18,22,9,6,64.61778125000001,90.552021,82.50303191666667,116.05252783333333
Jakarta,2024-09-23 00:00:00,98.261695,137.97671250000002,0,23,9,0,73.97761625,103.42466875,68.26045783333332,95.71209575
Jakarta,2024-09-23 06:00:00,63.894815,90.0178635,6,23,9,0,98.261695,137.97671250000002,78.95236416666667,110.65113408333333
Jakarta,2024-09-23 12:00:00,60.73295775,85.6900325,12,23,9,0,63.894815,90.0178635,78.71137541666667,110.47308158333335
Jakarta,2024-09-23 18:00:00,76.40304025,107.9700975,18,23,9,0,60.73295775,85.6900325,74.29648925000001,104.56153616666667
Jakarta,2024-09-24 00:00:00,96.06509625,135.8002915,0,24,9,1,76.40304025,107.9700975,67.010271,94.55933116666667
Jakarta,2024-09-24 06:00:00,68.07420075,96.268195,6,24,9,1,96.06509625,135.8002915,77.73369808333334,109.82014049999998
Jakarta,2024-09-24 12:00:00,75.15185875,106.10836,12,24,9,1,68.07420075,96.268195,80.18077908333333,113.34619466666665
Jakarta,2024-09-24 18:00:00,104.17537,147.284765,18,24,9,1,75.15185875,106.10836,79.76371858333334,112.72561549999999
Jakarta,2024-09-25 00:00:00,124.3738565,175.9032075,0,25,9,2,104.17537,147.284765,82.46714316666667,116.55377333333333
Jakarta,2024-09-25 06:00:00,67.5066755,95.41076875,6,25,9,2,124.3738565,175.9032075,101.23369508333333,143.0987775
Jakarta,2024-09-25 12:00:00,70.549106,99.5083835,12,25,9,2,67.5066755,95.41076875,98.68530066666666,139.53291375
Jakarta,2024-09-25 18:00:00,94.67794375,133.7859325,18,25,9,2,70.549106,99.5083835,87.476546,123.60745325
Jakarta,2024-09-26 00:00:00,104.9859275,148.62484975,0,26,9,3,94.67794375,133.7859325,77.57790841666667,109.56836158333333
Jakarta,2024-09-26 06:00:00,49.416911,69.89989775,6,26,9,3,104.9859275,148.62484975,90.07099241666667,127.30638858333334
Jakarta,2024-09-26 12:00:00,57.238736,80.85373874999999,12,26,9,3,49.416911,69.89989775,83.02692741666668,117.43689333333333
Jakarta,2024-09-26 18:00:00,96.3194115,136.34087474999998,18,26,9,3,57.238736,80.85373874999999,70.54719150000001,99.79282875
Jakarta,2024-09-27 00:00:00,70.74669425,100.3670315,0,27,9,4,96.3194115,136.34087474999998,67.65835283333334,95.69817041666666
Jakarta,2024-09-27 06:00:00,35.48009925,50.361736,6,27,9,4,70.74669425,100.3670315,74.76828058333335,105.85388166666667
Jakarta,2024-09-27 12:00:00,50.8979095,72.1088315,12,27,9,4,35.48009925,50.361736,67.51540166666668,95.68988075
Jakarta,2024-09-27 18:00:00,80.911263,114.6867115,18,27,9,4,50.8979095,72.1088315,52.374901,74.27919966666666
Jakarta,2024-09-28 00:00:00,99.60763225,141.1585225,0,28,9,5,80.911263,114.6867115,55.76309058333334,79.05242633333333
Jakarta,2024-09-28 06:00:00,50.9129455,72.189778,6,28,9,5,99.60763225,141.1585225,77.13893491666668,109.31802183333332
Jakarta,2024-09-28 12:00:00,60.626007,85.85976675,12,28,9,5,50.9129455,72.189778,77.14394691666668,109.345004
Jakarta,2024-09-28 18:00:00,84.674469,120.01583999999998,18,28,9,5,60.626007,85.85976675,70.38219491666668,99.73602241666667
Jakarta,2024-09-29 00:00:00,132.32289749999998,187.70686,0,29,9,6,84.674469,120.01583999999998,65.40447383333334,92.68846158333334
Jakarta,2024-09-29 06:00:00,53.66445075000001,76.5163,6,29,9,6,132.32289749999998,187.70686,92.54112449999998,131.19415558333333
Jakarta,2024-09-29 12:00:00,52.2243235,74.27212225,12,29,9,6,53.66445075000001,76.5163,90.22060575,128.07966666666667
Jakarta,2024-09-29 18:00:00,88.440174,125.5592535,18,29,9,6,52.2243235,74.27212225,79.40389058333334,112.83176074999999
Jakarta,2024-09-30 00:00:00,93.72092875,133.2423375,0,30,9,0,88.440174,125.5592535,64.77631608333333,92.11589191666667
Jakarta,2024-09-30 06:00:00,41.38820475,59.134352,6,30,9,0,93.72092875,133.2423375,78.12847541666666,111.02457108333333
Jakarta,2024-09-30 12:00:00,69.03789525,97.973355,12,30,9,0,41.38820475,59.134352,74.51643583333333,105.97864766666665
Jakarta,2024-09-30 18:00:00,113.941469,161.8642485,18,30,9,0,69.03789525,97.973355,68.04900958333333,96.78334816666666
Jakarta,2024-10-01 00:00:00,111.46508375,158.50207500000002,0,1,10,1,113.941469,161.8642485,74.78918966666667,106.32398516666667
Jakarta,2024-10-01 06:00:00,42.76435475,61.18662449999999,6,1,10,1,111.46508375,158.50207500000002,98.14814933333334,139.4465595
Jakarta,2024-10-01 12:00:00,91.8708175,130.217675,12,1,10,1,42.76435475,61.18662449999999,89.3903025,127.18431600000001
Jakarta,2024-10-01 18:00:00,89.355181,127.011574,18,1,10,1,91.8708175,130.217675,82.03341866666666,116.63545816666668
Jakarta,2024-10-02 00:00:00,151.2192675,215.3753375,0,2,10,2,89.355181,127.011574,74.66345108333333,106.13862449999999
Jakarta,2024-10-02 06:00:00,70.9521825,101.8686925,6,2,10,2,151.2192675,215.3753375,110.81508866666667,157.53486216666667
Jakarta,2024-10-02 12:00:00,78.52366925,111.6791835,12,2,10,2,70.9521825,101.8686925,103.84221033333334,148.08520133333334
Jakarta,2024-10-02 18:00:00,83.56367725,118.56536625,18,2,10,2,78.52366925,111.6791835,100.23170641666667,142.9744045
Jakarta,2024-10-03 00:00:00,77.6744305,110.310679,0,3,10,3,83.56367725,118.56536625,77.679843,110.70441408333333
Jakarta,2024-10-03 06:00:00,45.715353,65.30569775000001,6,3,10,3,77.6744305,110.310679,79.92059233333333,113.51840958333332
Jakarta,2024-10-03 12:00:00,64.6687675,91.40097825,12,3,10,3,45.715353,65.30569775000001,68.98448691666667,98.060581
Jakarta,2024-10-03 18:00:00,95.8009425,135.1177725,18,3,10,3,64.6687675,91.40097825,62.68618366666667,89.005785
Jakarta,2024-10-04 00:00:00,120.3525815,169.6359375,0,4,10,4,95.8009425,135.1177725,68.72835433333334,97.27481616666667
Jakarta,2024-10-04 06:00:00,59.9666235,84.16333225,6,4,10,4,120.3525815,169.6359375,93.6074305,132.05156275000002
Jakarta,2024-10-04 12:00:00,75.5691765,105.8001525,12,4,10,4,59.9666235,84.16333225,92.04004916666668,129.63901408333334
Jakarta,2024-10-04 18:00:00,114.989175,161.7609075,18,4,10,4,75.5691765,105.8001525,85.29612716666666,119.86647408333334
Jakarta,2024-10-05 00:00:00,84.483105,119.134485,0,5,10,5,114.989175,161.7609075,83.508325,117.24146408333336
Jakarta,2024-10-05 06:00:00,42.0931775,59.14540675,6,5,10,5,84.483105,119.134485,91.68048549999999,128.898515
Jakarta,2024-10-05 12:00:00,57.46852499999999,80.71754225000001,12,5,10,5,42.0931775,59.14540675,80.52181916666667,113.34693308333335
Jakarta,2024-10-05 18:00:00,94.395716,133.2332415,18,5,10,5,57.46852499999999,80.71754225000001,61.34826916666666,86.332478
Jakarta,2024-10-06 00:00:00,111.367455,157.51686750000002,0,6,10,6,94.395716,133.2332415,64.65247283333333,91.0320635
Jakarta,2024-10-06 06:00:00,57.71767125,81.55018399999999,6,6,10,6,111.367455,157.51686750000002,87.74389866666667,123.82255041666667
Jakarta,2024-10-06 12:00:00,71.31620849999999,100.699709,12,6,10,6,57.71767125,81.55018399999999,87.82694741666667,124.10009766666667
Jakarta,2024-10-06 18:00:00,99.93951,141.33019000000002,18,6,10,6,71.31620849999999,100.699709,80.13377825,113.25558683333334
Jakarta,2024-10-07 00:00:00,105.242464,148.9067925,0,7,10,0,99.93951,141.33019000000002,76.32446325000001,107.86002766666668
Jakarta,2024-10-07 06:00:00,42.47726775,60.3005785,6,7,10,0,105.242464,148.9067925,92.16606083333333,130.31223050000003
Jakarta,2024-10-07 12:00:00,73.200794,103.49737025,12,7,10,0,42.47726775,60.3005785,82.55308058333334,116.84585366666668
Jakarta,2024-10-07 18:00:00,121.540495,172.263075,18,7,10,0,73.200794,103.49737025,73.64017525000001,104.23491375000002
Jakarta,2024-10-08 00:00:00,112.8969985,160.26672125,0,8,10,1,121.540495,172.263075,79.07285225000003,112.02034125
Jakarta,2024-10-08 06:00:00,47.0669755,67.12997474999999,6,8,10,1,112.8969985,160.26672125,102.54609583333335,145.34238883333333
Jakarta,2024-10-08 12:00:00,57.6176835,81.497545,12,8,10,1,47.0669755,67.12997474999999,93.83482300000001,133.21992366666666
Jakarta,2024-10-08 18:00:00,101.69611575,143.80686,18,8,10,1,57.6176835,81.497545,72.52721916666667,102.96474699999999
Jakarta,2024-10-09 00:00:00,85.2226665,120.74329249999998,0,9,10,2,101.69611575,143.80686,68.79359158333334,97.47812658333334
Jakarta,2024-10-09 06:00:00,49.5359135,70.48061,6,9,10,2,85.2226665,120.74329249999998,81.51215525000002,115.34923250000001
Jakarta,2024-10-09 12:00:00,72.45682675,102.19128,12,9,10,2,49.5359135,70.48061,78.81823191666668,111.67692083333334
Jakarta,2024-10-09 18:00:00,97.57599125,137.8776925,18,9,10,2,72.45682675,102.19128,69.07180225,97.80506083333334
Jakarta,2024-10-10 00:00:00,102.034136,144.4491325,0,10,10,3,97.57599125,137.8776925,73.18957716666667,103.5165275
Jakarta,2024-10-10 06:00:00,53.951453750000006,76.48481125,6,10,10,3,102.034136,144.4491325,90.68898466666667,128.17270166666665
Jakarta,2024-10-10 12:00:00,59.886986750000005,84.69237275,12,10,10,3,53.951453750000006,76.48481125,84.52052700000002,119.60387874999999
Jakarta,2024-10-10 18:00:00,71.75645899999999,101.4687435,18,10,10,3,59.886986750000005,84.69237275,71.95752550000002,101.87543883333335
Jakarta,2024-10-11 00:00:00,75.49948549999999,107.03331375,0,11,10,4,71.75645899999999,101.4687435,61.86496650000001,87.54864250000001
Jakarta,2024-10-11 06:00:00,35.15968675,50.09695775,6,11,10,4,75.49948549999999,107.03331375,69.04764375,97.73147666666667
Jakarta,2024-10-11 12:00:00,50.52541425,71.713827,12,11,10,4,35.15968675,50.09695775,60.80521041666666,86.19967166666667
Jakarta,2024-10-11 18:00:00,109.1722185,155.02234875,18,11,10,4,50.52541425,71.713827,53.728195500000005,76.28136616666666
Jakarta,2024-10-12 00:00:00,95.28162025,135.30416125000002,0,12,10,5,109.1722185,155.02234875,64.95243983333334,92.27771116666666
Jakarta,2024-10-12 06:00:00,46.705395,66.43801825,6,12,10,5,95.28162025,135.30416125000002,84.99308433333334,120.68011233333334
Jakarta,2024-10-12 12:00:00,52.537986,74.65280375,12,12,10,5,46.705395,66.43801825,83.71974458333334,118.92150941666667
Jakarta,2024-10-12 18:00:00,85.282635,120.9355075,18,12,10,5,52.537986,74.65280375,64.84166708333335,92.13166108333333
Jakarta,2024-10-13 00:00:00,78.5150865,111.572491,0,13,10,6,85.282635,120.9355075,61.50867200000001,87.34210983333332
Jakarta,2024-10-13 06:00:00,50.542609250000005,72.10906,6,13,10,6,78.5150865,111.572491,72.1119025,102.38693408333334
Jakarta,2024-10-13 12:00:00,58.32205875,82.7564865,12,13,10,6,50.542609250000005,72.10906,71.44677691666668,101.5390195
Jakarta,2024-10-13 18:00:00,102.82346375,145.7845535,18,13,10,6,58.32205875,82.7564865,62.459918166666675,88.81267916666667
Jakarta,2024-10-14 00:00:00,85.99371825,122.1221175,0,14,10,0,102.82346375,145.7845535,70.56271058333334,100.21669999999999
Jakarta,2024-10-14 06:00:00,54.26974775,77.20694775,6,14,10,0,85.99371825,122.1221175,82.37974691666668,116.88771916666666
Jakarta,2024-10-14 12:00:00,64.24298175,90.93571375,12,14,10,0,54.26974775,77.20694775,81.02897658333335,115.03787291666664
Jakarta,2024-10-14 18:00:00,71.73730325000001,101.6067025,18,14,10,0,64.24298175,90.93571375,68.16881591666667,96.75492633333333
Jakarta,2024-10-15 00:00:00,51.11371575,72.34871249999999,0,15,10,1,71.73730325000001,101.6067025,63.41667758333335,89.91645466666667
Jakarta,2024-10-15 06:00:00,38.85290325,55.01487975,6,15,10,1,51.11371575,72.34871249999999,62.364666916666685,88.29704291666667
Jakarta,2024-10-15 12:00:00,73.6622775,103.76726375,12,15,10,1,38.85290325,55.01487975,53.901307416666675,76.32343158333333
Jakarta,2024-10-15 18:00:00,102.89102150000002,145.2928025,18,15,10,1,73.6622775,103.76726375,54.54296550000001,77.04361866666666
Jakarta,2024-10-16 00:00:00,82.7517405,116.86825,0,16,10,2,102.89102150000002,145.2928025,71.80206741666667,101.35831533333334
Jakarta,2024-10-16 06:00:00,48.041557000000005,67.987599,6,16,10,2,82.7517405,116.86825,86.43501316666668,121.97610541666667
Jakarta,2024-10-16 12:00:00,82.412044,116.38565,12,16,10,2,48.041557000000005,67.987599,77.89477300000001,110.0495505
Jakarta,2024-10-16 18:00:00,95.971331,136.027494,18,16,10,2,82.412044,116.38565,71.06844716666667,100.413833
Jakarta,2024-10-17 00:00:00,86.4678775,122.75279399999998,0,17,10,3,95.971331,136.027494,75.47497733333334,106.80024766666668
Jakarta,2024-10-17 06:00:00,38.1409675,54.29328125,6,17,10,3,86.4678775,122.75279399999998,88.28375083333333,125.05531266666667
Jakarta,2024-10-17 12:00:00,60.151563,85.1121915,12,17,10,3,38.1409675,54.29328125,73.52672533333335,104.35785641666666
Jakarta,2024-10-17 18:00:00,90.29898275,127.97304,18,17,10,3,60.151563,85.1121915,61.58680266666668,87.38608891666665
Jakarta,2024-10-18 00:00:00,71.033738,100.7896335,0,18,10,4,90.29898275,127.97304,62.863837750000016,89.12617091666665
Jakarta,2024-10-18 06:00:00,38.43385375,54.62391099999999,6,18,10,4,71.033738,100.7896335,73.82809458333334,104.624955
Jakarta,2024-10-18 12:00:00,46.64025325,66.10855425,12,18,10,4,38.43385375,54.62391099999999,66.58885816666668,94.46219483333333
Jakarta,2024-10-18 18:00:00,64.16163975,90.9547565,18,18,10,4,46.64025325,66.10855425,52.03594833333335,73.84069958333333
Jakarta,2024-10-19 00:00:00,83.74775000000001,118.849925,0,19,10,5,64.16163975,90.9547565,49.745248916666675,70.56240724999999
Jakarta,2024-10-19 06:00:00,44.54335575,63.337608,6,19,10,5,83.74775000000001,118.849925,64.84988100000002,91.97107858333334
Jakarta,2024-10-19 12:00:00,57.59871175,81.530657,12,19,10,5,44.54335575,63.337608,64.15091516666668,91.04742983333334
Jakarta,2024-10-19 18:00:00,86.659839,122.7824685,18,19,10,5,57.59871175,81.530657,61.963272500000016,87.90606333333334
Jakarta,2024-10-20 00:00:00,47.23096975,66.97951,0,20,10,6,86.659839,122.7824685,62.933968833333346,89.21691116666666
Jakarta,2024-10-20 06:00:00,21.16030375,30.1102435,6,20,10,6,47.23096975,66.97951,63.829840166666685,90.4308785
Jakarta,2024-10-20 12:00:00,34.72230525,49.14838325,12,20,10,6,21.16030375,30.1102435,51.68370416666668,73.29074066666666
Jakarta,2024-10-20 18:00:00,86.8977275,123.24125025,18,20,10,6,34.72230525,49.14838325,34.37119291666668,48.74604558333334
Jakarta,2024-10-21 00:00:00,55.10298625,78.230985,0,21,10,0,86.8977275,123.24125025,47.59344550000001,67.499959
Jakarta,2024-10-21 06:00:00,27.7720885,39.54645,6,21,10,0,55.10298625,78.230985,58.90767300000002,83.54020616666666
Jakarta,2024-10-21 12:00:00,46.92554975,66.486677,12,21,10,0,27.7720885,39.54645,56.590934083333345,80.33956174999999
Jakarta,2024-10-21 18:00:00,97.93257,139.005351,18,21,10,0,46.92554975,66.486677,43.26687483333334,61.42137066666667
Jakarta,2024-10-22 00:00:00,79.38183325,112.7841635,0,22,10,1,97.93257,139.005351,57.54340275000001,81.67949266666666
Jakarta,2024-10-22 06:00:00,42.89728375,61.083653000000005,6,22,10,1,79.38183325,112.7841635,74.74665100000001,106.09206383333333
Jakarta,2024-10-22 12:00:00,49.8648655,70.8160995,12,22,10,1,42.89728375,61.083653000000005,73.40389566666668,104.29105583333335
Jakarta,2024-10-22 18:00:00,55.130328250000005,78.331141,18,22,10,1,49.8648655,70.8160995,57.38132750000002,81.56130533333334
Jakarta,2024-10-23 00:00:00,70.7636905,100.765873,0,23,10,2,55.130328250000005,78.331141,49.29749250000001,70.0769645
Jakarta,2024-10-23 06:00:00,48.910238,69.98294424999999,6,23,10,2,70.7636905,100.765873,58.586294750000015,83.30437116666667
Jakarta,2024-10-23 12:00:00,64.54972325000001,91.90293275,12,23,10,2,48.910238,69.98294424999999,58.268085583333345,83.02665275
Jakarta,2024-10-23 18:00:00,65.71161875,93.4596195,18,23,10,2,64.54972325000001,91.90293275,61.407883916666684,87.55058333333334
Jakarta,2024-10-24 00:00:00,67.37110425000002,96.0548055,0,24,10,3,65.71161875,93.4596195,59.72386000000002,85.1151655
Jakarta,2024-10-24 06:00:00,56.1620795,80.2698575,6,24,10,3,67.37110425000002,96.0548055,65.87748208333336,93.80578591666666
Jakarta,2024-10-24 12:00:00,65.669454,93.4320775,12,24,10,3,56.1620795,80.2698575,63.08160083333335,89.92809416666667
Jakarta,2024-10-24 18:00:00,68.09057125000001,96.8901465,18,24,10,3,65.669454,93.4320775,63.06754591666669,89.91891349999999
Jakarta,2024-10-25 00:00:00,47.2713565,67.2408765,0,25,10,4,68.09057125000001,96.8901465,63.30736825000002,90.1973605
Jakarta,2024-10-25 06:00:00,27.8227075,39.693604,6,25,10,4,47.2713565,67.2408765,60.34379391666668,85.85436683333334
Jakarta,2024-10-25 12:00:00,36.301159,51.65116975,12,25,10,4,27.8227075,39.693604,47.728211750000014,67.94154233333333
Jakarta,2024-10-25 18:00:00,60.03747875,85.342435,18,25,10,4,36.301159,51.65116975,37.13174100000001,52.86188341666667
Jakarta,2024-10-26 00:00:00,38.0957775,54.217025,0,26,10,5,60.03747875,85.342435,41.387115083333335,58.89573625
Jakarta,2024-10-26 06:00:00,28.88532475,41.20794,6,26,10,5,38.0957775,54.217025,44.81147175000001,63.736876583333334
Jakarta,2024-10-26 12:00:00,41.015568,58.238611500000005,12,26,10,5,28.88532475,41.20794,42.33952700000001,60.2558
Jakarta,2024-10-26 18:00:00,57.555098,81.59082675,18,26,10,5,41.015568,58.238611500000005,35.99889008333334,51.22119216666667
Jakarta,2024-10-27 00:00:00,44.21804125,62.74285525,0,27,10,6,57.555098,81.59082675,42.48533025000001,60.34579275000001
Jakarta,2024-10-27 06:00:00,37.16677125,52.85839675,6,27,10,6,44.21804125,62.74285525,47.596235750000005,67.52409783333333
Jakarta,2024-10-27 12:00:00,50.3753705,71.424851,12,27,10,6,37.16677125,52.85839675,46.31330350000001,65.73069291666667
Jakarta,2024-10-27 18:00:00,69.49500200000001,98.4395575,18,27,10,6,50.3753705,71.424851,43.92006100000001,62.342034333333324
Jakarta,2024-10-28 00:00:00,87.10355875,123.774271,0,28,10,0,69.49500200000001,98.4395575,52.34571458333335,74.24093508333334
Jakarta,2024-10-28 06:00:00,59.2852135,84.32877250000001,6,28,10,0,87.10355875,123.774271,68.99131041666668,97.87955983333335
Jakarta,2024-10-28 12:00:00,62.48572624999999,88.57042975,12,28,10,0,59.2852135,84.32877250000001,71.96125808333335,102.18086699999999
Jakarta,2024-10-28 18:00:00,67.3187525,95.29651375,18,28,10,0,62.48572624999999,88.57042975,69.62483283333334,98.89115775
Jakarta,2024-10-29 00:00:00,64.52194275000001,91.9734475,0,29,10,1,67.3187525,95.29651375,63.02989741666667,89.398572
Jakarta,2024-10-29 06:00:00,40.877325,58.38686,6,29,10,1,64.52194275000001,91.9734475,64.77547383333335,91.946797
Jakarta,2024-10-29 12:00:00,60.85447425,85.852805,12,29,10,1,40.877325,58.38686,57.572673416666674,81.88560708333333
Jakarta,2024-10-29 18:00:00,72.68573625,102.55774775,18,29,10,1,60.85447425,85.852805,55.41791400000002,78.73770416666666
Jakarta,2024-10-30 00:00:00,76.86083,108.1395165,0,30,10,2,72.68573625,102.55774775,58.139178500000014,82.26580424999999
Jakarta,2024-10-30 06:00:00,49.057078,68.880538,6,30,10,2,76.86083,108.1395165,70.13368016666668,98.85002308333333
Jakarta,2024-10-30 12:00:00,54.97685250000001,76.6623175,12,30,10,2,49.057078,68.880538,66.20121475,93.19260075
Jakarta,2024-10-30 18:00:00,69.78440499999999,97.8177175,18,30,10,2,54.97685250000001,76.6623175,60.29825350000001,84.56079066666666
Jakarta,2024-10-31 00:00:00,92.9063055,130.3367875,0,31,10,3,69.78440499999999,97.8177175,57.939445166666665,81.12019099999999
Jakarta,2024-10-31 06:00:00,59.55656925,82.843556,6,31,10,3,92.9063055,130.3367875,72.55585433333334,101.6056075
Jakarta,2024-10-31 12:00:00,72.19332999999999,100.1938025,12,31,10,3,59.55656925,82.843556,74.08242658333334,103.66602033333334
Jakarta,2024-10-31 18:00:00,88.582965,123.359201,18,31,10,3,72.19332999999999,100.1938025,74.88540158333333,104.45804866666667
Jakarta,2024-11-01 00:00:00,53.98669625,75.90415449999999,0,1,11,4,88.582965,123.359201,73.44428808333333,102.1321865
Jakarta,2024-11-01 06:00:00,29.10874725,40.90708175,6,1,11,4,53.98669625,75.90415449999999,71.58766375,99.81905266666666
Jakarta,2024-11-01 12:00:00,34.36838375,48.44224475000001,12,1,11,4,29.10874725,40.90708175,57.22613616666666,80.05681241666666
Jakarta,2024-11-01 18:00:00,48.995019,69.1807155,18,1,11,4,34.36838375,48.44224475000001,39.154609083333334,55.08449366666667
Jakarta,2024-11-02 00:00:00,50.53954075,71.59963,0,2,11,5,48.995019,69.1807155,37.490716666666664,52.84334733333335
Jakarta,2024-11-02 06:00:00,40.87546325,57.890375250000005,6,2,11,5,50.53954075,71.59963,44.634314499999995,63.074196750000006
Jakarta,2024-11-02 12:00:00,53.9826885,76.34360975,12,2,11,5,40.87546325,57.890375250000005,46.803340999999996,66.22357358333333
Jakarta,2024-11-02 18:00:00,80.13515249999999,113.5835815,18,2,11,5,53.9826885,76.34360975,48.465897500000004,68.611205
Jakarta,2024-11-03 00:00:00,76.755897,108.88049949999998,0,3,11,6,80.13515249999999,113.5835815,58.33110141666666,82.6058555
Jakarta,2024-11-03 06:00:00,44.24958875,62.7284185,6,3,11,6,76.755897,108.88049949999998,70.291246,99.60256358333334
Jakarta,2024-11-03 12:00:00,48.759446,69.0505725,12,3,11,6,44.24958875,62.7284185,67.04687941666667,95.0641665
Jakarta,2024-11-03 18:00:00,84.04734300000001,119.231685,18,3,11,6,48.759446,69.0505725,56.58831058333334,80.21983016666667
Jakarta,2024-11-04 00:00:00,56.64424075,80.43627975,0,4,11,0,84.04734300000001,119.231685,59.018792583333344,83.67022533333333
Jakarta,2024-11-04 06:00:00,39.36533225,55.960840000000005,6,4,11,0,56.64424075,80.43627975,63.15034325000001,89.57284575
Jakarta,2024-11-04 12:00:00,53.64010725,76.07911825,12,4,11,0,39.36533225,55.960840000000005,60.018972,85.20960158333334
Jakarta,2024-11-04 18:00:00,60.724801250000006,86.2359005,18,4,11,0,53.64010725,76.07911825,49.883226750000006,70.82541266666667
Jakarta,2024-11-05 00:00:00,51.70136325,73.47534875000001,0,5,11,1,60.724801250000006,86.2359005,51.243413583333336,72.75861958333333
Jakarta,2024-11-05 06:00:00,32.2524725,45.8299775,6,5,11,1,51.70136325,73.47534875000001,55.355423916666666,78.59678916666667
Jakarta,2024-11-05 12:00:00,72.43117675,102.75121575,12,5,11,1,32.2524725,45.8299775,48.226212333333336,68.51374225
Jakarta,2024-11-05 18:00:00,93.06734325,132.19687249999998,18,5,11,1,72.43117675,102.75121575,52.12833750000001,74.01884733333334
Jakarta,2024-11-06 00:00:00,72.90509475,103.626916,0,6,11,2,93.06734325,132.19687249999998,65.9169975,93.59268858333333
Jakarta,2024-11-06 06:00:00,31.88813475,45.302386250000005,6,6,11,2,72.90509475,103.626916,79.46787158333333,112.85833475
Jakarta,2024-11-06 12:00:00,55.909935,79.22184825,12,6,11,2,31.88813475,45.302386250000005,65.95352425,93.70872491666665
Jakarta,2024-11-06 18:00:00,113.0202915,160.41463050000002,18,6,11,2,55.909935,79.22184825,53.567721500000005,76.0503835
Jakarta,2024-11-07 00:00:00,104.1453295,147.8811085,0,7,11,3,113.0202915,160.41463050000002,66.93945375,94.97962166666667
Jakarta,2024-11-07 06:00:00,48.95826975,69.4703315,6,7,11,3,104.1453295,147.8811085,91.02518533333334,129.17252908333333
Jakarta,2024-11-07 12:00:00,58.59951075,82.93273024999999,12,7,11,3,48.95826975,69.4703315,88.70796358333332,125.92202350000001
Jakarta,2024-11-07 18:00:00,79.12757575,112.178185,18,7,11,3,58.59951075,82.93273024999999,70.56770333333334,100.09472341666667
Jakarta,2024-11-08 00:00:00,82.814155,117.4452665,0,8,11,4,79.12757575,112.178185,62.22845208333333,88.19374891666666
Jakarta,2024-11-08 06:00:00,51.4137355,72.8986425,6,8,11,4,82.814155,117.4452665,73.51374716666668,104.18539391666667
Jakarta,2024-11-08 12:00:00,74.45886775,105.27117125,12,8,11,4,51.4137355,72.8986425,71.11848875,100.84069799999999
Jakarta,2024-11-08 18:00:00,122.7639775,173.7344325,18,8,11,4,74.45886775,105.27117125,69.56225274999998,98.53836008333333
Jakarta,2024-11-09 00:00:00,123.1047125,174.2357675,0,9,11,5,122.7639775,173.7344325,82.87886024999999,117.30141541666666
Jakarta,2024-11-09 06:00:00,59.6397465,84.26798000000001,6,9,11,5,123.1047125,174.2357675,106.77585258333333,151.08045708333333
Jakarta,2024-11-09 12:00:00,75.24432924999999,105.9209335,12,9,11,5,59.6397465,84.26798000000001,101.8361455,144.07939333333334
Jakarta,2024-11-09 18:00:00,107.8372225,152.110942,18,9,11,5,75.24432924999999,105.9209335,85.99626274999999,121.47489366666667
Jakarta,2024-11-10 00:00:00,95.77030525,134.8929575,0,10,11,6,107.8372225,152.110942,80.90709941666665,114.09995183333335
Jakarta,2024-11-10 06:00:00,46.35848,65.11987825,6,10,11,6,95.77030525,134.8929575,92.950619,130.97494433333333
Jakarta,2024-11-10 12:00:00,66.3421095,93.5405775,12,10,11,6,46.35848,65.11987825,83.32200258333334,117.37459258333332
Jakarta,2024-11-10 18:00:00,80.5716805,113.953945,18,10,11,6,66.3421095,93.5405775,69.49029825000001,97.85113775
Jakarta,2024-11-11 00:00:00,74.8133285,105.707955,0,11,11,0,80.5716805,113.953945,64.42408999999999,90.87146691666668
Jakarta,2024-11-11 06:00:00,47.028252,66.291037,6,11,11,0,74.8133285,105.707955,73.9090395,104.40082583333333
Jakarta,2024-11-11 12:00:00,79.3946665,111.9750285,12,11,11,0,47.028252,66.291037,67.471087,95.31764566666668
Jakarta,2024-11-11 18:00:00,89.60984350000001,126.72546599999998,18,11,11,0,79.3946665,111.9750285,67.078749,94.65800683333333
Jakarta,2024-11-12 00:00:00,81.10188925,114.8249825,0,12,11,1,89.60984350000001,126.72546599999998,72.01092066666666,101.66384383333333
Jakarta,2024-11-12 06:00:00,29.680628,42.04390775,6,12,11,1,81.10188925,114.8249825,83.36879975,117.84182566666665
Jakarta,2024-11-12 12:00:00,64.27715875000001,91.0979165,12,12,11,1,29.680628,42.04390775,66.79745358333332,94.53145208333332
Jakarta,2024-11-12 18:00:00,105.62047275,149.91127375,18,12,11,1,64.27715875000001,91.0979165,58.35322533333332,82.65560225
Jakarta,2024-11-13 00:00:00,91.862945,130.411992,0,13,11,2,105.62047275,149.91127375,66.5260865,94.35103266666665
Jakarta,2024-11-13 06:00:00,30.55563925,43.4564245,6,13,11,2,91.862945,130.411992,87.25352549999998,123.80706075
Jakarta,2024-11-13 12:00:00,44.925315,63.6947845,12,13,11,2,30.55563925,43.4564245,76.01301899999999,107.92656341666667
Jakarta,2024-11-13 18:00:00,114.980706,162.8968675,18,13,11,2,44.925315,63.6947845,55.78129974999999,79.18773366666666
Jakarta,2024-11-14 00:00:00,147.2321875,208.8399925,0,14,11,3,114.980706,162.8968675,63.48722008333332,90.0160255
Jakarta,2024-11-14 06:00:00,69.0862985,98.2097385,6,14,11,3,147.2321875,208.8399925,102.37940283333332,145.1438815
Jakarta,2024-11-14 12:00:00,90.21991275,127.30018400000002,12,14,11,3,69.0862985,98.2097385,110.43306399999999,156.64886616666666
Jakarta,2024-11-14 18:00:00,131.94821249999998,186.7050525,18,14,11,3,90.21991275,127.30018400000002,102.17946625,144.783305
Jakarta,2024-11-15 00:00:00,157.2161915,222.38157,0,15,11,4,131.94821249999998,186.7050525,97.08480791666665,137.40499166666666
Jakarta,2024-11-15 06:00:00,95.24862375,134.4256025,6,15,11,4,157.2161915,222.38157,126.46143891666664,178.79560216666667
Jakarta,2024-11-15 12:00:00,120.86562225,169.85512500000002,12,15,11,4,95.24862375,134.4256025,128.13767591666667,181.17074166666666
Jakarta,2024-11-15 18:00:00,148.2135285,209.18407,18,15,11,4,120.86562225,169.85512500000002,124.44347916666665,175.55409916666667
Jakarta,2024-11-16 00:00:00,150.14889275,212.065515,0,16,11,5,148.2135285,209.18407,121.44259149999998,171.1549325
Jakarta,2024-11-16 06:00:00,96.4053375,135.8165075,6,16,11,5,150.14889275,212.065515,139.74268116666664,197.03490333333335
Jakarta,2024-11-16 12:00:00,81.82141250000001,115.01412,12,16,11,5,96.4053375,135.8165075,131.58925291666665,185.6886975
Jakarta,2024-11-16 18:00:00,91.56087975,129.25747124999998,18,16,11,5,81.82141250000001,115.01412,109.45854758333333,154.29871416666666
Jakarta,2024-11-17 00:00:00,117.98181,166.8699935,0,17,11,6,91.56087975,129.25747124999998,89.92920991666665,126.69603291666665
Jakarta,2024-11-17 06:00:00,60.34812825,85.158064,6,17,11,6,117.98181,166.8699935,97.12136741666666,137.04719491666665
Jakarta,2024-11-17 12:00:00,71.0142135,100.1169765,12,17,11,6,60.34812825,85.158064,89.96360599999998,127.09517625
Jakarta,2024-11-17 18:00:00,80.18345675,113.50203899999998,18,17,11,6,71.0142135,100.1169765,83.11471725,117.38167800000001
Jakarta,2024-11-18 00:00:00,71.314275,101.16002575,0,18,11,0,80.18345675,113.50203899999998,70.51526616666666,99.59235983333333
Jakarta,2024-11-18 06:00:00,27.4826705,38.9542835,6,18,11,0,71.314275,101.16002575,74.17064841666665,104.92634708333333
Jakarta,2024-11-18 12:00:00,60.41888325000001,85.57887625000001,12,18,11,0,27.4826705,38.9542835,59.660134083333325,84.53878275
Jakarta,2024-11-18 18:00:00,100.6036435,142.779015,18,18,11,0,60.41888325000001,85.57887625000001,53.07194291666665,75.23106183333334
Jakarta,2024-11-19 00:00:00,71.44143525,101.3804075,0,19,11,1,100.6036435,142.779015,62.83506574999999,89.10405825
Jakarta,2024-11-19 06:00:00,33.194709249999995,47.015547,6,19,11,1,71.44143525,101.3804075,77.48798733333332,109.91276625
Jakarta,2024-11-19 12:00:00,60.5614905,85.73265124999999,12,19,11,1,33.194709249999995,47.015547,68.41326266666665,97.05832316666665
Jakarta,2024-11-19 18:00:00,82.75392725,117.359436,18,19,11,1,60.5614905,85.73265124999999,55.06587833333332,78.04286858333333
Jakarta,2024-11-20 00:00:00,73.9325975,104.94966325,0,20,11,2,82.75392725,117.359436,58.836708999999985,83.36921141666666
Jakarta,2024-11-20 06:00:00,32.41541425,45.95816,6,20,11,2,73.9325975,104.94966325,72.41600508333333,102.68058350000001
Jakarta,2024-11-20 12:00:00,47.78678325,67.682975,12,20,11,2,32.41541425,45.95816,63.03397966666666,89.42241975
Jakarta,2024-11-20 18:00:00,69.76620249999999,98.98076225,18,20,11,2,47.78678325,67.682975,51.37826499999999,72.86359941666666
Jakarta,2024-11-21 00:00:00,70.56541925,100.17197325,0,21,11,3,69.76620249999999,98.98076225,49.98946666666666,70.87396575
Jakarta,2024-11-21 06:00:00,30.063575000000004,42.708734250000006,6,21,11,3,70.56541925,100.17197325,62.70613499999999,88.94523683333334
Jakarta,2024-11-21 12:00:00,68.95390925,97.79156875,12,21,11,3,30.063575000000004,42.708734250000006,56.798398916666656,80.62048991666667
Jakarta,2024-11-21 18:00:00,71.2133625,101.18066,18,21,11,3,68.95390925,97.79156875,56.5276345,80.22409208333333
Jakarta,2024-11-22 00:00:00,58.195269,82.84183675,0,22,11,4,71.2133625,101.18066,56.743615583333316,80.560321
Jakarta,2024-11-22 06:00:00,25.90334675,37.043534750000006,6,22,11,4,58.195269,82.84183675,66.12084691666665,93.93802183333332
Jakarta,2024-11-22 12:00:00,54.4647205,77.39468749999999,12,22,11,4,25.90334675,37.043534750000006,51.77065941666666,73.68867716666666
Jakarta,2024-11-22 18:00:00,57.948341000000006,82.37779499999999,18,22,11,4,54.4647205,77.39468749999999,46.187778749999985,65.76001966666666
Jakarta,2024-11-23 00:00:00,59.0788995,84.20386325,0,23,11,5,57.948341000000006,82.37779499999999,46.105469416666665,65.60533908333333
Jakarta,2024-11-23 06:00:00,28.20016225,40.31130675,6,23,11,5,59.0788995,84.20386325,57.16398699999999,81.32544858333331
Jakarta,2024-11-23 12:00:00,54.638377,77.59047025000001,12,23,11,5,28.20016225,40.31130675,48.409134249999994,68.96432166666666
Jakarta,2024-11-23 18:00:00,81.94004375,116.4516445,18,23,11,5,54.638377,77.59047025000001,47.30581291666666,67.36854675000001
Jakarta,2024-11-24 00:00:00,60.19288900000001,85.71709000000001,0,24,11,6,81.94004375,116.4516445,54.92619433333332,78.11780716666668
Jakarta,2024-11-24 06:00:00,27.00880925,38.56587175,6,24,11,6,60.19288900000001,85.71709000000001,65.59043658333333,93.25306825000001
Jakarta,2024-11-24 12:00:00,50.07026875,71.13607,12,24,11,6,27.00880925,38.56587175,56.38058066666665,80.24486875000001
Jakarta,2024-11-24 18:00:00,71.49247875,101.58791425,18,24,11,6,50.07026875,71.13607,45.75732233333332,65.13967725
Jakarta,2024-11-25 00:00:00,91.55849075,130.35807400000002,0,25,11,0,71.49247875,101.58791425,49.52385224999998,70.429952
Jakarta,2024-11-25 06:00:00,37.57951075,53.8963,6,25,11,0,91.55849075,130.35807400000002,71.04041274999999,101.02735275000002
Jakarta,2024-11-25 12:00:00,61.30736124999999,87.17158450000001,12,25,11,0,37.57951075,53.8963,66.87682674999999,95.28076275000001
Jakarta,2024-11-25 18:00:00,78.867515,112.1277075,18,25,11,0,61.30736124999999,87.17158450000001,63.48178758333332,90.47531950000001
Jakarta,2024-11-26 00:00:00,100.40582625,142.8559825,0,26,11,1,78.867515,112.1277075,59.251462333333315,84.39853066666667
Jakarta,2024-11-26 06:00:00,45.68565325,65.484087,6,26,11,1,100.40582625,142.8559825,80.19356749999999,114.05175816666667
Jakarta,2024-11-26 12:00:00,65.2437815,92.7863775,12,26,11,1,45.68565325,65.484087,74.98633149999999,106.82259233333333
Jakarta,2024-11-26 18:00:00,94.5136805,134.3203315,18,26,11,1,65.2437815,92.7863775,70.44508699999999,100.37548233333332
Jakarta,2024-11-27 00:00:00,83.963384,119.6137025,0,27,11,2,94.5136805,134.3203315,68.48103841666666,97.53026533333333
Jakarta,2024-11-27 06:00:00,35.31425875,51.00338274999999,6,27,11,2,83.963384,119.6137025,81.240282,115.5734705
Jakarta,2024-11-27 12:00:00,54.20794550000001,77.16184275,12,27,11,2,35.31425875,51.00338274999999,71.26377441666666,101.64580558333334
Jakarta,2024-11-27 18:00:00,77.26150374999999,109.9490435,18,27,11,2,54.20794550000001,77.16184275,57.82852941666666,82.59297600000001
Jakarta,2024-11-28 00:00:00,87.84085900000001,125.038725,0,28,11,3,77.26150374999999,109.9490435,55.59456933333333,79.37142300000001
Jakarta,2024-11-28 06:00:00,33.845474,48.715649,6,28,11,3,87.84085900000001,125.038725,73.10343608333334,104.04987041666668
Jakarta,2024-11-28 12:00:00,51.69272275,73.61346400000001,12,28,11,3,33.845474,48.715649,66.31594558333332,94.56780583333334
Jakarta,2024-11-28 18:00:00,65.59403675,93.319727,18,28,11,3,51.69272275,73.61346400000001,57.79301858333333,82.455946
Jakarta,2024-11-29 00:00:00,69.6947225,99.3207435,0,29,11,4,65.59403675,93.319727,50.37741116666666,71.88294666666667
Jakarta,2024-11-29 06:00:00,27.9327425,40.580005,6,29,11,4,69.6947225,99.3207435,62.327160666666664,88.7513115
Jakarta,2024-11-29 12:00:00,45.1546785,64.397425,12,29,11,4,27.9327425,40.580005,54.40716724999999,77.7401585
Jakarta,2024-11-29 18:00:00,66.50452675,94.82963025,18,29,11,4,45.1546785,64.397425,47.59404783333333,68.09939116666668
Jakarta,2024-11-30 00:00:00,67.05025,95.52113025,0,30,11,5,66.50452675,94.82963025,46.53064924999999,66.60235341666667
Jakarta,2024-11-30 06:00:00,28.939425,41.78045325,6,30,11,5,67.05025,95.52113025,59.56981841666666,84.91606183333333
Jakarta,2024-11-30 12:00:00,38.597989,55.022837,12,30,11,5,28.939425,41.78045325,54.164733916666655,77.37707125
Jakarta,2024-11-30 18:00:00,46.93538375,66.8080125,18,30,11,5,38.597989,55.022837,44.86255466666666,64.10814016666666
Jakarta,2024-12-01 00:00:00,48.23272075,68.82913699999999,0,1,12,6,46.93538375,66.8080125,38.15759925,54.53710091666667
Jakarta,2024-12-01 06:00:00,21.2769465,30.98290325,6,1,12,6,48.23272075,68.82913699999999,44.58869783333333,63.55332883333333
Jakarta,2024-12-01 12:00:00,50.20572775,71.41215925,12,1,12,6,21.2769465,30.98290325,38.81501699999999,55.54001758333333
Jakarta,2024-12-01 18:00:00,59.26123825,84.34540100000001,18,1,12,6,50.20572775,71.41215925,39.90513166666666,57.07473316666667
Jakarta,2024-12-02 00:00:00,61.6088875,88.2219245,0,2,12,0,59.26123825,84.34540100000001,43.58130416666666,62.24682116666667
Jakarta,2024-12-02 06:00:00,24.9678755,36.802589,6,2,12,0,61.6088875,88.2219245,57.0252845,81.32649491666668
Jakarta,2024-12-02 12:00:00,38.14331275,54.87359525,12,2,12,0,24.9678755,36.802589,48.61266708333333,69.7899715
Jakarta,2024-12-02 18:00:00,26.7035175,38.7662445,18,2,12,0,38.14331275,54.87359525,41.57335858333333,59.96603625
Jakarta,2024-12-03 00:00:00,22.1735945,32.87696875,0,3,12,1,26.7035175,38.7662445,29.938235249999995,43.48080958333333
Jakarta,2024-12-03 06:00:00,20.93078425,30.9896255,6,3,12,1,22.1735945,32.87696875,29.00680824999999,42.1722695
Jakarta,2024-12-03 12:00:00,34.861940749999995,50.821555,12,3,12,1,20.93078425,30.9896255,23.269298749999994,34.21094625
Jakarta,2024-12-03 18:00:00,33.6330715,49.2462965,18,3,12,1,34.861940749999995,50.821555,25.988773166666657,38.22938308333334
Jakarta,2024-12-04 00:00:00,36.95332325,53.6130355,0,4,12,2,33.6330715,49.2462965,29.80859883333333,43.685825666666666
Jakarta,2024-12-04 06:00:00,22.21945275,32.508566,6,4,12,2,36.95332325,53.6130355,35.14944516666666,51.226962333333326
Jakarta,2024-12-04 12:00:00,32.688547,47.01354325,12,4,12,2,22.21945275,32.508566,30.93528249999999,45.122632666666675
Jakarta,2024-12-04 18:00:00,41.753353,59.8471395,18,4,12,2,32.688547,47.01354325,30.62044099999999,44.37838158333333
Jakarta,2024-12-05 00:00:00,40.80038675,59.164251,0,5,12,3,41.753353,59.8471395,32.22045091666666,46.45641625
Jakarta,2024-12-05 06:00:00,17.85187475,26.43017175,6,5,12,3,40.80038675,59.164251,38.41409558333333,55.341644583333334
Jakarta,2024-12-05 12:00:00,31.333059124999995,45.08351,12,5,12,3,17.85187475,26.43017175,33.46853816666666,48.480520750000004
Jakarta,2024-12-05 18:00:00,40.643485,58.27655475,18,5,12,3,31.333059124999995,45.08351,29.99510687499999,43.559310916666675
Jakarta,2024-12-06 00:00:00,36.9630595,53.51463974999999,0,6,12,4,40.643485,58.27655475,29.942806291666656,43.26341216666666
Jakarta,2024-12-06 06:00:00,21.37774375,31.1931955,6,6,12,4,36.9630595,53.51463974999999,36.313201208333325,52.29156816666667
Jakarta,2024-12-06 12:00:00,63.99121625,91.03178,12,6,12,4,21.37774375,31.1931955,32.994762749999985,47.66146333333334
Jakarta,2024-12-06 18:00:00,84.80987024999999,120.6269645,18,6,12,4,63.99121625,91.03178,40.77733983333332,58.57987175
Jakarta,2024-12-07 00:00:00,62.34023325,88.869911,0,7,12,5,84.80987024999999,120.6269645,56.72627674999999,80.95064666666667
Jakarta,2024-12-07 06:00:00,27.99865225,40.16585825,6,7,12,5,62.34023325,88.869911,70.38043991666665,100.1762185
Jakarta,2024-12-07 12:00:00,73.07956974999999,103.6042205,12,7,12,5,27.99865225,40.16585825,58.382918583333314,83.22091125000001
Jakarta,2024-12-07 18:00:00,72.94268225,103.57115325,18,7,12,5,73.07956974999999,103.6042205,54.472818416666655,77.54666325000001
Jakarta,2024-12-08 00:00:00,68.7967945,97.85205175,0,8,12,6,72.94268225,103.57115325,58.00696808333331,82.44707733333334
Jakarta,2024-12-08 06:00:00,33.0429945,47.129191000000006,6,8,12,6,68.7967945,97.85205175,71.60634883333331,101.6758085
Jakarta,2024-12-08 12:00:00,74.5859765,105.7521075,12,8,12,6,33.0429945,47.129191000000006,58.26082374999999,82.85079866666668
Jakarta,2024-12-08 18:00:00,92.087375,130.8241625,18,8,12,6,74.5859765,105.7521075,58.808588499999985,83.57778341666668
Jakarta,2024-12-09 00:00:00,63.77265925,90.85783925,0,9,12,0,92.087375,130.8241625,66.57211533333331,94.568487
Jakarta,2024-12-09 06:00:00,29.37109425,42.2513435,6,9,12,0,63.77265925,90.85783925,76.81533691666665,109.14470308333334
Jakarta,2024-12-09 12:00:00,74.25643375,105.3337685,12,9,12,0,29.37109425,42.2513435,61.74370949999999,87.97778175
Jakarta,2024-12-09 18:00:00,77.04556875,109.549775,18,9,12,0,74.25643375,105.3337685,55.80006241666664,79.48098375
Jakarta,2024-12-10 00:00:00,26.9351405,38.32389,0,10,12,1,77.04556875,109.549775,60.22436558333332,85.711629
Jakarta,2024-12-10 06:00:00,12.29545875,17.72969,6,10,12,1,26.9351405,38.32389,59.41238099999998,84.40247783333332
Jakarta,2024-12-10 12:00:00,35.6813245,51.0180915,12,10,12,1,12.29545875,17.72969,38.75872266666665,55.20111833333333
Jakarta,2024-12-10 18:00:00,35.927442250000006,51.581594,18,10,12,1,35.6813245,51.0180915,24.970641249999986,35.690557166666665
Jakarta,2024-12-11 00:00:00,26.134657,37.4631525,0,11,12,2,35.927442250000006,51.581594,27.968075166666654,40.10979183333333
Jakarta,2024-12-11 06:00:00,18.46198915,26.77475675,6,11,12,2,26.134657,37.4631525,32.58114124999999,46.687612666666666
Jakarta,2024-12-11 12:00:00,43.201865,61.52693275,12,11,12,2,18.46198915,26.77475675,26.841362799999988,38.606501083333335
Jakarta,2024-12-11 18:00:00,37.41927025,53.60143975,18,11,12,2,43.201865,61.52693275,29.26617038333332,41.921614000000005
Jakarta,2024-12-12 00:00:00,31.61507325,45.569080750000005,0,12,12,3,37.41927025,53.60143975,33.02770813333331,47.30104308333333
Jakarta,2024-12-12 06:00:00,24.16332725,34.7164075,6,12,12,3,31.61507325,45.569080750000005,37.41206949999999,53.56581775000001
Jakarta,2024-12-12 12:00:00,42.15934925,58.743665,12,12,12,3,24.16332725,34.7164075,31.065890249999985,44.628976
Jakarta,2024-12-12 18:00:00,51.555489,72.228645,18,12,12,3,42.15934925,58.743665,32.645916583333324,46.343051083333336
Jakarta,2024-12-13 00:00:00,57.7231275,81.354529,0,13,12,4,51.555489,72.228645,39.292721833333324,55.229572499999996
Jakarta,2024-12-13 06:00:00,27.06306625,38.761384750000005,6,13,12,4,57.7231275,81.354529,50.479321916666656,70.775613
Jakarta,2024-12-13 12:00:00,42.1675845,59.8226675,12,13,12,4,27.06306625,38.761384750000005,45.44722758333332,64.11485291666668
Jakarta,2024-12-13 18:00:00,43.92603675,62.65906974999999,18,13,12,4,42.1675845,59.8226675,42.317926083333326,59.979527083333345
Jakarta,2024-12-14 00:00:00,37.82753275,53.9883445,0,14,12,5,43.92603675,62.65906974999999,37.71889583333332,53.747707333333345
Jakarta,2024-12-14 06:00:00,22.9915995,32.848760250000005,6,14,12,5,37.82753275,53.9883445,41.30705133333332,58.82336058333334
Jakarta,2024-12-14 12:00:00,41.73713925,59.08070525,12,14,12,5,22.9915995,32.848760250000005,34.915056333333325,49.83205816666668
Jakarta,2024-12-14 18:00:00,47.64593975,67.7285925,18,14,12,5,41.73713925,59.08070525,34.185423833333324,48.63927000000001
Jakarta,2024-12-15 00:00:00,37.908876,54.13511375,0,15,12,6,47.64593975,67.7285925,37.458226166666655,53.21935266666668
Jakarta,2024-12-15 06:00:00,29.2600505,41.805663,6,15,12,6,37.908876,54.13511375,42.43065166666665,60.31480383333334
Jakarta,2024-12-15 12:00:00,34.35047775,49.07187175,12,15,12,6,29.2600505,41.805663,38.27162208333332,54.55645641666667
Jakarta,2024-12-15 18:00:00,36.42037425,52.237367500000005,18,15,12,6,34.35047775,49.07187175,33.83980141666666,48.3375495
Jakarta,2024-12-16 00:00:00,52.76336825,75.77057125,0,16,12,0,36.42037425,52.237367500000005,33.343634166666654,47.704967416666676
Jakarta,2024-12-16 06:00:00,23.31390175,34.09665725,6,16,12,0,52.76336825,75.77057125,41.178073416666656,59.0266035
Jakarta,2024-12-16 12:00:00,47.30098575,67.41982,12,16,12,0,23.31390175,34.09665725,37.499214749999986,54.034865333333336
Jakarta,2024-12-16 18:00:00,56.4489825,80.42224075,18,16,12,0,47.30098575,67.41982,41.12608524999999,59.09568283333334
Jakarta,2024-12-17 00:00:00,57.76608625,82.917838,0,17,12,1,56.4489825,80.42224075,42.354623333333315,60.646239333333334
Jakarta,2024-12-17 06:00:00,27.371982,40.15642275,6,17,12,1,57.76608625,82.917838,53.838684833333325,76.91996625
Jakarta,2024-12-17 12:00:00,49.0876735,70.03234275,12,17,12,1,27.371982,40.15642275,47.19568358333333,67.83216716666666
Jakarta,2024-12-17 18:00:00,59.10783375,84.05578325,18,17,12,1,49.0876735,70.03234275,44.741913916666654,64.36886783333334
Jakarta,2024-12-18 00:00:00,66.205388,94.3869625,0,18,12,2,59.10783375,84.05578325,45.18916308333332,64.74818291666666
Jakarta,2024-12-18 06:00:00,23.85374375,34.4800525,6,18,12,2,66.205388,94.3869625,58.133631749999985,82.8250295
Jakarta,2024-12-18 12:00:00,27.910403,39.7834585,12,18,12,2,23.85374375,34.4800525,49.722321833333325,70.97426608333333
Jakarta,2024-12-18 18:00:00,35.574188750000005,50.6995255,18,18,12,2,27.910403,39.7834585,39.32317824999999,56.216824499999994
Jakarta,2024-12-19 00:00:00,40.33148525,57.972813,0,19,12,3,35.574188750000005,50.6995255,29.11277849999999,41.6543455
Jakarta,2024-12-19 06:00:00,20.20448175,29.255546,6,19,12,3,40.33148525,57.972813,34.60535899999999,49.48526566666667
Jakarta,2024-12-19 12:00:00,31.19586725,44.5126035,12,19,12,3,20.20448175,29.255546,32.03671858333332,45.975961500000004
Jakarta,2024-12-19 18:00:00,37.11647825,52.893939,18,19,12,3,31.19586725,44.5126035,30.577278083333322,43.91365416666667
Jakarta,2024-12-20 00:00:00,51.88698575,74.3483495,0,20,12,4,37.11647825,52.893939,29.505609083333322,42.22069616666666
Jakarta,2024-12-20 06:00:00,21.473454,31.2849695,6,20,12,4,51.88698575,74.3483495,40.06644374999999,57.251630666666664
Jakarta,2024-12-20 12:00:00,44.25963575,62.975744000000006,12,20,12,4,21.473454,31.2849695,36.82563933333332,52.84241933333333
Jakarta,2024-12-20 18:00:00,45.46723275,64.84808075,18,20,12,4,44.25963575,62.975744000000006,39.206691833333316,56.203021
Jakarta,2024-12-21 00:00:00,46.16021,66.23150749999999,0,21,12,5,45.46723275,64.84808075,37.066774166666654,53.03626475000001
Jakarta,2024-12-21 06:00:00,27.90416425,40.47804225,6,21,12,5,46.16021,66.23150749999999,45.29569283333333,64.68511074999999
Jakarta,2024-12-21 12:00:00,58.62204925,83.47483075,12,21,12,5,27.90416425,40.47804225,39.843868999999984,57.18587683333332
Jakarta,2024-12-21 18:00:00,95.503635,135.81836750000002,18,21,12,5,58.62204925,83.47483075,44.22880783333332,63.39479349999999
Jakarta,2024-12-22 00:00:00,77.58413175,110.6374145,0,22,12,6,95.503635,135.81836750000002,60.676616166666655,86.5904135
Jakarta,2024-12-22 06:00:00,28.65239375,41.7870185,6,22,12,6,77.58413175,110.6374145,77.23660533333332,109.97687091666667
Jakarta,2024-12-22 12:00:00,54.362829000000005,77.4727785,12,22,12,6,28.65239375,41.7870185,67.24672016666665,96.0809335
Jakarta,2024-12-22 18:00:00,112.4641355,159.9084075,18,22,12,6,54.362829000000005,77.4727785,53.53311816666665,76.63240383333333
Jakarta,2024-12-23 00:00:00,92.033448,131.12074475,0,23,12,0,112.4641355,159.9084075,65.15978608333332,93.05606816666666
Jakarta,2024-12-23 06:00:00,31.54170275,45.48138575,6,23,12,0,92.033448,131.12074475,86.28680416666664,122.83397691666666
Jakarta,2024-12-23 12:00:00,54.79905875,77.95513650000001,12,23,12,0,31.54170275,45.48138575,78.6797620833333,112.17017933333334
Jakarta,2024-12-23 18:00:00,54.926659,78.20514625,18,23,12,0,54.79905875,77.95513650000001,59.45806983333332,84.85242233333332
Jakarta,2024-12-24 00:00:00,55.28062224999999,78.83872500000001,0,24,12,1,54.926659,78.20514625,47.08914016666665,67.2138895
Jakarta,2024-12-24 06:00:00,24.11405825,34.9110675,6,24,12,1,55.28062224999999,78.83872500000001,55.00211333333331,78.33300258333333
Jakarta,2024-12-24 12:00:00,44.90517825,64.12136675,12,24,12,1,24.11405825,34.9110675,44.773779833333315,63.984979583333335
Jakarta,2024-12-24 18:00:00,74.48781499999998,106.17373,18,24,12,1,44.90517825,64.12136675,41.43328624999998,59.29038641666667
Jakarta,2024-12-25 00:00:00,77.6885815,110.842024,0,25,12,2,74.48781499999998,106.17373,47.83568383333331,68.40205474999999
Jakarta,2024-12-25 06:00:00,27.961505,41.02457725,6,25,12,2,77.6885815,110.842024,65.69385824999998,93.71237358333333
Jakarta,2024-12-25 12:00:00,61.29596299999999,87.30245500000001,12,25,12,2,27.961505,41.02457725,60.045967166666635,86.01344375000001
Jakarta,2024-12-25 18:00:00,83.52505175,118.95622,18,25,12,2,61.29596299999999,87.30245500000001,55.64868316666664,79.72301874999998
Jakarta,2024-12-26 00:00:00,66.17716425,94.5965725,0,26,12,3,83.52505175,118.95622,57.59417324999998,82.42775074999999
Jakarta,2024-12-26 06:00:00,23.543038,34.0758105,6,26,12,3,66.17716425,94.5965725,70.33272633333331,100.28508249999999
Jakarta,2024-12-26 12:00:00,42.521314,60.5699595,12,26,12,3,23.543038,34.0758105,57.74841799999999,82.54286766666665
Jakarta,2024-12-26 18:00:00,66.1819405,94.14512275,18,26,12,3,42.521314,60.5699595,44.080505416666654,63.08078083333333
Jakarta,2024-12-27 00:00:00,88.3559305,126.20466825,0,27,12,4,66.1819405,94.14512275,44.082097499999975,62.93029758333332
Jakarta,2024-12-27 06:00:00,33.9036035,48.944799,6,27,12,4,88.3559305,126.20466825,65.68639499999999,93.63991683333332
Jakarta,2024-12-27 12:00:00,59.07418175,83.815139,12,27,12,4,33.9036035,48.944799,62.81382483333331,89.76486333333332
Jakarta,2024-12-27 18:00:00,65.8994565,93.5510805,18,27,12,4,59.07418175,83.815139,60.44457191666665,86.32153541666666
Jakarta,2024-12-28 00:00:00,66.16707525,94.0456445,0,28,12,5,65.8994565,93.5510805,52.95908058333331,75.43700616666665
Jakarta,2024-12-28 06:00:00,21.052045250000003,30.032112,6,28,12,5,66.16707525,94.0456445,63.71357116666665,90.47062133333331
Jakarta,2024-12-28 12:00:00,57.829127,82.03161874999999,12,28,12,5,21.052045250000003,30.032112,51.03952566666664,72.54294566666665
Jakarta,2024-12-28 18:00:00,96.86024925,137.58903875,18,28,12,5,57.829127,82.03161874999999,48.34941583333332,68.70312508333332
Jakarta,2024-12-29 00:00:00,85.86191400000001,122.10767875,0,29,12,6,96.86024925,137.58903875,58.580473833333315,83.2175898333333
Jakarta,2024-12-29 06:00:00,24.1164175,34.603687,6,29,12,6,85.86191400000001,122.10767875,80.18376341666665,113.90944541666664
Jakarta,2024-12-29 12:00:00,51.948262750000005,73.65628050000001,12,29,12,6,24.1164175,34.603687,68.94619358333331,98.10013483333331
Jakarta,2024-12-29 18:00:00,62.715018,89.078526,18,29,12,6,51.948262750000005,73.65628050000001,53.975531416666655,76.78921541666665
Jakarta,2024-12-30 00:00:00,28.137549000000003,40.1307135,0,30,12,0,62.715018,89.078526,46.259899416666656,65.77949783333331
Jakarta,2024-12-30 06:00:00,15.757820250000002,23.00743075,6,30,12,0,28.137549000000003,40.1307135,47.60027658333332,67.62183999999998
Jakarta,2024-12-30 12:00:00,28.8766415,41.241619750000005,12,30,12,0,15.757820250000002,23.00743075,35.53679574999998,50.73889008333331
Jakarta,2024-12-30 18:00:00,35.31098975,50.20766075,18,30,12,0,28.8766415,41.241619750000005,24.25733691666665,34.79325466666665
Jakarta,2024-12-31 00:00:00,34.738434500000004,49.35967,0,31,12,1,35.31098975,50.20766075,26.648483833333312,38.15223708333331
Jakarta,2024-12-31 06:00:00,16.810815875000003,24.012536,6,31,12,1,34.738434500000004,49.35967,32.975355249999986,46.936316833333315
Jakarta,2024-12-31 12:00:00,30.7805695,43.59921525,12,31,12,1,16.810815875000003,24.012536,28.953413374999982,41.193288916666646
Jakarta,2024-12-31 18:00:00,64.0857965,90.82370375,18,31,12,1,30.7805695,43.59921525,27.443273291666646,38.99047374999998
Jakarta,2025-01-01 00:00:00,62.98196925,89.7181295,0,1,1,2,64.0857965,90.82370375,37.22572729166665,52.81181833333331
Jakarta,2025-01-01 06:00:00,28.55524875,41.2986195,6,1,1,2,62.98196925,89.7181295,52.61611174999998,74.71368283333332
Jakarta,2025-01-01 12:00:00,48.27301575,68.49711500000001,12,1,1,2,28.55524875,41.2986195,51.874338166666654,73.94681758333331
Jakarta,2025-01-01 18:00:00,68.721364,97.135284,18,1,1,2,48.27301575,68.49711500000001,46.603411249999986,66.50462133333332
Jakarta,2025-01-02 00:00:00,57.43376625,81.03432925,0,2,1,3,68.721364,97.135284,48.51654283333331,68.97700616666664
Jakarta,2025-01-02 06:00:00,20.33146975,28.547106,6,2,1,3,57.43376625,81.03432925,58.142715333333314,82.22224274999998
Jakarta,2025-01-02 12:00:00,51.35817175,72.15136675000001,12,2,1,3,20.33146975,28.547106,48.82886666666664,68.90557308333331
Jakarta,2025-01-02 18:00:00,87.08465775,123.16877625,18,2,1,3,51.35817175,72.15136675000001,43.041135916666654,60.57760066666665
Jakarta,2025-01-03 00:00:00,65.75820025,93.09206925,0,3,1,4,87.08465775,123.16877625,52.92476641666665,74.6224163333333
Jakarta,2025-01-03 06:00:00,22.17282725,31.28366175,6,3,1,4,65.75820025,93.09206925,68.06700991666666,96.13740408333331
Jakarta,2025-01-03 12:00:00,42.67239775,60.070277,12,3,1,4,22.17282725,31.28366175,58.33856174999999,82.51483574999997
Jakarta,2025-01-03 18:00:00,68.59011299999999,97.11323,18,3,1,4,42.67239775,60.070277,43.53447508333331,61.48200266666664
Jakarta,2025-01-04 00:00:00,52.631919,74.680145,0,4,1,5,68.59011299999999,97.11323,44.478445999999984,62.82238958333331
Jakarta,2025-01-04 06:00:00,15.62429475,22.190477,6,4,1,5,52.631919,74.680145,54.63147658333332,77.28788399999998
Jakarta,2025-01-04 12:00:00,32.9546875,46.553951,12,4,1,5,15.62429475,22.190477,45.61544224999998,64.66128399999998
Jakarta,2025-01-04 18:00:00,50.41289275,71.31944800000001,18,4,1,5,32.9546875,46.553951,33.73696708333332,47.80819099999997
Jakarta,2025-01-05 00:00:00,56.602972,80.05190375000001,0,5,1,6,50.41289275,71.31944800000001,32.99729166666665,46.687958666666646
Jakarta,2025-01-05 06:00:00,20.74762075,29.24957725,6,5,1,6,56.602972,80.05190375000001,46.65685074999998,65.97510091666665
Jakarta,2025-01-05 12:00:00,51.327603,72.24845499999999,12,5,1,6,20.74762075,29.24957725,42.58782849999998,60.20697633333332
Jakarta,2025-01-05 18:00:00,88.9995855,125.76433075,18,5,1,6,51.327603,72.24845499999999,42.892731916666655,60.516645333333315
Jakarta,2025-01-06 00:00:00,87.288755,123.1277925,0,6,1,0,88.9995855,125.76433075,53.69160308333332,75.75412099999998
Jakarta,2025-01-06 06:00:00,28.41444775,39.475708,6,6,1,0,87.288755,123.1277925,75.87198116666666,107.04685941666663
Jakarta,2025-01-06 12:00:00,47.0100615,65.621577,12,6,1,0,28.41444775,39.475708,68.23426274999998,96.12261041666665
Jakarta,2025-01-06 18:00:00,70.82129975,99.82162175,18,6,1,0,47.0100615,65.621577,54.237754749999986,76.07502583333331
Jakarta,2025-01-07 00:00:00,73.16947275000001,102.8139425,0,7,1,1,70.82129975,99.82162175,48.74860299999998,68.30630224999997
Jakarta,2025-01-07 06:00:00,26.94207525,37.52603575,6,7,1,1,73.16947275000001,102.8139425,63.66694466666666,89.4190470833333
Jakarta,2025-01-07 12:00:00,56.33768250000001,78.84324325,12,7,1,1,26.94207525,37.52603575,56.97761591666665,80.05386666666665
Jakarta,2025-01-07 18:00:00,61.36856774999999,86.23409475,18,7,1,1,56.33768250000001,78.84324325,52.14974349999999,73.06107383333331
Jakarta,2025-01-08 00:00:00,56.4983375,79.58340075000001,0,8,1,2,61.36856774999999,86.23409475,48.21610849999998,67.53445791666665
Jakarta,2025-01-08 06:00:00,28.4345275,40.8453505,6,8,1,2,56.4983375,79.58340075000001,58.068195916666646,81.55357958333332
Jakarta,2025-01-08 12:00:00,54.5588965,77.526722,12,8,1,2,28.4345275,40.8453505,48.76714424999998,68.88761533333331
Jakarta,2025-01-08 18:00:00,82.67986125,117.56477875,18,8,1,2,54.5588965,77.526722,46.497253833333325,65.98515774999998
Jakarta,2025-01-09 00:00:00,58.61568275,83.70705000000001,0,9,1,3,82.67986125,117.56477875,55.224428416666655,78.64561708333332
Jakarta,2025-01-09 06:00:00,37.22297425,53.947701,6,9,1,3,58.61568275,83.70705000000001,65.28481349999998,92.93285024999999
Jakarta,2025-01-09 12:00:00,54.76852075,78.431924,12,9,1,3,37.22297425,53.947701,59.50617274999998,85.07317658333332
Jakarta,2025-01-09 18:00:00,105.0443645,149.61313,18,9,1,3,54.76852075,78.431924,50.202392583333314,72.02889166666665
Jakarta,2025-01-10 00:00:00,109.6448455,156.41080625,0,10,1,4,105.0443645,149.61313,65.67861983333331,93.99758499999997
Jakarta,2025-01-10 06:00:00,34.336523,49.68595125,6,10,1,4,109.6448455,156.41080625,89.81924358333333,128.15195341666666
Jakarta,2025-01-10 12:00:00,61.31463675,87.45732249999999,12,10,1,4,34.336523,49.68595125,83.00857766666665,118.56996249999999
Jakarta,2025-01-10 18:00:00,94.82964525,134.97143,18,10,1,4,61.31463675,87.45732249999999,68.43200174999998,97.85135999999999
Jakarta,2025-01-11 00:00:00,75.78633175,108.236975,0,11,1,5,94.82964525,134.97143,63.49360166666665,90.70490124999998
Jakarta,2025-01-11 06:00:00,31.991675,46.7085785,6,11,1,5,75.78633175,108.236975,77.31020458333332,110.22190916666663
Jakarta,2025-01-11 12:00:00,55.22451775,78.7256345,12,11,1,5,31.991675,46.7085785,67.53588399999998,96.63899449999998
Jakarta,2025-01-11 18:00:00,58.23591275,83.04567625,18,11,1,5,55.22451775,78.7256345,54.334174833333314,77.89039599999998
Jakarta,2025-01-12 00:00:00,37.1590265,52.990628750000006,0,12,1,6,58.23591275,83.04567625,48.484035166666644,69.49329641666664
Jakarta,2025-01-12 06:00:00,18.873777,27.038595250000004,6,12,1,6,37.1590265,52.990628750000006,50.20648566666665,71.58731316666665
Jakarta,2025-01-12 12:00:00,34.62729125,49.262467,12,12,1,6,18.873777,27.038595250000004,38.089572083333316,54.35830008333332
Jakarta,2025-01-12 18:00:00,47.533263,67.66566725,18,12,1,6,34.62729125,49.262467,30.22003158333332,43.09723033333332
Jakarta,2025-01-13 00:00:00,71.82172999999999,102.73799975,0,13,1,0,47.533263,67.66566725,33.67811041666665,47.98890983333331
Jakarta,2025-01-13 06:00:00,25.554101,37.267213250000005,6,13,1,0,71.82172999999999,102.73799975,51.3274280833333,73.22204466666665
Jakarta,2025-01-13 12:00:00,44.25567025,62.90520125000001,12,13,1,0,25.554101,37.267213250000005,48.30303133333331,69.22362674999998
Jakarta,2025-01-13 18:00:00,53.61161475,76.1860425,18,13,1,0,44.25567025,62.90520125000001,47.21050041666664,67.63680475
Jakarta,2025-01-14 00:00:00,61.56476274999999,87.70754799999999,0,14,1,1,53.61161475,76.1860425,41.14046199999998,58.78615233333332
Jakarta,2025-01-14 06:00:00,24.8251835,35.5289275,6,14,1,1,61.56476274999999,87.70754799999999,53.14401591666664,75.59959724999999
Jakarta,2025-01-14 12:00:00,41.88976275,59.296213,12,14,1,1,24.8251835,35.5289275,46.66718699999998,66.47417266666665
Jakarta,2025-01-14 18:00:00,53.420307,75.260344,18,14,1,1,41.88976275,59.296213,42.75990299999998,60.84422949999998
Jakarta,2025-01-15 00:00:00,61.00611849999999,85.57293625,0,15,1,2,53.420307,75.260344,40.04508441666665,56.69516149999998
Jakarta,2025-01-15 06:00:00,24.10092725,33.523775750000006,6,15,1,2,61.00611849999999,85.57293625,52.10539608333331,73.37649774999998
Jakarta,2025-01-15 12:00:00,42.158945,59.06017025,12,15,1,2,24.10092725,33.523775750000006,46.175784249999985,64.78568533333332
Jakarta,2025-01-15 18:00:00,60.07442575,84.78190175,18,15,1,2,42.158945,59.06017025,42.42199691666664,59.385627416666644
Jakarta,2025-01-16 00:00:00,60.37882325,85.22925975,0,16,1,3,60.07442575,84.78190175,42.11143266666665,59.12194924999998
Jakarta,2025-01-16 06:00:00,18.30497375,26.085189,6,16,1,3,60.37882325,85.22925975,54.20406466666665,76.35711058333332
Jakarta,2025-01-16 12:00:00,45.96063175,65.259883,12,16,1,3,18.30497375,26.085189,46.25274091666665,65.36545016666665
Jakarta,2025-01-16 18:00:00,51.04064375,72.6165865,18,16,1,3,45.96063175,65.259883,41.54814291666665,58.858110583333314
Jakarta,2025-01-17 00:00:00,51.6689055,73.74120525000001,0,17,1,4,51.04064375,72.6165865,38.43541641666665,54.653886166666645
Jakarta,2025-01-17 06:00:00,26.41364475,38.2835025,6,17,1,4,51.6689055,73.74120525000001,49.55672699999999,70.53922491666664
Jakarta,2025-01-17 12:00:00,44.144585,62.98222374999999,12,17,1,4,26.41364475,38.2835025,43.04106466666665,61.54709808333331
Jakarta,2025-01-17 18:00:00,28.69254,41.27258475,18,17,1,4,44.144585,62.98222374999999,40.74237841666665,58.335643833333314
Jakarta,2025-01-18 00:00:00,34.033689499999994,49.55012425,0,18,1,5,28.69254,41.27258475,33.083589916666654,47.512770333333314
Jakarta,2025-01-18 06:00:00,22.23444525,32.355246,6,18,1,5,34.033689499999994,49.55012425,35.62360483333331,51.26831091666664
Jakarta,2025-01-18 12:00:00,40.52344525,57.77329225,12,18,1,5,22.23444525,32.355246,28.320224916666646,41.059318333333316
Jakarta,2025-01-18 18:00:00,43.298314,61.74866475000001,18,18,1,5,40.52344525,57.77329225,32.26385999999998,46.55955416666665
Jakarta,2025-01-19 00:00:00,40.659244,58.11057275,0,19,1,6,43.298314,61.74866475000001,35.35206816666665,50.62573433333332
Jakarta,2025-01-19 06:00:00,16.85933175,24.5599945,6,19,1,6,40.659244,58.11057275,41.493667749999986,59.21084324999998
Jakarta,2025-01-19 12:00:00,40.339345,57.5700475,12,19,1,6,16.85933175,24.5599945,33.60562991666665,48.139743999999986
Jakarta,2025-01-19 18:00:00,25.11694675,36.29497775,18,19,1,6,40.339345,57.5700475,32.61930691666665,46.74687158333332
Jakarta,2025-01-20 00:00:00,26.4568605,38.361236000000005,0,20,1,0,25.11694675,36.29497775,27.43854116666665,39.47500658333332
Jakarta,2025-01-20 06:00:00,22.64732775,32.999508750000004,6,20,1,0,26.4568605,38.361236000000005,30.637717416666646,44.075420416666645
Jakarta,2025-01-20 12:00:00,46.73552275,66.89123175,12,20,1,0,22.64732775,32.999508750000004,24.74037833333331,35.88524083333332
Jakarta,2025-01-20 18:00:00,40.17744025,57.84241275,18,20,1,0,46.73552275,66.89123175,31.946570333333312,46.083992166666654
Jakarta,2025-01-21 00:00:00,63.476762,91.17713,0,21,1,1,40.17744025,57.84241275,36.52009691666664,52.577717749999984
Jakarta,2025-01-21 06:00:00,22.834428000000003,34.23321,6,21,1,1,63.476762,91.17713,50.12990833333331,71.97025816666665
Jakarta,2025-01-21 12:00:00,57.35655875,82.0818555,12,21,1,1,22.834428000000003,34.23321,42.162876749999974,61.084250916666655
Jakarta,2025-01-21 18:00:00,63.684069,91.05985875,18,21,1,1,57.35655875,82.0818555,47.88924958333331,69.16406516666666
Jakarta,2025-01-22 00:00:00,58.41900425000001,83.51696675000001,0,22,1,2,63.684069,91.05985875,47.95835191666665,69.12497474999999
Jakarta,2025-01-22 06:00:00,21.2639005,31.0669175,6,22,1,2,58.41900425000001,83.51696675000001,59.81987733333332,85.55289366666665
Jakarta,2025-01-22 12:00:00,49.13414375,70.14807549999999,12,22,1,2,21.2639005,31.0669175,47.78899124999998,68.54791433333332
Jakarta,2025-01-22 18:00:00,89.864415,128.04980725,18,22,1,2,49.13414375,70.14807549999999,42.93901616666665,61.57731991666665
Jakarta,2025-01-23 00:00:00,91.23641625,130.05205625,0,23,1,3,89.864415,128.04980725,53.42081974999997,76.42160008333332
Jakarta,2025-01-23 06:00:00,20.7541575,30.140029,6,23,1,3,91.23641625,130.05205625,76.74499166666664,109.4166463333333
Jakarta,2025-01-23 12:00:00,49.94726,71.126296,12,23,1,3,20.7541575,30.140029,67.28499624999998,96.08063083333332
Jakarta,2025-01-23 18:00:00,93.7008045,133.25314,18,23,1,3,49.94726,71.126296,53.97927791666664,77.1061270833333
Jakarta,2025-01-24 00:00:00,55.068568,78.32679075,0,24,1,4,93.7008045,133.25314,54.80074066666665,78.17315499999998
Jakarta,2025-01-24 06:00:00,18.1637745,25.9676365,6,24,1,4,55.068568,78.32679075,66.23887749999999,94.23540891666664
Jakarta,2025-01-24 12:00:00,45.4875675,64.58988199999999,12,24,1,4,18.1637745,25.9676365,55.644382333333304,79.18252241666666
Jakarta,2025-01-24 18:00:00,62.613026,89.00070600000001,18,24,1,4,45.4875675,64.58988199999999,39.57330333333331,56.29476974999998
Jakarta,2025-01-25 00:00:00,92.4350175,131.553405,0,25,1,5,62.613026,89.00070600000001,42.088122666666635,59.85274149999998
Jakarta,2025-01-25 06:00:00,28.03346925,40.32307275,6,25,1,5,92.4350175,131.553405,66.84520366666663,95.04799766666663
Jakarta,2025-01-25 12:00:00,45.982078,65.40130925,12,25,1,5,28.03346925,40.32307275,61.02717091666664,86.95906124999999
Jakarta,2025-01-25 18:00:00,62.54595025,88.97029599999999,18,25,1,5,45.982078,65.40130925,55.4835215833333,79.09259566666664
Jakarta,2025-01-26 00:00:00,59.330148,84.6586095,0,26,1,6,62.54595025,88.97029599999999,45.52049916666664,64.89822599999998
Jakarta,2025-01-26 06:00:00,19.10478875,27.48714675,6,26,1,6,59.330148,84.6586095,55.952725416666645,79.67673824999997
Jakarta,2025-01-26 12:00:00,37.920273,53.845270000000006,12,26,1,6,19.10478875,27.48714675,46.99362899999998,67.03868408333331
Jakarta,2025-01-26 18:00:00,47.03011325,66.8420625,18,26,1,6,37.920273,53.845270000000006,38.78506991666664,55.33034208333331
Jakarta,2025-01-27 00:00:00,53.88102375,76.72864,0,27,1,0,47.03011325,66.8420625,34.68505833333331,49.39149308333331
Jakarta,2025-01-27 06:00:00,16.43201125,23.6948095,6,27,1,0,53.88102375,76.72864,46.27713666666665,65.80532416666665
Jakarta,2025-01-27 12:00:00,33.3173205,47.40236624999999,12,27,1,0,16.43201125,23.6948095,39.114382749999976,55.755170666666636
Jakarta,2025-01-27 18:00:00,46.8292,66.62685350000001,18,27,1,0,33.3173205,47.40236624999999,34.54345183333331,49.27527191666665
Jakarta,2025-01-28 00:00:00,68.03608625000001,97.289217,0,28,1,1,46.8292,66.62685350000001,32.19284391666664,45.908009749999984
Jakarta,2025-01-28 06:00:00,26.33321125,38.190535,6,28,1,1,68.03608625000001,97.289217,49.39420224999998,70.43947891666664
Jakarta,2025-01-28 12:00:00,44.202921,62.9430015,12,28,1,1,26.33321125,38.190535,47.066165833333315,67.36886849999998
Jakarta,2025-01-28 18:00:00,30.749561000000003,44.22486125,18,28,1,1,44.202921,62.9430015,46.190739499999985,66.14091783333332
Jakarta,2025-01-29 00:00:00,47.653117,69.73593175,0,29,1,2,30.749561000000003,44.22486125,33.76189774999998,48.45279924999998
Jakarta,2025-01-29 06:00:00,26.29320725,39.381519,6,29,1,2,47.653117,69.73593175,40.86853299999998,58.967931499999985
Jakarta,2025-01-29 12:00:00,39.39504675,56.88699,12,29,1,2,26.29320725,39.381519,34.89862841666665,51.114103999999976
Jakarta,2025-01-29 18:00:00,38.447026,55.46826325,18,29,1,2,39.39504675,56.88699,37.78045699999998,55.33481358333332
Jakarta,2025-01-30 00:00:00,34.293436,50.908425750000006,0,30,1,3,38.447026,55.46826325,34.71175999999998,50.57892408333331
Jakarta,2025-01-30 06:00:00,23.13109325,35.67345125,6,30,1,3,34.293436,50.908425750000006,37.37850291666664,54.421226333333315
Jakarta,2025-01-30 12:00:00,35.99161875,52.683391,12,30,1,3,23.13109325,35.67345125,31.95718508333331,47.35004674999998
Jakarta,2025-01-30 18:00:00,53.60881474999999,77.465644,18,30,1,3,35.99161875,52.683391,31.138715999999977,46.42175599999998
Jakarta,2025-01-31 00:00:00,52.5303965,76.13078800000001,0,31,1,4,53.60881474999999,77.465644,37.57717558333331,55.274162083333316
Jakarta,2025-01-31 06:00:00,24.183777,36.05993,6,31,1,4,52.5303965,76.13078800000001,47.376943333333315,68.75994099999998
Jakarta,2025-01-31 12:00:00,41.06220075,59.04910075,12,31,1,4,24.183777,36.05993,43.44099608333331,63.21878733333332
Jakarta,2025-01-31 18:00:00,71.42622775,101.87142125,18,31,1,4,41.06220075,59.04910075,39.25879141666664,57.07993958333332
Jakarta,2025-02-01 00:00:00,55.17876,79.16296,0,1,2,5,71.42622775,101.87142125,45.55740183333331,65.66015066666665
Jakarta,2025-02-01 06:00:00,20.98897725,30.92782225,6,1,2,5,55.17876,79.16296,55.88906283333332,80.02782733333332
Jakarta,2025-02-01 12:00:00,37.7920635,54.14079925,12,1,2,5,20.98897725,30.92782225,49.197988333333306,70.65406783333331
Jakarta,2025-02-01 18:00:00,70.75095675,100.76189525,18,1,2,5,37.7920635,54.14079925,37.98660024999998,54.74386049999998
Jakarta,2025-02-02 00:00:00,55.61776225,79.54071099999999,0,2,2,6,70.75095675,100.76189525,43.17733249999998,61.94350558333331
Jakarta,2025-02-02 06:00:00,19.748768,28.7518135,6,2,2,6,55.61776225,79.54071099999999,54.720260833333306,78.1478018333333
Jakarta,2025-02-02 12:00:00,44.356184,63.10207725000001,12,2,2,6,19.748768,28.7518135,48.70582899999997,69.6848065833333
Jakarta,2025-02-02 18:00:00,73.46801450000001,104.51333425,18,2,2,6,44.356184,63.10207725000001,39.90757141666665,57.13153391666665
Jakarta,2025-02-03 00:00:00,84.24751649999999,120.047728,0,3,2,0,73.46801450000001,104.51333425,45.857655499999986,65.45574166666665
Jakarta,2025-02-03 06:00:00,33.3918705,48.00540475,6,3,2,0,84.24751649999999,120.047728,67.35723833333331,95.88771316666664
Jakarta,2025-02-03 12:00:00,55.0777485,78.24428499999999,12,3,2,0,33.3918705,48.00540475,63.70246716666665,90.85548899999998
Jakarta,2025-02-03 18:00:00,87.53228499999999,124.32167275,18,3,2,0,55.0777485,78.24428499999999,57.57237849999998,82.09913924999996
Jakarta,2025-02-04 00:00:00,82.11586199999999,116.7615535,0,4,2,1,87.53228499999999,124.32167275,58.66730133333331,83.52378749999998
Jakarta,2025-02-04 06:00:00,30.268325,43.272678250000006,6,4,2,1,82.11586199999999,116.7615535,74.9086318333333,106.44250374999997
Jakarta,2025-02-04 12:00:00,39.0990495,55.760295250000006,12,4,2,1,30.268325,43.272678250000006,66.63882399999999,94.78530149999999
Jakarta,2025-02-04 18:00:00,34.67261,49.6304725,18,4,2,1,39.0990495,55.760295250000006,50.49441216666664,71.93150899999999
Jakarta,2025-02-05 00:00:00,35.75601725,51.00307025,0,5,2,2,34.67261,49.6304725,34.67999483333332,49.554481999999986
Jakarta,2025-02-05 06:00:00,13.467541675,19.398726125,6,5,2,2,35.75601725,51.00307025,36.50922558333331,52.13127933333332
Jakarta,2025-02-05 12:00:00,28.110236,40.101298,12,5,2,2,13.467541675,19.398726125,27.965389641666647,40.010756291666645
Jakarta,2025-02-05 18:00:00,38.406625,54.83144625,18,5,2,2,28.110236,40.101298,25.77793164166665,36.83436479166665
Jakarta,2025-02-06 00:00:00,34.57644475,49.582439,0,6,2,3,38.406625,54.83144625,26.661467558333314,38.11049012499998
Jakarta,2025-02-06 06:00:00,25.0025495,36.717154,6,6,2,3,34.57644475,49.582439,33.69776858333332,48.17172774999998
Jakarta,2025-02-06 12:00:00,41.04208525,58.96097925,12,6,2,3,25.0025495,36.717154,32.66187308333331,47.04367974999999
Jakarta,2025-02-06 18:00:00,58.2486165,83.32193625000001,18,6,2,3,41.04208525,58.96097925,33.54035983333332,48.42019074999998
Jakarta,2025-02-07 00:00:00,90.36330250000002,129.85657249999997,0,7,2,4,58.2486165,83.32193625000001,41.43108374999998,59.66668983333332
Jakarta,2025-02-07 06:00:00,29.89020225,44.880039,6,7,2,4,90.36330250000002,129.85657249999997,63.21800141666665,90.71316266666663
Jakarta,2025-02-07 12:00:00,48.27165900000001,69.3366355,12,7,2,4,29.89020225,44.880039,59.50070708333332,86.01951591666665
Jakarta,2025-02-07 18:00:00,93.9444625,133.89768575,18,7,2,4,48.27165900000001,69.3366355,56.17505458333332,81.35774899999997
Jakarta,2025-02-08 00:00:00,66.44094675,94.90526,0,8,2,5,93.9444625,133.89768575,57.36877458333331,82.70478674999998
Jakarta,2025-02-08 06:00:00,27.44962975,40.35939575,6,8,2,5,66.44094675,94.90526,69.55235608333331,99.37986041666665
Jakarta,2025-02-08 12:00:00,60.78040874999999,87.0452925,12,8,2,5,27.44962975,40.35939575,62.611679666666646,89.72078049999998
Jakarta,2025-02-08 18:00:00,85.3499805,121.76673175000002,18,8,2,5,60.78040874999999,87.0452925,51.55699508333331,74.10331608333331
Jakarta,2025-02-09 00:00:00,63.19673625,90.15675925,0,9,2,6,85.3499805,121.76673175000002,57.86000633333331,83.05713999999999
Jakarta,2025-02-09 06:00:00,23.79829325,35.04132425,6,9,2,6,63.19673625,90.15675925,69.7757085,99.65626116666665
Jakarta,2025-02-09 12:00:00,53.83148525,77.06759799999999,12,9,2,6,23.79829325,35.04132425,57.44833666666665,82.32160508333332
Jakarta,2025-02-09 18:00:00,61.8657345,88.76321525,18,9,2,6,53.83148525,77.06759799999999,46.94217158333331,67.4218938333333
Jakarta,2025-02-10 00:00:00,58.893307,85.18651224999999,0,10,2,0,61.8657345,88.76321525,46.49850433333332,66.95737916666666
Jakarta,2025-02-10 06:00:00,25.07886175,37.46868,6,10,2,0,58.893307,85.18651224999999,58.19684224999998,83.67244183333331
Jakarta,2025-02-10 12:00:00,57.16808025,81.57098875,12,10,2,0,25.07886175,37.46868,48.61263441666665,70.47280249999999
Jakarta,2025-02-10 18:00:00,86.77176374999999,123.5584375,18,10,2,0,57.16808025,81.57098875,47.04674966666665,68.07539366666664
Jakarta,2025-02-11 00:00:00,110.23968375,157.35321249999998,0,11,2,1,86.77176374999999,123.5584375,56.33956858333332,80.86603541666665
Jakarta,2025-02-11 06:00:00,30.6279445,44.67546,6,11,2,1,110.23968375,157.35321249999998,84.72650924999998,120.82754624999997
Jakarta,2025-02-11 12:00:00,57.7128675,82.2186055,12,11,2,1,30.6279445,44.67546,75.87979733333331,108.52903666666663
Jakarta,2025-02-11 18:00:00,114.900062,163.3073625,18,11,2,1,57.7128675,82.2186055,66.19349858333332,94.74909266666664
Jakarta,2025-02-12 00:00:00,120.38322,171.100625,0,12,2,2,114.900062,163.3073625,67.74695799999999,96.73380933333333
Jakarta,2025-02-12 06:00:00,41.82936675,59.7664205,6,12,2,2,120.38322,171.100625,97.66538316666664,138.875531
Jakarta,2025-02-12 12:00:00,74.87771875,106.14530875,12,12,2,2,41.82936675,59.7664205,92.37088291666664,131.39146933333333
Jakarta,2025-02-12 18:00:00,111.2560285,158.03378600000002,18,12,2,2,74.87771875,106.14530875,79.03010183333332,112.33745141666664
Jakarta,2025-02-13 00:00:00,76.6012535,108.84062425,0,13,2,3,111.2560285,158.03378600000002,75.98770466666664,107.98183841666666
Jakarta,2025-02-13 06:00:00,24.7265745,35.242125,6,13,2,3,76.6012535,108.84062425,87.5783335833333,124.33990633333333
Jakarta,2025-02-13 12:00:00,51.3807235,72.8241925,12,13,2,3,24.7265745,35.242125,70.86128549999998,100.70551174999999
Jakarta,2025-02-13 18:00:00,90.52448,128.48528249999998,18,13,2,3,51.3807235,72.8241925,50.90285049999998,72.30231391666665
Jakarta,2025-02-14 00:00:00,65.6560115,93.3361835,0,14,2,4,90.52448,128.48528249999998,55.54392599999998,78.8505333333333
Jakarta,2025-02-14 06:00:00,19.657506,28.12308275,6,14,2,4,65.6560115,93.3361835,69.18707166666665,98.21521949999998
Jakarta,2025-02-14 12:00:00,32.58824675,46.34807775,12,14,2,4,19.657506,28.12308275,58.61266583333332,83.3148495833333
Jakarta,2025-02-14 18:00:00,66.1611925,94.04018949999998,18,14,2,4,32.58824675,46.34807775,39.30058808333332,55.9357813333333
Jakarta,2025-02-15 00:00:00,63.4454965,90.35739025,0,15,2,5,66.1611925,94.04018949999998,39.468981749999976,56.17044999999996
Jakarta,2025-02-15 06:00:00,18.9031085,27.284045,6,15,2,5,63.4454965,90.35739025,54.06497858333331,76.91521916666663
Jakarta,2025-02-15 12:00:00,45.8852015,65.17362225000001,12,15,2,5,18.9031085,27.284045,49.5032658333333,70.56054158333329
Jakarta,2025-02-15 18:00:00,83.38095325,118.43130125,18,15,2,5,45.8852015,65.17362225000001,42.744602166666645,60.93835249999997
Jakarta,2025-02-16 00:00:00,74.44805300000002,105.8676845,0,16,2,6,83.38095325,118.43130125,49.38975441666665,70.2963228333333
Jakarta,2025-02-16 06:00:00,19.2880095,27.58773125,6,16,2,6,74.44805300000002,105.8676845,67.90473591666665,96.49086933333331
Jakarta,2025-02-16 12:00:00,34.54199825,49.1036185,12,16,2,6,19.2880095,27.58773125,59.03900524999998,83.96223899999997
Jakarta,2025-02-16 18:00:00,65.0073845,92.33974675,18,16,2,6,34.54199825,49.1036185,42.759353583333315,60.85301141666664
Jakarta,2025-02-17 00:00:00,63.30015025000001,90.11364575,0,17,2,0,65.0073845,92.33974675,39.612464083333315,56.34369883333331
Jakarta,2025-02-17 06:00:00,26.912005,38.5560955,6,17,2,0,63.30015025000001,90.11364575,54.28317766666665,77.1856703333333
Jakarta,2025-02-17 12:00:00,37.8210675,53.7582135,12,17,2,0,26.912005,38.5560955,51.73984658333331,73.66982933333331
Jakarta,2025-02-17 18:00:00,70.9445375,100.791168,18,17,2,0,37.8210675,53.7582135,42.67774091666664,60.80931824999997
Jakarta,2025-02-18 00:00:00,82.811554,117.71155325,0,18,2,1,70.9445375,100.791168,45.22586999999998,64.3684923333333
Jakarta,2025-02-18 06:00:00,19.399578625,27.748683250000003,6,18,2,1,82.811554,117.71155325,63.85905299999998,90.75364491666664
Jakarta,2025-02-18 12:00:00,39.48576225,56.0395605,12,18,2,1,19.399578625,27.748683250000003,57.7185567083333,82.08380149999996
Jakarta,2025-02-18 18:00:00,62.04958125,88.1325665,18,18,2,1,39.48576225,56.0395605,47.232298291666645,67.16659899999996
Jakarta,2025-02-19 00:00:00,70.751385,100.73193875,0,19,2,2,62.04958125,88.1325665,40.31164070833331,57.30693674999998
Jakarta,2025-02-19 06:00:00,24.461656,35.00750225,6,19,2,2,70.751385,100.73193875,57.428909499999975,81.6346885833333
Jakarta,2025-02-19 12:00:00,42.95933525,61.058274,12,19,2,2,24.461656,35.00750225,52.42087408333331,74.62400249999997
Jakarta,2025-02-19 18:00:00,91.3870795,129.857313,18,19,2,2,42.95933525,61.058274,46.057458749999974,65.5992383333333
Jakarta,2025-02-20 00:00:00,109.2215575,155.30645175,0,20,2,3,91.3870795,129.857313,52.93602358333331,75.30769641666664
Jakarta,2025-02-20 06:00:00,23.78692425,34.07444575,6,20,2,3,109.2215575,155.30645175,81.1893240833333,115.40734624999997
Jakarta,2025-02-20 12:00:00,43.912337,62.3808765,12,20,2,3,23.78692425,34.07444575,74.79852041666665,106.41273683333331
Jakarta,2025-02-20 18:00:00,75.3075095,107.044316,18,20,2,3,43.912337,62.3808765,58.97360624999997,83.9205913333333
Jakarta,2025-02-21 00:00:00,70.658046,100.5646495,0,21,2,4,75.3075095,107.044316,47.66892358333331,67.83321274999997
Jakarta,2025-02-21 06:00:00,24.05789675,34.57896,6,21,2,4,70.658046,100.5646495,63.292630833333305,89.99661399999998
Jakarta,2025-02-21 12:00:00,45.75491525,65.13363325,12,21,2,4,24.05789675,34.57896,56.67448408333331,80.72930849999997
Jakarta,2025-02-21 18:00:00,74.208755,105.58977675,18,21,2,4,45.75491525,65.13363325,46.82361933333332,66.75908091666663
Jakarta,2025-02-22 00:00:00,35.49732175,50.63540675,0,22,2,5,74.208755,105.58977675,48.00718899999998,68.4341233333333
Jakarta,2025-02-22 06:00:00,21.41635475,30.78980575,6,22,2,5,35.49732175,50.63540675,51.82033066666665,73.78627224999997
Jakarta,2025-02-22 12:00:00,43.09508425,61.271151,12,22,2,5,21.41635475,30.78980575,43.70747716666665,62.33832974999998
Jakarta,2025-02-22 18:00:00,88.10035075,125.19416175,18,22,2,5,43.09508425,61.271151,33.33625358333331,47.565454499999966
Jakarta,2025-02-23 00:00:00,61.05821575,87.07849075,0,23,2,6,88.10035075,125.19416175,50.87059658333332,72.41837283333331
Jakarta,2025-02-23 06:00:00,27.06234175,39.019397,6,23,2,6,61.05821575,87.07849075,64.08455024999998,91.18126783333331
Jakarta,2025-02-23 12:00:00,55.503506,78.95545249999999,12,23,2,6,27.06234175,39.019397,58.740302749999984,83.76401649999997
Jakarta,2025-02-23 18:00:00,82.676194,117.58623875,18,23,2,6,55.503506,78.95545249999999,47.87468783333332,68.35111341666664
Jakarta,2025-02-24 00:00:00,73.46301375,104.47786125,0,24,2,0,82.676194,117.58623875,55.08068058333331,78.52036274999996
Jakarta,2025-02-24 06:00:00,20.486681,29.289509,6,24,2,0,73.46301375,104.47786125,70.54757124999998,100.3398508333333
Jakarta,2025-02-24 12:00:00,63.137065250000006,89.601911,12,24,2,0,20.486681,29.289509,58.87529624999997,83.78453633333332
Jakarta,2025-02-24 18:00:00,111.863301,158.91305,18,24,2,0,63.137065250000006,89.601911,52.36225333333332,74.45642708333331
Jakarta,2025-02-25 00:00:00,121.752692,173.11549374999998,0,25,2,1,111.863301,158.91305,65.16234908333332,92.60148999999997
Jakarta,2025-02-25 06:00:00,34.28539275,48.9240505,6,25,2,1,121.752692,173.11549374999998,98.91768608333332,140.54348491666664
Jakarta,2025-02-25 12:00:00,57.948313250000005,82.27024575,12,25,2,1,34.28539275,48.9240505,89.30046191666663,126.9841980833333
Jakarta,2025-02-25 18:00:00,93.75366675,133.2130075,18,25,2,1,57.948313250000005,82.27024575,71.32879933333332,101.43659666666663
Jakarta,2025-02-26 00:00:00,105.31357375,149.816514,0,26,2,2,93.75366675,133.2130075,61.99579091666664,88.13576791666664
Jakarta,2025-02-26 06:00:00,32.7240745,46.8555755,6,26,2,2,105.31357375,149.816514,85.67185124999997,121.76658908333332
Jakarta,2025-02-26 12:00:00,59.69502625,84.79713650000001,12,26,2,2,32.7240745,46.8555755,77.26377166666664,109.96169899999997
Jakarta,2025-02-26 18:00:00,111.63786,158.60968000000005,18,26,2,2,59.69502625,84.79713650000001,65.91089149999998,93.8230753333333
Jakarta,2025-02-27 00:00:00,125.34451325,178.0617825,0,27,2,3,111.63786,158.60968000000005,68.01898691666665,96.75413066666665
Jakarta,2025-02-27 06:00:00,25.988413,36.9961415,6,27,2,3,125.34451325,178.0617825,98.8924665,140.489533
Jakarta,2025-02-27 12:00:00,45.88719025,65.095008,12,27,2,3,25.988413,36.9961415,87.65692874999998,124.55586799999999
Jakarta,2025-02-27 18:00:00,102.36496225,145.25116375000002,18,27,2,3,45.88719025,65.095008,65.74003883333332,93.38431066666664
Jakarta,2025-02-28 00:00:00,109.3085035,155.25427,0,28,2,4,102.36496225,145.25116375000002,58.080188499999984,82.44743774999998
Jakarta,2025-02-28 06:00:00,26.911437,38.34111325,6,28,2,4,109.3085035,155.25427,85.85355199999998,121.86681391666666
Jakarta,2025-02-28 12:00:00,58.0236025,82.3205255,12,28,2,4,26.911437,38.34111325,79.52830091666665,112.94884899999998
Jakarta,2025-02-28 18:00:00,97.3709725,138.1910975,18,28,2,4,58.0236025,82.3205255,64.74784766666664,91.9719695833333
Jakarta,2025-03-01 00:00:00,90.871141,129.09617799999998,0,1,3,5,97.3709725,138.1910975,60.76867066666665,86.28424541666664
Jakarta,2025-03-01 06:00:00,16.01091525,22.77511125,6,1,3,5,90.871141,129.09617799999998,82.08857199999998,116.53593366666662
Jakarta,2025-03-01 12:00:00,50.9673875,72.30175875,12,1,3,5,16.01091525,22.77511125,68.08434291666664,96.68746224999995
Jakarta,2025-03-01 18:00:00,106.06982,150.64503775,18,1,3,5,50.9673875,72.30175875,52.61648124999997,74.7243493333333
Jakarta,2025-03-02 00:00:00,130.7629715,185.782881,0,2,3,6,106.06982,150.64503775,57.68270758333332,81.9073025833333
Jakarta,2025-03-02 06:00:00,42.57543625,60.533467,6,2,3,6,130.7629715,185.782881,95.93339299999998,136.2432258333333
Jakarta,2025-03-02 12:00:00,54.12658749999999,76.81902050000001,12,2,3,6,42.57543625,60.533467,93.13607591666666,132.32046191666666
Jakarta,2025-03-02 18:00:00,104.74188425,148.6993695,18,2,3,6,54.12658749999999,76.81902050000001,75.82166508333331,107.71178949999997
Jakarta,2025-03-03 00:00:00,103.30578,146.740435,0,3,3,0,104.74188425,148.6993695,67.14796933333331,95.35061899999998
Jakarta,2025-03-03 06:00:00,35.0854135,49.9732665,6,3,3,0,103.30578,146.740435,87.39141724999998,124.08627499999996
Jakarta,2025-03-03 12:00:00,62.19272525,88.286015,12,3,3,0,35.0854135,49.9732665,81.04435924999997,115.1376903333333
Jakarta,2025-03-03 18:00:00,62.991859000000005,89.51571,18,3,3,0,62.19272525,88.286015,66.86130624999998,94.99990549999995
Jakarta,2025-03-04 00:00:00,97.94245925,139.3123075,0,4,3,1,62.991859000000005,89.51571,53.42333258333332,75.92499716666663
Jakarta,2025-03-04 06:00:00,46.164203,65.82590075,6,4,3,1,97.94245925,139.3123075,74.37568116666665,105.70467749999996
Jakarta,2025-03-04 12:00:00,67.9670505,96.46135,12,4,3,1,46.164203,65.82590075,69.03284041666664,98.21797274999996
Jakarta,2025-03-04 18:00:00,99.59166,141.38115150000002,18,4,3,1,67.9670505,96.46135,70.69123758333332,100.53318608333329
Jakarta,2025-03-05 00:00:00,76.701383,108.9128,0,5,3,2,99.59166,141.38115150000002,71.24097116666665,101.22280074999998
Jakarta,2025-03-05 06:00:00,27.80301125,39.5360475,6,5,3,2,76.701383,108.9128,81.42003116666665,115.58510049999997
Jakarta,2025-03-05 12:00:00,56.17879775,79.684709,12,5,3,2,27.80301125,39.5360475,68.03201808333331,96.60999966666664
Jakarta,2025-03-05 18:00:00,118.6946715,168.547929,18,5,3,2,56.17879775,79.684709,53.56106399999998,76.0445188333333
Jakarta,2025-03-06 00:00:00,132.9487975,188.9693515,0,6,3,3,118.6946715,168.547929,67.5588268333333,95.92289516666665
Jakarta,2025-03-06 06:00:00,35.79867775,50.903594,6,6,3,3,132.9487975,188.9693515,102.60742224999997,145.73399649999996
Jakarta,2025-03-06 12:00:00,46.106734,65.5106475,12,6,3,3,35.79867775,50.903594,95.81404891666665,136.14029149999996
Jakarta,2025-03-06 18:00:00,34.13779875,48.8059305,18,6,3,3,46.106734,65.5106475,71.61806974999998,101.79453099999996
Jakarta,2025-03-07 00:00:00,38.535234,55.21019375,0,7,3,4,34.13779875,48.8059305,38.68107016666664,55.07339066666665
Jakarta,2025-03-07 06:00:00,19.88895825,28.99832925,6,7,3,4,38.535234,55.21019375,39.59325558333331,56.50892391666664
Jakarta,2025-03-07 12:00:00,51.89392,73.89238025,12,7,3,4,19.88895825,28.99832925,30.853996999999975,44.33815116666664
Jakarta,2025-03-07 18:00:00,81.6953345,116.23779875,18,7,3,4,51.89392,73.89238025,36.77270408333331,52.70030108333331
Jakarta,2025-03-08 00:00:00,85.927921,122.35795925,0,8,3,5,81.6953345,116.23779875,51.15940424999997,73.04283608333331
Jakarta,2025-03-08 06:00:00,31.257585,44.598208500000005,6,8,3,5,85.927921,122.35795925,73.17239183333331,104.16271274999997
Jakarta,2025-03-08 12:00:00,47.82644675,67.89264225000001,12,8,3,5,31.257585,44.598208500000005,66.29361349999998,94.39798883333332
Jakarta,2025-03-08 18:00:00,77.34638575000001,109.725194,18,8,3,5,47.82644675,67.89264225000001,55.003984249999974,78.28293666666663
Jakarta,2025-03-09 00:00:00,103.39272325,146.7960815,0,9,3,6,77.34638575000001,109.725194,52.14347249999997,74.07201491666665
Jakarta,2025-03-09 06:00:00,31.2210485,44.36606125,6,9,3,6,103.39272325,146.7960815,76.1885185833333,108.13797258333331
Jakarta,2025-03-09 12:00:00,54.232628250000005,76.91730175,12,9,3,6,31.2210485,44.36606125,70.6533858333333,100.29577891666663
Jakarta,2025-03-09 18:00:00,103.28767425,146.64237774999998,18,9,3,6,54.232628250000005,76.91730175,62.94879999999997,89.3598148333333
Jakarta,2025-03-10 00:00:00,122.1260395,173.597529,0,10,3,0,103.28767425,146.64237774999998,62.91378366666663,89.30858024999996
Jakarta,2025-03-10 06:00:00,30.14406475,43.04135300000001,6,10,3,0,122.1260395,173.597529,93.2154473333333,132.38573616666665
Jakarta,2025-03-10 12:00:00,61.66609950000001,87.568993,12,10,3,0,30.14406475,43.04135300000001,85.18592616666665,121.09375324999996
Jakarta,2025-03-10 18:00:00,116.9465515,166.14029425,18,10,3,0,61.66609950000001,87.568993,71.31206791666663,101.40262499999999
Jakarta,2025-03-11 00:00:00,90.7166405,129.01830324999997,0,11,3,1,116.9465515,166.14029425,69.58557191666664,98.91688008333331
Jakarta,2025-03-11 06:00:00,23.04680875,33.0531975,6,11,3,1,90.7166405,129.01830324999997,89.77643049999996,127.57586349999997
Jakarta,2025-03-11 12:00:00,67.66816775,96.131486,12,11,3,1,23.04680875,33.0531975,76.9033335833333,109.40393166666665
Jakarta,2025-03-11 18:00:00,125.53056175,178.34855750000003,18,11,3,1,67.66816775,96.131486,60.477205666666634,86.06766224999997
Jakarta,2025-03-12 00:00:00,132.49780325,188.46708625,0,12,3,2,125.53056175,178.34855750000003,72.0818460833333,102.51108033333333
Jakarta,2025-03-12 06:00:00,24.51062625,35.203556750000004,6,12,3,2,132.49780325,188.46708625,108.56551091666665,154.31570991666663
Jakarta,2025-03-12 12:00:00,53.195721,75.55962525,12,12,3,2,24.51062625,35.203556750000004,94.17966374999997,134.00640016666665
Jakarta,2025-03-12 18:00:00,120.694551,171.42326725,18,12,3,2,53.195721,75.55962525,70.06805016666664,99.74342274999997
Jakarta,2025-03-13 00:00:00,103.49270775,147.117135,0,13,3,3,120.694551,171.42326725,66.13363274999998,94.06214974999996
Jakarta,2025-03-13 06:00:00,21.233574749999995,30.2257205,6,13,3,3,103.49270775,147.117135,92.46099324999996,131.3666758333333
Jakarta,2025-03-13 12:00:00,42.60670075,60.461928750000006,12,13,3,3,21.233574749999995,30.2257205,81.80694449999997,116.25537424999999
Jakarta,2025-03-13 18:00:00,87.84274899999998,124.81325325,18,13,3,3,42.60670075,60.461928750000006,55.7776610833333,79.26826141666663
Jakarta,2025-03-14 00:00:00,67.062614,95.3270675,0,14,3,4,87.84274899999998,124.81325325,50.56100816666663,71.83363416666664
Jakarta,2025-03-14 06:00:00,19.16073675,27.0437395,6,14,3,4,67.062614,95.3270675,65.8373545833333,93.53408316666663
Jakarta,2025-03-14 12:00:00,47.95208475,67.36044675,12,14,3,4,19.16073675,27.0437395,58.02203324999997,82.39468674999996
Jakarta,2025-03-14 18:00:00,60.81563799999999,85.65172,18,14,3,4,47.95208475,67.36044675,44.725145166666636,63.24375124999997
Jakarta,2025-03-15 00:00:00,52.7218725,74.52757675,0,15,3,5,60.81563799999999,85.65172,42.6428198333333,60.01863541666663
Jakarta,2025-03-15 06:00:00,20.412557,29.29525025,6,15,3,5,52.7218725,74.52757675,53.82986508333331,75.84658116666662
Jakarta,2025-03-15 12:00:00,47.89772775,67.99160649999999,12,15,3,5,20.412557,29.29525025,44.65002249999997,63.15818233333329
Jakarta,2025-03-15 18:00:00,53.3130165,75.7478355,18,15,3,5,47.89772775,67.99160649999999,40.34405241666664,57.2714778333333
Jakarta,2025-03-16 00:00:00,53.7974925,76.45798074999999,0,16,3,6,53.3130165,75.7478355,40.54110041666664,57.67823074999996
Jakarta,2025-03-16 06:00:00,23.870569250000003,34.1247245,6,16,3,6,53.7974925,76.45798074999999,51.66941224999997,73.39914091666662
Jakarta,2025-03-16 12:00:00,60.75548249999999,86.05490925,12,16,3,6,23.870569250000003,34.1247245,43.660359416666644,62.110180249999964
Jakarta,2025-03-16 18:00:00,61.0247215,86.62893075,18,16,3,6,60.75548249999999,86.05490925,46.14118141666663,65.54587149999996
Jakarta,2025-03-17 00:00:00,61.462175,87.25657950000002,0,17,3,0,61.0247215,86.62893075,48.550257749999965,68.93618816666664
Jakarta,2025-03-17 06:00:00,18.974191,27.19872325,6,17,3,0,61.462175,87.25657950000002,61.08079299999997,86.64680649999998
Jakarta,2025-03-17 12:00:00,34.541735,49.20116175,12,17,3,0,18.974191,27.19872325,47.1536958333333,67.02807783333331
Jakarta,2025-03-17 18:00:00,24.69701575,35.36985125,18,17,3,0,34.541735,49.20116175,38.32603366666664,54.552154833333304
Jakarta,2025-03-18 00:00:00,44.99526075,64.30082,0,18,3,1,24.69701575,35.36985125,26.070980583333306,37.25657874999997
Jakarta,2025-03-18 06:00:00,21.52219725,30.908836000000004,6,18,3,1,44.99526075,64.30082,34.74467049999997,49.623944333333306
Jakarta,2025-03-18 12:00:00,38.28457575,54.52145049999999,12,18,3,1,21.52219725,30.908836000000004,30.404824583333305,43.52650241666664
Jakarta,2025-03-18 18:00:00,88.822448,126.3603065,18,18,3,1,38.28457575,54.52145049999999,34.934011249999976,49.9103688333333
Jakarta,2025-03-19 00:00:00,42.68861125,60.756065,0,19,3,2,88.822448,126.3603065,49.543073666666636,70.5968643333333
Jakarta,2025-03-19 06:00:00,21.8995525,31.522034750000003,6,19,3,2,42.68861125,60.756065,56.598544999999966,80.54594066666664
Jakarta,2025-03-19 12:00:00,59.96028625,85.24273175,12,19,3,2,21.8995525,31.522034750000003,51.1368705833333,72.87946874999997
Jakarta,2025-03-19 18:00:00,76.3164965,108.6634425,18,19,3,2,59.96028625,85.24273175,41.51614999999997,59.173610499999974
Jakarta,2025-03-20 00:00:00,76.21542925,108.50601425,0,20,3,3,76.3164965,108.6634425,52.725445083333305,75.1427363333333
Jakarta,2025-03-20 06:00:00,27.28035025,39.18603375,6,20,3,3,76.21542925,108.50601425,70.8307373333333,100.80406283333332
Jakarta,2025-03-20 12:00:00,66.55671575000001,94.566061,12,20,3,3,27.28035025,39.18603375,59.9374253333333,85.45183016666664
Jakarta,2025-03-20 18:00:00,67.0088685,95.5407985,18,20,3,3,66.55671575000001,94.566061,56.684165083333305,80.75270299999998
Jakarta,2025-03-21 00:00:00,81.681037,116.64837875,0,21,3,4,67.0088685,95.5407985,53.61531149999997,76.43096441666664
Jakarta,2025-03-21 06:00:00,22.734568,33.127677,6,21,3,4,81.681037,116.64837875,71.74887374999997,102.25174608333332
Jakarta,2025-03-21 12:00:00,42.1657305,60.3083245,12,21,3,4,22.734568,33.127677,57.14149116666663,81.77228474999997
Jakarta,2025-03-21 18:00:00,89.51406175,127.30094849999998,18,21,3,4,42.1657305,60.3083245,48.860445166666636,70.02812674999997
Jakarta,2025-03-22 00:00:00,80.882046,115.1597655,0,22,3,5,89.51406175,127.30094849999998,51.471453416666634,73.5789833333333
Jakarta,2025-03-22 06:00:00,21.09938175,30.588381500000004,6,22,3,5,80.882046,115.1597655,70.8539460833333,100.9230128333333
Jakarta,2025-03-22 12:00:00,53.3816545,75.87885825000001,12,22,3,5,21.09938175,30.588381500000004,63.831829833333295,91.01636516666663
Jakarta,2025-03-22 18:00:00,77.35150150000001,109.992015,18,22,3,5,53.3816545,75.87885825000001,51.7876940833333,73.87566841666664
Jakarta,2025-03-23 00:00:00,93.4714975,132.9935905,0,23,3,6,77.35150150000001,109.992015,50.61084591666664,72.15308491666664
Jakarta,2025-03-23 06:00:00,24.916716,35.98057725,6,23,3,6,93.4714975,132.9935905,74.73488449999998,106.28815458333331
Jakarta,2025-03-23 12:00:00,54.9668335,78.20668175,12,23,3,6,24.916716,35.98057725,65.24657166666664,92.9887275833333
Jakarta,2025-03-23 18:00:00,71.7897145,102.104422,18,23,3,6,54.9668335,78.20668175,57.78501566666663,82.3936165
Jakarta,2025-03-24 00:00:00,70.97742275,101.17764825,0,24,3,0,71.7897145,102.104422,50.55775466666663,72.09722699999998
Jakarta,2025-03-24 06:00:00,26.3640055,38.15267775,6,24,3,0,70.97742275,101.17764825,65.9113235833333,93.82958399999997
Jakarta,2025-03-24 12:00:00,40.49351775,57.81612425,12,24,3,0,26.3640055,38.15267775,56.3770475833333,80.47824933333331
Jakarta,2025-03-24 18:00:00,74.065156,105.2785605,18,24,3,0,40.49351775,57.81612425,45.94498199999996,65.71548341666664
Jakarta,2025-03-25 00:00:00,90.73119125,129.16098,0,25,3,1,74.065156,105.2785605,46.97422641666663,67.08245416666664
Jakarta,2025-03-25 06:00:00,26.68267025,38.63039,6,25,3,1,90.73119125,129.16098,68.42995499999996,97.41855491666665
Jakarta,2025-03-25 12:00:00,55.296057000000005,78.76332,12,25,3,1,26.68267025,38.63039,63.82633916666663,91.02331016666663
Jakarta,2025-03-25 18:00:00,91.20105925,129.73896299999998,18,25,3,1,55.296057000000005,78.76332,57.5699728333333,82.18489666666663
Jakarta,2025-03-26 00:00:00,123.93053600000002,176.461414,0,26,3,2,91.20105925,129.73896299999998,57.72659549999997,82.37755766666663
Jakarta,2025-03-26 06:00:00,43.82297875,63.174013,6,26,3,2,123.93053600000002,176.461414,90.14255074999998,128.3212323333333
Jakarta,2025-03-26 12:00:00,60.1454815,85.61068,12,26,3,2,43.82297875,63.174013,86.3181913333333,123.12479666666661
Jakarta,2025-03-26 18:00:00,114.929805,163.21735,18,26,3,2,60.1454815,85.61068,75.96633208333331,108.41536899999998
Jakarta,2025-03-27 00:00:00,115.32424175,163.91709099999997,0,27,3,3,114.929805,163.21735,72.96608841666664,104.00068099999999
Jakarta,2025-03-27 06:00:00,27.490245,39.45291325,6,27,3,3,115.32424175,163.91709099999997,96.79984274999997,137.58170699999997
Jakarta,2025-03-27 12:00:00,59.57724625,84.47932525,12,27,3,3,27.490245,39.45291325,85.91476391666663,122.19578474999997
Jakarta,2025-03-27 18:00:00,95.64152375,135.88197499999998,18,27,3,3,59.57724625,84.47932525,67.46391099999995,95.94977649999997
Jakarta,2025-03-28 00:00:00,68.72841025000001,97.901021,0,28,3,4,95.64152375,135.88197499999998,60.90300499999997,86.60473783333332
Jakarta,2025-03-28 06:00:00,18.432786,26.81258625,6,28,3,4,68.72841025000001,97.901021,74.6490600833333,106.08744041666664
Jakarta,2025-03-28 12:00:00,47.172904,67.32486250000001,12,28,3,4,18.432786,26.81258625,60.93423999999996,86.8651940833333
Jakarta,2025-03-28 18:00:00,58.2742815,83.26657025,18,28,3,4,47.172904,67.32486250000001,44.77803341666663,64.01282324999998
Jakarta,2025-03-29 00:00:00,39.69122975,57.01752975,0,29,3,5,58.2742815,83.26657025,41.2933238333333,59.13467299999997
Jakarta,2025-03-29 06:00:00,17.403180875,25.5406435,6,29,3,5,39.69122975,57.01752975,48.379471749999965,69.20298749999996
Jakarta,2025-03-29 12:00:00,43.83797125,62.54892,12,29,3,5,17.403180875,25.5406435,38.456230708333294,55.27491449999997
Jakarta,2025-03-29 18:00:00,67.7248705,96.44077,18,29,3,5,43.83797125,62.54892,33.64412729166663,48.36903108333331
Jakarta,2025-03-30 00:00:00,110.312215,157.3214375,0,30,3,6,67.7248705,96.44077,42.98867420833329,61.51011116666664
Jakarta,2025-03-30 06:00:00,32.14058325,46.20994724999999,6,30,3,6,110.312215,157.3214375,73.95835224999996,105.43704249999996
Jakarta,2025-03-30 12:00:00,58.0724735,81.46419300000001,12,30,3,6,32.14058325,46.20994724999999,70.05922291666663,99.99071824999997
Jakarta,2025-03-30 18:00:00,75.310622,105.353679,18,30,3,6,58.0724735,81.46419300000001,66.84175724999996,94.99852591666665
Jakarta,2025-03-31 00:00:00,91.086291,127.4729885,0,31,3,0,75.310622,105.353679,55.17455958333329,77.67593974999997
Jakarta,2025-03-31 06:00:00,28.437285,39.18073375,6,31,3,0,91.086291,127.4729885,74.8231288333333,104.76362016666663
Jakarta,2025-03-31 12:00:00,37.2758115,51.84961125,12,31,3,0,28.437285,39.18073375,64.94473266666664,90.66913374999997
Jakarta,2025-03-31 18:00:00,85.3093375,119.9434225,18,31,3,0,37.2758115,51.84961125,52.26646249999997,72.83444449999998
Jakarta,2025-04-01 00:00:00,106.051147,149.61557249999998,0,1,4,1,85.3093375,119.9434225,50.340811333333306,70.32458916666663
Jakarta,2025-04-01 06:00:00,23.310349,32.87200875,6,1,4,1,106.051147,149.61557249999998,76.21209866666663,107.13620208333329
Jakarta,2025-04-01 12:00:00,46.8616285,66.2581675,12,1,4,1,23.310349,32.87200875,71.55694449999997,100.8103345833333
Jakarta,2025-04-01 18:00:00,71.4796345,101.2738275,18,1,4,1,46.8616285,66.2581675,58.741041499999966,82.91524958333329
Jakarta,2025-04-02 00:00:00,67.74848725,96.209077,0,2,4,2,71.4796345,101.2738275,47.21720399999996,66.8013345833333
Jakarta,2025-04-02 06:00:00,19.5858545,27.7907905,6,2,4,2,67.74848725,96.209077,62.02991674999996,87.91369066666664
Jakarta,2025-04-02 12:00:00,37.589757,53.192792,12,2,4,2,19.5858545,27.7907905,52.937992083333306,75.09123166666662
Jakarta,2025-04-02 18:00:00,75.69155925,107.28916725,18,2,4,2,37.589757,53.192792,41.64136624999997,59.06421983333329
Jakarta,2025-04-03 00:00:00,91.650349,130.10787975,0,3,4,3,75.69155925,107.28916725,44.28905691666663,62.75758324999996
Jakarta,2025-04-03 06:00:00,27.617816,39.322032,6,3,4,3,91.650349,130.10787975,68.31055508333331,96.86327966666663
Jakarta,2025-04-03 12:00:00,52.3608745,74.26678025,12,3,4,3,27.617816,39.322032,64.98657474999996,92.23969299999995
Jakarta,2025-04-03 18:00:00,81.97872475,116.34727875000002,18,3,4,3,52.3608745,74.26678025,57.209679833333304,81.23223066666662
Jakarta,2025-04-04 00:00:00,92.709511,131.6856275,0,4,4,4,81.97872475,116.34727875000002,53.9858050833333,76.64536366666663
Jakarta,2025-04-04 06:00:00,23.0830185,32.78013625,6,4,4,4,92.709511,131.6856275,75.68303674999997,107.4332288333333
Jakarta,2025-04-04 12:00:00,45.65120475,64.63935225,12,4,4,4,23.0830185,32.78013625,65.92375141666663,93.60434749999997
Jakarta,2025-04-04 18:00:00,93.30329925,132.30356824999998,18,4,4,4,45.65120475,64.63935225,53.81457808333331,76.36837199999997
Jakarta,2025-04-05 00:00:00,125.21127075,177.590665,0,5,4,5,93.30329925,132.30356824999998,54.01250749999997,76.57435224999996
Jakarta,2025-04-05 06:00:00,37.798969750000005,53.315005250000006,6,5,4,5,125.21127075,177.590665,88.05525824999995,124.84452849999995
Jakarta,2025-04-05 12:00:00,65.65460425,92.753965,12,5,4,5,37.798969750000005,53.315005250000006,85.4378465833333,121.06974616666662
Jakarta,2025-04-05 18:00:00,96.6363135,136.87144874999998,18,5,4,5,65.65460425,92.753965,76.22161491666664,107.8865450833333
Jakarta,2025-04-06 00:00:00,114.5983795,162.52261099999998,0,6,4,6,96.6363135,136.87144874999998,66.69662916666664,94.31347299999997
Jakarta,2025-04-06 06:00:00,40.55542125,57.328833,6,6,4,6,114.5983795,162.52261099999998,92.29643241666663,130.71600824999996
Jakarta,2025-04-06 12:00:00,65.50075625,92.637165,12,6,4,6,40.55542125,57.328833,83.9300380833333,118.90763091666662
Jakarta,2025-04-06 18:00:00,100.7775845,142.85720400000002,18,6,4,6,65.50075625,92.637165,73.55151899999997,104.16286966666662
Jakarta,2025-04-07 00:00:00,126.7441125,179.9714925,0,7,4,0,100.7775845,142.85720400000002,68.9445873333333,97.60773399999998
Jakarta,2025-04-07 06:00:00,38.00082025,53.78313875,6,7,4,0,126.7441125,179.9714925,97.6741510833333,138.4886205
Jakarta,2025-04-07 12:00:00,84.29094625,119.0811625,12,7,4,0,38.00082025,53.78313875,88.50750574999996,125.53727841666665
Jakarta,2025-04-07 18:00:00,128.80329325,182.390125,18,7,4,0,84.29094625,119.0811625,83.01195966666664,117.61193124999998
Jakarta,2025-04-08 00:00:00,142.831595,202.432375,0,8,4,1,128.80329325,182.390125,83.69835324999997,118.41814208333331
Jakarta,2025-04-08 06:00:00,41.32630275,58.198508,6,8,4,1,142.831595,202.432375,118.64194483333331,167.9678875
Jakarta,2025-04-08 12:00:00,72.259099,101.89182875,12,8,4,1,41.32630275,58.198508,104.32039699999997,147.67366933333332
Jakarta,2025-04-08 18:00:00,120.5922325,170.7265375,18,8,4,1,72.259099,101.89182875,85.47233224999998,120.84090391666666
Jakarta,2025-04-09 00:00:00,115.2141075,163.321145,0,9,4,2,120.5922325,170.7265375,78.05921141666666,110.27229141666665
Jakarta,2025-04-09 06:00:00,41.268208,58.02297725,6,9,4,2,115.2141075,163.321145,102.68847966666665,145.31317041666662
Jakarta,2025-04-09 12:00:00,69.11142225,97.20062525,12,9,4,2,41.268208,58.02297725,92.35818266666665,130.69021991666662
Jakarta,2025-04-09 18:00:00,125.76669,177.82531375000002,18,9,4,2,69.11142225,97.20062525,75.19791258333332,106.18158249999998
Jakarta,2025-04-10 00:00:00,134.305113,190.4297765,0,10,4,3,125.76669,177.82531375000002,78.71544008333332,111.01630541666664
Jakarta,2025-04-10 06:00:00,38.3282105,53.98763275,6,10,4,3,134.305113,190.4297765,109.72774174999999,155.15190516666664
Jakarta,2025-04-10 12:00:00,56.97927550000001,80.42871975,12,10,4,3,38.3282105,53.98763275,99.46667116666664,140.74757433333332
Jakarta,2025-04-10 18:00:00,111.4982525,157.856394,18,10,4,3,56.97927550000001,80.42871975,76.53753299999998,108.28204299999997
Jakarta,2025-04-11 00:00:00,155.6203375,220.67235,0,11,4,4,111.4982525,157.856394,68.93524616666666,97.42424883333331
Jakarta,2025-04-11 06:00:00,54.92012175,77.46825749999999,6,11,4,4,155.6203375,220.67235,108.03262183333332,152.98582125
Jakarta,2025-04-11 12:00:00,68.63531675,96.777854,12,11,4,4,54.92012175,77.46825749999999,107.34623725,151.99900049999997
Jakarta,2025-04-11 18:00:00,68.813789,97.22111825,18,11,4,4,68.63531675,96.777854,93.05859199999998,131.63948716666664
Jakarta,2025-04-12 00:00:00,63.42122475,89.8485275,0,12,4,5,68.813789,97.22111825,64.12307583333332,90.48907658333331
Jakarta,2025-04-12 06:00:00,27.5487085,38.8859865,6,12,4,5,63.42122475,89.8485275,66.95677683333332,94.61583324999998
Jakarta,2025-04-12 12:00:00,68.423901,96.6718395,12,12,4,5,27.5487085,38.8859865,53.261240749999985,75.31854408333332
Jakarta,2025-04-12 18:00:00,84.00343275,118.99351125,18,12,4,5,68.423901,96.6718395,53.131278083333314,75.13545116666666
Jakarta,2025-04-13 00:00:00,114.27573425,162.20019575,0,13,4,6,84.00343275,118.99351125,59.992014083333316,84.85044574999999
Jakarta,2025-04-13 06:00:00,32.184885,45.54164,6,13,4,6,114.27573425,162.20019575,88.90102266666663,125.95518216666665
Jakarta,2025-04-13 12:00:00,42.6117305,60.27880875,12,13,4,6,32.184885,45.54164,76.82135066666665,108.9117823333333
Jakarta,2025-04-13 18:00:00,40.0051475,56.69881025,18,13,4,6,42.6117305,60.27880875,63.02411658333332,89.34021483333332
Jakarta,2025-04-14 00:00:00,33.020796250000004,46.9167395,0,14,4,0,40.0051475,56.69881025,38.26725433333331,54.173086333333316
Jakarta,2025-04-14 06:00:00,24.121604,34.30361075,6,14,4,0,33.020796250000004,46.9167395,38.54589141666665,54.63145283333332
Jakarta,2025-04-14 12:00:00,54.7121315,77.58768825,12,14,4,0,24.121604,34.30361075,32.38251591666665,45.973053499999985
Jakarta,2025-04-14 18:00:00,92.81222950000002,131.70904499999995,18,14,4,0,54.7121315,77.58768825,37.28484391666665,52.936012833333315
Jakarta,2025-04-15 00:00:00,128.37802,182.2576215,0,15,4,1,92.81222950000002,131.70904499999995,57.21532166666665,81.20011466666664
Jakarta,2025-04-15 06:00:00,44.961979,63.7031685,6,15,4,1,128.37802,182.2576215,91.9674603333333,130.51811824999996
Jakarta,2025-04-15 12:00:00,80.68363375,113.9537205,12,15,4,1,44.961979,63.7031685,88.71740949999997,125.88994499999997
Jakarta,2025-04-15 18:00:00,120.8287585,171.1298415,18,15,4,1,80.68363375,113.9537205,84.67454424999997,119.9715035
Jakarta,2025-04-16 00:00:00,115.2238825,163.443475,0,16,4,2,120.8287585,171.1298415,82.15812374999997,116.2622435
Jakarta,2025-04-16 06:00:00,34.3922295,48.6086265,6,16,4,2,115.2238825,163.443475,105.57875824999998,149.50901233333332
Jakarta,2025-04-16 12:00:00,74.0113805,104.4049615,12,16,4,2,34.3922295,48.6086265,90.14829016666664,127.72731433333331
Jakarta,2025-04-16 18:00:00,131.73786124999998,186.3432425,18,16,4,2,74.0113805,104.4049615,74.54249749999998,105.48568766666665
Jakarta,2025-04-17 00:00:00,164.5642575,231.720095,0,17,4,3,131.73786124999998,186.3432425,80.04715708333329,113.1189435
Jakarta,2025-04-17 06:00:00,60.02514425,83.3044,6,17,4,3,164.5642575,231.720095,123.4378330833333,174.15609966666662
Jakarta,2025-04-17 12:00:00,74.639843,103.52161375,12,17,4,3,60.02514425,83.3044,118.77575433333328,167.12257916666664
Jakarta,2025-04-17 18:00:00,103.3489525,144.29053899999997,18,17,4,3,74.639843,103.52161375,99.7430815833333,139.51536958333332
Jakarta,2025-04-18 00:00:00,105.11325775,146.6801215,0,18,4,4,103.3489525,144.29053899999997,79.33797991666663,110.37218424999999
Jakarta,2025-04-18 06:00:00,43.538535,59.54231675,6,18,4,4,105.11325775,146.6801215,94.36735108333329,131.49742475
Jakarta,2025-04-18 12:00:00,70.905131,98.4067875,12,18,4,4,43.538535,59.54231675,84.00024841666662,116.83765908333332
Jakarta,2025-04-18 18:00:00,98.0828635,136.746905,18,18,4,4,70.905131,98.4067875,73.18564124999996,101.54307525
Jakarta,2025-04-19 00:00:00,114.94987075,161.530295,0,19,4,5,98.0828635,136.746905,70.84217649999997,98.23200308333332
Jakarta,2025-04-19 06:00:00,34.548819,47.83686375,6,19,4,5,114.94987075,161.530295,94.6459550833333,132.22799583333332
Jakarta,2025-04-19 12:00:00,68.03247725,95.46340425,12,19,4,5,34.548819,47.83686375,82.52718441666663,115.37135458333331
Jakarta,2025-04-19 18:00:00,81.64081925,115.03039,18,19,4,5,68.03247725,95.46340425,72.51038899999996,101.61018766666666
Jakarta,2025-04-20 00:00:00,65.59358275,93.0499775,0,20,4,6,81.64081925,115.03039,61.40737183333331,86.11021933333332
Jakarta,2025-04-20 06:00:00,18.542977,26.295368,6,20,4,6,65.59358275,93.0499775,71.75562641666663,101.18125724999999
Jakarta,2025-04-20 12:00:00,35.78766425,50.62659625,12,20,4,6,18.542977,26.295368,55.25912633333329,78.12524516666666
Jakarta,2025-04-20 18:00:00,78.84531875,111.8205535,18,20,4,6,35.78766425,50.62659625,39.97474133333329,56.65731391666666
Jakarta,2025-04-21 00:00:00,112.46442,159.71272625,0,21,4,0,78.84531875,111.8205535,44.39198666666663,62.91417258333333
Jakarta,2025-04-21 06:00:00,48.31980500000001,68.50990575,6,21,4,0,112.46442,159.71272625,75.69913433333329,107.38662533333333
Jakarta,2025-04-21 12:00:00,65.05212,92.050983,12,21,4,0,48.31980500000001,68.50990575,79.8765145833333,113.34772850000002
Jakarta,2025-04-21 18:00:00,86.1078325,122.03713499999998,18,21,4,0,65.05212,92.050983,75.27878166666663,106.75787166666667
Jakarta,2025-04-22 00:00:00,74.64961975,106.0103605,0,22,4,1,86.1078325,122.03713499999998,66.49325249999997,94.19934124999999
Jakarta,2025-04-22 06:00:00,19.67553985,27.96289775,6,22,4,1,74.64961975,106.0103605,75.26985741666664,106.69949283333334
Jakarta,2025-04-22 12:00:00,44.97155725,63.78860325000001,12,22,4,1,19.67553985,27.96289775,60.14433069999996,85.33679775
Jakarta,2025-04-22 18:00:00,75.54467725,107.2791935,18,22,4,1,44.97155725,63.78860325000001,46.43223894999996,65.9206205
Jakarta,2025-04-23 00:00:00,80.74528049999999,114.7820675,0,23,4,2,75.54467725,107.2791935,46.73059144999996,66.34356483333333
Jakarta,2025-04-23 06:00:00,24.5485125,35.07148075,6,23,4,2,80.74528049999999,114.7820675,67.08717166666663,95.28328808333333
Jakarta,2025-04-23 12:00:00,41.53611175,58.96788475,12,23,4,2,24.5485125,35.07148075,60.27949008333329,85.71091391666668
Jakarta,2025-04-23 18:00:00,52.7582245,74.9726325,18,23,4,2,41.53611175,58.96788475,48.9433015833333,69.60714433333334
Jakarta,2025-04-24 00:00:00,51.25025375,72.85223175,0,24,4,3,52.7582245,74.9726325,39.61428291666663,56.33733266666667
Jakarta,2025-04-24 06:00:00,20.67717775,29.55169975,6,24,4,3,51.25025375,72.85223175,48.5148633333333,68.93091633333334
Jakarta,2025-04-24 12:00:00,57.786252,82.02687325,12,24,4,3,20.67717775,29.55169975,41.5618853333333,59.12552133333333
Jakarta,2025-04-24 18:00:00,80.90057575,114.9342095,18,24,4,3,57.786252,82.02687325,43.23789449999996,61.476934916666664
Jakarta,2025-04-25 00:00:00,84.27093899999998,119.82746249999998,0,25,4,4,80.90057575,114.9342095,53.12133516666663,75.50426083333333
Jakarta,2025-04-25 06:00:00,31.92398825,45.545704,6,25,4,4,84.27093899999998,119.82746249999998,74.31925558333329,105.59618174999999
Jakarta,2025-04-25 12:00:00,60.462128250000006,85.78558525,12,25,4,4,31.92398825,45.545704,65.69850099999996,93.43579199999999
Jakarta,2025-04-25 18:00:00,86.21978475,122.3923515,18,25,4,4,60.462128250000006,85.78558525,58.88568516666663,83.71958391666665
Jakarta,2025-04-26 00:00:00,112.151156,159.2525225,0,26,4,5,86.21978475,122.3923515,59.535300416666644,84.57454691666668
Jakarta,2025-04-26 06:00:00,50.3368365,71.5441785,6,26,4,5,112.151156,159.2525225,86.27768966666663,122.47681975
Jakarta,2025-04-26 12:00:00,79.44680575000001,112.53663975,12,26,4,5,50.3368365,71.5441785,82.90259241666664,117.72968416666667
Jakarta,2025-04-26 18:00:00,106.6737515,151.2827075,18,26,4,5,79.44680575000001,112.53663975,80.64493274999997,114.44444691666666
Jakarta,2025-04-27 00:00:00,110.4308465,156.54973099999998,0,27,4,6,106.6737515,151.2827075,78.81913124999996,111.78784191666666
Jakarta,2025-04-27 06:00:00,37.95147975,53.5247285,6,27,4,6,110.4308465,156.54973099999998,98.85046791666663,140.12302608333334
Jakarta,2025-04-27 12:00:00,66.996109,94.57437525,12,27,4,6,37.95147975,53.5247285,85.0186925833333,120.452389
Jakarta,2025-04-27 18:00:00,104.2433275,147.31088499999998,18,27,4,6,66.996109,94.57437525,71.79281174999997,101.54961158333333
Jakarta,2025-04-28 00:00:00,133.2425085,188.492436,0,28,4,0,104.2433275,147.31088499999998,69.73030541666664,98.46999625000001
Jakarta,2025-04-28 06:00:00,45.52472825,64.00600075,6,28,4,0,133.2425085,188.492436,101.49398166666664,143.45923208333332
Jakarta,2025-04-28 12:00:00,88.45810850000001,124.3827225,12,28,4,0,45.52472825,64.00600075,94.33685474999999,133.26977391666665
Jakarta,2025-04-28 18:00:00,141.18504,199.44627875,18,28,4,0,88.45810850000001,124.3827225,89.0751150833333,125.62705308333334
Jakarta,2025-04-29 00:00:00,133.89558275,189.71332,0,29,4,1,141.18504,199.44627875,91.72262558333331,129.278334
Jakarta,2025-04-29 06:00:00,38.037285,53.55533875,6,29,4,1,133.89558275,189.71332,121.17957708333331,171.18077375
Jakarta,2025-04-29 12:00:00,82.12656075,115.6079195,12,29,4,1,38.037285,53.55533875,104.37263591666665,147.57164583333335
Jakarta,2025-04-29 18:00:00,127.95072625,180.909525,18,29,4,1,82.12656075,115.6079195,84.68647616666664,119.62552608333333
Jakarta,2025-04-30 00:00:00,170.5939175,241.19663,0,30,4,2,127.95072625,180.909525,82.70485733333332,116.69092775
Jakarta,2025-04-30 06:00:00,60.562399500000005,85.17858475,6,30,4,2,170.5939175,241.19663,126.89040149999998,179.23802483333336
Jakarta,2025-04-30 12:00:00,98.43814125,138.18247250000002,12,30,4,2,60.562399500000005,85.17858475,119.70234774999999,169.09491325000002
Jakarta,2025-04-30 18:00:00,145.55797625,205.60117,18,30,4,2,98.43814125,138.18247250000002,109.86481941666663,154.85256241666667
Jakarta,2025-05-01 00:00:00,120.70722625,170.70851499999998,0,1,5,3,145.55797625,205.60117,101.51950566666665,142.98740908333335
Jakarta,2025-05-01 06:00:00,60.38263224999999,85.453707,6,1,5,3,120.70722625,170.70851499999998,121.56778124999998,171.49738583333337
Jakarta,2025-05-01 12:00:00,90.56515125,127.4415815,12,1,5,3,60.38263224999999,85.453707,108.88261158333331,153.92113066666667
Jakarta,2025-05-01 18:00:00,133.78001999999998,189.1177115,18,1,5,3,90.56515125,127.4415815,90.55166991666665,127.86793449999999
Jakarta,2025-05-02 00:00:00,134.6949165,190.9024825,0,2,5,4,133.78001999999998,189.1177115,94.90926783333332,134.00433333333334
Jakarta,2025-05-02 06:00:00,41.657998,58.8024705,6,2,5,4,134.6949165,190.9024825,119.68002924999998,169.15392516666665
Jakarta,2025-05-02 12:00:00,77.79044625,109.70845225,12,2,5,4,41.657998,58.8024705,103.3776448333333,146.27422149999998
Jakarta,2025-05-02 18:00:00,92.04544125,130.2109925,18,2,5,4,77.79044625,109.70845225,84.71445358333331,119.80446841666667
Jakarta,2025-05-03 00:00:00,109.7232575,155.6454675,0,3,5,5,92.04544125,130.2109925,70.4979618333333,99.57397175
Jakarta,2025-05-03 06:00:00,37.3941585,53.50514675,6,3,5,5,109.7232575,155.6454675,93.18638166666665,131.85497075
Jakarta,2025-05-03 12:00:00,73.5334705,104.0146475,12,3,5,5,37.3941585,53.50514675,79.72095241666665,113.12053558333334
Jakarta,2025-05-03 18:00:00,101.88090025,144.47209625,18,3,5,5,73.5334705,104.0146475,73.55029549999999,104.38842058333334
Jakarta,2025-05-04 00:00:00,109.43406925,155.239375,0,4,5,6,101.88090025,144.47209625,70.93617641666664,100.66396349999998
Jakarta,2025-05-04 06:00:00,48.35662525,68.4291315,6,4,5,6,109.43406925,155.239375,94.94947999999998,134.57537291666665
Jakarta,2025-05-04 12:00:00,73.70604825,103.99497775,12,4,5,6,48.35662525,68.4291315,86.55719824999998,122.71353425
Jakarta,2025-05-04 18:00:00,103.82001425,147.15260500000002,18,4,5,6,73.70604825,103.99497775,77.16558091666666,109.22116141666667
Jakarta,2025-05-05 00:00:00,125.19075125,177.67849,0,5,5,0,103.82001425,147.15260500000002,75.29422924999999,106.52557141666666
Jakarta,2025-05-05 06:00:00,43.21188375,61.0925215,6,5,5,0,125.19075125,177.67849,100.9056045833333,142.94202425
Jakarta,2025-05-05 12:00:00,71.01718299999999,100.3134555,12,5,5,0,43.21188375,61.0925215,90.74088308333332,128.64120549999998
Jakarta,2025-05-05 18:00:00,101.210503,143.47835849999998,18,5,5,0,71.01718299999999,100.3134555,79.80660599999999,113.02815566666668
Jakarta,2025-05-06 00:00:00,104.70933025,148.7608175,0,6,5,1,101.210503,143.47835849999998,71.81318991666664,101.62811183333334
Jakarta,2025-05-06 06:00:00,39.8225525,56.580261500000006,6,6,5,1,104.70933025,148.7608175,92.31233874999998,130.85087716666666
Jakarta,2025-05-06 12:00:00,75.6755875,107.10647375,12,6,5,1,39.8225525,56.580261500000006,81.91412858333332,116.27314583333332
Jakarta,2025-05-06 18:00:00,113.6569375,161.31014,18,6,5,1,75.6755875,107.10647375,73.40249008333332,104.14918425
Jakarta,2025-05-07 00:00:00,122.2001635,173.6574375,0,7,5,2,113.6569375,161.31014,76.38502583333332,108.33229175000001
Jakarta,2025-05-07 06:00:00,43.167873,61.58768500000001,6,7,5,2,122.2001635,173.6574375,103.84422949999998,147.35801708333332
Jakarta,2025-05-07 12:00:00,83.4733515,118.2847325,12,7,5,2,43.167873,61.58768500000001,93.00832466666664,132.18508749999998
Jakarta,2025-05-07 18:00:00,117.94378375,167.47748249999998,18,7,5,2,83.4733515,118.2847325,82.94712933333332,117.843285
Jakarta,2025-05-08 00:00:00,129.6380115,184.3004635,0,8,5,3,117.94378375,167.47748249999998,81.52833608333331,115.78329999999998
Jakarta,2025-05-08 06:00:00,39.41661925,56.28263,6,8,5,3,129.6380115,184.3004635,110.35171558333332,156.6875595
Jakarta,2025-05-08 12:00:00,76.8560525,109.0042475,12,8,5,3,39.41661925,56.28263,95.66613816666666,136.02019199999998
Jakarta,2025-05-08 18:00:00,101.191461,143.6631015,18,8,5,3,76.8560525,109.0042475,81.97022774999998,116.52911366666666
Jakarta,2025-05-09 00:00:00,124.0975405,176.3411875,0,9,5,4,101.191461,143.6631015,72.48804424999999,102.98332633333332
Jakarta,2025-05-09 06:00:00,38.3372055,54.7294975,6,9,5,4,124.0975405,176.3411875,100.71501799999999,143.0028455
Jakarta,2025-05-09 12:00:00,54.97770375,78.022311,12,9,5,4,38.3372055,54.7294975,87.87540233333333,124.91126216666665
Jakarta,2025-05-09 18:00:00,106.86875475,151.77204,18,9,5,4,54.97770375,78.022311,72.47081658333332,103.03099866666666
Jakarta,2025-05-10 00:00:00,113.72515,161.664275,0,10,5,5,106.86875475,151.77204,66.727888,94.84128283333332
Jakarta,2025-05-10 06:00:00,30.83698625,43.968556,6,10,5,5,113.72515,161.664275,91.8572028333333,130.48620866666667
Jakarta,2025-05-10 12:00:00,65.1792785,92.50732,12,10,5,5,30.83698625,43.968556,83.81029699999998,119.13495699999999
Jakarta,2025-05-10 18:00:00,84.8331175,120.52464499999998,18,10,5,5,65.1792785,92.50732,69.91380491666665,99.38005033333332
Jakarta,2025-05-11 00:00:00,102.989474,146.43796675,0,11,5,6,84.8331175,120.52464499999998,60.28312741666665,85.66684033333331
Jakarta,2025-05-11 06:00:00,30.65997575,43.8729155,6,11,5,6,102.989474,146.43796675,84.33395666666665,119.8233105833333
Jakarta,2025-05-11 12:00:00,51.514064,73.15424,12,11,5,6,30.65997575,43.8729155,72.82752241666664,103.61184241666665
Jakarta,2025-05-11 18:00:00,89.297885,126.86962125,18,11,5,6,51.514064,73.15424,61.72117124999999,87.82170741666664
Jakarta,2025-05-12 00:00:00,103.0976485,146.64533,0,12,5,0,89.297885,126.86962125,57.15730824999998,81.29892558333331
Jakarta,2025-05-12 06:00:00,32.6000845,46.85463675,6,12,5,0,103.0976485,146.64533,81.30319916666666,115.55639708333331
Jakarta,2025-05-12 12:00:00,62.26446199999999,88.1408925,12,12,5,0,32.6000845,46.85463675,74.99853933333331,106.78986266666668
Jakarta,2025-05-12 18:00:00,111.5503775,158.171758,18,12,5,0,62.26446199999999,88.1408925,65.98739833333332,93.88028641666665
Jakarta,2025-05-13 00:00:00,96.92971175,137.66151425,0,13,5,1,111.5503775,158.171758,68.80497466666664,97.72242908333332
Jakarta,2025-05-13 06:00:00,25.94116225,36.89223175,6,13,5,1,96.92971175,137.66151425,90.24818374999997,127.99138825
Jakarta,2025-05-13 12:00:00,61.704582,87.42580425,12,13,5,1,25.94116225,36.89223175,78.14041716666664,110.90850133333333
Jakarta,2025-05-13 18:00:00,83.76429,118.94596400000002,18,13,5,1,61.704582,87.42580425,61.525151999999984,87.32651675
Jakarta,2025-05-14 00:00:00,115.18034075,163.695859,0,14,5,2,83.76429,118.94596400000002,57.13667808333332,81.08800000000001
Jakarta,2025-05-14 06:00:00,32.891449,46.71426325,6,14,5,2,115.18034075,163.695859,86.88307091666665,123.35587575
Jakarta,2025-05-14 12:00:00,85.61335125000001,121.276685,12,14,5,2,32.891449,46.71426325,77.27869324999999,109.78536208333333
Jakarta,2025-05-14 18:00:00,114.248054,162.16114,18,14,5,2,85.61335125000001,121.276685,77.89504699999998,110.56226908333333
Jakarta,2025-05-15 00:00:00,121.38934825,172.51398125000003,0,15,5,3,114.248054,162.16114,77.58428474999998,110.0506960833333
Jakarta,2025-05-15 06:00:00,31.824769,45.21291525,6,15,5,3,121.38934825,172.51398125000003,107.08358449999999,151.98393541666667
Jakarta,2025-05-15 12:00:00,65.6739015,93.08027375,12,15,5,3,31.824769,45.21291525,89.15405708333331,126.62934549999999
Jakarta,2025-05-15 18:00:00,116.144832,164.8905375,18,15,5,3,65.6739015,93.08027375,72.96267291666665,103.60239008333333
Jakarta,2025-05-16 00:00:00,135.92290375,193.183725,0,16,5,4,116.144832,164.8905375,71.2145008333333,101.06124216666664
Jakarta,2025-05-16 06:00:00,34.232698500000005,48.664731,6,16,5,4,135.92290375,193.183725,105.91387908333331,150.38484541666665
Jakarta,2025-05-16 12:00:00,68.19794800000001,96.655726,12,16,5,4,34.232698500000005,48.664731,95.4334780833333,135.57966449999998
Jakarta,2025-05-16 18:00:00,86.53411625,122.785365,18,16,5,4,68.19794800000001,96.655726,79.45118341666664,112.83472733333332
Jakarta,2025-05-17 00:00:00,107.28559,152.27658350000002,0,17,5,5,86.53411625,122.785365,62.988254249999976,89.36860733333332
Jakarta,2025-05-17 06:00:00,38.33289975,54.62187925,6,17,5,5,107.28559,152.27658350000002,87.33921808333332,123.90589149999998
Jakarta,2025-05-17 12:00:00,66.57089125,94.292545,12,17,5,5,38.33289975,54.62187925,77.38420199999997,109.89460924999999
Jakarta,2025-05-17 18:00:00,95.00607075,134.78336375,18,17,5,5,66.57089125,94.292545,70.72979366666665,100.3970025833333
Jakarta,2025-05-18 00:00:00,84.55811,120.148572,0,18,5,6,95.00607075,134.78336375,66.63662058333331,94.56592933333332
Jakarta,2025-05-18 06:00:00,26.37801825,37.5371485,6,18,5,6,84.55811,120.148572,82.04502399999997,116.40816024999998
Jakarta,2025-05-18 12:00:00,54.6734495,77.54532400000001,12,18,5,6,26.37801825,37.5371485,68.64739966666664,97.48969474999997
Jakarta,2025-05-18 18:00:00,99.51816125,141.3417285,18,18,5,6,54.6734495,77.54532400000001,55.203192583333305,78.41034816666665
Jakarta,2025-05-19 00:00:00,87.823309,124.8374705,0,19,5,0,99.51816125,141.3417285,60.1898763333333,85.47473366666664
Jakarta,2025-05-19 06:00:00,26.09212375,37.2496065,6,19,5,0,87.823309,124.8374705,80.67163991666665,114.57484099999998
Jakarta,2025-05-19 12:00:00,51.91844825,73.587358,12,19,5,0,26.09212375,37.2496065,71.1445313333333,101.14293516666665
Jakarta,2025-05-19 18:00:00,77.69205025000001,110.2753225,18,19,5,0,51.91844825,73.587358,55.277960333333304,78.55814499999998
Jakarta,2025-05-20 00:00:00,87.774851,124.71059625,0,20,5,1,77.69205025000001,110.2753225,51.90087408333331,73.70409566666665
Jakarta,2025-05-20 06:00:00,27.9207345,39.9410275,6,20,5,1,87.774851,124.71059625,72.46178316666665,102.85775891666664
Jakarta,2025-05-20 12:00:00,61.158559,86.78722375,12,20,5,1,27.9207345,39.9410275,64.46254524999998,91.64231541666665
Jakarta,2025-05-20 18:00:00,114.02460175,161.8582775,18,20,5,1,61.158559,86.78722375,58.95138149999997,83.81294916666664
Jakarta,2025-05-21 00:00:00,115.0474,163.47852,0,21,5,2,114.02460175,161.8582775,67.70129841666663,96.19550958333332
Jakarta,2025-05-21 06:00:00,42.731415,61.1311765,6,21,5,2,115.0474,163.47852,96.74352024999996,137.37467374999997
Jakarta,2025-05-21 12:00:00,71.8722495,101.87784575,12,21,5,2,42.731415,61.1311765,90.60113891666664,128.822658
Jakarta,2025-05-21 18:00:00,84.999611,120.71086524999998,18,21,5,2,71.8722495,101.87784575,76.5503548333333,108.82918074999998
Jakarta,2025-05-22 00:00:00,99.38310125,141.2057625,0,22,5,3,84.999611,120.71086524999998,66.53442516666664,94.5732958333333
Jakarta,2025-05-22 06:00:00,38.0118765,54.166548,6,22,5,3,99.38310125,141.2057625,85.4183205833333,121.26482449999997
Jakarta,2025-05-22 12:00:00,60.74509425,86.0830475,12,22,5,3,38.0118765,54.166548,74.1315295833333,105.3610585833333
Jakarta,2025-05-22 18:00:00,56.3130685,79.9975625,18,22,5,3,60.74509425,86.0830475,66.04669066666663,93.81845266666664
Jakarta,2025-05-23 00:00:00,95.66724575,135.9592245,0,23,5,4,56.3130685,79.9975625,51.690013083333305,73.41571933333331
Jakarta,2025-05-23 06:00:00,30.271166750000003,43.13676575,6,23,5,4,95.66724575,135.9592245,70.90846949999998,100.67994483333332
Jakarta,2025-05-23 12:00:00,46.5990405,66.28465600000001,12,23,5,4,30.271166750000003,43.13676575,60.75049366666664,86.36451758333332
Jakarta,2025-05-23 18:00:00,55.35116574999999,78.76724275,18,23,5,4,46.5990405,66.28465600000001,57.512484333333305,81.79354874999999
Jakarta,2025-05-24 00:00:00,86.24505149999999,122.63080875,0,24,5,5,55.35116574999999,78.76724275,44.07379099999997,62.72955483333332
Jakarta,2025-05-24 06:00:00,22.0046845,31.358041,6,24,5,5,86.24505149999999,122.63080875,62.7317525833333,89.22756916666664
Jakarta,2025-05-24 12:00:00,61.53737775,87.2418575,12,24,5,5,22.0046845,31.358041,54.53363391666664,77.58536416666665
Jakarta,2025-05-24 18:00:00,84.40690400000001,119.81364924999998,18,24,5,5,61.53737775,87.2418575,56.595704583333294,80.41023574999997
Jakarta,2025-05-25 00:00:00,66.5618535,94.5354955,0,25,5,6,84.40690400000001,119.81364924999998,55.982988749999976,79.4711825833333
Jakarta,2025-05-25 06:00:00,28.21900575,40.0655155,6,25,5,6,66.5618535,94.5354955,70.83537841666664,100.5303340833333
Jakarta,2025-05-25 12:00:00,70.064572,99.19909875,12,25,5,6,28.21900575,40.0655155,59.729254416666635,84.80488674999997
Jakarta,2025-05-25 18:00:00,110.59898875,156.8896575,18,25,5,6,70.064572,99.19909875,54.9484770833333,77.93336991666665
Jakarta,2025-05-26 00:00:00,74.153605,105.19716,0,26,5,0,110.59898875,156.8896575,69.62752216666664,98.71809058333332
Jakarta,2025-05-26 06:00:00,32.85094875,46.632466,6,26,5,0,74.153605,105.19716,84.93905524999997,120.42863874999999
Jakarta,2025-05-26 12:00:00,54.56092775,77.12128399999999,12,26,5,0,32.85094875,46.632466,72.53451416666663,102.90642783333332
Jakarta,2025-05-26 18:00:00,62.07983424999999,87.78818174999999,18,26,5,0,54.56092775,77.12128399999999,53.85516049999996,76.31696999999998
Jakarta,2025-05-27 00:00:00,91.55905675,129.77193575,0,27,5,1,62.07983424999999,87.78818174999999,49.830570249999965,70.51397724999998
Jakarta,2025-05-27 06:00:00,22.38991225,31.846355,6,27,5,1,91.55905675,129.77193575,69.3999395833333,98.22713383333333
Jakarta,2025-05-27 12:00:00,61.54129975,86.70383675,12,27,5,1,22.38991225,31.846355,58.676267749999965,83.13549083333332
Jakarta,2025-05-27 18:00:00,112.28053125,158.90884749999998,18,27,5,1,61.54129975,86.70383675,58.49675624999997,82.7740425
Jakarta,2025-05-28 00:00:00,129.3924475,183.26523,0,28,5,2,112.28053125,158.90884749999998,65.40391441666664,92.48634641666665
Jakarta,2025-05-28 06:00:00,34.44574775,48.7747235,6,28,5,2,129.3924475,183.26523,101.07142616666663,142.95930474999997
Jakarta,2025-05-28 12:00:00,85.32884825000001,120.13913375,12,28,5,2,34.44574775,48.7747235,92.03957549999996,130.31626699999998
Jakarta,2025-05-28 18:00:00,128.3290775,181.549635,18,28,5,2,85.32884825000001,120.13913375,83.05568116666664,117.39302908333332
Jakarta,2025-05-29 00:00:00,132.47529375000002,187.53406,0,29,5,3,128.3290775,181.549635,82.70122449999998,116.82116408333331
Jakarta,2025-05-29 06:00:00,47.782352,67.75576425000001,6,29,5,3,132.47529375000002,187.53406,115.37773983333331,163.07427625
Jakarta,2025-05-29 12:00:00,85.3460735,120.4055015,12,29,5,3,47.782352,67.75576425000001,102.8622410833333,145.61315308333332
Jakarta,2025-05-29 18:00:00,136.23412249999998,193.04537,18,29,5,3,85.3460735,120.4055015,88.53457308333331,125.23177525
Jakarta,2025-05-30 00:00:00,135.38374374999998,192.047535,0,30,5,4,136.23412249999998,193.04537,89.78751599999998,127.06887858333333
Jakarta,2025-05-30 06:00:00,49.25669825,69.9191675,6,30,5,4,135.38374374999998,192.047535,118.98797991666663,168.49946883333334
Jakarta,2025-05-30 12:00:00,89.86080375,126.8235775,12,30,5,4,49.25669825,69.9191675,106.95818816666663,151.6706908333333
Jakarta,2025-05-30 18:00:00,144.61398,204.79682900000003,18,30,5,4,89.86080375,126.8235775,91.50041524999996,129.59676
Jakarta,2025-05-31 00:00:00,141.465789,200.6192965,0,31,5,5,144.61398,204.79682900000003,94.57716066666664,133.84652466666668
Jakarta,2025-05-31 06:00:00,50.31233675,71.24702925,6,31,5,5,141.465789,200.6192965,125.31352424999996,177.41323433333332
Jakarta,2025-05-31 12:00:00,74.861645,105.66248,12,31,5,5,50.31233675,71.24702925,112.13070191666664,158.88771825
Jakarta,2025-05-31 18:00:00,100.09012125,141.77931,18,31,5,5,74.861645,105.66248,88.87992358333331,125.84293525
Jakarta,2025-06-01 00:00:00,132.54239850000002,188.1037125,0,1,6,6,100.09012125,141.77931,75.08803433333331,106.22960641666668
Jakarta,2025-06-01 06:00:00,64.4622,91.680931,6,1,6,6,132.54239850000002,188.1037125,102.49805491666665,145.18183416666668
Jakarta,2025-06-01 12:00:00,109.91422624999998,154.93191124999998,12,1,6,6,64.4622,91.680931,99.03157324999997,140.52131783333334
Jakarta,2025-06-01 18:00:00,157.84165625,223.33245,18,1,6,6,109.91422624999998,154.93191124999998,102.30627491666662,144.90551825
Jakarta,2025-06-02 00:00:00,123.62176025,175.2905525,0,2,6,0,157.84165625,223.33245,110.7393608333333,156.64843075
Jakarta,2025-06-02 06:00:00,47.70372175,67.61539,6,2,6,0,123.62176025,175.2905525,130.45921424999995,184.51830458333333
Jakarta,2025-06-02 12:00:00,72.87587775,102.97318875,12,2,6,0,47.70372175,67.61539,109.72237941666663,155.4127975
Jakarta,2025-06-02 18:00:00,92.6071525,131.04119000000003,18,2,6,0,72.87587775,102.97318875,81.40045324999996,115.29304375
Jakarta,2025-06-03 00:00:00,98.131367,139.1793785,0,3,6,1,92.6071525,131.04119000000003,71.06225066666663,100.54325625000001
Jakarta,2025-06-03 06:00:00,29.2113215,41.407873,6,3,6,1,98.131367,139.1793785,87.87146574999997,124.39791908333336
Jakarta,2025-06-03 12:00:00,57.59687825,81.47708399999999,12,3,6,1,29.2113215,41.407873,73.31661366666663,103.87614716666668
Jakarta,2025-06-03 18:00:00,118.75120325,168.42614,18,3,6,1,57.59687825,81.47708399999999,61.646522249999954,87.35477850000001
Jakarta,2025-06-04 00:00:00,140.1218425,198.93115875,0,4,6,2,118.75120325,168.42614,68.51980099999996,97.103699
Jakarta,2025-06-04 06:00:00,44.36628825,62.87757499999999,6,4,6,2,140.1218425,198.93115875,105.48997466666663,149.6114609166667
Jakarta,2025-06-04 12:00:00,78.15077600000001,110.3602465,12,4,6,2,44.36628825,62.87757499999999,101.07977799999996,143.41162458333335
Jakarta,2025-06-04 18:00:00,100.270185,141.82587975,18,4,6,2,78.15077600000001,110.3602465,87.54630224999998,124.05632675
Jakarta,2025-06-05 00:00:00,109.304196,154.7296075,0,5,6,3,100.270185,141.82587975,74.26241641666662,105.02123375000001
Jakarta,2025-06-05 06:00:00,47.0848825,66.453139,6,5,6,3,109.304196,154.7296075,95.90838566666663,135.6385779166667
Jakarta,2025-06-05 12:00:00,87.747025,123.803261,12,5,6,3,47.0848825,66.453139,85.5530878333333,121.00287541666667
Jakarta,2025-06-05 18:00:00,132.6565975,187.59487875,18,5,6,3,87.747025,123.803261,81.37870116666663,114.99533583333334
Jakarta,2025-06-06 00:00:00,127.512465,180.49638625,0,6,6,4,132.6565975,187.59487875,89.16283499999997,125.95042625
Jakarta,2025-06-06 06:00:00,45.70892925,64.48522125,6,6,6,4,127.512465,180.49638625,115.97202916666663,163.964842
Jakarta,2025-06-06 12:00:00,76.18135099999999,107.5902665,12,6,6,4,45.70892925,64.48522125,101.95933058333328,144.19216208333333
Jakarta,2025-06-06 18:00:00,112.6928465,159.53679749999998,18,6,6,4,76.18135099999999,107.5902665,83.13424841666664,117.523958
Jakarta,2025-06-07 00:00:00,101.560319,144.04349449999998,0,7,6,5,112.6928465,159.53679749999998,78.1943755833333,110.53742841666666
Jakarta,2025-06-07 06:00:00,32.339755749999995,45.772992,6,7,6,5,101.560319,144.04349449999998,96.81150549999995,137.05685283333332
Jakarta,2025-06-07 12:00:00,69.314467,98.03568375,12,7,6,5,32.339755749999995,45.772992,82.19764041666663,116.45109466666666
Jakarta,2025-06-07 18:00:00,106.72209975,151.4237075,18,7,6,5,69.314467,98.03568375,67.73818058333329,95.95072341666666
Jakarta,2025-06-08 00:00:00,92.85816,131.92743625,0,8,6,6,106.72209975,151.4237075,69.45877416666663,98.41079441666666
Jakarta,2025-06-08 06:00:00,24.744622,35.15287975,6,8,6,6,92.85816,131.92743625,89.6315755833333,127.12894250000001
Jakarta,2025-06-08 12:00:00,72.07142775,102.17092975,12,8,6,6,24.744622,35.15287975,74.7749605833333,106.16800783333333
Jakarta,2025-06-08 18:00:00,122.348553,173.73739149999997,18,8,6,6,72.07142775,102.17092975,63.22473658333329,89.75041525
Jakarta,2025-06-09 00:00:00,110.77799,157.4954925,0,9,6,0,122.348553,173.73739149999997,73.05486758333329,103.687067
Jakarta,2025-06-09 06:00:00,30.951809749999995,44.57757475,6,9,6,0,110.77799,157.4954925,101.73265691666661,144.46793791666667
Jakarta,2025-06-09 12:00:00,69.69292974999999,98.90240425,12,9,6,0,30.951809749999995,44.57757475,88.0261175833333,125.27015291666669
Jakarta,2025-06-09 18:00:00,117.6488815,167.233565,18,9,6,0,69.69292974999999,98.90240425,70.47424316666662,100.32515716666667
Jakarta,2025-06-10 00:00:00,137.17942675,195.12777,0,10,6,1,117.6488815,167.233565,72.76454033333329,103.57118133333334
Jakarta,2025-06-10 06:00:00,40.776655,58.72553250000001,6,10,6,1,137.17942675,195.12777,108.17374599999995,153.75457975
Jakarta,2025-06-10 12:00:00,71.19967875,101.143541,12,10,6,1,40.776655,58.72553250000001,98.53498774999996,140.36228916666667
Jakarta,2025-06-10 18:00:00,74.844053,106.4847225,18,10,6,1,71.19967875,101.143541,83.05192016666662,118.33228116666668
Jakarta,2025-06-11 00:00:00,47.47948925,67.4906455,0,11,6,2,74.844053,106.4847225,62.27346224999996,88.78459866666667
Jakarta,2025-06-11 06:00:00,18.976664,27.154897,6,11,6,2,47.47948925,67.4906455,64.50774033333329,91.706303
Jakarta,2025-06-11 12:00:00,52.7378455,74.84089675,12,11,6,2,18.976664,27.154897,47.100068749999956,67.04342166666667
Jakarta,2025-06-11 18:00:00,100.060616,142.114776,18,11,6,2,52.7378455,74.84089675,39.73133291666662,56.495479749999994
Jakarta,2025-06-12 00:00:00,136.17591349999998,193.54862625,0,12,6,3,100.060616,142.114776,57.25837516666662,81.37018991666666
Jakarta,2025-06-12 06:00:00,43.9885355,62.8606365,6,12,6,3,136.17591349999998,193.54862625,96.32479166666661,136.83476633333333
Jakarta,2025-06-12 12:00:00,78.3943785,111.106089,12,12,6,3,43.9885355,62.8606365,93.40835499999996,132.84134625
Jakarta,2025-06-12 18:00:00,103.6735,147.1366875,18,12,6,3,78.3943785,111.106089,86.18627583333328,122.50511725000001
Jakarta,2025-06-13 00:00:00,91.29081375,129.72052050000002,0,13,6,4,103.6735,147.1366875,75.35213799999995,107.034471
Jakarta,2025-06-13 06:00:00,33.744555250000005,48.2639845,6,13,6,4,91.29081375,129.72052050000002,91.11956408333329,129.321099
Jakarta,2025-06-13 12:00:00,87.40613625,123.796326,12,13,6,4,33.744555250000005,48.2639845,76.23628966666662,108.37373083333334
Jakarta,2025-06-13 18:00:00,97.9983955,139.0570785,18,13,6,4,87.40613625,123.796326,70.81383508333329,100.59361033333334
Jakarta,2025-06-14 00:00:00,127.2364325,180.8038525,0,14,6,5,97.9983955,139.0570785,73.04969566666662,103.70579633333334
Jakarta,2025-06-14 06:00:00,49.4063675,70.78449525,6,14,6,5,127.2364325,180.8038525,104.21365474999998,147.88575233333333
Jakarta,2025-06-14 12:00:00,73.6573625,104.46677725,12,14,6,5,49.4063675,70.78449525,91.54706516666663,130.21514208333332
Jakarta,2025-06-14 18:00:00,108.47040125,153.975635,18,14,6,5,73.6573625,104.46677725,83.43338749999997,118.68504166666668
Jakarta,2025-06-15 00:00:00,99.892644,141.91073375000002,0,15,6,6,108.47040125,153.975635,77.17804374999996,109.74230250000001
Jakarta,2025-06-15 06:00:00,29.2323535,41.60295925,6,15,6,6,99.892644,141.91073375000002,94.0068025833333,133.45104866666668
Jakarta,2025-06-15 12:00:00,66.09650475000001,93.6678365,12,15,6,6,29.2323535,41.60295925,79.19846624999995,112.49644266666667
Jakarta,2025-06-15 18:00:00,88.11264249999999,125.0407425,18,15,6,6,66.09650475000001,93.6678365,65.0738340833333,92.39384316666667
Jakarta,2025-06-16 00:00:00,98.4507275,139.86132750000002,0,16,6,0,88.11264249999999,125.0407425,61.14716691666663,86.77051275000001
Jakarta,2025-06-16 06:00:00,28.76464575,40.88826675000001,6,16,6,0,98.4507275,139.86132750000002,84.21995824999995,119.52330216666667
Jakarta,2025-06-16 12:00:00,64.8323075,91.90011875,12,16,6,0,28.76464575,40.88826675000001,71.77600524999995,101.93011225
Jakarta,2025-06-16 18:00:00,113.209723,160.7103005,18,16,6,0,64.8323075,91.90011875,64.0158935833333,90.88323766666667
Jakarta,2025-06-17 00:00:00,110.39629925,156.895878,0,17,6,1,113.209723,160.7103005,68.93555874999994,97.83289533333334
Jakarta,2025-06-17 06:00:00,31.51072275,44.81671525,6,17,6,1,110.39629925,156.895878,96.14610991666662,136.50209908333332
Jakarta,2025-06-17 12:00:00,67.12906475,95.21642049999998,12,17,6,1,31.51072275,44.81671525,85.03891499999995,120.80763125
Jakarta,2025-06-17 18:00:00,40.18711750000001,57.12556125,18,17,6,1,67.12906475,95.21642049999998,69.6786955833333,98.97633791666668
Jakarta,2025-06-18 00:00:00,42.7289715,60.77164025,0,18,6,2,40.18711750000001,57.12556125,46.27563499999996,65.71956566666667
Jakarta,2025-06-18 06:00:00,30.80239675,43.972192750000005,6,18,6,2,42.7289715,60.77164025,50.01505124999995,71.037874
Jakarta,2025-06-18 12:00:00,55.07484875,78.11627200000001,12,18,6,2,30.80239675,43.972192750000005,37.906161916666626,53.95646475000001
Jakarta,2025-06-18 18:00:00,71.381464,101.37171075,18,18,6,2,55.07484875,78.11627200000001,42.868738999999955,60.953368333333344
Jakarta,2025-06-19 00:00:00,98.021728,139.44781925,0,19,6,3,71.381464,101.37171075,52.41956983333329,74.48672516666669
Jakarta,2025-06-19 06:00:00,35.67726,51.33335925,6,19,6,3,98.021728,139.44781925,74.82601358333328,106.31193400000002
Jakarta,2025-06-19 12:00:00,70.2991075,99.8759315,12,19,6,3,35.67726,51.33335925,68.36015066666661,97.38429641666669
Jakarta,2025-06-19 18:00:00,119.895489,170.44738024999998,18,19,6,3,70.2991075,99.8759315,67.99936516666662,96.88570333333335
Jakarta,2025-06-20 00:00:00,110.25849775,156.81951349999997,0,20,6,4,119.895489,170.44738024999998,75.29061883333328,107.21889033333333
Jakarta,2025-06-20 06:00:00,31.07402375,44.407784,6,20,6,4,110.25849775,156.81951349999997,100.15103141666663,142.38094175
Jakarta,2025-06-20 12:00:00,55.4334185,78.82783875,12,20,6,4,31.07402375,44.407784,87.07600349999996,123.89155925
Jakarta,2025-06-20 18:00:00,60.53204525,86.01137,18,20,6,4,55.4334185,78.82783875,65.58864666666662,93.35171208333334
Jakarta,2025-06-21 00:00:00,52.7310385,75.0119955,0,21,6,5,60.53204525,86.01137,49.01316249999996,69.74899758333335
Jakarta,2025-06-21 06:00:00,32.857201,46.88973849999999,6,21,6,5,52.7310385,75.0119955,56.23216741666662,79.9504014166667
Jakarta,2025-06-21 12:00:00,52.20113075,73.91838525,12,21,6,5,32.857201,46.88973849999999,48.70676158333328,69.30436800000001
Jakarta,2025-06-21 18:00:00,76.9723275,109.2750485,18,21,6,5,52.20113075,73.91838525,45.92979008333328,65.27337308333335
Jakarta,2025-06-22 00:00:00,60.44513150000001,85.89498275000001,0,22,6,6,76.9723275,109.2750485,54.010219749999955,76.69439075000001
Jakarta,2025-06-22 06:00:00,29.881562500000005,42.517968,6,22,6,6,60.44513150000001,85.89498275000001,63.20619658333329,89.69613883333335
Jakarta,2025-06-22 12:00:00,72.18522999999999,102.3116745,12,22,6,6,29.881562500000005,42.517968,55.766340499999956,79.22933308333336
Jakarta,2025-06-22 18:00:00,106.03718925,150.51796375,18,22,6,6,72.18522999999999,102.3116745,54.170641333333286,76.90820841666668
Jakarta,2025-06-23 00:00:00,133.7497225,189.9585415,0,23,6,0,106.03718925,150.51796375,69.36799391666662,98.44920208333333
Jakarta,2025-06-23 06:00:00,56.9346815,81.00352125,6,23,6,0,133.7497225,189.9585415,103.99071391666662,147.5960599166667
Jakarta,2025-06-23 12:00:00,81.6589245,115.7026175,12,23,6,0,56.9346815,81.00352125,98.90719774999995,140.49334216666668
Jakarta,2025-06-23 18:00:00,106.39038875,150.879345,18,23,6,0,81.6589245,115.7026175,90.78110949999996,128.88822675000003
Jakarta,2025-06-24 00:00:00,120.76347450000002,171.38683,0,24,6,1,106.39038875,150.879345,81.66133158333328,115.8618279166667
Jakarta,2025-06-24 06:00:00,55.260727,78.9602285,6,24,6,1,120.76347450000002,171.38683,102.93759591666662,145.98959750000003
Jakarta,2025-06-24 12:00:00,90.8266315,128.6999225,12,24,6,1,55.260727,78.9602285,94.13819674999996,133.74213450000002
Jakarta,2025-06-24 18:00:00,109.68187875,155.64171375,18,24,6,1,90.8266315,128.6999225,88.95027766666662,126.34899366666669
Jakarta,2025-06-25 00:00:00,106.64859875,151.543758,0,25,6,2,109.68187875,155.64171375,85.2564124166666,121.10062158333335
Jakarta,2025-06-25 06:00:00,52.4372855,75.13108375,6,25,6,2,106.64859875,151.543758,102.38570299999996,145.2951314166667
Jakarta,2025-06-25 12:00:00,89.0021855,126.130771,12,25,6,2,52.4372855,75.13108375,89.58925433333327,127.43885183333335
Jakarta,2025-06-25 18:00:00,111.5946025,158.2644725,18,25,6,2,89.0021855,126.130771,82.69602324999995,117.60187091666667
Jakarta,2025-06-26 00:00:00,107.1993,152.1841565,0,26,6,3,111.5946025,158.2644725,84.34469116666662,119.84210908333336
Jakarta,2025-06-26 06:00:00,45.21812975,64.8641105,6,26,6,3,107.1993,152.1841565,102.59869599999995,145.5264666666667
Jakarta,2025-06-26 12:00:00,94.5455835,133.85397125,12,26,6,3,45.21812975,64.8641105,88.00401074999995,125.10424650000003
Jakarta,2025-06-26 18:00:00,141.685632,200.9670075,18,26,6,3,94.5455835,133.85397125,82.32100441666661,116.96741275000001
Jakarta,2025-06-27 00:00:00,172.391935,244.951875,0,27,6,4,141.685632,200.9670075,93.81644841666662,133.22836308333333
Jakarta,2025-06-27 06:00:00,66.0480175,94.7368325,6,27,6,4,172.391935,244.951875,136.20771683333328,193.2576179166667
Jakarta,2025-06-27 12:00:00,103.29779225,146.3347975,12,27,6,4,66.0480175,94.7368325,126.70852816666661,180.21857166666666
Jakarta,2025-06-27 18:00:00,148.669074,211.0111825,18,27,6,4,103.29779225,146.3347975,113.91258158333328,162.007835
Jakarta,2025-06-28 00:00:00,176.829401,251.5610025,0,28,6,5,148.669074,211.0111825,106.00496124999995,150.69427083333335
Jakarta,2025-06-28 06:00:00,85.54593625,123.508414,6,28,6,5,176.829401,251.5610025,142.93208908333327,202.96899416666668
Jakarta,2025-06-28 12:00:00,98.818135,140.326905,12,28,6,5,85.54593625,123.508414,137.01480374999994,195.36019966666666
Jakarta,2025-06-28 18:00:00,115.9154975,164.877605,18,28,6,5,98.818135,140.326905,120.39782408333326,171.79877383333334
Jakarta,2025-06-29 00:00:00,120.68626625,171.716151,0,29,6,6,115.9154975,164.877605,100.09318958333328,142.90430800000001
Jakarta,2025-06-29 06:00:00,50.13927825,71.87406899999999,6,29,6,6,120.68626625,171.716151,111.80663291666662,158.97355366666667
Jakarta,2025-06-29 12:00:00,88.76623075,125.9664925,12,29,6,6,50.13927825,71.87406899999999,95.5803473333333,136.15594166666665
Jakarta,2025-06-29 18:00:00,107.6987655,152.97146825000002,18,29,6,6,88.76623075,125.9664925,86.53059174999994,123.18557083333333
Jakarta,2025-06-30 00:00:00,76.28509125,108.2948425,0,30,6,0,107.6987655,152.97146825000002,82.20142483333329,116.93734324999998
Jakarta,2025-06-30 06:00:00,29.66709175,42.2845115,6,30,6,0,76.28509125,108.2948425,90.91669583333328,129.07760108333335
Jakarta,2025-06-30 12:00:00,67.75815125000001,95.8255275,12,30,6,0,29.66709175,42.2845115,71.21698283333329,101.18360741666667
Jakarta,2025-06-30 18:00:00,117.7862145,166.87491525,18,30,6,0,67.75815125000001,95.8255275,57.90344474999995,82.13496049999999
Jakarta,2025-07-01 00:00:00,112.6440465,159.694879,0,1,7,1,117.7862145,166.87491525,71.73715249999997,101.66165141666666
Jakarta,2025-07-01 06:00:00,30.92196775,43.66370325,6,1,7,1,112.6440465,159.694879,99.39613741666663,140.7984405833333
Jakarta,2025-07-01 12:00:00,69.9404265,98.80898125,12,1,7,1,30.92196775,43.66370325,87.11740958333327,123.41116583333333
Jakarta,2025-07-01 18:00:00,81.73538075,115.82227425,18,1,7,1,69.9404265,98.80898125,71.16881358333329,100.72252116666665
Jakarta,2025-07-02 00:00:00,96.54218149999998,137.042036,0,2,7,2,81.73538075,115.82227425,60.865924999999955,86.09831958333332
Jakarta,2025-07-02 06:00:00,31.08522175,44.097874,6,2,7,2,96.54218149999998,137.042036,82.73932958333329,117.2244305
Jakarta,2025-07-02 12:00:00,66.92346125,94.66623450000002,12,2,7,2,31.08522175,44.097874,69.78759466666662,98.98739475
Jakarta,2025-07-02 18:00:00,51.83019825,73.4194725,18,2,7,2,66.92346125,94.66623450000002,64.85028816666663,91.93538149999999
Jakarta,2025-07-03 00:00:00,65.865565,93.4541925,0,3,7,3,51.83019825,73.4194725,49.94629374999996,70.72786033333334
Jakarta,2025-07-03 06:00:00,28.4865395,40.39429775,6,3,7,3,65.865565,93.4541925,61.539741499999955,87.17996649999999
Jakarta,2025-07-03 12:00:00,67.56049175,95.6140965,12,3,7,3,28.4865395,40.39429775,48.72743424999996,69.08932091666667
Jakarta,2025-07-03 18:00:00,95.3608895,135.19121375,18,3,7,3,67.56049175,95.6140965,53.97086541666662,76.48752891666666
Jakarta,2025-07-04 00:00:00,90.73609325,128.83003875,0,4,7,4,95.3608895,135.19121375,63.802640249999946,90.39986933333334
Jakarta,2025-07-04 06:00:00,33.046831250000004,47.11296275,6,4,7,4,90.73609325,128.83003875,84.55249149999996,119.87844966666665
Jakarta,2025-07-04 12:00:00,58.85738075,83.30471250000001,12,4,7,4,33.046831250000004,47.11296275,73.04793799999995,103.71140508333332
Jakarta,2025-07-04 18:00:00,114.179925,161.865354,18,4,7,4,58.85738075,83.30471250000001,60.88010174999996,86.41590466666666
Jakarta,2025-07-05 00:00:00,148.3758765,210.644885,0,5,7,5,114.179925,161.865354,68.69471233333329,97.42767641666666
Jakarta,2025-07-05 06:00:00,47.7749895,68.00746625000001,6,5,7,5,148.3758765,210.644885,107.13772741666662,151.93831716666665
Jakarta,2025-07-05 12:00:00,66.95188375000001,94.60939075,12,5,7,5,47.7749895,68.00746625000001,103.44359699999995,146.8392350833333
Jakarta,2025-07-05 18:00:00,69.82676875,98.919143,18,5,7,5,66.95188375000001,94.60939075,87.7009165833333,124.42058066666664
Jakarta,2025-07-06 00:00:00,52.496944,74.521495,0,6,7,6,69.82676875,98.919143,61.51788066666662,87.17866666666667
Jakarta,2025-07-06 06:00:00,28.60946325,40.6433285,6,6,7,6,52.496944,74.521495,63.091865499999955,89.35000958333335
Jakarta,2025-07-06 12:00:00,56.6373045,80.2554045,12,6,7,6,28.60946325,40.6433285,50.31105866666662,71.36132216666665
Jakarta,2025-07-06 18:00:00,81.82020349999999,116.0400125,18,6,7,6,56.6373045,80.2554045,45.914570583333294,65.14007599999998
Jakarta,2025-07-07 00:00:00,58.69802175,83.3707075,0,7,7,0,81.82020349999999,116.0400125,55.68899041666662,78.97958183333333
Jakarta,2025-07-07 06:00:00,26.00478425,36.86545825,6,7,7,0,58.69802175,83.3707075,65.71850991666662,93.22204149999999
Jakarta,2025-07-07 12:00:00,47.39263125000001,67.08296424999999,12,7,7,0,26.00478425,36.86545825,55.50766983333329,78.75872608333333
Jakarta,2025-07-07 18:00:00,55.27402825000001,78.38710400000001,18,7,7,0,47.39263125000001,67.08296424999999,44.03181241666662,62.43970999999999
Jakarta,2025-07-08 00:00:00,70.40620125000001,99.9783635,0,8,7,1,55.27402825000001,78.38710400000001,42.89048124999996,60.77850883333332
Jakarta,2025-07-08 06:00:00,31.58695,44.8208655,6,8,7,1,70.40620125000001,99.9783635,57.69095358333329,81.81614391666665
Jakarta,2025-07-08 12:00:00,68.35137,96.825715,12,8,7,1,31.58695,44.8208655,52.42239316666663,74.39544433333333
Jakarta,2025-07-08 18:00:00,87.5119075,124.1370175,18,8,7,1,68.35137,96.825715,56.78150708333329,80.541648
Jakarta,2025-07-09 00:00:00,83.67851525,118.89227375,0,9,7,2,87.5119075,124.1370175,62.483409166666625,88.59453266666667
Jakarta,2025-07-09 06:00:00,31.6990165,45.4036795,6,9,7,2,83.67851525,118.89227375,79.84726424999995,113.28500208333332
Jakarta,2025-07-09 12:00:00,86.91762250000001,123.30599499999998,12,9,7,2,31.6990165,45.4036795,67.62981308333329,96.14432358333333
Jakarta,2025-07-09 18:00:00,122.57787375,174.17699,18,9,7,2,86.91762250000001,123.30599499999998,67.4317180833333,95.86731608333332
Jakarta,2025-07-10 00:00:00,109.8292715,156.220039,0,10,7,3,122.57787375,174.17699,80.39817091666661,114.29555483333331
Jakarta,2025-07-10 06:00:00,35.82363225,51.454379,6,10,7,3,109.8292715,156.220039,106.44158924999995,151.2343413333333
Jakarta,2025-07-10 12:00:00,79.24197174999999,112.54474,12,10,7,3,35.82363225,51.454379,89.41025916666662,127.28380266666666
Jakarta,2025-07-10 18:00:00,126.402779,179.695135,18,10,7,3,79.24197174999999,112.54474,74.96495849999995,106.73971933333333
Jakarta,2025-07-11 00:00:00,126.35362475,179.7389475,0,11,7,4,126.402779,179.695135,80.48946099999995,114.56475133333333
Jakarta,2025-07-11 06:00:00,48.08825325,69.08481900000001,6,11,7,4,126.35362475,179.7389475,110.66612516666662,157.32627416666665
Jakarta,2025-07-11 12:00:00,72.43744425,103.012325,12,11,7,4,48.08825325,69.08481900000001,100.28155233333327,142.83963383333332
Jakarta,2025-07-11 18:00:00,133.10548649999998,189.0800225,18,11,7,4,72.43744425,103.012325,82.29310741666661,117.27869716666665
Jakarta,2025-07-12 00:00:00,127.518235,181.2528585,0,12,7,5,133.10548649999998,189.0800225,84.54372799999994,120.39238883333333
Jakarta,2025-07-12 06:00:00,52.94948825,75.6886325,6,12,7,5,127.518235,181.2528585,111.02038858333329,157.78173533333333
Jakarta,2025-07-12 12:00:00,88.0979195,124.944905,12,12,7,5,52.94948825,75.6886325,104.52440324999993,148.67383783333332
Jakarta,2025-07-12 18:00:00,129.273418,183.59824375,18,12,7,5,88.0979195,124.944905,89.52188091666663,127.29546533333331
Jakarta,2025-07-13 00:00:00,156.37262225,222.22804,0,13,7,6,129.273418,183.59824375,90.10694191666663,128.07726041666663
Jakarta,2025-07-13 06:00:00,56.731820500000005,80.91075325,6,13,7,6,156.37262225,222.22804,124.58131991666663,176.9237295833333
Jakarta,2025-07-13 12:00:00,84.904685,120.343995,12,13,7,6,56.731820500000005,80.91075325,114.1259535833333,162.245679
Jakarta,2025-07-13 18:00:00,96.81353875,137.30138375,18,13,7,6,84.904685,120.343995,99.33637591666663,141.16092941666668
Jakarta,2025-07-14 00:00:00,117.58621,166.92371,0,14,7,0,96.81353875,137.30138375,79.4833480833333,112.85204399999999
Jakarta,2025-07-14 06:00:00,55.0713825,78.500192,6,14,7,0,117.58621,166.92371,99.7681445833333,141.52302958333334
Jakarta,2025-07-14 12:00:00,92.8914685,131.6396925,12,14,7,0,55.0713825,78.500192,89.82371041666663,127.57509525
Jakarta,2025-07-14 18:00:00,139.55167275,198.11864,18,14,7,0,92.8914685,131.6396925,88.51635366666663,125.68786483333332
Jakarta,2025-07-15 00:00:00,122.72224,174.43147750000003,0,15,7,1,139.55167275,198.11864,95.83817458333328,136.08617483333333
Jakarta,2025-07-15 06:00:00,49.70706875,71.6170805,6,15,7,1,122.72224,174.43147750000003,118.38846041666663,168.06327
Jakarta,2025-07-15 12:00:00,92.75368,131.5660225,12,15,7,1,49.70706875,71.6170805,103.99366049999996,148.05573266666667
Jakarta,2025-07-15 18:00:00,113.2613075,161.00296000000003,18,15,7,1,92.75368,131.5660225,88.39432958333329,125.87152683333333
Jakarta,2025-07-16 00:00:00,111.55251,158.69093750000002,0,16,7,2,113.2613075,161.00296000000003,85.24068541666662,121.39535433333333
Jakarta,2025-07-16 06:00:00,42.98368575,62.1232065,6,16,7,2,111.55251,158.69093750000002,105.85583249999996,150.41997333333336
Jakarta,2025-07-16 12:00:00,73.05544599999999,103.7977325,12,16,7,2,42.98368575,62.1232065,89.26583441666662,127.27236800000001
Jakarta,2025-07-16 18:00:00,108.92404125,154.8559665,18,16,7,2,73.05544599999999,103.7977325,75.8638805833333,108.20395883333333
Jakarta,2025-07-17 00:00:00,136.000151,193.3792665,0,17,7,3,108.92404125,154.8559665,74.98772433333329,106.92563516666667
Jakarta,2025-07-17 06:00:00,48.405128000000005,69.83486825,6,17,7,3,136.000151,193.3792665,105.99321274999996,150.67765516666665
Jakarta,2025-07-17 12:00:00,88.76634075000001,125.73263875,12,17,7,3,48.405128000000005,69.83486825,97.7764400833333,139.35670041666665
Jakarta,2025-07-17 18:00:00,137.89432125000002,195.4578015,18,17,7,3,88.76634075000001,125.73263875,91.0572065833333,129.6489245
Jakarta,2025-07-18 00:00:00,128.20254375,181.6212885,0,18,7,4,137.89432125000002,195.4578015,91.68859666666664,130.34176949999997
Jakarta,2025-07-18 06:00:00,58.69185275,83.401915,6,18,7,4,128.20254375,181.6212885,118.28773524999997,167.60390958333332
Jakarta,2025-07-18 12:00:00,89.47353,126.04720999999998,12,18,7,4,58.69185275,83.401915,108.26290591666663,153.49366833333332
Jakarta,2025-07-18 18:00:00,120.286415,169.43385975,18,18,7,4,89.47353,126.04720999999998,92.12264216666661,130.35680449999998
Jakarta,2025-07-19 00:00:00,98.5357905,139.499775,0,19,7,5,120.286415,169.43385975,89.48393258333329,126.29432824999999
Jakarta,2025-07-19 06:00:00,34.6092295,49.0214245,6,19,7,5,98.5357905,139.499775,102.76524516666662,144.99361491666664
Jakarta,2025-07-19 12:00:00,79.1363285,111.943676,12,19,7,5,34.6092295,49.0214245,84.47714499999996,119.31835308333332
Jakarta,2025-07-19 18:00:00,136.1217575,193.0668795,18,19,7,5,79.1363285,111.943676,70.76044949999996,100.15495849999998
Jakarta,2025-07-20 00:00:00,130.85306674999998,185.75621875,0,20,7,6,136.1217575,193.0668795,83.28910516666663,118.01065999999999
Jakarta,2025-07-20 06:00:00,39.09406125,55.43466825,6,20,7,6,130.85306674999998,185.75621875,115.37038424999996,163.58892474999996
Jakarta,2025-07-20 12:00:00,82.97905675,117.286845,12,20,7,6,39.09406125,55.43466825,102.0229618333333,144.7525888333333
Jakarta,2025-07-20 18:00:00,137.30391375,194.575305,18,20,7,6,82.97905675,117.286845,84.30872824999996,119.49257733333332
Jakarta,2025-07-21 00:00:00,134.934936,191.4853575,0,21,7,0,137.30391375,194.575305,86.4590105833333,122.43227275
Jakarta,2025-07-21 06:00:00,36.46272275,51.774976,6,21,7,0,134.934936,191.4853575,118.4059688333333,167.7825025
Jakarta,2025-07-21 12:00:00,80.33868,113.690248,12,21,7,0,36.46272275,51.774976,102.90052416666663,145.94521283333333
Jakarta,2025-07-21 18:00:00,129.30726925000002,183.4005735,18,21,7,0,80.33868,113.690248,83.91211291666663,118.98352716666666
Jakarta,2025-07-22 00:00:00,124.66904625,177.0155175,0,22,7,1,129.30726925000002,183.4005735,82.03622399999998,116.28859916666666
Jakarta,2025-07-22 06:00:00,45.277829,64.5380855,6,22,7,1,124.66904625,177.0155175,111.43833183333332,158.03544633333334
Jakarta,2025-07-22 12:00:00,83.0166585,117.636576,12,22,7,1,45.277829,64.5380855,99.75138149999998,141.65139216666662
Jakarta,2025-07-22 18:00:00,139.53808625000002,198.08482400000003,18,22,7,1,83.0166585,117.636576,84.32117791666663,119.73005966666665
Jakarta,2025-07-23 00:00:00,120.16177374999998,170.73855774999998,0,23,7,2,139.53808625000002,198.08482400000003,89.27752458333332,126.75316183333332
Jakarta,2025-07-23 06:00:00,37.51887325,53.516146500000005,6,23,7,2,120.16177374999998,170.73855774999998,114.23883949999997,162.15331925
Jakarta,2025-07-23 12:00:00,83.23326175,117.95913275,12,23,7,2,37.51887325,53.516146500000005,99.0729110833333,140.77984274999997
Jakarta,2025-07-23 18:00:00,136.8909475,194.29740225,18,23,7,2,83.23326175,117.95913275,80.30463624999997,114.07127899999996
Jakarta,2025-07-24 00:00:00,152.88904150000002,217.1323425,0,24,7,3,136.8909475,194.29740225,85.8810275,121.92422716666665
Jakarta,2025-07-24 06:00:00,61.49707625,87.51123999999999,6,24,7,3,152.88904150000002,217.1323425,124.33775025,176.46295916666665
Jakarta,2025-07-24 12:00:00,97.834684,138.6071065,12,24,7,3,61.49707625,87.51123999999999,117.09235508333332,166.31366158333333
Jakarta,2025-07-24 18:00:00,139.4894285,197.89826,18,24,7,3,97.834684,138.6071065,104.07360058333332,147.75022966666666
Jakarta,2025-07-25 00:00:00,113.51505625,161.25562499999998,0,25,7,4,139.4894285,197.89826,99.60706291666666,141.3388688333333
Jakarta,2025-07-25 06:00:00,42.728146,60.8179675,6,25,7,4,113.51505625,161.25562499999998,116.94638958333333,165.92033049999998
Jakarta,2025-07-25 12:00:00,86.57195725,122.65445625,12,25,7,4,42.728146,60.8179675,98.57754358333334,139.99061749999996
Jakarta,2025-07-25 18:00:00,130.0766135,184.5576775,18,25,7,4,86.57195725,122.65445625,80.9383865,114.90934958333331
Jakarta,2025-07-26 00:00:00,133.75358875,189.9255675,0,26,7,5,130.0766135,184.5576775,86.45890558333332,122.67670041666663
Jakarta,2025-07-26 06:00:00,53.2556335,75.7402165,6,26,7,5,133.75358875,189.9255675,116.80071983333333,165.7125670833333
Jakarta,2025-07-26 12:00:00,91.0882825,128.97249,12,26,7,5,53.2556335,75.7402165,105.69527858333332,150.07448716666667
Jakarta,2025-07-26 18:00:00,141.05273749999998,200.0240625,18,26,7,5,91.0882825,128.97249,92.69916825,131.5460913333333
Jakarta,2025-07-27 00:00:00,128.6677215,182.663485,0,27,7,6,141.05273749999998,200.0240625,95.13221783333331,134.91225633333332
Jakarta,2025-07-27 06:00:00,53.96881775,76.686205,6,27,7,6,128.6677215,182.663485,120.2695805,170.55334583333334
Jakarta,2025-07-27 12:00:00,75.70531500000001,107.12290125,12,27,7,6,53.96881775,76.686205,107.89642558333333,153.12458416666664
Jakarta,2025-07-27 18:00:00,93.75979375,132.93931999999998,18,27,7,6,75.70531500000001,107.12290125,86.11395141666667,122.15753041666665
Jakarta,2025-07-28 00:00:00,97.726174,138.78474,0,28,7,0,93.75979375,132.93931999999998,74.4779755,105.58280874999997
Jakarta,2025-07-28 06:00:00,48.80223475,69.59015774999999,6,28,7,0,97.726174,138.78474,89.06376091666665,126.28232041666665
Jakarta,2025-07-28 12:00:00,63.31742975,89.74620850000001,12,28,7,0,48.80223475,69.59015774999999,80.09606749999999,113.77140591666664
Jakarta,2025-07-28 18:00:00,72.346666,102.76784375,18,28,7,0,63.31742975,89.74620850000001,69.94861283333331,99.3737020833333
Jakarta,2025-07-29 00:00:00,98.9052885,140.77360750000005,0,29,7,1,72.346666,102.76784375,61.488776833333326,87.36806999999997
Jakarta,2025-07-29 06:00:00,38.68950675,55.932844,6,29,7,1,98.9052885,140.77360750000005,78.18979474999999,111.09588658333332
Jakarta,2025-07-29 12:00:00,57.1543515,81.44297725000001,12,29,7,1,38.68950675,55.932844,69.98048708333333,99.82476508333332
Jakarta,2025-07-29 18:00:00,83.25220275000001,118.64097075,18,29,7,1,57.1543515,81.44297725000001,64.91638224999998,92.71647624999999
Jakarta,2025-07-30 00:00:00,75.73170449999999,108.01264075,0,30,7,2,83.25220275000001,118.64097075,59.698686999999985,85.33893066666663
Jakarta,2025-07-30 06:00:00,29.27504275,42.7866095,6,30,7,2,75.73170449999999,108.01264075,72.04608624999999,102.69886291666664
Jakarta,2025-07-30 12:00:00,54.686324500000005,78.2736145,12,30,7,2,29.27504275,42.7866095,62.752983333333326,89.81340699999998
Jakarta,2025-07-30 18:00:00,99.218937,141.26010125000002,18,30,7,2,54.686324500000005,78.2736145,53.23102391666666,76.3576215833333
Jakarta,2025-07-31 00:00:00,93.63773825,133.30367099999998,0,31,7,3,99.218937,141.26010125000002,61.06010141666666,87.44010841666665
Jakarta,2025-07-31 06:00:00,31.80781525,45.98564400000001,6,31,7,3,93.63773825,133.30367099999998,82.51433324999999,117.61246224999998
Jakarta,2025-07-31 12:00:00,70.32952025,99.75690225,12,31,7,3,31.80781525,45.98564400000001,74.88816349999998,106.84980541666664
Jakarta,2025-07-31 18:00:00,121.14975275,171.99727124999998,18,31,7,3,70.32952025,99.75690225,65.25835791666667,93.01540574999997
Jakarta,2025-08-01 00:00:00,127.2990185,181.0022925,0,1,8,4,121.14975275,171.99727124999998,74.42902941666667,105.91327249999999
Jakarta,2025-08-01 06:00:00,37.5922575,53.8756245,6,1,8,4,127.2990185,181.0022925,106.2594305,150.91882199999998
Jakarta,2025-08-01 12:00:00,59.50522475,84.30686050000001,12,1,8,4,37.5922575,53.8756245,95.34700958333333,135.62506274999996
Jakarta,2025-08-01 18:00:00,119.14352075,169.1023495,18,1,8,4,59.50522475,84.30686050000001,74.79883358333332,106.39492583333333
Jakarta,2025-08-02 00:00:00,103.42006225,146.92995,0,2,8,5,119.14352075,169.1023495,72.08033433333333,102.42827816666666
Jakarta,2025-08-02 06:00:00,27.07156475,38.511644,6,2,8,5,103.42006225,146.92995,94.02293591666665,133.44638666666665
Jakarta,2025-08-02 12:00:00,58.53820525,83.00412449999999,12,2,8,5,27.07156475,38.511644,83.21171591666666,118.18131449999997
Jakarta,2025-08-02 18:00:00,126.382815,179.42057250000002,18,2,8,5,58.53820525,83.00412449999999,63.00994408333332,89.48190616666663
Jakarta,2025-08-03 00:00:00,118.290245,168.070527,0,3,8,6,126.382815,179.42057250000002,70.66419499999999,100.31211366666666
Jakarta,2025-08-03 06:00:00,30.00496925,42.68133575,6,3,8,6,118.290245,168.070527,101.07042175,143.49840799999998
Jakarta,2025-08-03 12:00:00,47.197886,66.982125,12,3,8,6,30.00496925,42.68133575,91.55934308333332,130.05747841666667
Jakarta,2025-08-03 18:00:00,65.36905,92.8496315,18,3,8,6,47.197886,66.982125,65.16436674999999,92.57799591666664
Jakarta,2025-08-04 00:00:00,114.4463225,162.627711,0,4,8,0,65.36905,92.8496315,47.52396841666666,67.50436408333331
Jakarta,2025-08-04 06:00:00,56.95616725,81.16507,6,4,8,0,114.4463225,162.627711,75.67108616666665,107.48648916666666
Jakarta,2025-08-04 12:00:00,75.91876325,107.6396085,12,4,8,0,56.95616725,81.16507,78.92384658333333,112.21413749999998
Jakarta,2025-08-04 18:00:00,107.531235,152.5767725,18,4,8,0,75.91876325,107.6396085,82.44041766666665,117.14412983333331
Jakarta,2025-08-05 00:00:00,113.797882,161.68314525,0,5,8,1,107.531235,152.5767725,80.13538849999998,113.79381699999999
Jakarta,2025-08-05 06:00:00,35.9318335,51.11064575,6,5,8,1,113.797882,161.68314525,99.08262674999999,140.63317541666663
Jakarta,2025-08-05 12:00:00,64.84123124999999,91.930816,12,5,8,1,35.9318335,51.11064575,85.75365016666666,121.79018783333329
Jakarta,2025-08-05 18:00:00,87.6344905,124.35489875,18,5,8,1,64.84123124999999,91.930816,71.52364891666666,101.57486899999998
Jakarta,2025-08-06 00:00:00,90.44036625,128.3645465,0,6,8,2,87.6344905,124.35489875,62.80251841666666,89.13212016666665
Jakarta,2025-08-06 06:00:00,42.1380265,60.0042545,6,6,8,2,90.44036625,128.3645465,80.97202933333331,114.88342041666664
Jakarta,2025-08-06 12:00:00,83.9921205,118.836511,12,6,8,2,42.1380265,60.0042545,73.40429441666666,104.24123324999998
Jakarta,2025-08-06 18:00:00,141.25805875,200.398971,18,6,8,2,83.9921205,118.836511,72.19017108333333,102.40177066666665
Jakarta,2025-08-07 00:00:00,164.33085875,233.4224975,0,7,8,3,141.25805875,200.398971,89.12940191666667,126.41324549999997
Jakarta,2025-08-07 06:00:00,60.1615955,85.69657000000001,6,7,8,3,164.33085875,233.4224975,129.860346,184.21932649999997
Jakarta,2025-08-07 12:00:00,78.528218,111.0212225,12,7,8,3,60.1615955,85.69657000000001,121.91683766666665,173.1726795
Jakarta,2025-08-07 18:00:00,114.0489865,161.6584775,18,7,8,3,78.528218,111.0212225,101.00689074999998,143.38009666666665
Jakarta,2025-08-08 00:00:00,116.0192925,164.56209600000005,0,8,8,4,114.0489865,161.6584775,84.24626666666666,119.45875666666666
Jakarta,2025-08-08 06:00:00,57.90138875,82.36554600000001,6,8,8,4,116.0192925,164.56209600000005,102.86549899999999,145.74726533333333
Jakarta,2025-08-08 12:00:00,59.2098675,83.7909525,12,8,8,4,57.90138875,82.36554600000001,95.98988924999999,136.19537316666666
Jakarta,2025-08-08 18:00:00,121.5883025,172.3317925,18,8,8,4,59.2098675,83.7909525,77.71018291666665,110.2395315
Jakarta,2025-08-09 00:00:00,140.1358535,198.78655,0,9,8,5,121.5883025,172.3317925,79.56651958333333,112.82943033333332
Jakarta,2025-08-09 06:00:00,65.38709875,93.04517325,6,9,8,5,140.1358535,198.78655,106.97800783333332,151.63643166666665
Jakarta,2025-08-09 12:00:00,85.48443125,120.988831,12,9,8,5,65.38709875,93.04517325,109.03708491666664,154.72117191666666
Jakarta,2025-08-09 18:00:00,106.09059575,150.367555,18,9,8,5,85.48443125,120.988831,97.00246116666666,137.60685141666667
Jakarta,2025-08-10 00:00:00,111.68435875,158.4900825,0,10,8,6,106.09059575,150.367555,85.65404191666669,121.46718641666666
Jakarta,2025-08-10 06:00:00,52.0853395,74.104719,6,10,8,6,111.68435875,158.4900825,101.08646191666666,143.28215616666665
Jakarta,2025-08-10 12:00:00,84.88035599999999,120.06296225,12,10,8,6,52.0853395,74.104719,89.95343133333334,127.65411883333331
Jakarta,2025-08-10 18:00:00,134.2379675,190.2402865,18,10,8,6,84.88035599999999,120.06296225,82.88335141666666,117.55258791666665
Jakarta,2025-08-11 00:00:00,146.283865,207.4206675,0,11,8,0,134.2379675,190.2402865,90.401221,128.13598924999997
Jakarta,2025-08-11 06:00:00,71.4020985,101.4765035,6,11,8,0,146.283865,207.4206675,121.80072949999999,172.57463875
Jakarta,2025-08-11 12:00:00,79.1663415,112.015386,12,11,8,0,71.4020985,101.4765035,117.307977,166.3791525
Jakarta,2025-08-11 18:00:00,84.92941900000001,120.44007625,18,11,8,0,79.1663415,112.015386,98.95076833333333,140.30418566666665
Jakarta,2025-08-12 00:00:00,118.57219025,168.3683885,0,12,8,1,84.92941900000001,120.44007625,78.49928633333334,111.31065524999997
Jakarta,2025-08-12 06:00:00,62.27293275,88.738546,6,12,8,1,118.57219025,168.3683885,94.22265025000002,133.60795024999996
Jakarta,2025-08-12 12:00:00,85.5190485,121.1341225,12,12,8,1,62.27293275,88.738546,88.59151400000002,125.8490035833333
Jakarta,2025-08-12 18:00:00,117.94162375,167.31400125000002,18,12,8,1,85.5190485,121.1341225,88.78805716666666,126.08035233333332
Jakarta,2025-08-13 00:00:00,135.91807,193.0119425,0,13,8,2,117.94162375,167.31400125000002,88.57786833333334,125.72888991666666
Jakarta,2025-08-13 06:00:00,60.62259625,86.52654,6,13,8,2,135.91807,193.0119425,113.12624741666667,160.48668874999998
Jakarta,2025-08-13 12:00:00,70.2414695,99.5665315,12,13,8,2,60.62259625,86.52654,104.82743,148.95082791666667
Jakarta,2025-08-13 18:00:00,77.18105700000001,109.540904,18,13,8,2,70.2414695,99.5665315,88.92737858333334,126.36833799999998
Jakarta,2025-08-14 00:00:00,84.53236,120.1107125,0,14,8,3,77.18105700000001,109.540904,69.34837425,98.54465849999997
Jakarta,2025-08-14 06:00:00,38.60373,55.41335125,6,14,8,3,84.53236,120.1107125,77.31829549999999,109.73938266666664
Jakarta,2025-08-14 12:00:00,72.07412925000001,102.2048075,12,14,8,3,38.60373,55.41335125,66.77238233333333,95.02165591666663
Jakarta,2025-08-14 18:00:00,107.0936675,152.190125,18,14,8,3,72.07412925000001,102.2048075,65.07007308333334,92.57629041666662
Jakarta,2025-08-15 00:00:00,80.47345625,114.3488365,0,15,8,4,107.0936675,152.190125,72.59050891666668,103.26942791666663
Jakarta,2025-08-15 06:00:00,25.877398,37.337372,6,15,8,4,80.47345625,114.3488365,86.54708433333333,122.91458966666664
Jakarta,2025-08-15 12:00:00,70.64935,99.95122075,12,15,8,4,25.877398,37.337372,71.14817391666666,101.29211116666663
Jakarta,2025-08-15 18:00:00,114.38981975,162.12501650000002,18,15,8,4,70.64935,99.95122075,59.00006808333333,83.8791430833333
Jakarta,2025-08-16 00:00:00,114.2370835,162.154719,0,16,8,5,114.38981975,162.12501650000002,70.30552258333334,99.80453641666664
Jakarta,2025-08-16 06:00:00,40.66850975,58.29895175,6,16,8,5,114.2370835,162.154719,99.75875108333332,141.41031874999996
Jakarta,2025-08-16 12:00:00,70.20219025,99.42914275,12,16,8,5,40.66850975,58.29895175,89.76513766666666,127.5262290833333
Jakarta,2025-08-16 18:00:00,114.8848705,163.03670250000002,18,16,8,5,70.20219025,99.42914275,75.03592783333333,106.62760449999996
Jakarta,2025-08-17 00:00:00,110.76627925,157.34644749999998,0,17,8,6,114.8848705,163.03670250000002,75.25185683333333,106.92159899999997
Jakarta,2025-08-17 06:00:00,27.32951975,39.008569,6,17,8,6,110.76627925,157.34644749999998,98.61778,139.9374309166666
Jakarta,2025-08-17 12:00:00,56.47797225,80.14796975,12,17,8,6,27.32951975,39.008569,84.32688983333334,119.79723966666664
Jakarta,2025-08-17 18:00:00,109.08048675,154.93847075,18,17,8,6,56.47797225,80.14796975,64.85792375,92.1676620833333
Jakarta,2025-08-18 00:00:00,113.846227,161.7918865,0,18,8,0,109.08048675,154.93847075,64.29599291666666,91.36500316666663
Jakarta,2025-08-18 06:00:00,32.8949735,47.103242,6,18,8,0,113.846227,161.7918865,93.13489533333332,132.29277566666664
Jakarta,2025-08-18 12:00:00,56.13173925,79.8854655,12,18,8,0,32.8949735,47.103242,85.27389575,121.27786641666664
Jakarta,2025-08-18 18:00:00,113.3153095,161.03729175,18,18,8,0,56.13173925,79.8854655,67.62431325,96.26019799999996
Jakarta,2025-08-19 00:00:00,130.62384400000002,185.77657,0,19,8,1,113.3153095,161.03729175,67.44734075000001,96.00866641666664
Jakarta,2025-08-19 06:00:00,44.275964,63.45942375,6,19,8,1,130.62384400000002,185.77657,100.02363091666668,142.2331090833333
Jakarta,2025-08-19 12:00:00,60.55046225,86.02921875000001,12,19,8,1,44.275964,63.45942375,96.07170583333334,136.7577618333333
Jakarta,2025-08-19 18:00:00,94.7621285,134.62493875,18,19,8,1,60.55046225,86.02921875000001,78.48342341666667,111.7550708333333
Jakarta,2025-08-20 00:00:00,102.93791849999998,146.2894375,0,20,8,2,94.7621285,134.62493875,66.52951825000001,94.7045270833333
Jakarta,2025-08-20 06:00:00,40.68436975,57.997282000000006,6,20,8,2,102.93791849999998,146.2894375,86.08350308333333,122.31453166666665
Jakarta,2025-08-20 12:00:00,72.12386925,102.3378225,12,20,8,2,40.68436975,57.997282000000006,79.46147225,112.97055274999997
Jakarta,2025-08-20 18:00:00,110.69508375,157.20453625000002,18,20,8,2,72.12386925,102.3378225,71.91538583333333,102.20818066666664
Jakarta,2025-08-21 00:00:00,85.7994575,121.96994825,0,21,8,3,110.69508375,157.20453625000002,74.50110758333334,105.84654691666663
Jakarta,2025-08-21 06:00:00,25.48196675,36.32203525,6,21,8,3,85.7994575,121.96994825,89.53947016666666,127.17076899999996
Jakarta,2025-08-21 12:00:00,53.47155225,75.93393875,12,21,8,3,25.48196675,36.32203525,73.99216933333334,105.1655065833333
Jakarta,2025-08-21 18:00:00,87.58777825,124.43035825,18,21,8,3,53.47155225,75.93393875,54.91765883333333,78.07530741666663
Jakarta,2025-08-22 00:00:00,69.4237485,98.70871075,0,22,8,4,87.58777825,124.43035825,55.513765750000005,78.89544408333329
Jakarta,2025-08-22 06:00:00,32.6601255,46.4852695,6,22,8,4,69.4237485,98.70871075,70.16102633333334,99.69100258333329
Jakarta,2025-08-22 12:00:00,49.24748925,69.93746999999999,12,22,8,4,32.6601255,46.4852695,63.22388408333333,89.87477949999997
Jakarta,2025-08-22 18:00:00,101.2539595,143.82306,18,22,8,4,49.24748925,69.93746999999999,50.443787750000006,71.71048341666663
Jakarta,2025-08-23 00:00:00,128.24475,182.27859875,0,23,8,5,101.2539595,143.82306,61.05385808333333,86.74859983333329
Jakarta,2025-08-23 06:00:00,43.2385145,61.604851,6,23,8,5,128.24475,182.27859875,92.91539958333334,132.01304291666662
Jakarta,2025-08-23 12:00:00,87.2475985,123.717541,12,23,8,5,43.2385145,61.604851,90.91240800000001,129.23550324999997
Jakarta,2025-08-23 18:00:00,124.33417649999998,176.5772025,18,23,8,5,87.2475985,123.717541,86.243621,122.5336635833333
Jakarta,2025-08-24 00:00:00,122.1603725,173.651415,0,24,8,6,124.33417649999998,176.5772025,84.9400965,120.63319816666665
Jakarta,2025-08-24 06:00:00,55.70092325,79.394626,6,24,8,6,122.1603725,173.651415,111.2473825,157.9820528333333
Jakarta,2025-08-24 12:00:00,101.522544,143.89812125,12,24,8,6,55.70092325,79.394626,100.73182408333332,143.2077478333333
Jakarta,2025-08-24 18:00:00,135.57695500000003,192.442741,18,24,8,6,101.522544,143.89812125,93.12794658333333,132.31472074999996
Jakarta,2025-08-25 00:00:00,144.829414,205.82336875,0,25,8,0,135.57695500000003,192.442741,97.60014075,138.5784960833333
Jakarta,2025-08-25 06:00:00,51.19022725,72.84751375,6,25,8,0,144.829414,205.82336875,127.30963766666667,180.72141033333332
Jakarta,2025-08-25 12:00:00,80.78444549999999,114.589625,12,25,8,0,51.19022725,72.84751375,110.53219875000002,157.0378745
Jakarta,2025-08-25 18:00:00,102.626985,145.67592750000003,18,25,8,0,80.78444549999999,114.589625,92.26802891666667,131.0868358333333
Jakarta,2025-08-26 00:00:00,100.03429875,142.135831,0,26,8,1,102.626985,145.67592750000003,78.20055258333333,111.03768874999999
Jakarta,2025-08-26 06:00:00,35.12838025,50.236452,6,26,8,1,100.03429875,142.135831,94.48190975,134.1337945
Jakarta,2025-08-26 12:00:00,82.55395425,117.0674875,12,26,8,1,35.12838025,50.236452,79.26322133333333,112.68273683333332
Jakarta,2025-08-26 18:00:00,133.20609925,189.1417875,18,26,8,1,82.55395425,117.0674875,72.57221108333334,103.14659016666666
Jakarta,2025-08-27 00:00:00,109.30469325,155.376254,0,27,8,2,133.20609925,189.1417875,83.62947791666666,118.8152423333333
Jakarta,2025-08-27 06:00:00,32.004436500000004,46.1888025,6,27,8,2,109.30469325,155.376254,108.35491558333335,153.861843
Jakarta,2025-08-27 12:00:00,59.487661,85.123019,12,27,8,2,32.004436500000004,46.1888025,91.50507633333335,130.23561466666663
Jakarta,2025-08-27 18:00:00,87.34389275,124.78887,18,27,8,2,59.487661,85.123019,66.93226358333335,95.56269183333332
Jakarta,2025-08-28 00:00:00,94.433065,135.2337325,0,28,8,3,87.34389275,124.78887,59.61199675,85.36689716666665
Jakarta,2025-08-28 06:00:00,34.238723500000006,50.56307375,6,28,8,3,94.433065,135.2337325,80.42153958333334,115.04854049999999
Jakarta,2025-08-28 12:00:00,51.52986675,74.1844135,12,28,8,3,34.238723500000006,50.56307375,72.00522708333334,103.52855874999999
Jakarta,2025-08-28 18:00:00,78.82374475,112.509951,18,28,8,3,51.52986675,74.1844135,60.06721841666667,86.66040658333331
Jakarta,2025-08-29 00:00:00,104.337346,148.64736,0,29,8,4,78.82374475,112.509951,54.86411166666667,79.08581274999999
Jakarta,2025-08-29 06:00:00,43.58719225,63.0904545,6,29,8,4,104.337346,148.64736,78.23031916666666,111.78057483333332
Jakarta,2025-08-29 12:00:00,70.59219350000001,100.31976625,12,29,8,4,43.58719225,63.0904545,75.582761,108.08258849999999
Jakarta,2025-08-29 18:00:00,83.281037,118.37749975,18,29,8,4,70.59219350000001,100.31976625,72.83891058333334,104.01919358333332
Jakarta,2025-08-30 00:00:00,76.432798,108.646191,0,30,8,5,83.281037,118.37749975,65.82014091666667,93.92924016666666
Jakarta,2025-08-30 06:00:00,33.106942749999995,47.5411075,6,30,8,5,76.432798,108.646191,76.76867616666668,109.11448566666665
Jakarta,2025-08-30 12:00:00,58.86181475000001,83.602628,12,30,8,5,33.106942749999995,47.5411075,64.27359258333334,91.52159941666666
Jakarta,2025-08-30 18:00:00,96.3765685,136.76845,18,30,8,5,58.86181475000001,83.602628,56.133851833333345,79.92997549999998
Jakarta,2025-08-31 00:00:00,138.25342750000002,196.347285,0,31,8,6,96.3765685,136.76845,62.781775333333336,89.30406183333332
Jakarta,2025-08-31 06:00:00,60.21849675000001,86.00989099999998,6,31,8,6,138.25342750000002,196.347285,97.83060358333334,138.90612099999998
Jakarta,2025-08-31 12:00:00,79.27110400000001,112.1929925,12,31,8,6,60.21849675000001,86.00989099999998,98.28283091666668,139.708542
Jakarta,2025-08-31 18:00:00,109.5195915,155.30974849999998,18,31,8,6,79.27110400000001,112.1929925,92.58100941666669,131.51672283333332
Kuala Lumpur,2024-09-01 06:00:00,35.04140975,49.857477,6,1,9,6,57.589375,81.37612999999999,57.589375,81.37612999999999
Kuala Lumpur,2024-09-01 12:00:00,43.240561,60.84610475,12,1,9,6,35.04140975,49.857477,46.315392375,65.6168035
Kuala Lumpur,2024-09-01 18:00:00,66.85024725000001,94.2566775,18,1,9,6,43.240561,60.84610475,45.29044858333333,64.02657058333334
Kuala Lumpur,2024-09-02 00:00:00,60.1325505,84.95871275,0,2,9,0,66.85024725000001,94.2566775,48.37740600000001,68.32008641666667
Kuala Lumpur,2024-09-02 06:00:00,21.90967075,31.12171525,6,2,9,0,60.1325505,84.95871275,56.74111958333334,80.02049833333335
Kuala Lumpur,2024-09-02 12:00:00,34.01112225,47.82003775,12,2,9,0,21.90967075,31.12171525,49.63082283333335,70.1123685
Kuala Lumpur,2024-09-02 18:00:00,44.1264935,62.16157524999999,18,2,9,0,34.01112225,47.82003775,38.68444783333333,54.63348858333333
Kuala Lumpur,2024-09-03 00:00:00,46.42913675,65.48026575,0,3,9,1,44.1264935,62.16157524999999,33.3490955,47.034442750000004
Kuala Lumpur,2024-09-03 06:00:00,23.27715225,32.985553499999995,6,3,9,1,46.42913675,65.48026575,41.52225083333333,58.48729291666666
Kuala Lumpur,2024-09-03 12:00:00,27.94115525,39.14749375,12,3,9,1,23.27715225,32.985553499999995,37.94426083333333,53.54246483333333
Kuala Lumpur,2024-09-03 18:00:00,59.44474425,83.632329,18,3,9,1,27.94115525,39.14749375,32.549148083333336,45.871104333333335
Kuala Lumpur,2024-09-04 00:00:00,70.74208924999999,99.65356125,0,4,9,2,59.44474425,83.632329,36.88768391666667,51.92179208333334
Kuala Lumpur,2024-09-04 06:00:00,23.18120075,32.8351465,6,4,9,2,70.74208924999999,99.65356125,52.70932958333333,74.14446133333333
Kuala Lumpur,2024-09-04 12:00:00,29.340299,41.0418585,12,4,9,2,23.18120075,32.8351465,51.12267808333332,72.04034558333333
Kuala Lumpur,2024-09-04 18:00:00,43.47330675,60.98465949999999,18,4,9,2,29.340299,41.0418585,41.087863,57.84352208333333
Kuala Lumpur,2024-09-05 00:00:00,45.07046425,63.41440425,0,5,9,3,43.47330675,60.98465949999999,31.99826883333333,44.95388816666667
Kuala Lumpur,2024-09-05 06:00:00,14.39957475,20.4132675,6,5,9,3,45.07046425,63.41440425,39.294689999999996,55.14697408333333
Kuala Lumpur,2024-09-05 12:00:00,23.87832875,33.46633475,12,5,9,3,14.39957475,20.4132675,34.31444858333333,48.270777083333336
Kuala Lumpur,2024-09-05 18:00:00,45.023796,63.40314925,18,5,9,3,23.87832875,33.46633475,27.782789249999997,39.09800216666667
Kuala Lumpur,2024-09-06 00:00:00,28.332352,39.98013649999999,0,6,9,4,45.023796,63.40314925,27.767233166666667,39.09425050000001
Kuala Lumpur,2024-09-06 06:00:00,22.48020825,31.7724015,6,6,9,4,28.332352,39.98013649999999,32.41149225,45.616540166666674
Kuala Lumpur,2024-09-06 12:00:00,36.9973355,51.875758000000005,12,6,9,4,22.48020825,31.7724015,31.945452083333333,45.05189575
Kuala Lumpur,2024-09-06 18:00:00,48.0961825,67.73075250000001,18,6,9,4,36.9973355,51.875758000000005,29.26996525,41.209432
Kuala Lumpur,2024-09-07 00:00:00,50.46149525,71.220483,0,7,9,5,48.0961825,67.73075250000001,35.85790875,50.45963733333334
Kuala Lumpur,2024-09-07 06:00:00,29.3366615,41.873477,6,7,9,5,50.46149525,71.220483,45.185004416666665,63.60899783333334
Kuala Lumpur,2024-09-07 12:00:00,31.9471385,45.09661325,12,7,9,5,29.3366615,41.873477,42.63144641666667,60.274904166666666
Kuala Lumpur,2024-09-07 18:00:00,34.06759675000001,48.30712825,18,7,9,5,31.9471385,45.09661325,37.24843175,52.73019108333333
Kuala Lumpur,2024-09-08 00:00:00,48.65251,69.228578,0,8,9,6,34.06759675000001,48.30712825,31.78379891666667,45.09240616666667
Kuala Lumpur,2024-09-08 06:00:00,27.47538,40.014696750000006,6,8,9,6,48.65251,69.228578,38.22241508333334,54.21077316666666
Kuala Lumpur,2024-09-08 12:00:00,39.1664795,55.448254250000005,12,8,9,6,27.47538,40.014696750000006,36.73182891666667,52.51680100000001
Kuala Lumpur,2024-09-08 18:00:00,44.9647925,63.70555625000001,18,8,9,6,39.1664795,55.448254250000005,38.4314565,54.897176333333334
Kuala Lumpur,2024-09-09 00:00:00,15.460159425,21.848791,0,9,9,0,44.9647925,63.70555625000001,37.20221733333334,53.05616908333334
Kuala Lumpur,2024-09-09 06:00:00,13.23280675,19.025379,6,9,9,0,15.460159425,21.848791,33.19714380833333,47.000867166666666
Kuala Lumpur,2024-09-09 12:00:00,28.0087985,39.358838,12,9,9,0,13.23280675,19.025379,24.552586225,34.85990875000001
Kuala Lumpur,2024-09-09 18:00:00,42.70953025,60.25223275,18,9,9,0,28.0087985,39.358838,18.900588225,26.744336
Kuala Lumpur,2024-09-10 00:00:00,48.162065000000005,68.25564550000001,0,10,9,1,42.70953025,60.25223275,27.98371183333333,39.54548325
Kuala Lumpur,2024-09-10 06:00:00,25.285203,36.447659,6,10,9,1,48.162065000000005,68.25564550000001,39.62679791666667,55.955572083333344
Kuala Lumpur,2024-09-10 12:00:00,33.4829335,47.01098475,12,10,9,1,25.285203,36.447659,38.71893275,54.98517908333334
Kuala Lumpur,2024-09-10 18:00:00,39.81739375,56.13952575,18,10,9,1,33.4829335,47.01098475,35.643400500000006,50.57142975
Kuala Lumpur,2024-09-11 00:00:00,31.9699325,45.15396749999999,0,11,9,2,39.81739375,56.13952575,32.861843416666666,46.53272316666666
Kuala Lumpur,2024-09-11 06:00:00,12.65470925,18.341325,6,11,9,2,31.9699325,45.15396749999999,35.09008658333334,49.434825999999994
Kuala Lumpur,2024-09-11 12:00:00,26.6933285,37.03291874999999,12,11,9,2,12.65470925,18.341325,28.147345166666668,39.878272749999994
Kuala Lumpur,2024-09-11 18:00:00,42.55141999999999,59.59668725,18,11,9,2,26.6933285,37.03291874999999,23.77265675,33.50940375
Kuala Lumpur,2024-09-12 00:00:00,32.123381249999994,45.0224895,0,12,9,3,42.55141999999999,59.59668725,27.29981925,38.32364366666666
Kuala Lumpur,2024-09-12 06:00:00,13.37753025,19.00502825,6,12,9,3,32.123381249999994,45.0224895,33.78937658333333,47.21736516666667
Kuala Lumpur,2024-09-12 12:00:00,28.40812375,39.3131365,12,12,9,3,13.37753025,19.00502825,29.35077716666666,41.20806833333334
Kuala Lumpur,2024-09-12 18:00:00,34.2058115,47.80130775,18,12,9,3,28.40812375,39.3131365,24.636345083333328,34.44688475
Kuala Lumpur,2024-09-13 00:00:00,46.8954795,65.505105,0,13,9,4,34.2058115,47.80130775,25.3304885,35.3731575
Kuala Lumpur,2024-09-13 06:00:00,19.196932,27.32883825,6,13,9,4,46.8954795,65.505105,36.50313825,50.87318308333334
Kuala Lumpur,2024-09-13 12:00:00,27.11226425,37.45026325,12,13,9,4,19.196932,27.32883825,33.432741,46.878417000000006
Kuala Lumpur,2024-09-13 18:00:00,36.5506735,51.04820475,18,13,9,4,27.11226425,37.45026325,31.068225249999998,43.42806883333333
Kuala Lumpur,2024-09-14 00:00:00,36.14923100000001,50.914082,0,14,9,5,36.5506735,51.04820475,27.619956583333334,38.60910208333333
Kuala Lumpur,2024-09-14 06:00:00,8.127017175,11.462134374999998,6,14,9,5,36.14923100000001,50.914082,33.27072291666667,46.470850000000006
Kuala Lumpur,2024-09-14 12:00:00,20.512459125,28.611339,12,14,9,5,8.127017175,11.462134374999998,26.942307225000004,37.808140375
Kuala Lumpur,2024-09-14 18:00:00,39.051769750000005,54.8702135,18,14,9,5,20.512459125,28.611339,21.596235766666666,30.329185125000006
Kuala Lumpur,2024-09-15 00:00:00,23.31327675,32.842706325,0,15,9,6,39.051769750000005,54.8702135,22.563748683333333,31.647895625000004
Kuala Lumpur,2024-09-15 06:00:00,8.2921475,11.68103825,6,15,9,6,23.31327675,32.842706325,27.62583520833333,38.77475294166667
Kuala Lumpur,2024-09-15 12:00:00,19.157312125,26.87630725,12,15,9,6,8.2921475,11.68103825,23.552398,33.131319358333336
Kuala Lumpur,2024-09-15 18:00:00,30.992937125,43.73811225,18,15,9,6,19.157312125,26.87630725,16.920912125,23.800017275000005
Kuala Lumpur,2024-09-16 00:00:00,18.0468475,25.49739975,0,16,9,0,30.992937125,43.73811225,19.480798916666668,27.431819250000007
Kuala Lumpur,2024-09-16 06:00:00,7.830408175,11.204406375,6,16,9,0,18.0468475,25.49739975,22.732365583333333,32.03727308333334
Kuala Lumpur,2024-09-16 12:00:00,19.6220925,27.67174575,12,16,9,0,7.830408175,11.204406375,18.956730933333333,26.813306125000008
Kuala Lumpur,2024-09-16 18:00:00,29.3211285,41.05680875,18,16,9,0,19.6220925,27.67174575,15.166449391666665,21.457850625000006
Kuala Lumpur,2024-09-17 00:00:00,43.312554250000005,60.751801750000006,0,17,9,1,29.3211285,41.05680875,18.92454305833333,26.644320291666673
Kuala Lumpur,2024-09-17 06:00:00,20.26268925,28.893766000000003,6,17,9,1,43.312554250000005,60.751801750000006,30.751925083333333,43.16011875000001
Kuala Lumpur,2024-09-17 12:00:00,18.51910275,26.15237825,12,17,9,1,20.26268925,28.893766000000003,30.965457333333337,43.56745883333335
Kuala Lumpur,2024-09-17 18:00:00,28.17290575,39.58609800000001,18,17,9,1,18.51910275,26.15237825,27.364782083333335,38.599315333333344
Kuala Lumpur,2024-09-18 00:00:00,45.446143000000006,63.963171,0,18,9,2,28.17290575,39.58609800000001,22.318232583333337,31.54408075000001
Kuala Lumpur,2024-09-18 06:00:00,20.283437,29.24093675,6,18,9,2,45.446143000000006,63.963171,30.712717166666668,43.23388241666668
Kuala Lumpur,2024-09-18 12:00:00,25.9980195,36.022470250000005,12,18,9,2,20.283437,29.24093675,31.300828583333338,44.26340191666668
Kuala Lumpur,2024-09-18 18:00:00,42.28780925,58.93187475,18,18,9,2,25.9980195,36.022470250000005,30.575866500000004,43.075526
Kuala Lumpur,2024-09-19 00:00:00,12.358441399999998,17.477532500000002,0,19,9,3,42.28780925,58.93187475,29.523088583333333,41.398427250000005
Kuala Lumpur,2024-09-19 06:00:00,1.516355025,2.1550476875,6,19,9,3,12.358441399999998,17.477532500000002,26.88142338333334,37.47729250000001
Kuala Lumpur,2024-09-19 12:00:00,16.98484175,23.85002025,12,19,9,3,1.516355025,2.1550476875,18.720868558333333,26.18815164583334
Kuala Lumpur,2024-09-19 18:00:00,45.784531,64.58739700000001,18,19,9,3,16.98484175,23.85002025,10.286546058333334,14.49420014583334
Kuala Lumpur,2024-09-20 00:00:00,55.86511525,78.65980925,0,20,9,4,45.784531,64.58739700000001,21.428575925,30.19748831250001
Kuala Lumpur,2024-09-20 06:00:00,23.8995595,33.30407625,6,20,9,4,55.86511525,78.65980925,39.54482933333333,55.69907550000001
Kuala Lumpur,2024-09-20 12:00:00,26.0199045,35.25116175,12,20,9,4,23.8995595,33.30407625,41.84973525,58.8504275
Kuala Lumpur,2024-09-20 18:00:00,38.153189,52.230063,18,20,9,4,26.0199045,35.25116175,35.26152641666667,49.07168241666667
Kuala Lumpur,2024-09-21 00:00:00,55.43222325,76.1284595,0,21,9,5,38.153189,52.230063,29.357551,40.261767000000006
Kuala Lumpur,2024-09-21 06:00:00,27.60731425,37.49329349999999,6,21,9,5,55.43222325,76.1284595,39.86843891666667,54.53656141666668
Kuala Lumpur,2024-09-21 12:00:00,37.72987625,51.20500675,12,21,9,5,27.60731425,37.49329349999999,40.397575499999995,55.28393866666668
Kuala Lumpur,2024-09-21 18:00:00,56.19961,77.87832675,18,21,9,5,37.72987625,51.20500675,40.25647125,54.94225325
Kuala Lumpur,2024-09-22 00:00:00,33.217929500000004,46.47870425,0,22,9,6,56.19961,77.87832675,40.512266833333335,55.52554233333334
Kuala Lumpur,2024-09-22 06:00:00,10.89262015,15.267573999999998,6,22,9,6,33.217929500000004,46.47870425,42.38247191666667,58.52067925000001
Kuala Lumpur,2024-09-22 12:00:00,33.36788275,46.25235250000001,12,22,9,6,10.89262015,15.267573999999998,33.43671988333334,46.54153500000001
Kuala Lumpur,2024-09-22 18:00:00,51.936523750000006,72.63645400000001,18,22,9,6,33.36788275,46.25235250000001,25.826144133333333,35.99954358333334
Kuala Lumpur,2024-09-23 00:00:00,66.827511,93.7909585,0,23,9,0,51.936523750000006,72.63645400000001,32.06567555,44.71879350000001
Kuala Lumpur,2024-09-23 06:00:00,28.39558975,39.703821000000005,6,23,9,0,66.827511,93.7909585,50.710639166666674,70.89325500000001
Kuala Lumpur,2024-09-23 12:00:00,33.96544875,47.148547,12,23,9,0,28.39558975,39.703821000000005,49.05320816666667,68.71041116666669
Kuala Lumpur,2024-09-23 18:00:00,33.6857795,46.9928515,18,23,9,0,33.96544875,47.148547,43.06284983333334,60.21444216666668
Kuala Lumpur,2024-09-24 00:00:00,25.05572625,35.216772,0,24,9,1,33.6857795,46.9928515,32.015606,44.61507316666668
Kuala Lumpur,2024-09-24 06:00:00,9.8727355,13.85410575,6,24,9,1,25.05572625,35.216772,30.902318166666664,43.119390166666676
Kuala Lumpur,2024-09-24 12:00:00,21.08296825,29.45324675,12,24,9,1,9.8727355,13.85410575,22.871413750000002,32.02124308333334
Kuala Lumpur,2024-09-24 18:00:00,49.26872074999999,69.34902675,18,24,9,1,21.08296825,29.45324675,18.670476666666666,26.174708166666676
Kuala Lumpur,2024-09-25 00:00:00,57.0000795,80.27234349999999,0,25,9,2,49.26872074999999,69.34902675,26.74147483333333,37.552126416666674
Kuala Lumpur,2024-09-25 06:00:00,23.196378,32.488743,6,25,9,2,57.0000795,80.27234349999999,42.4505895,59.691539000000006
Kuala Lumpur,2024-09-25 12:00:00,36.18993075,50.4012405,12,25,9,2,23.196378,32.488743,43.15505941666666,60.70337108333334
Kuala Lumpur,2024-09-25 18:00:00,41.802934,58.59254775,18,25,9,2,36.18993075,50.4012405,38.79546275,54.38744233333335
Kuala Lumpur,2024-09-26 00:00:00,45.0893365,63.2517185,0,26,9,3,41.802934,58.59254775,33.729747583333335,47.16084375000002
Kuala Lumpur,2024-09-26 06:00:00,24.042521,33.804525,6,26,9,3,45.0893365,63.2517185,41.02740041666667,57.41516891666669
Kuala Lumpur,2024-09-26 12:00:00,34.92164075,48.7403325,12,26,9,3,24.042521,33.804525,36.97826383333334,51.88293041666668
Kuala Lumpur,2024-09-26 18:00:00,46.311981,65.04160275,18,26,9,3,34.92164075,48.7403325,34.684499416666675,48.59885866666668
Kuala Lumpur,2024-09-27 00:00:00,42.80624925,60.257037,0,27,9,4,46.311981,65.04160275,35.09204758333334,49.195486750000015
Kuala Lumpur,2024-09-27 06:00:00,15.320182625,21.6936655,6,27,9,4,42.80624925,60.257037,41.34662366666667,58.01299075000001
Kuala Lumpur,2024-09-27 12:00:00,26.64040725,37.23800975,12,27,9,4,15.320182625,21.6936655,34.81280429166667,48.99743508333335
Kuala Lumpur,2024-09-27 18:00:00,49.421771,69.494547,18,27,9,4,26.64040725,37.23800975,28.255613041666667,39.729570750000015
Kuala Lumpur,2024-09-28 00:00:00,34.90740124999999,49.245500250000006,0,28,9,5,49.421771,69.494547,30.460786958333333,42.80874075000002
Kuala Lumpur,2024-09-28 06:00:00,17.780621250000003,25.150143,6,28,9,5,34.90740124999999,49.245500250000006,36.989859833333334,51.99268566666668
Kuala Lumpur,2024-09-28 12:00:00,23.90652275,33.685751,12,28,9,5,17.780621250000003,25.150143,34.03659783333333,47.963396750000015
Kuala Lumpur,2024-09-28 18:00:00,42.457828,59.91077425,18,28,9,5,23.90652275,33.685751,25.531515083333336,36.02713141666669
Kuala Lumpur,2024-09-29 00:00:00,48.731465,68.86500649999999,0,29,9,6,42.457828,59.91077425,28.048324000000004,39.58222275000002
Kuala Lumpur,2024-09-29 06:00:00,20.57964825,29.17158775,6,29,9,6,48.731465,68.86500649999999,38.365271916666664,54.15384391666669
Kuala Lumpur,2024-09-29 12:00:00,30.20466,42.4249715,12,29,9,6,20.57964825,29.17158775,37.256313750000004,52.649122833333344
Kuala Lumpur,2024-09-29 18:00:00,41.75004175,58.8304375,18,29,9,6,30.20466,42.4249715,33.17192441666666,46.82052191666668
Kuala Lumpur,2024-09-30 00:00:00,38.5422825,54.413419000000005,0,30,9,0,41.75004175,58.8304375,30.84478333333334,43.47566558333335
Kuala Lumpur,2024-09-30 06:00:00,18.11557125,25.65349175,6,30,9,0,38.5422825,54.413419000000005,36.83232808333333,51.88960933333335
Kuala Lumpur,2024-09-30 12:00:00,23.52953725,33.086934,12,30,9,0,18.11557125,25.65349175,32.802631833333336,46.29911608333335
Kuala Lumpur,2024-09-30 18:00:00,34.17616775,48.22084,18,30,9,0,23.52953725,33.086934,26.729130333333334,37.71794825000001
Kuala Lumpur,2024-10-01 00:00:00,43.2144985,61.04215849999999,0,1,10,1,34.17616775,48.22084,25.273758750000002,35.65375525000002
Kuala Lumpur,2024-10-01 06:00:00,18.277518,25.924322,6,1,10,1,43.2144985,61.04215849999999,33.64006783333333,47.44997750000001
Kuala Lumpur,2024-10-01 12:00:00,25.4721045,35.7325395,12,1,10,1,18.277518,25.924322,31.889394750000005,45.062440166666676
Kuala Lumpur,2024-10-01 18:00:00,39.592266,55.734375,18,1,10,1,25.4721045,35.7325395,28.988040333333334,40.89967333333335
Kuala Lumpur,2024-10-02 00:00:00,57.21787525,80.714015,0,2,10,2,39.592266,55.734375,27.780629500000003,39.13041216666668
Kuala Lumpur,2024-10-02 06:00:00,23.054468,32.5855465,6,2,10,2,57.21787525,80.714015,40.76074858333334,57.393643166666685
Kuala Lumpur,2024-10-02 12:00:00,33.72460375,47.346304,12,2,10,2,23.054468,32.5855465,39.95486975,56.34464550000001
Kuala Lumpur,2024-10-02 18:00:00,39.66582125,55.89302525,18,2,10,2,33.72460375,47.346304,37.99898233333334,53.54862183333335
Kuala Lumpur,2024-10-03 00:00:00,23.23616875,32.85970174999999,0,3,10,3,39.66582125,55.89302525,32.14829766666667,45.27495858333335
Kuala Lumpur,2024-10-03 06:00:00,12.78891675,18.1760245,6,3,10,3,23.23616875,32.85970174999999,32.20886458333334,45.36634366666669
Kuala Lumpur,2024-10-03 12:00:00,21.90466825,30.89110125,12,3,10,3,12.78891675,18.1760245,25.230302250000005,35.642917166666685
Kuala Lumpur,2024-10-03 18:00:00,30.12633025,42.56776175,18,3,10,3,21.90466825,30.89110125,19.30991791666667,27.30894250000001
Kuala Lumpur,2024-10-04 00:00:00,46.562036,65.8928345,0,4,10,4,30.12633025,42.56776175,21.60663841666667,30.544962500000015
Kuala Lumpur,2024-10-04 06:00:00,18.6515765,26.47760775,6,4,10,4,46.562036,65.8928345,32.86434483333334,46.45056583333335
Kuala Lumpur,2024-10-04 12:00:00,29.6687405,41.691294,12,4,10,4,18.6515765,26.47760775,31.77998091666667,44.97940133333335
Kuala Lumpur,2024-10-04 18:00:00,23.94585875,33.77897425,18,4,10,4,29.6687405,41.691294,31.627451000000004,44.68724541666668
Kuala Lumpur,2024-10-05 00:00:00,31.41315125,44.41187625,0,5,10,5,23.94585875,33.77897425,24.08872525,33.982625333333345
Kuala Lumpur,2024-10-05 06:00:00,15.010926,21.2700115,6,5,10,5,31.41315125,44.41187625,28.3425835,39.96071483333334
Kuala Lumpur,2024-10-05 12:00:00,20.170375875,28.42728,12,5,10,5,15.010926,21.2700115,23.45664533333333,33.153620666666676
Kuala Lumpur,2024-10-05 18:00:00,33.36555225,47.091589500000005,18,5,10,5,20.170375875,28.42728,22.198151041666666,31.36972258333334
Kuala Lumpur,2024-10-06 00:00:00,23.77652175,33.64357325,0,6,10,6,33.36555225,47.091589500000005,22.848951375000002,32.262960333333346
Kuala Lumpur,2024-10-06 06:00:00,12.639133875,17.880324875,6,6,10,6,23.77652175,33.64357325,25.770816625,36.38748091666668
Kuala Lumpur,2024-10-06 12:00:00,31.377852,44.13539050000001,12,6,10,6,12.639133875,17.880324875,23.260402625,32.871829208333345
Kuala Lumpur,2024-10-06 18:00:00,45.1581455,63.76433275,18,6,10,6,31.377852,44.13539050000001,22.597835875000005,31.886429541666683
Kuala Lumpur,2024-10-07 00:00:00,49.110554,69.4664095,0,7,10,0,45.1581455,63.76433275,29.725043791666668,41.926682708333345
Kuala Lumpur,2024-10-07 06:00:00,20.88842175,29.715522,6,7,10,0,49.110554,69.4664095,41.882183833333336,59.12204425000001
Kuala Lumpur,2024-10-07 12:00:00,25.2593965,35.56561975,12,7,10,0,20.88842175,29.715522,38.38570708333334,54.31542141666668
Kuala Lumpur,2024-10-07 18:00:00,38.56825925,54.30598575,18,7,10,0,25.2593965,35.56561975,31.752790750000003,44.91585041666667
Kuala Lumpur,2024-10-08 00:00:00,47.813216,67.46375825,0,8,10,1,38.56825925,54.30598575,28.238692500000003,39.862375833333346
Kuala Lumpur,2024-10-08 06:00:00,17.60150775,24.99166425,6,8,10,1,47.813216,67.46375825,37.21362391666667,52.44512125000001
Kuala Lumpur,2024-10-08 12:00:00,29.40674925,41.312148,12,8,10,1,17.60150775,24.99166425,34.66099433333333,48.92046941666667
Kuala Lumpur,2024-10-08 18:00:00,51.17055925,72.12747750000001,18,8,10,1,29.40674925,41.312148,31.60715766666667,44.589190166666675
Kuala Lumpur,2024-10-09 00:00:00,55.94304725,79.011557,0,9,10,2,51.17055925,72.12747750000001,32.726272083333335,46.143763250000006
Kuala Lumpur,2024-10-09 06:00:00,28.7819825,40.84381575,6,9,10,2,55.94304725,79.011557,45.50678525000001,64.15039416666667
Kuala Lumpur,2024-10-09 12:00:00,39.24998325,55.02534025,12,9,10,2,28.7819825,40.84381575,45.29852966666667,63.99428341666667
Kuala Lumpur,2024-10-09 18:00:00,39.66516675,55.88196925,18,9,10,2,39.24998325,55.02534025,41.32500433333333,58.29357100000001
Kuala Lumpur,2024-10-10 00:00:00,33.87921775,47.82111825,0,10,10,3,39.66516675,55.88196925,35.89904416666667,50.58370841666667
Kuala Lumpur,2024-10-10 06:00:00,19.02893125,26.99113125,6,10,10,3,33.87921775,47.82111825,37.59812258333333,52.90947591666667
Kuala Lumpur,2024-10-10 12:00:00,38.60282075000001,54.173029250000006,12,10,10,3,19.02893125,26.99113125,30.857771916666668,43.564739583333335
Kuala Lumpur,2024-10-10 18:00:00,40.277115,56.779128,18,10,10,3,38.60282075000001,54.173029250000006,30.50365658333334,42.99509291666667
Kuala Lumpur,2024-10-11 00:00:00,38.74367825,54.7505005,0,11,10,4,40.277115,56.779128,32.636289000000005,45.981096166666674
Kuala Lumpur,2024-10-11 06:00:00,12.1276285,17.16759375,6,11,10,4,38.74367825,54.7505005,39.20787133333334,55.23421925
Kuala Lumpur,2024-10-11 12:00:00,21.30076375,29.96131325,12,11,10,4,12.1276285,17.16759375,30.382807250000003,42.89907408333334
Kuala Lumpur,2024-10-11 18:00:00,26.93263925,37.96981225,18,11,10,4,21.30076375,29.96131325,24.057356833333333,33.9598025
Kuala Lumpur,2024-10-12 00:00:00,35.843641,50.646123,0,12,10,5,26.93263925,37.96981225,20.120343833333333,28.366239750000005
Kuala Lumpur,2024-10-12 06:00:00,16.820195000000002,23.730365000000003,6,12,10,5,35.843641,50.646123,28.025681333333335,39.5257495
Kuala Lumpur,2024-10-12 12:00:00,27.35799875,38.429789,12,12,10,5,16.820195000000002,23.730365000000003,26.532158416666665,37.44876675000001
Kuala Lumpur,2024-10-12 18:00:00,37.307471750000005,52.5626545,18,12,10,5,27.35799875,38.429789,26.673944916666667,37.60209233333334
Kuala Lumpur,2024-10-13 00:00:00,21.800474,30.806632,0,13,10,6,37.307471750000005,52.5626545,27.161888500000003,38.24093616666667
Kuala Lumpur,2024-10-13 06:00:00,9.3653795,13.246562875,6,13,10,6,21.800474,30.806632,28.821981500000003,40.59969183333334
Kuala Lumpur,2024-10-13 12:00:00,23.21974075,32.65091725,12,13,10,6,9.3653795,13.246562875,22.824441750000002,32.205283125
Kuala Lumpur,2024-10-13 18:00:00,27.460004375,38.744929,18,13,10,6,23.21974075,32.65091725,18.128531416666664,25.568037375000007
Kuala Lumpur,2024-10-14 00:00:00,34.59416625,48.91364825,0,14,10,0,27.460004375,38.744929,20.015041541666665,28.214136375000006
Kuala Lumpur,2024-10-14 06:00:00,7.864344000000001,11.182408,6,14,10,0,34.59416625,48.91364825,28.424637125,40.103164833333345
Kuala Lumpur,2024-10-14 12:00:00,29.08075175,40.9102085,12,14,10,0,7.864344000000001,11.182408,23.306171541666668,32.94699508333334
Kuala Lumpur,2024-10-14 18:00:00,44.01658825,62.1258775,18,14,10,0,29.08075175,40.9102085,23.846420666666663,33.66875491666667
Kuala Lumpur,2024-10-15 00:00:00,32.08526825,45.40322625,0,15,10,1,44.01658825,62.1258775,26.987227999999998,38.07283133333334
Kuala Lumpur,2024-10-15 06:00:00,16.05923225,22.88192025,6,15,10,1,32.08526825,45.40322625,35.06086941666666,49.47977075000001
Kuala Lumpur,2024-10-15 12:00:00,24.6970725,34.8229315,12,15,10,1,16.05923225,22.88192025,30.72036291666667,43.470341333333344
Kuala Lumpur,2024-10-15 18:00:00,42.742897,60.31461949999999,18,15,10,1,24.6970725,34.8229315,24.280524333333332,34.36935933333334
Kuala Lumpur,2024-10-16 00:00:00,26.10886375,36.9511776,0,16,10,2,42.742897,60.31461949999999,27.83306725,39.33982375
Kuala Lumpur,2024-10-16 06:00:00,6.18132375,9.027814824999998,6,16,10,2,26.10886375,36.9511776,31.18294441666666,44.0295762
Kuala Lumpur,2024-10-16 12:00:00,18.91940785,26.6762185,12,16,10,2,6.18132375,9.027814824999998,25.011028166666666,35.431203975
Kuala Lumpur,2024-10-16 18:00:00,29.85112225,42.1772485,18,16,10,2,18.91940785,26.6762185,17.069865116666666,24.21840364166667
Kuala Lumpur,2024-10-17 00:00:00,38.345376,54.2992205,0,17,10,3,29.85112225,42.1772485,18.317284616666665,25.960427275
Kuala Lumpur,2024-10-17 06:00:00,13.561362,19.314825,6,17,10,3,38.345376,54.2992205,29.038635366666668,41.050895833333335
Kuala Lumpur,2024-10-17 12:00:00,29.658651,41.72153425,12,17,10,3,13.561362,19.314825,27.252620083333337,38.597098
Kuala Lumpur,2024-10-17 18:00:00,29.0553715,41.128942,18,17,10,3,29.658651,41.72153425,27.188463000000002,38.445193249999996
Kuala Lumpur,2024-10-18 00:00:00,23.557959250000003,33.3340035,0,18,10,4,29.0553715,41.128942,24.091794833333335,34.05510041666667
Kuala Lumpur,2024-10-18 06:00:00,10.3854631,14.851650375,6,18,10,4,23.557959250000003,33.3340035,27.42399391666667,38.72815991666667
Kuala Lumpur,2024-10-18 12:00:00,31.5594375,44.28852675,12,18,10,4,10.3854631,14.851650375,20.999597950000002,29.77153195833334
Kuala Lumpur,2024-10-18 18:00:00,45.15649775,63.70817125,18,18,10,4,31.5594375,44.28852675,21.83428661666667,30.824726875000007
Kuala Lumpur,2024-10-19 00:00:00,49.70979825,70.34742525,0,19,10,5,45.15649775,63.70817125,29.033799450000004,40.94944945833334
Kuala Lumpur,2024-10-19 06:00:00,16.423939375,23.83148975,6,19,10,5,49.70979825,70.34742525,42.14191116666667,59.44804108333333
Kuala Lumpur,2024-10-19 12:00:00,28.646653,40.15140675,12,19,10,5,16.423939375,23.83148975,37.096745125000005,52.62902875
Kuala Lumpur,2024-10-19 18:00:00,40.431019500000005,56.803855,18,19,10,5,28.646653,40.15140675,31.59346354166667,44.77677391666666
Kuala Lumpur,2024-10-20 00:00:00,26.98038775,38.0230175,0,20,10,6,40.431019500000005,56.803855,28.50053729166667,40.2622505
Kuala Lumpur,2024-10-20 06:00:00,14.73500775,20.891889,6,20,10,6,26.98038775,38.0230175,32.01935341666667,44.992759750000005
Kuala Lumpur,2024-10-20 12:00:00,28.18687525,39.508108,12,20,10,6,14.73500775,20.891889,27.382138333333334,38.5729205
Kuala Lumpur,2024-10-20 18:00:00,45.48010575,63.98903525,18,20,10,6,28.18687525,39.508108,23.300756916666668,32.807671500000005
Kuala Lumpur,2024-10-21 00:00:00,33.48577675,47.28372,0,21,10,0,45.48010575,63.98903525,29.467329583333335,41.46301075
Kuala Lumpur,2024-10-21 06:00:00,8.956178,12.602896425,6,21,10,0,33.48577675,47.28372,35.71758591666667,50.26028775000001
Kuala Lumpur,2024-10-21 12:00:00,25.21908025,35.368685750000004,12,21,10,0,8.956178,12.602896425,29.307353499999994,41.29188389166667
Kuala Lumpur,2024-10-21 18:00:00,54.694851,77.12992575,18,21,10,0,25.21908025,35.368685750000004,22.553678333333334,31.751767391666675
Kuala Lumpur,2024-10-22 00:00:00,65.3803915,92.39238225,0,22,10,1,54.694851,77.12992575,29.62336975,41.700502641666674
Kuala Lumpur,2024-10-22 06:00:00,21.08072275,29.70386975,6,22,10,1,65.3803915,92.39238225,48.431440916666666,68.29699791666667
Kuala Lumpur,2024-10-22 12:00:00,27.35561075,38.2152615,12,22,10,1,21.08072275,29.70386975,47.05198841666667,66.40872591666668
Kuala Lumpur,2024-10-22 18:00:00,59.2336855,83.34677674999999,18,22,10,1,27.35561075,38.2152615,37.93890833333334,53.437171166666666
Kuala Lumpur,2024-10-23 00:00:00,38.14807350000001,53.82548835,0,23,10,2,59.2336855,83.34677674999999,35.89000633333333,50.42196933333333
Kuala Lumpur,2024-10-23 06:00:00,7.44381625,10.5471825,6,23,10,2,38.14807350000001,53.82548835,41.57912325,58.46250886666667
Kuala Lumpur,2024-10-23 12:00:00,29.35895825,41.138264,12,23,10,2,7.44381625,10.5471825,34.94185841666667,49.23981586666667
Kuala Lumpur,2024-10-23 18:00:00,62.9395335,88.63321475,18,23,10,2,29.35895825,41.138264,24.983616,35.17031161666667
Kuala Lumpur,2024-10-24 00:00:00,52.22563,73.729438,0,24,10,3,62.9395335,88.63321475,33.247436,46.77288708333333
Kuala Lumpur,2024-10-24 06:00:00,14.8088475,20.78788,6,24,10,3,52.22563,73.729438,48.174707250000004,67.83363891666667
Kuala Lumpur,2024-10-24 12:00:00,23.91765025,33.38237875,12,24,10,3,14.8088475,20.78788,43.32467033333334,61.05017758333333
Kuala Lumpur,2024-10-24 18:00:00,36.61992300000001,51.38869575,18,24,10,3,23.91765025,33.38237875,30.317375916666666,42.633232250000006
Kuala Lumpur,2024-10-25 00:00:00,40.875875375,57.4792425,0,25,10,4,36.61992300000001,51.38869575,25.115473583333337,35.18631816666667
Kuala Lumpur,2024-10-25 06:00:00,11.9729365,16.897317249999997,6,25,10,4,40.875875375,57.4792425,33.804482875,47.416772333333334
Kuala Lumpur,2024-10-25 12:00:00,22.2495015,31.01544625,12,25,10,4,11.9729365,16.897317249999997,29.822911625,41.92175183333334
Kuala Lumpur,2024-10-25 18:00:00,38.3236625,53.56028525,18,25,10,4,22.2495015,31.01544625,25.032771125,35.13066866666667
Kuala Lumpur,2024-10-26 00:00:00,41.1539525,57.569878,0,26,10,5,38.3236625,53.56028525,24.1820335,33.82434958333334
Kuala Lumpur,2024-10-26 06:00:00,13.906046,19.56682625,6,26,10,5,41.1539525,57.569878,33.909038833333334,47.38186983333333
Kuala Lumpur,2024-10-26 12:00:00,22.3146515,30.805637,12,26,10,5,13.906046,19.56682625,31.127887,43.565663166666674
Kuala Lumpur,2024-10-26 18:00:00,34.299376,47.89632124999999,18,26,10,5,22.3146515,30.805637,25.79155,35.980780416666676
Kuala Lumpur,2024-10-27 00:00:00,43.708951,60.9754805,0,27,10,6,34.299376,47.89632124999999,23.50669116666667,32.7562615
Kuala Lumpur,2024-10-27 06:00:00,17.00502825,23.47130125,6,27,10,6,43.708951,60.9754805,33.44099283333333,46.559146250000005
Kuala Lumpur,2024-10-27 12:00:00,22.77860075,30.9198925,12,27,10,6,17.00502825,23.47130125,31.67111841666667,44.11436766666667
Kuala Lumpur,2024-10-27 18:00:00,42.32416025,58.4327035,18,27,10,6,22.77860075,30.9198925,27.83086,38.45555808333334
Kuala Lumpur,2024-10-28 00:00:00,33.991454000000004,47.4296945,0,28,10,0,42.32416025,58.4327035,27.369263083333333,37.607965750000005
Kuala Lumpur,2024-10-28 06:00:00,9.4287885,13.139469875,6,28,10,0,33.991454000000004,47.4296945,33.03140500000001,45.59409683333334
Kuala Lumpur,2024-10-28 12:00:00,20.882723,29.14214325,12,28,10,0,9.4287885,13.139469875,28.581467583333335,39.66728929166667
Kuala Lumpur,2024-10-28 18:00:00,33.6104615,47.24185475,18,28,10,0,20.882723,29.14214325,21.43432183333334,29.903769208333333
Kuala Lumpur,2024-10-29 00:00:00,41.798614,58.8038345,0,29,10,1,33.6104615,47.24185475,21.307324333333337,29.841155958333335
Kuala Lumpur,2024-10-29 06:00:00,15.85320325,22.40619725,6,29,10,1,41.798614,58.8038345,32.09726616666667,45.06261083333334
Kuala Lumpur,2024-10-29 12:00:00,23.31753975,32.441533500000006,12,29,10,1,15.85320325,22.40619725,30.420759583333336,42.8172955
Kuala Lumpur,2024-10-29 18:00:00,43.83996125000001,61.486303,18,29,10,1,23.31753975,32.441533500000006,26.989785666666673,37.88385508333334
Kuala Lumpur,2024-10-30 00:00:00,35.001277249999994,49.13255175,0,30,10,2,43.83996125000001,61.486303,27.67023475000001,38.77801125
Kuala Lumpur,2024-10-30 06:00:00,14.80334775,20.794715,6,30,10,2,35.001277249999994,49.13255175,34.05292608333334,47.68679608333334
Kuala Lumpur,2024-10-30 12:00:00,28.95461675,40.3918105,12,30,10,2,14.80334775,20.794715,31.21486208333334,43.804523249999995
Kuala Lumpur,2024-10-30 18:00:00,55.572867,78.07258875000001,18,30,10,2,28.95461675,40.3918105,26.253080583333332,36.77302575
Kuala Lumpur,2024-10-31 00:00:00,55.6590295,78.22774125000001,0,31,10,3,55.572867,78.07258875000001,33.11027716666667,46.41970475
Kuala Lumpur,2024-10-31 06:00:00,24.42195075,34.52940725,6,31,10,3,55.6590295,78.22774125000001,46.728837750000004,65.56404683333334
Kuala Lumpur,2024-10-31 12:00:00,25.35278975,35.45557,12,31,10,3,24.42195075,34.52940725,45.21794908333334,63.609912416666674
Kuala Lumpur,2024-10-31 18:00:00,27.35515625,38.39682025,18,31,10,3,25.35278975,35.45557,35.14459,49.404239499999996
Kuala Lumpur,2024-11-01 00:00:00,28.4079535,40.032773,0,1,11,4,27.35515625,38.39682025,25.70996558333334,36.12726583333333
Kuala Lumpur,2024-11-01 06:00:00,12.6481155,17.991311500000002,6,1,11,4,28.4079535,40.032773,27.03863316666667,37.96172108333334
Kuala Lumpur,2024-11-01 12:00:00,20.33996775,28.614636,12,1,11,4,12.6481155,17.991311500000002,22.803741750000004,32.14030158333333
Kuala Lumpur,2024-11-01 18:00:00,41.237029750000005,58.15178375,18,1,11,4,20.33996775,28.614636,20.465345583333338,28.879573500000003
Kuala Lumpur,2024-11-02 00:00:00,39.179554,55.421992,0,2,11,5,41.237029750000005,58.15178375,24.74170433333334,34.91924375
Kuala Lumpur,2024-11-02 06:00:00,16.859545,24.05835175,6,2,11,5,39.179554,55.421992,33.585517166666676,47.39613725
Kuala Lumpur,2024-11-02 12:00:00,22.86776625,32.132788500000004,12,2,11,5,16.859545,24.05835175,32.42537625000001,45.87737583333333
Kuala Lumpur,2024-11-02 18:00:00,38.840653875,54.73148725,18,2,11,5,22.86776625,32.132788500000004,26.30228841666667,37.20437741666667
Kuala Lumpur,2024-11-03 00:00:00,34.943014,49.35077425,0,3,11,6,38.840653875,54.73148725,26.18932170833334,36.97420916666667
Kuala Lumpur,2024-11-03 06:00:00,8.84892875,12.584593000000002,6,3,11,6,34.943014,49.35077425,32.217144708333336,45.40501666666666
Kuala Lumpur,2024-11-03 12:00:00,21.608229625000003,30.350818749999995,12,3,11,6,8.84892875,12.584593000000002,27.544198875000006,38.8889515
Kuala Lumpur,2024-11-03 18:00:00,31.26353885,44.076443,18,3,11,6,21.608229625000003,30.350818749999995,21.800057458333338,30.762061999999997
Kuala Lumpur,2024-11-04 00:00:00,49.488903750000006,69.87943274999999,0,4,11,0,31.26353885,44.076443,20.573565741666673,29.00395158333333
Kuala Lumpur,2024-11-04 06:00:00,21.0015825,29.7518025,6,4,11,0,49.488903750000006,69.87943274999999,34.12022407500001,48.102231499999995
Kuala Lumpur,2024-11-04 12:00:00,30.80265275,43.18968675,12,4,11,0,21.0015825,29.7518025,33.918008366666676,47.90255941666666
Kuala Lumpur,2024-11-04 18:00:00,44.29944075,62.38394575,18,4,11,0,30.80265275,43.18968675,33.76437966666668,47.606974
Kuala Lumpur,2024-11-05 00:00:00,35.132076000000005,49.549044,0,5,11,1,44.29944075,62.38394575,32.034558666666676,45.10847833333333
Kuala Lumpur,2024-11-05 06:00:00,20.589198,29.05036975,6,5,11,1,35.132076000000005,49.549044,36.74472316666668,51.70755883333334
Kuala Lumpur,2024-11-05 12:00:00,28.95376375,40.611724,12,5,11,1,20.589198,29.05036975,33.340238250000006,46.994453166666666
Kuala Lumpur,2024-11-05 18:00:00,32.84981175,46.29578125,18,5,11,1,28.95376375,40.611724,28.22501258333334,39.73704591666666
Kuala Lumpur,2024-11-06 00:00:00,32.89187575,46.43243375,0,6,11,2,32.84981175,46.29578125,27.464257833333335,38.65262499999999
Kuala Lumpur,2024-11-06 06:00:00,17.185129749999998,24.275892,6,6,11,2,32.89187575,46.43243375,31.565150416666672,44.44664633333333
Kuala Lumpur,2024-11-06 12:00:00,29.17343425,41.000504,12,6,11,2,17.185129749999998,24.275892,27.642272416666668,39.00136899999999
Kuala Lumpur,2024-11-06 18:00:00,43.799446,61.76719524999999,18,6,11,2,29.17343425,41.000504,26.41681325,37.23627658333333
Kuala Lumpur,2024-11-07 00:00:00,39.208998,55.4398415,0,7,11,3,43.799446,61.76719524999999,30.052670000000003,42.347863749999995
Kuala Lumpur,2024-11-07 06:00:00,10.76409715,15.2110145,6,7,11,3,39.208998,55.4398415,37.39395941666667,52.73584691666665
Kuala Lumpur,2024-11-07 12:00:00,21.982828,30.93805350000001,12,7,11,3,10.76409715,15.2110145,31.25751371666667,44.13935041666665
Kuala Lumpur,2024-11-07 18:00:00,37.91490199999999,53.49863825,18,7,11,3,21.982828,30.93805350000001,23.985307716666668,33.86296983333333
Kuala Lumpur,2024-11-08 00:00:00,27.39778875,38.70275175,0,8,11,4,37.91490199999999,53.49863825,23.553942383333332,33.21590208333333
Kuala Lumpur,2024-11-08 06:00:00,11.732112249999998,16.568521,6,8,11,4,27.39778875,38.70275175,29.09850625,41.04648116666666
Kuala Lumpur,2024-11-08 12:00:00,26.79010475,37.668656250000005,12,8,11,4,11.732112249999998,16.568521,25.681601,36.25663699999999
Kuala Lumpur,2024-11-08 18:00:00,32.559754500000004,45.90131625,18,8,11,4,26.79010475,37.668656250000005,21.97333525,30.979976333333326
Kuala Lumpur,2024-11-09 00:00:00,32.711454874999994,46.234277250000005,0,9,11,5,32.559754500000004,45.90131625,23.6939905,33.379497833333325
Kuala Lumpur,2024-11-09 06:00:00,11.06570825,15.664255750000002,6,9,11,5,32.711454874999994,46.234277250000005,30.687104708333333,43.26808325
Kuala Lumpur,2024-11-09 12:00:00,24.76888,34.875043,12,9,11,5,11.06570825,15.664255750000002,25.44563920833333,35.93328308333333
Kuala Lumpur,2024-11-09 18:00:00,37.7370105,53.25503575,18,9,11,5,24.76888,34.875043,22.848681041666666,32.257858666666664
Kuala Lumpur,2024-11-10 00:00:00,37.2603495,52.812766,0,10,11,6,37.7370105,53.25503575,24.523866249999998,34.598111499999995
Kuala Lumpur,2024-11-10 06:00:00,12.4379369,18.01441825,6,10,11,6,37.2603495,52.812766,33.25541333333333,46.980948250000004
Kuala Lumpur,2024-11-10 12:00:00,29.40500125,41.492342,12,10,11,6,12.4379369,18.01441825,29.145098966666666,41.36073999999999
Kuala Lumpur,2024-11-10 18:00:00,49.1696425,69.475448,18,10,11,6,29.40500125,41.492342,26.36776255,37.43984208333333
Kuala Lumpur,2024-11-11 00:00:00,45.1810825,63.9829525,0,11,11,0,49.1696425,69.475448,30.33752688333334,42.99406941666666
Kuala Lumpur,2024-11-11 06:00:00,15.836121875,22.621804750000003,6,11,11,0,45.1810825,63.9829525,41.251908750000005,58.31691416666666
Kuala Lumpur,2024-11-11 12:00:00,34.015386500000005,47.9032995,12,11,11,0,15.836121875,22.621804750000003,36.72894895833334,52.02673508333333
Kuala Lumpur,2024-11-11 18:00:00,58.9699035,83.178606,18,11,11,0,34.015386500000005,47.9032995,31.67753029166667,44.83601891666666
Kuala Lumpur,2024-11-12 00:00:00,44.04745275,62.2734985,0,12,11,1,58.9699035,83.178606,36.27380395833334,51.234570083333324
Kuala Lumpur,2024-11-12 06:00:00,15.28666625,21.73845825,6,12,11,1,44.04745275,62.2734985,45.67758091666667,64.45180133333334
Kuala Lumpur,2024-11-12 12:00:00,19.819253625,27.979894,12,12,11,1,15.28666625,21.73845825,39.43467416666667,55.73018758333333
Kuala Lumpur,2024-11-12 18:00:00,37.83622975,53.38830525,18,12,11,1,19.819253625,27.979894,26.384457541666666,37.33061691666666
Kuala Lumpur,2024-11-13 00:00:00,58.62818975,82.92045275000001,0,13,11,2,37.83622975,53.38830525,24.314049875000006,34.36888583333333
Kuala Lumpur,2024-11-13 06:00:00,31.2396935,44.487904750000006,6,13,11,2,58.62818975,82.92045275000001,38.761224375000005,54.76288399999999
Kuala Lumpur,2024-11-13 12:00:00,35.98130150000001,50.79687075,12,13,11,2,31.2396935,44.487904750000006,42.56803766666667,60.26555425
Kuala Lumpur,2024-11-13 18:00:00,49.0723555,69.33828450000001,18,13,11,2,35.98130150000001,50.79687075,41.94972825,59.40174274999999
Kuala Lumpur,2024-11-14 00:00:00,40.01026325,56.513728,0,14,11,3,49.0723555,69.33828450000001,38.76445016666668,54.874353333333325
Kuala Lumpur,2024-11-14 06:00:00,17.030231399999998,24.055737125,6,14,11,3,40.01026325,56.513728,41.68797341666667,58.88296108333333
Kuala Lumpur,2024-11-14 12:00:00,32.36678475,45.44071475,12,14,11,3,17.030231399999998,24.055737125,35.370950050000005,49.969249874999996
Kuala Lumpur,2024-11-14 18:00:00,45.1708495,63.46908775,18,14,11,3,32.36678475,45.44071475,29.80242646666667,42.00339329166666
Kuala Lumpur,2024-11-15 00:00:00,45.81065075,64.63483174999999,0,15,11,4,45.1708495,63.46908775,31.52262188333334,44.32184654166665
Kuala Lumpur,2024-11-15 06:00:00,16.278448750000003,23.10612525,6,15,11,4,45.81065075,64.63483174999999,41.11609500000001,57.84821141666665
Kuala Lumpur,2024-11-15 12:00:00,29.816789,41.958458,12,15,11,4,16.278448750000003,23.10612525,35.75331633333334,50.403348249999986
Kuala Lumpur,2024-11-15 18:00:00,31.42628175,44.35292925,18,15,11,4,29.816789,41.958458,30.635296166666667,43.23313833333332
Kuala Lumpur,2024-11-16 00:00:00,35.07655225,49.64548,0,16,11,5,31.42628175,44.35292925,25.840506500000004,36.47250416666666
Kuala Lumpur,2024-11-16 06:00:00,13.766765349999998,19.5567795,6,16,11,5,35.07655225,49.64548,32.106541,45.318955749999986
Kuala Lumpur,2024-11-16 12:00:00,27.514986,38.76102975,12,16,11,5,13.766765349999998,19.5567795,26.75653311666667,37.851729583333324
Kuala Lumpur,2024-11-16 18:00:00,48.20434175,68.06590100000001,18,16,11,5,27.514986,38.76102975,25.452767866666665,35.98776308333333
Kuala Lumpur,2024-11-17 00:00:00,26.689065,37.72447625,0,17,11,6,48.20434175,68.06590100000001,29.828697700000003,42.12790341666666
Kuala Lumpur,2024-11-17 06:00:00,13.615775375,19.35821075,6,17,11,6,26.689065,37.72447625,34.136130916666666,48.183802333333325
Kuala Lumpur,2024-11-17 12:00:00,23.42230225,33.02159275,12,17,11,6,13.615775375,19.35821075,29.503060708333333,41.716196000000004
Kuala Lumpur,2024-11-17 18:00:00,35.063806,49.519598,18,17,11,6,23.42230225,33.02159275,21.242380875000002,30.034759916666662
Kuala Lumpur,2024-11-18 00:00:00,44.63765875,63.20431175,0,18,11,0,35.063806,49.519598,24.033961208333334,33.96646716666666
Kuala Lumpur,2024-11-18 06:00:00,16.06191075,23.524805125,6,18,11,0,44.63765875,63.20431175,34.37458900000001,48.58183416666666
Kuala Lumpur,2024-11-18 12:00:00,27.705795,39.21735425,12,18,11,0,16.06191075,23.524805125,31.92112516666667,45.416238291666666
Kuala Lumpur,2024-11-18 18:00:00,27.8663775,39.55469175,18,18,11,0,27.705795,39.21735425,29.468454833333336,41.98215704166666
Kuala Lumpur,2024-11-19 00:00:00,34.15414,48.55530825,0,19,11,1,27.8663775,39.55469175,23.87802775,34.098950374999994
Kuala Lumpur,2024-11-19 06:00:00,19.99066525,29.333023,6,19,11,1,34.15414,48.55530825,29.908770833333335,42.442451416666664
Kuala Lumpur,2024-11-19 12:00:00,31.31678725,44.376292500000005,12,19,11,1,19.99066525,29.333023,27.33706091666667,39.14767433333333
Kuala Lumpur,2024-11-19 18:00:00,37.6652445,53.37534475,18,19,11,1,31.31678725,44.376292500000005,28.487197500000004,40.754874583333326
Kuala Lumpur,2024-11-20 00:00:00,41.55151600000001,58.9003545,0,20,11,2,37.6652445,53.37534475,29.65756566666667,42.36155341666666
Kuala Lumpur,2024-11-20 06:00:00,17.072324125,24.6510865,6,20,11,2,41.55151600000001,58.9003545,36.84451591666667,52.21733058333333
Kuala Lumpur,2024-11-20 12:00:00,26.200837250000003,37.065092,12,20,11,2,17.072324125,24.6510865,32.096361541666674,45.642261916666655
Kuala Lumpur,2024-11-20 18:00:00,36.65854775,51.807661,18,20,11,2,26.200837250000003,37.065092,28.27489245833334,40.205510999999994
Kuala Lumpur,2024-11-21 00:00:00,48.2241375,68.43333875,0,21,11,3,36.65854775,51.807661,26.643903041666672,37.841279833333324
Kuala Lumpur,2024-11-21 06:00:00,19.94789025,29.09825975,6,21,11,3,48.2241375,68.43333875,37.027840833333336,52.43536391666666
Kuala Lumpur,2024-11-21 12:00:00,34.0496335,48.13603125,12,21,11,3,19.94789025,29.09825975,34.94352516666667,49.779753166666666
Kuala Lumpur,2024-11-21 18:00:00,40.019074,56.73615575,18,21,11,3,34.0496335,48.13603125,34.07388708333334,48.55587658333334
Kuala Lumpur,2024-11-22 00:00:00,29.59109225,42.069587250000005,0,22,11,4,40.019074,56.73615575,31.338865916666673,44.65681558333333
Kuala Lumpur,2024-11-22 06:00:00,14.56139375,21.2152715,6,22,11,4,29.59109225,42.069587250000005,34.55326658333333,48.98059141666666
Kuala Lumpur,2024-11-22 12:00:00,27.09454375,38.37031675,12,22,11,4,14.56139375,21.2152715,28.05718666666667,40.007004833333326
Kuala Lumpur,2024-11-22 18:00:00,38.2277675,54.11124025,18,22,11,4,27.09454375,38.37031675,23.74900991666667,33.88505849999999
Kuala Lumpur,2024-11-23 00:00:00,44.5920995,63.40073425,0,23,11,5,38.2277675,54.11124025,26.62790166666667,37.89894283333333
Kuala Lumpur,2024-11-23 06:00:00,17.62353475,26.747671,6,23,11,5,44.5920995,63.40073425,36.638136916666674,51.96076374999999
Kuala Lumpur,2024-11-23 12:00:00,26.23833225,37.37935075,12,23,11,5,17.62353475,26.747671,33.48113391666667,48.08654849999999
Kuala Lumpur,2024-11-23 18:00:00,38.39656425,54.47378775,18,23,11,5,26.23833225,37.37935075,29.484655500000006,42.50925199999999
Kuala Lumpur,2024-11-24 00:00:00,29.90179825,42.9185995,0,24,11,6,38.39656425,54.47378775,27.419477083333337,39.53360316666666
Kuala Lumpur,2024-11-24 06:00:00,14.437887,21.7481215,6,24,11,6,29.90179825,42.9185995,31.512231583333335,44.92391266666666
Kuala Lumpur,2024-11-24 12:00:00,24.71720975,35.08725325,12,24,11,6,14.437887,21.7481215,27.578749833333337,39.713502916666656
Kuala Lumpur,2024-11-24 18:00:00,34.2690215,48.565568,18,24,11,6,24.71720975,35.08725325,23.018965000000005,33.25132474999999
Kuala Lumpur,2024-11-25 00:00:00,44.449208000000006,63.103046,0,25,11,0,34.2690215,48.565568,24.47470608333334,35.13364758333332
Kuala Lumpur,2024-11-25 06:00:00,19.584106625,28.4482265,6,25,11,0,44.449208000000006,63.103046,34.478479750000005,48.91862241666666
Kuala Lumpur,2024-11-25 12:00:00,29.86381275,42.21166775,12,25,11,0,19.584106625,28.4482265,32.76744537500001,46.70561349999999
Kuala Lumpur,2024-11-25 18:00:00,40.3620105,57.11360975,18,25,11,0,29.86381275,42.21166775,31.299042458333343,44.58764675
Kuala Lumpur,2024-11-26 00:00:00,56.5143095,80.199299,0,26,11,1,40.3620105,57.11360975,29.93664329166667,42.59116799999999
Kuala Lumpur,2024-11-26 06:00:00,20.0482195,29.18719175,6,26,11,1,56.5143095,80.199299,42.24671091666667,59.84152549999999
Kuala Lumpur,2024-11-26 12:00:00,23.7158985,33.7825835,12,26,11,1,20.0482195,29.18719175,38.974846500000005,55.500033499999994
Kuala Lumpur,2024-11-26 18:00:00,35.71992175,50.586095,18,26,11,1,23.7158985,33.7825835,33.426142500000005,47.72302475
Kuala Lumpur,2024-11-27 00:00:00,21.6745805,31.152439000000005,0,27,11,2,35.71992175,50.586095,26.494679916666673,37.85195674999999
Kuala Lumpur,2024-11-27 06:00:00,11.5587185,16.917113,6,27,11,2,21.6745805,31.152439000000005,27.036800250000002,38.507039166666665
Kuala Lumpur,2024-11-27 12:00:00,23.68894075,33.513231250000004,12,27,11,2,11.5587185,16.917113,22.98440691666667,32.88521566666666
Kuala Lumpur,2024-11-27 18:00:00,26.35962925,37.330608,18,27,11,2,23.68894075,33.513231250000004,18.974079916666675,27.19426108333333
Kuala Lumpur,2024-11-28 00:00:00,26.2656385,37.578957,0,28,11,3,26.35962925,37.330608,20.53576283333334,29.253650749999995
Kuala Lumpur,2024-11-28 06:00:00,14.2517465,20.766251,6,28,11,3,26.2656385,37.578957,25.438069500000008,36.14093208333333
Kuala Lumpur,2024-11-28 12:00:00,27.311728375,38.703632,12,28,11,3,14.2517465,20.766251,22.292338083333345,31.89193866666666
Kuala Lumpur,2024-11-28 18:00:00,15.17254575,21.69437625,18,28,11,3,27.311728375,38.703632,22.60970445833334,32.34961333333333
Kuala Lumpur,2024-11-29 00:00:00,22.536014,32.2056045,0,29,11,4,15.17254575,21.69437625,18.912006875000007,27.054753083333328
Kuala Lumpur,2024-11-29 06:00:00,11.87066825,17.166342874999998,6,29,11,4,22.536014,32.2056045,21.67342937500001,30.86787091666666
Kuala Lumpur,2024-11-29 12:00:00,21.785353875,30.70860575,12,29,11,4,11.87066825,17.166342874999998,16.52640933333334,23.68877454166666
Kuala Lumpur,2024-11-29 18:00:00,24.40211225,34.60814975,18,29,11,4,21.785353875,30.70860575,18.73067870833334,26.693517708333328
Kuala Lumpur,2024-11-30 00:00:00,38.8396865,55.29392475,0,30,11,5,24.40211225,34.60814975,19.352711458333342,27.494366124999996
Kuala Lumpur,2024-11-30 06:00:00,17.69807075,27.0053135,6,30,11,5,38.8396865,55.29392475,28.34238420833334,40.20356008333333
Kuala Lumpur,2024-11-30 12:00:00,21.4975275,31.01766275,12,30,11,5,17.69807075,27.0053135,26.979956500000004,38.96912933333333
Kuala Lumpur,2024-11-30 18:00:00,23.02940125,32.92740375,18,30,11,5,21.4975275,31.01766275,26.01176158333334,37.77230033333333
Kuala Lumpur,2024-12-01 00:00:00,37.590098,54.145631,0,1,12,6,23.02940125,32.92740375,20.741666500000008,30.316793333333333
Kuala Lumpur,2024-12-01 06:00:00,19.64264125,29.312673,6,1,12,6,37.590098,54.145631,27.372342250000006,39.36356583333333
Kuala Lumpur,2024-12-01 12:00:00,27.25444425,38.79216575,12,1,12,6,19.64264125,29.312673,26.754046833333337,38.79523591666666
Kuala Lumpur,2024-12-01 18:00:00,40.59219875,57.4989235,18,1,12,6,27.25444425,38.79216575,28.16239450000001,40.75015658333333
Kuala Lumpur,2024-12-02 00:00:00,43.77219,62.14969525,0,2,12,0,40.59219875,57.4989235,29.16309475000001,41.867920749999996
Kuala Lumpur,2024-12-02 06:00:00,13.69839025,19.963664625,6,2,12,0,43.77219,62.14969525,37.20627766666667,52.813594833333326
Kuala Lumpur,2024-12-02 12:00:00,29.3294985,41.445957250000006,12,2,12,0,13.69839025,19.963664625,32.68759300000001,46.53742779166666
Kuala Lumpur,2024-12-02 18:00:00,49.81498575,70.43254925,18,2,12,0,29.3294985,41.445957250000006,28.933359583333342,41.18643904166667
Kuala Lumpur,2024-12-03 00:00:00,24.63396225,35.01035925,0,3,12,1,49.81498575,70.43254925,30.94762483333334,43.947390375
Kuala Lumpur,2024-12-03 06:00:00,11.59882875,16.899307,6,3,12,1,24.63396225,35.01035925,34.59281550000001,48.96295524999999
Kuala Lumpur,2024-12-03 12:00:00,36.0931975,50.8570965,12,3,12,1,11.59882875,16.899307,28.68259225000001,40.7807385
Kuala Lumpur,2024-12-03 18:00:00,38.54360375,54.494577500000005,18,3,12,1,36.0931975,50.8570965,24.108662833333344,34.25558758333333
Kuala Lumpur,2024-12-04 00:00:00,33.737364250000006,47.812434,0,4,12,2,38.54360375,54.494577500000005,28.745210000000014,40.750327000000006
Kuala Lumpur,2024-12-04 06:00:00,14.5937945,20.940249,6,4,12,2,33.737364250000006,47.812434,36.12472183333335,51.054702666666664
Kuala Lumpur,2024-12-04 12:00:00,26.92640025,37.98179275,12,4,12,2,14.5937945,20.940249,28.95825416666668,41.08242016666667
Kuala Lumpur,2024-12-04 18:00:00,33.841118,47.8101755,18,4,12,2,26.92640025,37.98179275,25.085853000000014,35.578158583333334
Kuala Lumpur,2024-12-05 00:00:00,34.974022,49.58667425,0,5,12,3,33.841118,47.8101755,25.120437583333345,35.57740575
Kuala Lumpur,2024-12-05 06:00:00,15.8291725,22.6692405,6,5,12,3,34.974022,49.58667425,31.913846750000015,45.12621416666667
Kuala Lumpur,2024-12-05 12:00:00,41.82452075,58.81031525,12,5,12,3,15.8291725,22.6692405,28.214770833333347,40.022030083333334
Kuala Lumpur,2024-12-05 18:00:00,37.69734725,53.18284475,18,5,12,3,41.82452075,58.81031525,30.87590508333334,43.68874333333334
Kuala Lumpur,2024-12-06 00:00:00,39.5421285,55.906213,0,6,12,4,37.69734725,53.18284475,31.78368016666668,44.88746683333333
Kuala Lumpur,2024-12-06 06:00:00,9.539896,13.6077035,6,6,12,4,39.5421285,55.906213,39.687998833333346,55.96645766666666
Kuala Lumpur,2024-12-06 12:00:00,25.16612325,35.3983295,12,6,12,4,9.539896,13.6077035,28.92645725000001,40.89892041666666
Kuala Lumpur,2024-12-06 18:00:00,33.73861575,47.6394465,18,6,12,4,25.16612325,35.3983295,24.749382583333343,34.970748666666665
Kuala Lumpur,2024-12-07 00:00:00,32.06312725,45.3523225,0,7,12,5,33.73861575,47.6394465,22.814878333333343,32.21515983333333
Kuala Lumpur,2024-12-07 06:00:00,13.05275545,18.60291825,6,7,12,5,32.06312725,45.3523225,30.322622083333346,42.796699499999995
Kuala Lumpur,2024-12-07 12:00:00,21.543464,30.37202175,12,7,12,5,13.05275545,18.60291825,26.28483281666668,37.19822908333333
Kuala Lumpur,2024-12-07 18:00:00,28.275593500000003,39.8826505,18,7,12,5,21.543464,30.37202175,22.219782233333348,31.44242083333333
Kuala Lumpur,2024-12-08 00:00:00,43.51079475,61.515635,0,8,12,6,28.275593500000003,39.8826505,20.957270983333345,29.61919683333333
Kuala Lumpur,2024-12-08 06:00:00,16.07446625,23.25563725,6,8,12,6,43.51079475,61.515635,31.109950750000014,43.92343575
Kuala Lumpur,2024-12-08 12:00:00,23.409001,33.052217000000006,12,8,12,6,16.07446625,23.25563725,29.286951500000015,41.55130758333333
Kuala Lumpur,2024-12-08 18:00:00,26.7350515,37.9261275,18,8,12,6,23.409001,33.052217000000006,27.664754000000013,39.27449641666667
Kuala Lumpur,2024-12-09 00:00:00,26.2068345,37.28249,0,9,12,0,26.7350515,37.9261275,22.072839583333348,31.41132725
Kuala Lumpur,2024-12-09 06:00:00,14.160988875,20.44896525,6,9,12,0,26.2068345,37.28249,25.450295666666676,36.086944833333334
Kuala Lumpur,2024-12-09 12:00:00,15.967714349999998,22.84249975,12,9,12,0,14.160988875,20.44896525,22.36762495833334,31.88586091666667
Kuala Lumpur,2024-12-09 18:00:00,21.044187,29.930902,18,9,12,0,15.967714349999998,22.84249975,18.77851257500001,26.857985000000003
Kuala Lumpur,2024-12-10 00:00:00,25.222050000000003,36.1947345,0,10,12,1,21.044187,29.930902,17.05763007500001,24.407455666666667
Kuala Lumpur,2024-12-10 06:00:00,16.8327995,24.3903745,6,10,12,1,25.222050000000003,36.1947345,20.744650450000012,29.656045416666668
Kuala Lumpur,2024-12-10 12:00:00,26.76412725,37.8926755,12,10,12,1,16.8327995,24.3903745,21.03301216666668,30.172003666666665
Kuala Lumpur,2024-12-10 18:00:00,46.2586625,65.4477775,18,10,12,1,26.76412725,37.8926755,22.939658916666684,32.825928166666664
Kuala Lumpur,2024-12-11 00:00:00,26.91220375,38.29012425,0,11,12,2,46.2586625,65.4477775,29.951863083333347,42.5769425
Kuala Lumpur,2024-12-11 06:00:00,12.854926,18.972912,6,11,12,2,26.91220375,38.29012425,33.31166450000001,47.210192416666665
Kuala Lumpur,2024-12-11 12:00:00,24.1406185,34.41945775,12,11,12,2,12.854926,18.972912,28.675264083333346,40.90360458333333
Kuala Lumpur,2024-12-11 18:00:00,31.88772275,45.53425025,18,11,12,2,24.1406185,34.41945775,21.30258275000001,30.56083133333333
Kuala Lumpur,2024-12-12 00:00:00,34.7280175,49.4767675,0,12,12,3,31.88772275,45.53425025,22.961089083333345,32.97554
Kuala Lumpur,2024-12-12 06:00:00,18.16073325,26.37857225,6,12,12,3,34.7280175,49.4767675,30.252119583333343,43.143491833333336
Kuala Lumpur,2024-12-12 12:00:00,28.1523285,39.870329,12,12,12,3,18.16073325,26.37857225,28.258824500000014,40.46319666666667
Kuala Lumpur,2024-12-12 18:00:00,46.4774955,65.7826005,18,12,12,3,28.1523285,39.870329,27.013693083333347,38.57522291666667
Kuala Lumpur,2024-12-13 00:00:00,41.35392825,58.7526195,0,13,12,4,46.4774955,65.7826005,30.930185750000017,44.01050058333333
Kuala Lumpur,2024-12-13 06:00:00,16.3550165,23.44808125,6,13,12,4,41.35392825,58.7526195,38.661250750000015,54.80184966666667
Kuala Lumpur,2024-12-13 12:00:00,27.30720875,38.5579715,12,13,12,4,16.3550165,23.44808125,34.72881341666668,49.327767083333335
Kuala Lumpur,2024-12-13 18:00:00,25.828413,36.53228475,18,13,12,4,27.30720875,38.5579715,28.338717833333348,40.25289075
Kuala Lumpur,2024-12-14 00:00:00,29.525495,41.89479275,0,14,12,5,25.828413,36.53228475,23.163546083333348,32.846112500000004
Kuala Lumpur,2024-12-14 06:00:00,14.593667,20.90783375,6,14,12,5,29.525495,41.89479275,27.55370558333335,38.99501633333333
Kuala Lumpur,2024-12-14 12:00:00,27.572497,38.9279645,12,14,12,5,14.593667,20.90783375,23.31585833333335,33.111637083333335
Kuala Lumpur,2024-12-14 18:00:00,44.45894375,62.84173575,18,14,12,5,27.572497,38.9279645,23.897219666666683,33.910197000000004
Kuala Lumpur,2024-12-15 00:00:00,61.1364055,86.60299524999999,0,15,12,6,44.45894375,62.84173575,28.87503591666668,40.89251133333334
Kuala Lumpur,2024-12-15 06:00:00,24.9049495,35.65349975,6,15,12,6,61.1364055,86.60299524999999,44.38928208333335,62.7908985
Kuala Lumpur,2024-12-15 12:00:00,36.339458,51.25060824999999,12,15,12,6,24.9049495,35.65349975,43.50009958333336,61.69941025
Kuala Lumpur,2024-12-15 18:00:00,40.4205595,57.1322115,18,15,12,6,36.339458,51.25060824999999,40.79360433333335,57.83570108333333
Kuala Lumpur,2024-12-16 00:00:00,45.310913000000006,64.231187,0,16,12,0,40.4205595,57.1322115,33.88832233333335,48.012106499999994
Kuala Lumpur,2024-12-16 06:00:00,24.565196,35.15100375,6,16,12,0,45.310913000000006,64.231187,40.690310166666684,57.53800225
Kuala Lumpur,2024-12-16 12:00:00,28.40633325,40.16072825,12,16,12,0,24.565196,35.15100375,36.765556166666684,52.171467416666665
Kuala Lumpur,2024-12-16 18:00:00,29.89438,42.34633,18,16,12,0,28.40633325,40.16072825,32.76081408333335,46.51430633333334
Kuala Lumpur,2024-12-17 00:00:00,46.6742165,66.166194,0,17,12,1,29.89438,42.34633,27.621969750000016,39.219354
Kuala Lumpur,2024-12-17 06:00:00,14.30935025,21.03142575,6,17,12,1,46.6742165,66.166194,34.99164325000002,49.557750750000004
Kuala Lumpur,2024-12-17 12:00:00,27.5127405,38.906335,12,17,12,1,14.30935025,21.03142575,30.292648916666682,43.181316583333334
Kuala Lumpur,2024-12-17 18:00:00,30.874005250000003,43.82891875,18,17,12,1,27.5127405,38.906335,29.498769083333354,42.034651583333336
Kuala Lumpur,2024-12-18 00:00:00,16.040758049999997,22.838918075,0,18,12,2,30.874005250000003,43.82891875,24.232032000000018,34.588893166666665
Kuala Lumpur,2024-12-18 06:00:00,7.481389600000001,10.96412925,6,18,12,2,16.040758049999997,22.838918075,24.809167933333352,35.19139060833333
Kuala Lumpur,2024-12-18 12:00:00,23.62412475,33.374902,12,18,12,2,7.481389600000001,10.96412925,18.132050966666686,25.877322024999998
Kuala Lumpur,2024-12-18 18:00:00,36.54506125,51.73245675,18,18,12,2,23.62412475,33.374902,15.715424133333348,22.392649775
Kuala Lumpur,2024-12-19 00:00:00,42.00654725,59.67669474999999,0,19,12,3,36.54506125,51.73245675,22.550191866666683,32.02382933333333
Kuala Lumpur,2024-12-19 06:00:00,16.193894375,23.8376,6,19,12,3,42.00654725,59.67669474999999,34.05857775000002,48.261351166666664
Kuala Lumpur,2024-12-19 12:00:00,25.36288,36.03531725,12,19,12,3,16.193894375,23.8376,31.58183429166668,45.082250499999994
Kuala Lumpur,2024-12-19 18:00:00,39.378278,55.817054,18,19,12,3,25.36288,36.03531725,27.85444054166668,39.84987066666666
Kuala Lumpur,2024-12-20 00:00:00,44.373962,63.06919375000001,0,20,12,4,39.378278,55.817054,26.978350791666685,38.563323749999995
Kuala Lumpur,2024-12-20 06:00:00,21.11681875,30.8429545,6,20,12,4,44.373962,63.06919375000001,36.37170666666668,51.64052166666667
Kuala Lumpur,2024-12-20 12:00:00,31.971993000000005,45.31315725,12,20,12,4,21.11681875,30.8429545,34.95635291666668,49.90973408333334
Kuala Lumpur,2024-12-20 18:00:00,32.841455749999994,46.6075675,18,20,12,4,31.971993000000005,45.31315725,32.487591250000015,46.40843516666666
Kuala Lumpur,2024-12-21 00:00:00,58.27561675,83.08637825,0,21,12,5,32.841455749999994,46.6075675,28.643422500000018,40.92122641666666
Kuala Lumpur,2024-12-21 06:00:00,25.492625,37.7381895,6,21,12,5,58.27561675,83.08637825,41.02968850000001,58.33570099999999
Kuala Lumpur,2024-12-21 12:00:00,27.99841075,39.90155025,12,21,12,5,25.492625,37.7381895,38.869899166666684,55.81071174999999
Kuala Lumpur,2024-12-21 18:00:00,43.9410285,62.21404225,18,21,12,5,27.99841075,39.90155025,37.25555083333335,53.57537266666666
Kuala Lumpur,2024-12-22 00:00:00,45.58174275,64.577449,0,22,12,6,43.9410285,62.21404225,32.47735475000002,46.61792733333332
Kuala Lumpur,2024-12-22 06:00:00,18.8936865,27.42621075,6,22,12,6,45.58174275,64.577449,39.17372733333335,55.564347166666664
Kuala Lumpur,2024-12-22 12:00:00,24.243633,34.297827,12,22,12,6,18.8936865,27.42621075,36.13881925000002,51.40590066666667
Kuala Lumpur,2024-12-22 18:00:00,34.41087399999999,48.719784,18,22,12,6,24.243633,34.297827,29.573020750000016,42.10049558333333
Kuala Lumpur,2024-12-23 00:00:00,38.603473750000006,54.740951,0,23,12,0,34.41087399999999,48.719784,25.849397833333352,36.814607249999995
Kuala Lumpur,2024-12-23 06:00:00,18.42011,26.54948625,6,23,12,0,38.603473750000006,54.740951,32.419326916666684,45.91952066666666
Kuala Lumpur,2024-12-23 12:00:00,27.2186185,38.472621,12,23,12,0,18.42011,26.54948625,30.478152583333355,43.33674041666666
Kuala Lumpur,2024-12-23 18:00:00,43.394749,61.36988875,18,23,12,0,27.2186185,38.472621,28.080734083333354,39.92101941666666
Kuala Lumpur,2024-12-24 00:00:00,41.98329825,59.47234275,0,24,12,1,43.394749,61.36988875,29.677825833333355,42.130665333333326
Kuala Lumpur,2024-12-24 06:00:00,17.6517005,25.379762,6,24,12,1,41.98329825,59.47234275,37.532221916666686,53.104950833333326
Kuala Lumpur,2024-12-24 12:00:00,27.8218765,39.36966674999999,12,24,12,1,17.6517005,25.379762,34.34324925000002,48.7406645
Kuala Lumpur,2024-12-24 18:00:00,24.11147225,34.16761275,18,24,12,1,27.8218765,39.36966674999999,29.152291750000018,41.40725716666666
Kuala Lumpur,2024-12-25 00:00:00,32.766465,46.48097800000001,0,25,12,2,24.11147225,34.16761275,23.195016416666686,32.97234716666666
Kuala Lumpur,2024-12-25 06:00:00,17.16676925,24.55894325,6,25,12,2,32.766465,46.48097800000001,28.233271250000016,40.00608583333333
Kuala Lumpur,2024-12-25 12:00:00,31.06464425,43.80444875,12,25,12,2,17.16676925,24.55894325,24.681568833333348,35.069178
Kuala Lumpur,2024-12-25 18:00:00,39.74406575,56.15626625,18,25,12,2,31.06464425,43.80444875,26.999292833333353,38.281456666666664
Kuala Lumpur,2024-12-26 00:00:00,41.226869,58.36221825,0,26,12,3,39.74406575,56.15626625,29.325159750000022,41.50655275
Kuala Lumpur,2024-12-26 06:00:00,18.86203925,26.8142345,6,26,12,3,41.226869,58.36221825,37.345193000000016,52.77431108333332
Kuala Lumpur,2024-12-26 12:00:00,31.76710725,44.74834675,12,26,12,3,18.86203925,26.8142345,33.27765800000002,47.110906333333325
Kuala Lumpur,2024-12-26 18:00:00,48.188894000000005,68.0808805,18,26,12,3,31.76710725,44.74834675,30.61867183333335,43.3082665
Kuala Lumpur,2024-12-27 00:00:00,36.02451625,51.008783,0,27,12,4,48.188894000000005,68.0808805,32.93934683333335,46.547820583333326
Kuala Lumpur,2024-12-27 06:00:00,10.871673175,15.43983785,6,27,12,4,36.02451625,51.008783,38.66017250000002,54.612670083333335
Kuala Lumpur,2024-12-27 12:00:00,23.85378675,33.60774725,12,27,12,4,10.871673175,15.43983785,31.695027808333354,44.84316711666667
Kuala Lumpur,2024-12-27 18:00:00,39.18495425,55.342411250000005,18,27,12,4,23.85378675,33.60774725,23.583325391666687,33.352122699999995
Kuala Lumpur,2024-12-28 00:00:00,56.16777825,79.4105395,0,28,12,5,39.18495425,55.342411250000005,24.63680472500002,34.79666545
Kuala Lumpur,2024-12-28 06:00:00,24.55948325,34.94975,6,28,12,5,56.16777825,79.4105395,39.73550641666669,56.12023266666666
Kuala Lumpur,2024-12-28 12:00:00,32.13301675,45.28178125,12,28,12,5,24.55948325,34.94975,39.97073858333335,56.56756691666666
Kuala Lumpur,2024-12-28 18:00:00,37.578217,53.07776975,18,28,12,5,32.13301675,45.28178125,37.62009275000002,53.21402358333332
Kuala Lumpur,2024-12-29 00:00:00,54.5210085,77.331434,0,29,12,6,37.578217,53.07776975,31.423572333333354,44.43643366666666
Kuala Lumpur,2024-12-29 06:00:00,17.1661725,25.74347475,6,29,12,6,54.5210085,77.331434,41.41074741666669,58.56366166666666
Kuala Lumpur,2024-12-29 12:00:00,21.8388865,31.22198725,12,29,12,6,17.1661725,25.74347475,36.421799333333354,52.050892833333315
Kuala Lumpur,2024-12-29 18:00:00,26.6143875,37.88594,18,29,12,6,21.8388865,31.22198725,31.175355833333352,44.76563199999999
Kuala Lumpur,2024-12-30 00:00:00,25.323288500000004,36.15156225,0,30,12,0,26.6143875,37.88594,21.87314883333335,31.617133999999993
Kuala Lumpur,2024-12-30 06:00:00,12.572201,18.957706375,6,30,12,0,25.323288500000004,36.15156225,24.59218750000002,35.08649649999999
Kuala Lumpur,2024-12-30 12:00:00,25.092291,35.54627925,12,30,12,0,12.572201,18.957706375,21.503292333333352,30.998402874999993
Kuala Lumpur,2024-12-30 18:00:00,33.6916345,47.9303705,18,30,12,0,25.092291,35.54627925,20.995926833333353,30.218515958333324
Kuala Lumpur,2024-12-31 00:00:00,42.420254,60.49666025,0,31,12,1,33.6916345,47.9303705,23.785375500000015,34.14478537499999
Kuala Lumpur,2024-12-31 06:00:00,14.96675875,22.9722445,6,31,12,1,42.420254,60.49666025,33.73472650000002,47.99110333333332
Kuala Lumpur,2024-12-31 12:00:00,18.196772,26.1375845,12,31,12,1,14.96675875,22.9722445,30.359549083333352,43.799758416666656
Kuala Lumpur,2024-12-31 18:00:00,23.5113765,33.44894125,18,31,12,1,18.196772,26.1375845,25.194594916666688,36.53549641666665
Kuala Lumpur,2025-01-01 00:00:00,30.659833750000004,43.6525625,0,1,1,2,23.5113765,33.44894125,18.89163575000002,27.519590083333323
Kuala Lumpur,2025-01-01 06:00:00,16.5682225,24.76349425,6,1,1,2,30.659833750000004,43.6525625,24.122660750000023,34.41302941666665
Kuala Lumpur,2025-01-01 12:00:00,18.46823475,26.297556,12,1,1,2,16.5682225,24.76349425,23.579810916666688,33.954999333333326
Kuala Lumpur,2025-01-01 18:00:00,34.225165999999994,48.4697575,18,1,1,2,18.46823475,26.297556,21.898763666666685,31.571204249999994
Kuala Lumpur,2025-01-02 00:00:00,37.204288,52.7354305,0,2,1,3,34.225165999999994,48.4697575,23.08720775000002,33.17693591666666
Kuala Lumpur,2025-01-02 06:00:00,16.50656125,23.9297435,6,2,1,3,37.204288,52.7354305,29.965896250000014,42.50091466666665
Kuala Lumpur,2025-01-02 12:00:00,22.6881695,32.122074,12,2,1,3,16.50656125,23.9297435,29.31200508333335,41.71164383333332
Kuala Lumpur,2025-01-02 18:00:00,43.87928225,61.9384635,18,2,1,3,22.6881695,32.122074,25.46633958333335,36.262415999999995
Kuala Lumpur,2025-01-03 00:00:00,42.377195,59.93831525,0,3,1,4,43.87928225,61.9384635,27.691337666666687,39.330093666666656
Kuala Lumpur,2025-01-03 06:00:00,19.200115,27.33221975,6,3,1,4,42.377195,59.93831525,36.31488225000002,51.332950916666654
Kuala Lumpur,2025-01-03 12:00:00,22.762606,32.109852999999994,12,3,1,4,19.200115,27.33221975,35.15219741666669,49.73633283333333
Kuala Lumpur,2025-01-03 18:00:00,25.946292,36.6994185,18,3,1,4,22.762606,32.109852999999994,28.113305333333347,39.793462666666656
Kuala Lumpur,2025-01-04 00:00:00,38.517015,54.5455245,0,4,1,5,25.946292,36.6994185,22.63633766666668,32.04716374999999
Kuala Lumpur,2025-01-04 06:00:00,12.140503875,17.40403375,6,4,1,5,38.517015,54.5455245,29.07530433333335,41.11826533333332
Kuala Lumpur,2025-01-04 12:00:00,19.738309,27.9359115,12,4,1,5,12.140503875,17.40403375,25.534603625000017,36.21632558333332
Kuala Lumpur,2025-01-04 18:00:00,30.679871,43.458556,18,4,1,5,19.738309,27.9359115,23.46527595833335,33.29515658333332
Kuala Lumpur,2025-01-05 00:00:00,35.775883500000006,50.7438935,0,5,1,6,30.679871,43.458556,20.852894625000015,29.599500416666658
Kuala Lumpur,2025-01-05 06:00:00,13.260489375,19.9038935,6,5,1,6,35.775883500000006,50.7438935,28.73135450000002,40.71278699999999
Kuala Lumpur,2025-01-05 12:00:00,17.434970999999997,25.02152075,12,5,1,6,13.260489375,19.9038935,26.572081291666688,38.035447666666656
Kuala Lumpur,2025-01-05 18:00:00,26.551632,38.045868500000005,18,5,1,6,17.434970999999997,25.02152075,22.15711462500002,31.88976924999999
Kuala Lumpur,2025-01-06 00:00:00,28.45956725,40.7605965,0,6,1,0,26.551632,38.045868500000005,19.082364125000016,27.65709424999999
Kuala Lumpur,2025-01-06 06:00:00,12.1221005,18.49514325,6,6,1,0,28.45956725,40.7605965,24.148723416666684,34.60932858333333
Kuala Lumpur,2025-01-06 12:00:00,20.41078025,29.355178,12,6,1,0,12.1221005,18.49514325,22.37776658333335,32.43386941666666
Kuala Lumpur,2025-01-06 18:00:00,22.44071575,32.07853175,18,6,1,0,20.41078025,29.355178,20.330816000000016,29.536972583333323
Kuala Lumpur,2025-01-07 00:00:00,27.294505,38.87512925,0,7,1,1,22.44071575,32.07853175,18.324532166666682,26.642950999999993
Kuala Lumpur,2025-01-07 06:00:00,13.69676275,20.1421815,6,7,1,1,27.294505,38.87512925,23.38200033333335,33.43627966666666
Kuala Lumpur,2025-01-07 12:00:00,26.36781475,37.329073,12,7,1,1,13.69676275,20.1421815,21.143994500000016,30.365280833333326
Kuala Lumpur,2025-01-07 18:00:00,43.74173625,61.913539,18,7,1,1,26.36781475,37.329073,22.45302750000002,32.11546124999999
Kuala Lumpur,2025-01-08 00:00:00,28.002503,39.677275,0,8,1,2,43.74173625,61.913539,27.935437916666682,39.79493116666666
Kuala Lumpur,2025-01-08 06:00:00,9.935320325,14.59642375,6,8,1,2,28.002503,39.677275,32.70401800000002,46.306628999999994
Kuala Lumpur,2025-01-08 12:00:00,15.97292975,22.67802325,12,8,1,2,9.935320325,14.59642375,27.22651985833335,38.72907924999999
Kuala Lumpur,2025-01-08 18:00:00,39.78803475,56.24937675,18,8,1,2,15.97292975,22.67802325,17.970251025000017,25.65057399999999
Kuala Lumpur,2025-01-09 00:00:00,49.4998175,70.14048724999999,0,9,1,3,39.78803475,56.24937675,21.89876160833335,31.174607916666655
Kuala Lumpur,2025-01-09 06:00:00,17.851761,25.870917875,6,9,1,3,49.4998175,70.14048724999999,35.08692733333336,49.689295749999985
Kuala Lumpur,2025-01-09 12:00:00,26.14876825,36.9844315,12,9,1,3,17.851761,25.870917875,35.713204416666684,50.75359395833332
Kuala Lumpur,2025-01-09 18:00:00,44.29435275,62.646448750000005,18,9,1,3,26.14876825,36.9844315,31.166782250000022,44.33194554166666
Kuala Lumpur,2025-01-10 00:00:00,35.84641175,50.73329125,0,10,1,4,44.29435275,62.646448750000005,29.431627333333353,41.83393270833333
Kuala Lumpur,2025-01-10 06:00:00,16.30121475,23.570948,6,10,1,4,35.84641175,50.73329125,35.42984425000002,50.12139049999999
Kuala Lumpur,2025-01-10 12:00:00,23.0975135,33.14534025,12,10,1,4,16.30121475,23.570948,32.14732641666669,45.65022933333333
Kuala Lumpur,2025-01-10 18:00:00,25.62055075,36.729574250000006,18,10,1,4,23.0975135,33.14534025,25.081713333333354,35.81652649999999
Kuala Lumpur,2025-01-11 00:00:00,31.05210975,44.21221425,0,11,1,5,25.62055075,36.729574250000006,21.67309300000002,31.148620833333325
Kuala Lumpur,2025-01-11 06:00:00,14.446186375,21.950199750000003,6,11,1,5,31.05210975,44.21221425,26.590058000000017,38.02904291666666
Kuala Lumpur,2025-01-11 12:00:00,27.78068625,39.74258875,12,11,1,5,14.446186375,21.950199750000003,23.706282291666685,34.297329416666656
Kuala Lumpur,2025-01-11 18:00:00,38.31706925,54.6487515,18,11,1,5,27.78068625,39.74258875,24.42632745833335,35.30166758333333
Kuala Lumpur,2025-01-12 00:00:00,39.81887150000001,57.060845,0,12,1,6,38.31706925,54.6487515,26.84798062500002,38.780513333333325
Kuala Lumpur,2025-01-12 06:00:00,20.382629,30.832041,6,12,1,6,39.81887150000001,57.060845,35.30554233333336,50.484061749999995
Kuala Lumpur,2025-01-12 12:00:00,27.7942435,40.12571275,12,12,1,6,20.382629,30.832041,32.83952325000002,47.51387916666666
Kuala Lumpur,2025-01-12 18:00:00,37.784047,54.064031750000005,18,12,1,6,27.7942435,40.12571275,29.331914666666687,42.67286624999999
Kuala Lumpur,2025-01-13 00:00:00,24.07278975,34.92124200000001,0,13,1,0,37.784047,54.064031750000005,28.653639833333354,41.67392849999999
Kuala Lumpur,2025-01-13 06:00:00,13.18163375,21.10908775,6,13,1,0,24.07278975,34.92124200000001,29.883693416666688,43.03699549999999
Kuala Lumpur,2025-01-13 12:00:00,22.0433235,32.005587500000004,12,13,1,0,13.18163375,21.10908775,25.01282350000002,36.698120499999995
Kuala Lumpur,2025-01-13 18:00:00,39.782719,56.589954,18,13,1,0,22.0433235,32.005587500000004,19.765915666666686,29.345305749999994
Kuala Lumpur,2025-01-14 00:00:00,32.24988625,46.02823300000001,0,14,1,1,39.782719,56.589954,25.00255875000002,36.568209749999994
Kuala Lumpur,2025-01-14 06:00:00,12.39492075,18.7739315,6,14,1,1,32.24988625,46.02823300000001,31.358642916666685,44.87459149999999
Kuala Lumpur,2025-01-14 12:00:00,25.200109,35.846454,12,14,1,1,12.39492075,18.7739315,28.142508666666686,40.46403949999999
Kuala Lumpur,2025-01-14 18:00:00,39.99855375,56.6544145,18,14,1,1,25.200109,35.846454,23.28163866666669,33.54953949999999
Kuala Lumpur,2025-01-15 00:00:00,32.66040875,46.2866295,0,15,1,2,39.99855375,56.6544145,25.86452783333335,37.09159999999999
Kuala Lumpur,2025-01-15 06:00:00,17.46820975,25.03483625,6,15,1,2,32.66040875,46.2866295,32.61969050000002,46.262499333333324
Kuala Lumpur,2025-01-15 12:00:00,25.234022875,35.642274,12,15,1,2,17.46820975,25.03483625,30.04239075000002,42.65862674999999
Kuala Lumpur,2025-01-15 18:00:00,28.35908225,40.1806515,18,15,1,2,25.234022875,35.642274,25.120880458333357,35.654579916666655
Kuala Lumpur,2025-01-16 00:00:00,37.20083425,53.01620875,0,16,1,3,28.35908225,40.1806515,23.68710495833335,33.61925391666666
Kuala Lumpur,2025-01-16 06:00:00,15.38921875,23.32257075,6,16,1,3,37.20083425,53.01620875,30.264646458333356,42.94637808333332
Kuala Lumpur,2025-01-16 12:00:00,19.09622675,27.4968815,12,16,1,3,15.38921875,23.32257075,26.983045083333355,38.839810333333325
Kuala Lumpur,2025-01-16 18:00:00,29.33623475,42.15121375,18,16,1,3,19.09622675,27.4968815,23.89542658333335,34.611886999999996
Kuala Lumpur,2025-01-17 00:00:00,58.01325725,83.71327374999998,0,17,1,4,29.33623475,42.15121375,21.273893416666684,30.990221999999992
Kuala Lumpur,2025-01-17 06:00:00,21.37073775,34.475561750000004,6,17,1,4,58.01325725,83.71327374999998,35.481906250000016,51.12045633333332
Kuala Lumpur,2025-01-17 12:00:00,21.724304125,32.58759275,12,17,1,4,21.37073775,34.475561750000004,36.240076583333355,53.44668308333332
Kuala Lumpur,2025-01-17 18:00:00,31.07007275,44.78778225,18,17,1,4,21.724304125,32.58759275,33.70276637500002,50.25880941666666
Kuala Lumpur,2025-01-18 00:00:00,35.5989305,51.13651075,0,18,1,5,31.07007275,44.78778225,24.721704875000018,37.28364558333333
Kuala Lumpur,2025-01-18 06:00:00,20.47562475,31.99474475,6,18,1,5,35.5989305,51.13651075,29.464435791666688,42.83729524999999
Kuala Lumpur,2025-01-18 12:00:00,21.82262875,31.72240775,12,18,1,5,20.47562475,31.99474475,29.04820933333335,42.63967924999999
Kuala Lumpur,2025-01-18 18:00:00,43.08998275,61.349339,18,18,1,5,21.82262875,31.72240775,25.965728000000023,38.28455441666666
Kuala Lumpur,2025-01-19 00:00:00,33.87106075,48.61351425,0,19,1,6,43.08998275,61.349339,28.46274541666669,41.688830499999995
Kuala Lumpur,2025-01-19 06:00:00,17.128883375,25.980256,6,19,1,6,33.87106075,48.61351425,32.92789075000002,47.22842033333333
Kuala Lumpur,2025-01-19 12:00:00,27.69554925,39.427903,12,19,1,6,17.128883375,25.980256,31.363308958333352,45.31436975
Kuala Lumpur,2025-01-19 18:00:00,50.26794275,71.21906325,18,19,1,6,27.69554925,39.427903,26.231831125000017,38.007224416666666
Kuala Lumpur,2025-01-20 00:00:00,41.22028925,58.7488105,0,20,1,0,50.26794275,71.21906325,31.697458458333355,45.54240741666666
Kuala Lumpur,2025-01-20 06:00:00,14.90025165,22.7923635,6,20,1,0,41.22028925,58.7488105,39.727927083333356,56.46525891666666
Kuala Lumpur,2025-01-20 12:00:00,28.3601195,40.271515,12,20,1,0,14.90025165,22.7923635,35.462827883333354,50.92007908333333
Kuala Lumpur,2025-01-20 18:00:00,49.745126,70.42064075,18,20,1,0,28.3601195,40.271515,28.160220133333354,40.60422966666666
Kuala Lumpur,2025-01-21 00:00:00,54.05075825,76.6534085,0,21,1,1,49.745126,70.42064075,31.00183238333335,44.494839750000004
Kuala Lumpur,2025-01-21 06:00:00,21.0237945,31.308133,6,21,1,1,54.05075825,76.6534085,44.05200125000002,62.448521416666665
Kuala Lumpur,2025-01-21 12:00:00,29.81887775,42.6702225,12,21,1,1,21.0237945,31.308133,41.60655958333336,59.460727416666664
Kuala Lumpur,2025-01-21 18:00:00,37.965691500000005,54.013866750000005,18,21,1,1,29.81887775,42.6702225,34.96447683333335,50.210588
Kuala Lumpur,2025-01-22 00:00:00,44.760156,63.78331875,0,22,1,2,37.965691500000005,54.013866750000005,29.60278791666669,42.66407408333334
Kuala Lumpur,2025-01-22 06:00:00,23.30440925,35.45594075,6,22,1,2,44.760156,63.78331875,37.514908416666685,53.489136
Kuala Lumpur,2025-01-22 12:00:00,29.78893575,42.594735,12,22,1,2,23.30440925,35.45594075,35.343418916666685,51.08437541666667
Kuala Lumpur,2025-01-22 18:00:00,49.22748125,69.74749925,18,22,1,2,29.78893575,42.594735,32.617833666666684,47.27799816666667
Kuala Lumpur,2025-01-23 00:00:00,45.969273,65.6439175,0,23,1,3,49.22748125,69.74749925,34.10694208333335,49.26605833333334
Kuala Lumpur,2025-01-23 06:00:00,20.410738,30.794439,6,23,1,3,45.969273,65.6439175,41.661896666666685,59.328717250000004
Kuala Lumpur,2025-01-23 12:00:00,27.72631575,39.43080175,12,23,1,3,20.410738,30.794439,38.53583075000002,55.39528525000001
Kuala Lumpur,2025-01-23 18:00:00,48.449351500000006,68.642067,18,23,1,3,27.72631575,39.43080175,31.36877558333335,45.289719416666664
Kuala Lumpur,2025-01-24 00:00:00,42.14871275,59.75260875,0,24,1,4,48.449351500000006,68.642067,32.19546841666669,46.28910258333334
Kuala Lumpur,2025-01-24 06:00:00,18.756211,27.2500815,6,24,1,4,42.14871275,59.75260875,39.44146000000003,55.94182583333333
Kuala Lumpur,2025-01-24 12:00:00,31.254487250000004,44.1762475,12,24,1,4,18.756211,27.2500815,36.451425083333355,51.88158575
Kuala Lumpur,2025-01-24 18:00:00,31.76717275,44.99031575,18,24,1,4,31.254487250000004,44.1762475,30.71980366666669,43.72631258333333
Kuala Lumpur,2025-01-25 00:00:00,24.70903815,35.00599625,0,25,1,5,31.76717275,44.99031575,27.259290333333354,38.805548249999994
Kuala Lumpur,2025-01-25 06:00:00,8.859558575000001,13.142937375,6,25,1,5,24.70903815,35.00599625,29.243566050000023,41.390853166666666
Kuala Lumpur,2025-01-25 12:00:00,18.2208735,25.882997250000003,12,25,1,5,8.859558575000001,13.142937375,21.778589825000022,31.046416458333336
Kuala Lumpur,2025-01-25 18:00:00,26.2723465,37.309519,18,25,1,5,18.2208735,25.882997250000003,17.263156741666688,24.677310291666668
Kuala Lumpur,2025-01-26 00:00:00,35.65725175,50.656808,0,26,1,6,26.2723465,37.309519,17.78425952500002,25.44515120833334
Kuala Lumpur,2025-01-26 06:00:00,18.03783775,26.84561225,6,26,1,6,35.65725175,50.656808,26.716823916666687,37.949774749999996
Kuala Lumpur,2025-01-26 12:00:00,27.89673225,39.60923275,12,26,1,6,18.03783775,26.84561225,26.655812000000022,38.270646416666665
Kuala Lumpur,2025-01-26 18:00:00,47.5143905,67.35194800000001,18,26,1,6,27.89673225,39.60923275,27.19727391666669,39.03721766666667
Kuala Lumpur,2025-01-27 00:00:00,36.39851825,51.62686975,0,27,1,0,47.5143905,67.35194800000001,31.149653500000017,44.602264333333345
Kuala Lumpur,2025-01-27 06:00:00,10.85800235,15.91041615,6,27,1,0,36.39851825,51.62686975,37.269880333333354,52.8626835
Kuala Lumpur,2025-01-27 12:00:00,20.464924,29.1182405,12,27,1,0,10.85800235,15.91041615,31.590303700000018,44.96307796666667
Kuala Lumpur,2025-01-27 18:00:00,25.22099875,36.634134,18,27,1,0,20.464924,29.1182405,22.573814866666684,32.2185088
Kuala Lumpur,2025-01-28 00:00:00,36.1220035,52.12143625,0,28,1,1,25.22099875,36.634134,18.847975033333352,27.22093021666667
Kuala Lumpur,2025-01-28 06:00:00,20.6705405,32.7234205,6,28,1,1,36.1220035,52.12143625,27.26930875000002,39.291270250000004
Kuala Lumpur,2025-01-28 12:00:00,24.156648,35.686497249999995,12,28,1,1,20.6705405,32.7234205,27.337847583333353,40.49299691666667
Kuala Lumpur,2025-01-28 18:00:00,25.18115175,37.051592,18,28,1,1,24.156648,35.686497249999995,26.983064000000017,40.177118
Kuala Lumpur,2025-01-29 00:00:00,31.3755925,45.85939425,0,29,1,2,25.18115175,37.051592,23.336113416666688,35.15383658333334
Kuala Lumpur,2025-01-29 06:00:00,16.04882975,25.79560025,6,29,1,2,31.3755925,45.85939425,26.904464083333355,39.5324945
Kuala Lumpur,2025-01-29 12:00:00,16.77018675,25.142583,12,29,1,2,16.04882975,25.79560025,24.20185800000002,36.23552883333334
Kuala Lumpur,2025-01-29 18:00:00,32.9551855,47.111769,18,29,1,2,16.77018675,25.142583,21.398203000000024,32.265859166666665
Kuala Lumpur,2025-01-30 00:00:00,29.02685025,41.71991475,0,30,1,3,32.9551855,47.111769,21.92473400000002,32.68331741666667
Kuala Lumpur,2025-01-30 06:00:00,13.298290625,19.80549775,6,30,1,3,29.02685025,41.71991475,26.250740833333353,37.99142225000001
Kuala Lumpur,2025-01-30 12:00:00,26.221585,37.14998825,12,30,1,3,13.298290625,19.80549775,25.09344212500002,36.21239383333334
Kuala Lumpur,2025-01-30 18:00:00,44.49503875,63.00112375,18,30,1,3,26.221585,37.14998825,22.84890862500002,32.891800249999996
Kuala Lumpur,2025-01-31 00:00:00,39.9783175,56.738032,0,31,1,4,44.49503875,63.00112375,28.004971458333358,39.985536583333335
Kuala Lumpur,2025-01-31 06:00:00,16.906369625,24.65168325,6,31,1,4,39.9783175,56.738032,36.89831375000002,52.29638133333333
Kuala Lumpur,2025-01-31 12:00:00,29.99243525,42.290324250000005,12,31,1,4,16.906369625,24.65168325,33.793241958333354,48.13027966666667
Kuala Lumpur,2025-01-31 18:00:00,50.91251875,71.93651100000001,18,31,1,4,29.99243525,42.290324250000005,28.95904079166669,41.226679833333336
Kuala Lumpur,2025-02-01 00:00:00,51.97060225,73.60171100000001,0,1,2,5,50.91251875,71.93651100000001,32.60377454166669,46.292839500000014
Kuala Lumpur,2025-02-01 06:00:00,26.56712175,38.6225875,6,1,2,5,51.97060225,73.60171100000001,44.291852083333346,62.60951541666668
Kuala Lumpur,2025-02-01 12:00:00,31.904051,45.10769725,12,1,2,5,26.56712175,38.6225875,43.15008091666669,61.3869365
Kuala Lumpur,2025-02-01 18:00:00,55.85377475,78.8957095,18,1,2,5,31.904051,45.10769725,36.81392500000002,52.44399858333333
Kuala Lumpur,2025-02-02 00:00:00,53.240399,75.4730525,0,2,2,6,55.85377475,78.8957095,38.10831583333335,54.208664750000004
Kuala Lumpur,2025-02-02 06:00:00,15.3928995,22.41812025,6,2,2,6,53.240399,75.4730525,46.999408250000016,66.49215308333333
Kuala Lumpur,2025-02-02 12:00:00,24.591074000000003,34.803065499999995,12,2,2,6,15.3928995,22.41812025,41.49569108333335,58.928960749999995
Kuala Lumpur,2025-02-02 18:00:00,58.28911875,82.33519050000001,18,2,2,6,24.591074000000003,34.803065499999995,31.074790833333353,44.231412750000004
Kuala Lumpur,2025-02-03 00:00:00,41.86313175,59.2598325,0,3,2,0,58.28911875,82.33519050000001,32.75769741666669,46.518792083333345
Kuala Lumpur,2025-02-03 06:00:00,9.266955125,13.2214381,6,3,2,0,41.86313175,59.2598325,41.58110816666669,58.79936283333334
Kuala Lumpur,2025-02-03 12:00:00,28.501688,40.12082375,12,3,2,0,9.266955125,13.2214381,36.473068541666684,51.60548703333334
Kuala Lumpur,2025-02-03 18:00:00,53.9122735,76.049275,18,3,2,0,28.501688,40.12082375,26.543924958333353,37.53403145000001
Kuala Lumpur,2025-02-04 00:00:00,74.235033,105.1698175,0,4,2,1,53.9122735,76.049275,30.56030554166669,43.13051228333334
Kuala Lumpur,2025-02-04 06:00:00,22.79892925,34.25833475,6,4,2,1,74.235033,105.1698175,52.216331500000024,73.77997208333333
Kuala Lumpur,2025-02-04 12:00:00,33.5807755,48.298858,12,4,2,1,22.79892925,34.25833475,50.31541191666668,71.82580908333334
Kuala Lumpur,2025-02-04 18:00:00,23.607824625000003,34.25265075,18,4,2,1,33.5807755,48.298858,43.53824591666669,62.575670083333335
Kuala Lumpur,2025-02-05 00:00:00,29.01080625,41.56353775,0,5,2,2,23.607824625000003,34.25265075,26.662509791666682,38.93661450000001
Kuala Lumpur,2025-02-05 06:00:00,14.945229125,23.25683125,6,5,2,2,29.01080625,41.56353775,28.73313545833335,41.37168216666667
Kuala Lumpur,2025-02-05 12:00:00,21.7247305,31.49637,12,5,2,2,14.945229125,23.25683125,22.521286666666683,33.02433991666667
Kuala Lumpur,2025-02-05 18:00:00,40.665569,57.82507675,18,5,2,2,21.7247305,31.49637,21.893588625000017,32.10557966666668
Kuala Lumpur,2025-02-06 00:00:00,45.06234975,64.11181675,0,6,2,3,40.665569,57.82507675,25.77850954166668,37.52609266666667
Kuala Lumpur,2025-02-06 06:00:00,12.41781435,18.7367845,6,6,2,3,45.06234975,64.11181675,35.81754975000001,51.14442116666667
Kuala Lumpur,2025-02-06 12:00:00,23.732568,33.970166750000004,12,6,2,3,12.41781435,18.7367845,32.71524436666669,46.891225999999996
Kuala Lumpur,2025-02-06 18:00:00,41.532502,58.93971825,18,6,2,3,23.732568,33.970166750000004,27.070910700000013,38.93958933333334
Kuala Lumpur,2025-02-07 00:00:00,52.900191,75.188782,0,7,2,4,41.532502,58.93971825,25.89429478333335,37.215556500000005
Kuala Lumpur,2025-02-07 06:00:00,15.83777,23.090706,6,7,2,4,52.900191,75.188782,39.38842033333335,56.03288900000001
Kuala Lumpur,2025-02-07 12:00:00,25.282475,35.87223325,12,7,2,4,15.83777,23.090706,36.756821000000016,52.40640208333334
Kuala Lumpur,2025-02-07 18:00:00,44.0077485,62.33369724999999,18,7,2,4,25.282475,35.87223325,31.34014533333335,44.71724041666668
Kuala Lumpur,2025-02-08 00:00:00,35.127896500000006,49.817799750000006,0,8,2,5,44.0077485,62.33369724999999,28.375997833333347,40.432212166666666
Kuala Lumpur,2025-02-08 06:00:00,14.50734975,21.934625,6,8,2,5,35.127896500000006,49.817799750000006,34.80604000000002,49.34124341666668
Kuala Lumpur,2025-02-08 12:00:00,23.00916425,32.71989575,12,8,2,5,14.50734975,21.934625,31.214331583333347,44.69537400000001
Kuala Lumpur,2025-02-08 18:00:00,47.3152105,66.86801125,18,8,2,5,23.00916425,32.71989575,24.214803500000016,34.82410683333334
Kuala Lumpur,2025-02-09 00:00:00,59.0127925,84.66597,0,9,2,6,47.3152105,66.86801125,28.277241500000013,40.50751066666667
Kuala Lumpur,2025-02-09 06:00:00,20.40633275,32.10934125,6,9,2,6,59.0127925,84.66597,43.11238908333335,61.417959
Kuala Lumpur,2025-02-09 12:00:00,22.7773285,33.21721925,12,9,2,6,20.40633275,32.10934125,42.24477858333335,61.214440833333335
Kuala Lumpur,2025-02-09 18:00:00,36.43944525,52.0483635,18,9,2,6,22.7773285,33.21721925,34.06548458333335,49.99751016666667
Kuala Lumpur,2025-02-10 00:00:00,35.85250875,51.467907,0,10,2,0,36.43944525,52.0483635,26.54103550000001,39.124974666666674
Kuala Lumpur,2025-02-10 06:00:00,18.48371775,28.04881625,6,10,2,0,35.85250875,51.467907,31.68976083333335,45.57782991666667
Kuala Lumpur,2025-02-10 12:00:00,26.1817095,37.5666215,12,10,2,0,18.48371775,28.04881625,30.258557250000013,43.85502891666667
Kuala Lumpur,2025-02-10 18:00:00,33.593409,47.94793475,18,10,2,0,26.1817095,37.5666215,26.839312000000017,39.027781583333336
Kuala Lumpur,2025-02-11 00:00:00,39.829274,56.76037075,0,11,2,1,33.593409,47.94793475,26.086278750000016,37.8544575
Kuala Lumpur,2025-02-11 06:00:00,13.48513465,20.18595075,6,11,2,1,39.829274,56.76037075,33.20146416666668,47.42497566666666
Kuala Lumpur,2025-02-11 12:00:00,22.822178,32.66691775,12,11,2,1,13.48513465,20.18595075,28.96927255000001,41.63141875
Kuala Lumpur,2025-02-11 18:00:00,31.61723325,44.93770725,18,11,2,1,22.822178,32.66691775,25.37886221666668,36.53774641666667
Kuala Lumpur,2025-02-12 00:00:00,46.64531175,66.4501825,0,12,2,2,31.61723325,44.93770725,22.641515300000012,32.596858583333336
Kuala Lumpur,2025-02-12 06:00:00,23.1131595,34.10733075,6,12,2,2,46.64531175,66.4501825,33.69490766666669,48.01826916666667
Kuala Lumpur,2025-02-12 12:00:00,27.44155825,39.3238515,12,12,2,2,23.1131595,34.10733075,33.791901500000016,48.49840683333334
Kuala Lumpur,2025-02-12 18:00:00,45.38581824999999,64.26409925,18,12,2,2,27.44155825,39.3238515,32.40000983333335,46.62712158333334
Kuala Lumpur,2025-02-13 00:00:00,50.99116075,72.2441775,0,13,2,3,45.38581824999999,64.26409925,31.980178666666678,45.89842716666667
Kuala Lumpur,2025-02-13 06:00:00,26.92711125,39.04435125,6,13,2,3,50.99116075,72.2441775,41.272845750000016,58.61070941666668
Kuala Lumpur,2025-02-13 12:00:00,30.749611,43.757751,12,13,2,3,26.92711125,39.04435125,41.10136341666668,58.51754266666668
Kuala Lumpur,2025-02-13 18:00:00,39.8553515,56.407089,18,13,2,3,30.749611,43.757751,36.22262766666668,51.68209325000001
Kuala Lumpur,2025-02-14 00:00:00,44.5136125,63.020138,0,14,2,4,39.8553515,56.407089,32.510691250000015,46.40306375
Kuala Lumpur,2025-02-14 06:00:00,20.859786625,30.186470250000003,6,14,2,4,44.5136125,63.020138,38.37285833333335,54.39499266666667
Kuala Lumpur,2025-02-14 12:00:00,23.2772805,33.08883825,12,14,2,4,20.859786625,30.186470250000003,35.07625020833335,49.87123241666668
Kuala Lumpur,2025-02-14 18:00:00,32.9218605,46.62811625,18,14,2,4,23.2772805,33.08883825,29.550226541666685,42.09848216666667
Kuala Lumpur,2025-02-15 00:00:00,27.55706425,39.094061,0,15,2,5,32.9218605,46.62811625,25.686309208333352,36.63447491666667
Kuala Lumpur,2025-02-15 06:00:00,10.623182225,15.14530385,6,15,2,5,27.55706425,39.094061,27.91873508333335,39.603671833333344
Kuala Lumpur,2025-02-15 12:00:00,23.02391525,32.46094625,12,15,2,5,10.623182225,15.14530385,23.70070232500002,33.6224937
Kuala Lumpur,2025-02-15 18:00:00,39.71945265,56.13585925,18,15,2,5,23.02391525,32.46094625,20.401387241666683,28.900103700000003
Kuala Lumpur,2025-02-16 00:00:00,51.9464715,73.54992675000001,0,16,2,6,39.71945265,56.13585925,24.455516708333352,34.58070311666667
Kuala Lumpur,2025-02-16 06:00:00,24.11968575,34.250376749999994,6,16,2,6,51.9464715,73.54992675000001,38.22994646666668,54.048910750000005
Kuala Lumpur,2025-02-16 12:00:00,33.91290475,47.778399,12,16,2,6,24.11968575,34.250376749999994,38.595203300000016,54.64538758333333
Kuala Lumpur,2025-02-16 18:00:00,48.6739965,68.7192605,18,16,2,6,33.91290475,47.778399,36.65968733333335,51.859567500000004
Kuala Lumpur,2025-02-17 00:00:00,54.382098,76.9218795,0,17,2,0,48.6739965,68.7192605,35.56886233333335,50.249345416666664
Kuala Lumpur,2025-02-17 06:00:00,19.371555,27.81584375,6,17,2,0,54.382098,76.9218795,45.65633308333335,64.47317966666667
Kuala Lumpur,2025-02-17 12:00:00,22.13471325,31.433529750000005,12,17,2,0,19.371555,27.81584375,40.80921650000002,57.818994583333335
Kuala Lumpur,2025-02-17 18:00:00,34.98831825,49.5466845,18,17,2,0,22.13471325,31.433529750000005,31.96278875000002,45.39041766666667
Kuala Lumpur,2025-02-18 00:00:00,39.494807,56.0239635,0,18,2,1,34.98831825,49.5466845,25.49819550000002,36.265352666666665
Kuala Lumpur,2025-02-18 06:00:00,15.78342775,23.93156225,6,18,2,1,39.494807,56.0239635,32.205946166666685,45.66805925
Kuala Lumpur,2025-02-18 12:00:00,21.72303925,31.09717275,12,18,2,1,15.78342775,23.93156225,30.088851000000016,43.167403416666666
Kuala Lumpur,2025-02-18 18:00:00,39.95222675,56.63400775,18,18,2,1,21.72303925,31.09717275,25.66709133333335,37.01756616666666
Kuala Lumpur,2025-02-19 00:00:00,48.47282675,68.8220895,0,19,2,2,39.95222675,56.63400775,25.819564583333356,37.22091425
Kuala Lumpur,2025-02-19 06:00:00,18.95547525,28.030285875,6,19,2,2,48.47282675,68.8220895,36.71603091666669,52.184423333333335
Kuala Lumpur,2025-02-19 12:00:00,27.39796675,38.96211325,12,19,2,2,18.95547525,28.030285875,35.79350958333335,51.16212770833334
Kuala Lumpur,2025-02-19 18:00:00,43.437495000000006,61.53214875,18,19,2,2,27.39796675,38.96211325,31.608756250000024,45.27149620833334
Kuala Lumpur,2025-02-20 00:00:00,45.4417665,64.476581,0,20,2,3,43.437495000000006,61.53214875,29.93031233333335,42.84151595833334
Kuala Lumpur,2025-02-20 06:00:00,12.037162375,18.0187955,6,20,2,3,45.4417665,64.476581,38.759076083333355,54.990281
Kuala Lumpur,2025-02-20 12:00:00,20.2652969,29.0016115,12,20,2,3,12.037162375,18.0187955,33.63880795833335,48.00917508333333
Kuala Lumpur,2025-02-20 18:00:00,31.87687975,45.26472700000001,18,20,2,3,20.2652969,29.0016115,25.914741925000015,37.16566266666666
Kuala Lumpur,2025-02-21 00:00:00,49.39437225,70.21532325000001,0,21,2,4,31.87687975,45.26472700000001,21.393113008333348,30.76171133333334
Kuala Lumpur,2025-02-21 06:00:00,22.3554365,33.566948,6,21,2,4,49.39437225,70.21532325000001,33.84551630000002,48.160553916666686
Kuala Lumpur,2025-02-21 12:00:00,24.07146875,34.452696749999994,12,21,2,4,22.3554365,33.566948,34.54222950000002,49.68233275000002
Kuala Lumpur,2025-02-21 18:00:00,46.44455525000001,65.877259,18,21,2,4,24.07146875,34.452696749999994,31.940425833333354,46.07832266666667
Kuala Lumpur,2025-02-22 00:00:00,46.313005,65.7123565,0,22,2,5,46.44455525000001,65.877259,30.95715350000002,44.632301250000005
Kuala Lumpur,2025-02-22 06:00:00,15.9516275,24.050507,6,22,2,5,46.313005,65.7123565,38.94300966666669,55.34743741666667
Kuala Lumpur,2025-02-22 12:00:00,23.37542075,33.44496225,12,22,2,5,15.9516275,24.050507,36.23639591666669,51.88004083333334
Kuala Lumpur,2025-02-22 18:00:00,31.227998,44.405539,18,22,2,5,23.37542075,33.44496225,28.546684416666682,41.06927525000001
Kuala Lumpur,2025-02-23 00:00:00,28.60565475,40.594216,0,23,2,6,31.227998,44.405539,23.51834875000002,33.967002750000006
Kuala Lumpur,2025-02-23 06:00:00,10.69931,15.61875225,6,23,2,6,28.60565475,40.594216,27.736357833333354,39.48157241666667
Kuala Lumpur,2025-02-23 12:00:00,18.819989,26.68681975,12,23,2,6,10.69931,15.61875225,23.51098758333335,33.53950241666667
Kuala Lumpur,2025-02-23 18:00:00,40.333275750000006,56.98458975,18,23,2,6,18.819989,26.68681975,19.37498458333335,27.633262666666678
Kuala Lumpur,2025-02-24 00:00:00,40.21393425,56.995646,0,24,2,0,40.333275750000006,56.98458975,23.284191583333353,33.096720583333344
Kuala Lumpur,2025-02-24 06:00:00,12.6562725,18.98624175,6,24,2,0,40.21393425,56.995646,33.12239966666669,46.88901850000001
Kuala Lumpur,2025-02-24 12:00:00,22.67134375,32.19881225,12,24,2,0,12.6562725,18.98624175,31.06782750000002,44.32215916666667
Kuala Lumpur,2025-02-24 18:00:00,32.056505,45.5013385,18,24,2,0,22.67134375,32.19881225,25.180516833333353,36.06023333333334
Kuala Lumpur,2025-02-25 00:00:00,31.6904335,45.1232155,0,25,2,1,32.056505,45.5013385,22.46137375000002,32.22879750000001
Kuala Lumpur,2025-02-25 06:00:00,12.74071325,19.56675525,6,25,2,1,31.6904335,45.1232155,28.806094083333353,40.94112208333334
Kuala Lumpur,2025-02-25 12:00:00,18.491505,26.7928895,12,25,2,1,12.74071325,19.56675525,25.49588391666669,36.73043641666667
Kuala Lumpur,2025-02-25 18:00:00,29.1647665,41.6305295,18,25,2,1,18.491505,26.7928895,20.97421725000002,30.494286750000004
Kuala Lumpur,2025-02-26 00:00:00,41.008661,58.54963025,0,26,2,2,29.1647665,41.6305295,20.13232825000002,29.33005808333334
Kuala Lumpur,2025-02-26 06:00:00,16.2445985,25.31646725,6,26,2,2,41.008661,58.54963025,29.55497750000002,42.32434975000001
Kuala Lumpur,2025-02-26 12:00:00,22.78676425,33.18285725,12,26,2,2,16.2445985,25.31646725,28.806008666666685,41.832209000000006
Kuala Lumpur,2025-02-26 18:00:00,27.0827625,39.80238675,18,26,2,2,22.78676425,33.18285725,26.680007916666685,39.016318250000005
Kuala Lumpur,2025-02-27 00:00:00,38.119651,55.21746925,0,27,2,3,27.0827625,39.80238675,22.03804175000002,32.767237083333335
Kuala Lumpur,2025-02-27 06:00:00,20.087015,32.10499225,6,27,2,3,38.119651,55.21746925,29.32972591666669,42.734237750000005
Kuala Lumpur,2025-02-27 12:00:00,25.70266125,37.33558175,12,27,2,3,20.087015,32.10499225,28.429809500000022,42.374949416666674
Kuala Lumpur,2025-02-27 18:00:00,27.3044805,39.35309675,18,27,2,3,25.70266125,37.33558175,27.96977575000002,41.55268108333334
Kuala Lumpur,2025-02-28 00:00:00,28.325246,40.64958175,0,28,2,4,27.3044805,39.35309675,24.36471891666669,36.26455691666667
Kuala Lumpur,2025-02-28 06:00:00,12.991563575,19.7928215,6,28,2,4,28.325246,40.64958175,27.11079591666669,39.11275341666667
Kuala Lumpur,2025-02-28 12:00:00,20.729587,29.770746499999994,12,28,2,4,12.991563575,19.7928215,22.873763358333353,33.26516666666667
Kuala Lumpur,2025-02-28 18:00:00,37.6199545,53.39154525,18,28,2,4,20.729587,29.770746499999994,20.68213219166669,30.07104991666667
Kuala Lumpur,2025-03-01 00:00:00,35.6145055,50.9845675,0,1,3,5,37.6199545,53.39154525,23.78036835833335,34.31837108333334
Kuala Lumpur,2025-03-01 06:00:00,14.377278,22.37752075,6,1,3,5,35.6145055,50.9845675,31.321349000000023,44.71561975
Kuala Lumpur,2025-03-01 12:00:00,25.9554725,37.07251075,12,1,3,5,14.377278,22.37752075,29.203912666666692,42.25121116666667
Kuala Lumpur,2025-03-01 18:00:00,52.15552825,73.79219225,18,1,3,5,25.9554725,37.07251075,25.31575200000002,36.811533000000004
Kuala Lumpur,2025-03-02 00:00:00,31.0127315,43.9506215,0,2,3,6,52.15552825,73.79219225,30.829426250000022,44.41407458333333
Kuala Lumpur,2025-03-02 06:00:00,10.1063335,14.840509125,6,2,3,6,31.0127315,43.9506215,36.37457741666669,51.60510816666667
Kuala Lumpur,2025-03-02 12:00:00,21.4188415,30.4514175,12,2,3,6,10.1063335,14.840509125,31.091531083333354,44.19444095833334
Kuala Lumpur,2025-03-02 18:00:00,55.581679,78.55627000000001,18,2,3,6,21.4188415,30.4514175,20.845968833333355,29.74751604166667
Kuala Lumpur,2025-03-03 00:00:00,81.45105,115.4523375,0,3,3,0,55.581679,78.55627000000001,29.035618000000017,41.28273220833334
Kuala Lumpur,2025-03-03 06:00:00,30.373158,44.482164,6,3,3,0,81.45105,115.4523375,52.817190166666684,74.82000833333335
Kuala Lumpur,2025-03-03 12:00:00,37.69729125,53.64557875,12,3,3,0,30.373158,44.482164,55.80196233333336,79.49692383333335
Kuala Lumpur,2025-03-03 18:00:00,59.71392675,84.4170245,18,3,3,0,37.69729125,53.64557875,49.84049975000002,71.19336008333333
Kuala Lumpur,2025-03-04 00:00:00,59.17081749999999,83.8339245,0,4,3,1,59.71392675,84.4170245,42.59479200000002,60.84825575
Kuala Lumpur,2025-03-04 06:00:00,25.0360305,36.242624500000005,6,4,3,1,59.17081749999999,83.8339245,52.19401183333335,73.96550925
Kuala Lumpur,2025-03-04 12:00:00,31.530817000000003,44.729973,12,4,3,1,25.0360305,36.242624500000005,47.97359158333335,68.1645245
Kuala Lumpur,2025-03-04 18:00:00,50.5242355,71.44839675,18,4,3,1,31.530817000000003,44.729973,38.57922166666669,54.93550733333334
Kuala Lumpur,2025-03-05 00:00:00,31.659467,44.86054175,0,5,3,2,50.5242355,71.44839675,35.69702766666669,50.80699808333335
Kuala Lumpur,2025-03-05 06:00:00,15.077717,21.64505,6,5,3,2,31.659467,44.86054175,37.90483983333336,53.67963716666667
Kuala Lumpur,2025-03-05 12:00:00,25.7398795,36.33218175,12,5,3,2,15.077717,21.64505,32.42047316666669,45.98466283333334
Kuala Lumpur,2025-03-05 18:00:00,35.170856,49.72034125,18,5,3,2,25.7398795,36.33218175,24.15902116666669,34.27925783333334
Kuala Lumpur,2025-03-06 00:00:00,18.9621685,26.923089500000003,0,6,3,3,35.170856,49.72034125,25.329484166666692,35.899191
Kuala Lumpur,2025-03-06 06:00:00,7.636856574999999,10.99544975,6,6,3,3,18.9621685,26.923089500000003,26.62430133333336,37.6585375
Kuala Lumpur,2025-03-06 12:00:00,21.38296675,30.175897500000005,12,6,3,3,7.636856574999999,10.99544975,20.589960358333357,29.212960166666672
Kuala Lumpur,2025-03-06 18:00:00,41.84872125,59.2000335,18,6,3,3,21.38296675,30.175897500000005,15.993997275000025,22.69814558333334
Kuala Lumpur,2025-03-07 00:00:00,44.90928525,63.50660400000001,0,7,3,4,41.84872125,59.2000335,23.62284819166669,33.457126916666674
Kuala Lumpur,2025-03-07 06:00:00,16.97438275,24.50164525,6,7,3,4,44.90928525,63.50660400000001,36.04699108333336,50.960845000000006
Kuala Lumpur,2025-03-07 12:00:00,29.713078,41.9584725,12,7,3,4,16.97438275,24.50164525,34.577463083333356,49.06942758333334
Kuala Lumpur,2025-03-07 18:00:00,33.48782225,47.343007,18,7,3,4,29.713078,41.9584725,30.532248666666693,43.32224058333333
Kuala Lumpur,2025-03-08 00:00:00,40.27720075,57.06169775,0,8,3,5,33.48782225,47.343007,26.725094333333356,37.93437491666666
Kuala Lumpur,2025-03-08 06:00:00,17.668682875,25.4241855,6,8,3,5,40.27720075,57.06169775,34.49270033333335,48.78772575
Kuala Lumpur,2025-03-08 12:00:00,23.2935945,33.0220755,12,8,3,5,17.668682875,25.4241855,30.47790195833336,43.27629675
Kuala Lumpur,2025-03-08 18:00:00,30.1683945,42.68110825000001,18,8,3,5,23.2935945,33.0220755,27.07982604166669,38.50265291666667
Kuala Lumpur,2025-03-09 00:00:00,35.023731500000004,49.665232,0,9,3,6,30.1683945,42.68110825000001,23.71022395833336,33.70912308333334
Kuala Lumpur,2025-03-09 06:00:00,12.972662875,19.295328,6,9,3,6,35.023731500000004,49.665232,29.49524016666669,41.78947191666668
Kuala Lumpur,2025-03-09 12:00:00,22.15470825,31.61403575,12,9,3,6,12.972662875,19.295328,26.054929625000025,37.213889416666674
Kuala Lumpur,2025-03-09 18:00:00,29.56096525,42.0091055,18,9,3,6,22.15470825,31.61403575,23.38370087500002,33.524865250000005
Kuala Lumpur,2025-03-10 00:00:00,21.608230075,30.643150499999997,0,10,3,0,29.56096525,42.0091055,21.562778791666688,30.972823083333328
Kuala Lumpur,2025-03-10 06:00:00,7.57177085,10.983455875,6,10,3,0,21.608230075,30.643150499999997,24.441301191666692,34.75543058333333
Kuala Lumpur,2025-03-10 12:00:00,15.859768499999998,22.509709625,12,10,3,0,7.57177085,10.983455875,19.580322058333355,27.878570625
Kuala Lumpur,2025-03-10 18:00:00,37.19995350000001,52.59090575,18,10,3,0,15.859768499999998,22.509709625,15.013256475000025,21.378771999999998
Kuala Lumpur,2025-03-11 00:00:00,73.56118175,104.26958875,0,11,3,1,37.19995350000001,52.59090575,20.210497616666693,28.694690416666663
Kuala Lumpur,2025-03-11 06:00:00,23.787337,35.801207250000004,6,11,3,1,73.56118175,104.26958875,42.20696791666669,59.790068041666665
Kuala Lumpur,2025-03-11 12:00:00,25.452323125,36.40832325,12,11,3,1,23.787337,35.801207250000004,44.84949075000003,64.22056725
Kuala Lumpur,2025-03-11 18:00:00,40.5863715,57.4605685,18,11,3,1,25.452323125,36.40832325,40.93361395833336,58.82637308333333
Kuala Lumpur,2025-03-12 00:00:00,48.38432225,68.47995,0,12,3,2,40.5863715,57.4605685,29.94201054166669,43.22336633333333
Kuala Lumpur,2025-03-12 06:00:00,16.59589075,24.56593475,6,12,3,2,48.38432225,68.47995,38.14100562500002,54.11628058333334
Kuala Lumpur,2025-03-12 12:00:00,25.406905,36.21823875,12,12,3,2,16.59589075,24.56593475,35.18886150000002,50.16881775000001
Kuala Lumpur,2025-03-12 18:00:00,49.1961595,69.55559650000001,18,12,3,2,25.406905,36.21823875,30.129039333333356,43.08804116666666
Kuala Lumpur,2025-03-13 00:00:00,38.53074375,54.6131095,0,13,3,3,49.1961595,69.55559650000001,30.39965175000002,43.44658999999999
Kuala Lumpur,2025-03-13 06:00:00,10.892421075,15.877219249999998,6,13,3,3,38.53074375,54.6131095,37.71126941666669,53.462314916666664
Kuala Lumpur,2025-03-13 12:00:00,18.89543475,26.818355500000003,12,13,3,3,10.892421075,15.877219249999998,32.87310810833336,46.681975083333334
Kuala Lumpur,2025-03-13 18:00:00,36.52718325,51.760082,18,13,3,3,18.89543475,26.818355500000003,22.772866525000023,32.43622808333333
Kuala Lumpur,2025-03-14 00:00:00,50.09226925,71.14934525,0,14,3,4,36.52718325,51.760082,22.105013025000023,31.485218916666668
Kuala Lumpur,2025-03-14 06:00:00,19.27453775,28.183421750000004,6,14,3,4,50.09226925,71.14934525,35.17162908333336,49.90926091666666
Kuala Lumpur,2025-03-14 12:00:00,25.356002,35.9801225,12,14,3,4,19.27453775,28.183421750000004,35.29799675000003,50.364283
Kuala Lumpur,2025-03-14 18:00:00,52.13655675,73.73034750000001,18,14,3,4,25.356002,35.9801225,31.57426966666669,45.1042965
Kuala Lumpur,2025-03-15 00:00:00,43.703665,61.9879745,0,15,3,5,52.13655675,73.73034750000001,32.255698833333355,45.96463058333334
Kuala Lumpur,2025-03-15 06:00:00,13.32605875,19.716083,6,15,3,5,43.703665,61.9879745,40.39874125000002,57.23281483333333
Kuala Lumpur,2025-03-15 12:00:00,22.368212,31.724255,12,15,3,5,13.32605875,19.716083,36.38876016666669,51.81146833333333
Kuala Lumpur,2025-03-15 18:00:00,42.06029325,59.4993695,18,15,3,5,22.368212,31.724255,26.465978583333357,37.8094375
Kuala Lumpur,2025-03-16 00:00:00,52.5748475,74.55059825000001,0,16,3,6,42.06029325,59.4993695,25.918188000000026,36.9799025
Kuala Lumpur,2025-03-16 06:00:00,20.79849575,30.2228785,6,16,3,6,52.5748475,74.55059825000001,39.001117583333354,55.25807425
Kuala Lumpur,2025-03-16 12:00:00,26.117476,37.2428705,12,16,3,6,20.79849575,30.2228785,38.47787883333336,54.757615416666674
Kuala Lumpur,2025-03-16 18:00:00,33.91327325,48.0926725,18,16,3,6,26.117476,37.2428705,33.16360641666669,47.338782416666675
Kuala Lumpur,2025-03-17 00:00:00,33.71894725,47.753929,0,17,3,0,33.91327325,48.0926725,26.94308166666669,38.519473833333336
Kuala Lumpur,2025-03-17 06:00:00,7.914167135,11.3014950425,6,17,3,0,33.71894725,47.753929,31.24989883333336,44.363157333333334
Kuala Lumpur,2025-03-17 12:00:00,23.6738135,33.3494515,12,17,3,0,7.914167135,11.3014950425,25.182129211666695,35.71603218083333
Kuala Lumpur,2025-03-17 18:00:00,47.79343525,67.52122750000001,18,17,3,0,23.6738135,33.3494515,21.768975961666694,30.801625180833337
Kuala Lumpur,2025-03-18 00:00:00,69.677184,98.602641,0,18,3,1,47.79343525,67.52122750000001,26.460471961666695,37.39072468083334
Kuala Lumpur,2025-03-18 06:00:00,19.670537375,29.046305000000004,6,18,3,1,69.677184,98.602641,47.04814425000003,66.49110666666668
Kuala Lumpur,2025-03-18 12:00:00,33.599100750000005,47.61676525000001,12,18,3,1,19.670537375,29.046305000000004,45.71371887500003,65.05672450000002
Kuala Lumpur,2025-03-18 18:00:00,58.3557665,82.49225,18,18,3,1,33.599100750000005,47.61676525000001,40.98227404166669,58.421903750000006
Kuala Lumpur,2025-03-19 00:00:00,54.673819,77.38208275000001,0,19,3,2,58.3557665,82.49225,37.208468208333365,53.05177341666667
Kuala Lumpur,2025-03-19 06:00:00,21.495396000000003,33.018353000000005,6,19,3,2,54.673819,77.38208275000001,48.87622875000003,69.16369933333334
Kuala Lumpur,2025-03-19 12:00:00,26.6372525,38.38957225,12,19,3,2,21.495396000000003,33.018353000000005,44.841660500000025,64.29756191666668
Kuala Lumpur,2025-03-19 18:00:00,46.43786275,65.90670399999999,18,19,3,2,26.6372525,38.38957225,34.26882250000003,49.59666933333333
Kuala Lumpur,2025-03-20 00:00:00,50.65817275,71.72479775,0,20,3,3,46.43786275,65.90670399999999,31.52350375000003,45.771543083333334
Kuala Lumpur,2025-03-20 06:00:00,24.217087,36.08516875,6,20,3,3,50.65817275,71.72479775,41.244429333333365,58.67369133333333
Kuala Lumpur,2025-03-20 12:00:00,29.4251165,42.074888,12,20,3,3,24.217087,36.08516875,40.43770750000002,57.90555683333332
Kuala Lumpur,2025-03-20 18:00:00,44.1702075,62.600094,18,20,3,3,29.4251165,42.074888,34.766792083333364,49.96161816666666
Kuala Lumpur,2025-03-21 00:00:00,58.82770875,83.53527,0,21,3,4,44.1702075,62.600094,32.60413700000003,46.92005025
Kuala Lumpur,2025-03-21 06:00:00,26.25873225,39.43902975,6,21,3,4,58.82770875,83.53527,44.141010916666694,62.736750666666666
Kuala Lumpur,2025-03-21 12:00:00,29.84581475,42.60121475,12,21,3,4,26.25873225,39.43902975,43.085549500000035,61.85813125000001
Kuala Lumpur,2025-03-21 18:00:00,51.55476425,72.98319925000001,18,21,3,4,29.84581475,42.60121475,38.310751916666696,55.19183816666666
Kuala Lumpur,2025-03-22 00:00:00,45.323077000000005,64.29763774999999,0,22,3,5,51.55476425,72.98319925000001,35.88643708333336,51.67448125000001
Kuala Lumpur,2025-03-22 06:00:00,19.197316,28.94498175,6,22,3,5,45.323077000000005,64.29763774999999,42.2412186666667,59.960683916666675
Kuala Lumpur,2025-03-22 12:00:00,23.16639325,33.23782475,12,22,3,5,19.197316,28.94498175,38.69171908333337,55.40860625
Kuala Lumpur,2025-03-22 18:00:00,34.11309975,48.36897425,18,22,3,5,23.16639325,33.23782475,29.228928750000033,42.16014808333333
Kuala Lumpur,2025-03-23 00:00:00,55.72746875,79.31612425,0,23,3,6,34.11309975,48.36897425,25.492269666666697,36.850593583333335
Kuala Lumpur,2025-03-23 06:00:00,27.57371925,40.89085325,6,23,3,6,55.72746875,79.31612425,37.66898725000003,53.640974416666666
Kuala Lumpur,2025-03-23 12:00:00,27.6931615,39.39567275,12,23,3,6,27.57371925,40.89085325,39.13809591666669,56.191983916666665
Kuala Lumpur,2025-03-23 18:00:00,45.944149,65.05911275,18,23,3,6,27.6931615,39.39567275,36.99811650000003,53.20088341666667
Kuala Lumpur,2025-03-24 00:00:00,39.3611115,55.9457475,0,24,3,0,45.944149,65.05911275,33.73700991666669,48.44854625
Kuala Lumpur,2025-03-24 06:00:00,19.5950065,30.15404125,6,24,3,0,39.3611115,55.9457475,37.6661406666667,53.46684433333334
Kuala Lumpur,2025-03-24 12:00:00,22.22455475,32.14529425,12,24,3,0,19.5950065,30.15404125,34.96675566666669,50.386300500000004
Kuala Lumpur,2025-03-24 18:00:00,32.355956250000006,46.044079,18,24,3,0,22.22455475,32.14529425,27.06022425000003,39.41502766666667
Kuala Lumpur,2025-03-25 00:00:00,32.95303925,46.8305635,0,25,3,1,32.355956250000006,46.044079,24.72517250000003,36.1144715
Kuala Lumpur,2025-03-25 06:00:00,15.328282499999998,22.485324,6,25,3,1,32.95303925,46.8305635,29.177850083333368,41.67331225
Kuala Lumpur,2025-03-25 12:00:00,22.731939,32.191053749999995,12,25,3,1,15.328282499999998,22.485324,26.879092666666693,38.453322166666666
Kuala Lumpur,2025-03-25 18:00:00,50.24918425,70.98356,18,25,3,1,22.731939,32.191053749999995,23.671086916666695,33.835647083333335
Kuala Lumpur,2025-03-26 00:00:00,59.3221895,83.97443925,0,26,3,2,50.24918425,70.98356,29.43646858333336,41.88664591666666
Kuala Lumpur,2025-03-26 06:00:00,19.3992945,27.9167125,6,26,3,2,59.3221895,83.97443925,44.10110425000003,62.38301766666667
Kuala Lumpur,2025-03-26 12:00:00,25.936316,36.637971,12,26,3,2,19.3992945,27.9167125,42.99022275000002,60.958237249999996
Kuala Lumpur,2025-03-26 18:00:00,37.62306775,53.14569725,18,26,3,2,25.936316,36.637971,34.88593333333336,49.50970758333333
Kuala Lumpur,2025-03-27 00:00:00,42.2238315,59.580258,0,27,3,3,37.62306775,53.14569725,27.652892750000024,39.23346025
Kuala Lumpur,2025-03-27 06:00:00,20.6807445,29.55209775,6,27,3,3,42.2238315,59.580258,35.261071750000035,49.787975416666676
Kuala Lumpur,2025-03-27 12:00:00,27.17294475,38.1826915,12,27,3,3,20.6807445,29.55209775,33.50921458333336,47.42601766666667
Kuala Lumpur,2025-03-27 18:00:00,59.464952,83.61103999999999,18,27,3,3,27.17294475,38.1826915,30.02584025000003,42.43834908333334
Kuala Lumpur,2025-03-28 00:00:00,50.1497655,70.65653999999999,0,28,3,4,59.464952,83.61103999999999,35.772880416666695,50.44860975
Kuala Lumpur,2025-03-28 06:00:00,26.806447,37.69497474999999,6,28,3,4,50.1497655,70.65653999999999,45.5958874166667,64.15009049999999
Kuala Lumpur,2025-03-28 12:00:00,26.925477,37.657031,12,28,3,4,26.806447,37.69497474999999,45.47372150000003,63.987518249999994
Kuala Lumpur,2025-03-28 18:00:00,37.15595675,52.1558835,18,28,3,4,26.925477,37.657031,34.62722983333336,48.669515249999996
Kuala Lumpur,2025-03-29 00:00:00,39.75284775,55.917156,0,29,3,5,37.15595675,52.1558835,30.295960250000025,42.502629750000004
Kuala Lumpur,2025-03-29 06:00:00,18.2046165,25.67483625,6,29,3,5,39.75284775,55.917156,34.611427166666694,48.57669016666667
Kuala Lumpur,2025-03-29 12:00:00,38.66878125,54.10038275,12,29,3,5,18.2046165,25.67483625,31.7044736666667,44.58262525000001
Kuala Lumpur,2025-03-29 18:00:00,56.86859875,79.979316,18,29,3,5,38.66878125,54.10038275,32.208748500000034,45.23079166666667
Kuala Lumpur,2025-03-30 00:00:00,53.73934175,75.71378425,0,30,3,6,56.86859875,79.979316,37.91399883333336,53.25151166666668
Kuala Lumpur,2025-03-30 06:00:00,22.20030375,31.2277565,6,30,3,6,53.73934175,75.71378425,49.75890725000003,69.93116100000002
Kuala Lumpur,2025-03-30 12:00:00,32.37669675,45.29941525,12,30,3,6,22.20030375,31.2277565,44.26941475000003,62.306952250000016
Kuala Lumpur,2025-03-30 18:00:00,56.0677905,78.8877225,18,30,3,6,32.37669675,45.29941525,36.1054474166667,50.74698533333335
Kuala Lumpur,2025-03-31 00:00:00,40.475924500000005,57.12945500000001,0,31,3,0,56.0677905,78.8877225,36.88159700000003,51.80496475000001
Kuala Lumpur,2025-03-31 06:00:00,20.35244525,28.74756425,6,31,3,0,40.475924500000005,57.12945500000001,42.97347058333336,60.438864250000016
Kuala Lumpur,2025-03-31 12:00:00,33.977585,47.673908,12,31,3,0,20.35244525,28.74756425,38.96538675000003,54.92158058333334
Kuala Lumpur,2025-03-31 18:00:00,35.307238000000005,49.7105065,18,31,3,0,33.977585,47.673908,31.601984916666698,44.51697575000001
Kuala Lumpur,2025-04-01 00:00:00,42.874831,60.45922900000001,0,1,4,1,35.307238000000005,49.7105065,29.879089416666698,42.04399291666667
Kuala Lumpur,2025-04-01 06:00:00,15.822962250000002,22.37837285,6,1,4,1,42.874831,60.45922900000001,37.386551333333365,52.61454783333334
Kuala Lumpur,2025-04-01 12:00:00,31.890501,44.782198,12,1,4,1,15.822962250000002,22.37837285,31.3350104166667,44.18270278333335
Kuala Lumpur,2025-04-01 18:00:00,35.82681475,50.4694525,18,1,4,1,31.890501,44.782198,30.196098083333368,42.53993328333334
Kuala Lumpur,2025-04-02 00:00:00,39.25538225,55.40709875,0,2,4,2,35.82681475,50.4694525,27.846759333333367,39.210007783333346
Kuala Lumpur,2025-04-02 06:00:00,15.1646305,21.633184,6,2,4,2,39.25538225,55.40709875,35.65756600000003,50.21958308333334
Kuala Lumpur,2025-04-02 12:00:00,23.57046525,33.2153715,12,2,4,2,15.1646305,21.633184,30.082275833333366,42.50324508333334
Kuala Lumpur,2025-04-02 18:00:00,35.96016925,50.73991375,18,2,4,2,23.57046525,33.2153715,25.99682600000003,36.75188475000001
Kuala Lumpur,2025-04-03 00:00:00,48.43093375,68.573511,0,3,4,3,35.96016925,50.73991375,24.898421666666696,35.196156416666675
Kuala Lumpur,2025-04-03 06:00:00,16.90440125,24.500025,6,3,4,3,48.43093375,68.573511,35.9871894166667,50.842932083333345
Kuala Lumpur,2025-04-03 12:00:00,26.104132000000003,36.885268,12,3,4,3,16.90440125,24.500025,33.76516808333337,47.93781658333334
Kuala Lumpur,2025-04-03 18:00:00,35.30217825,49.91756,18,3,4,3,26.104132000000003,36.885268,30.479822333333363,43.31960133333334
Kuala Lumpur,2025-04-04 00:00:00,44.7241175,63.292759,0,4,4,4,35.30217825,49.91756,26.103570500000032,37.10095100000001
Kuala Lumpur,2025-04-04 06:00:00,13.79874,19.8703845,6,4,4,4,44.7241175,63.292759,35.37680925000003,50.03186233333334
Kuala Lumpur,2025-04-04 12:00:00,22.54590475,31.860083,12,4,4,4,13.79874,19.8703845,31.275011916666696,44.36023450000001
Kuala Lumpur,2025-04-04 18:00:00,40.1442435,56.7379175,18,4,4,4,22.54590475,31.860083,27.02292075000003,38.3410755
Kuala Lumpur,2025-04-05 00:00:00,39.43318925,55.85479825,0,5,4,5,40.1442435,56.7379175,25.496296083333363,36.156128333333335
Kuala Lumpur,2025-04-05 06:00:00,11.026429625,16.178773749999998,6,5,4,5,39.43318925,55.85479825,34.04111250000003,48.15093291666667
Kuala Lumpur,2025-04-05 12:00:00,24.95430325,35.20594325,12,5,4,5,11.026429625,16.178773749999998,30.20128745833337,42.923829833333336
Kuala Lumpur,2025-04-05 18:00:00,41.48114325,58.62284575,18,5,4,5,24.95430325,35.20594325,25.137974041666695,35.74650508333334
Kuala Lumpur,2025-04-06 00:00:00,56.205181,79.34159,0,6,4,6,41.48114325,58.62284575,25.82062537500003,36.66918758333333
Kuala Lumpur,2025-04-06 06:00:00,14.794153625,21.546469750000004,6,6,4,6,56.205181,79.34159,40.880209166666695,57.72345966666666
Kuala Lumpur,2025-04-06 12:00:00,25.5196965,35.999947,12,6,4,6,14.794153625,21.546469750000004,37.49349262500004,53.17030183333333
Kuala Lumpur,2025-04-06 18:00:00,42.369734750000006,59.66649150000001,18,6,4,6,25.5196965,35.999947,32.17301037500003,45.62933558333333
Kuala Lumpur,2025-04-07 00:00:00,55.230942250000005,78.15276625,0,7,4,0,42.369734750000006,59.66649150000001,27.561194958333363,39.07096941666667
Kuala Lumpur,2025-04-07 06:00:00,20.50416,29.70034575,6,7,4,0,55.230942250000005,78.15276625,41.04012450000003,57.93973491666667
Kuala Lumpur,2025-04-07 12:00:00,22.04816975,31.344683250000003,12,7,4,0,20.50416,29.70034575,39.36827900000004,55.83986783333334
Kuala Lumpur,2025-04-07 18:00:00,28.670115,40.577504000000005,18,7,4,0,22.04816975,31.344683250000003,32.59442400000003,46.39926508333334
Kuala Lumpur,2025-04-08 00:00:00,42.8590285,60.74947125,0,8,4,1,28.670115,40.577504000000005,23.740814916666697,33.87417766666667
Kuala Lumpur,2025-04-08 06:00:00,19.3325035,28.471163500000003,6,8,4,1,42.8590285,60.74947125,31.19243775000003,44.22388616666667
Kuala Lumpur,2025-04-08 12:00:00,35.79580725,50.42357975,12,8,4,1,19.3325035,28.471163500000003,30.287215666666697,43.26604625000001
Kuala Lumpur,2025-04-08 18:00:00,47.78610325,67.56618999999999,18,8,4,1,35.79580725,50.42357975,32.662446416666704,46.5480715
Kuala Lumpur,2025-04-09 00:00:00,45.638444,64.62050749999999,0,9,4,2,47.78610325,67.56618999999999,34.30480466666669,48.82031108333333
Kuala Lumpur,2025-04-09 06:00:00,17.248766,24.9154935,6,9,4,2,45.638444,64.62050749999999,43.07345150000003,60.87009241666666
Kuala Lumpur,2025-04-09 12:00:00,31.508819,44.40704525,12,9,4,2,17.248766,24.9154935,36.8911044166667,52.367397000000004
Kuala Lumpur,2025-04-09 18:00:00,35.01457975,49.41228,18,9,4,2,31.508819,44.40704525,31.46534300000003,44.647682083333336
Kuala Lumpur,2025-04-10 00:00:00,46.51175825,65.76419825,0,10,4,3,35.01457975,49.41228,27.924054916666694,39.57827291666667
Kuala Lumpur,2025-04-10 06:00:00,17.24427525,24.6164405,6,10,4,3,46.51175825,65.76419825,37.67838566666669,53.19450783333334
Kuala Lumpur,2025-04-10 12:00:00,20.5850625,29.065319,12,10,4,3,17.24427525,24.6164405,32.92353775000003,46.59763958333334
Kuala Lumpur,2025-04-10 18:00:00,40.17374525,56.74689875,18,10,4,3,20.5850625,29.065319,28.113698666666693,39.815319249999995
Kuala Lumpur,2025-04-11 00:00:00,39.805741,56.37519975,0,11,4,4,40.17374525,56.74689875,26.001027666666698,36.80955275
Kuala Lumpur,2025-04-11 06:00:00,19.780884500000003,28.105774,6,11,4,4,39.805741,56.37519975,33.521516250000026,47.395805833333334
Kuala Lumpur,2025-04-11 12:00:00,22.85918275,32.283935250000006,12,11,4,4,19.780884500000003,28.105774,33.2534569166667,47.075957499999994
Kuala Lumpur,2025-04-11 18:00:00,42.943327125,60.69876700000001,18,11,4,4,22.85918275,32.283935250000006,27.481936083333363,38.92163633333333
Kuala Lumpur,2025-04-12 00:00:00,32.7745505,46.393892750000006,0,12,4,5,42.943327125,60.69876700000001,28.527798125000032,40.362825416666674
Kuala Lumpur,2025-04-12 06:00:00,9.09604115,12.96196225,6,12,4,5,32.7745505,46.393892750000006,32.85902012500003,46.458865
Kuala Lumpur,2025-04-12 12:00:00,19.003664875,26.786892750000003,12,12,4,5,9.09604115,12.96196225,28.271306258333365,40.018207333333336
Kuala Lumpur,2025-04-12 18:00:00,21.643245500000003,30.49660775,18,12,4,5,19.003664875,26.786892750000003,20.291418841666694,28.714249249999998
Kuala Lumpur,2025-04-13 00:00:00,51.48513075,72.699775,0,13,4,6,21.643245500000003,30.49660775,16.580983841666693,23.41515425
Kuala Lumpur,2025-04-13 06:00:00,21.49525375,30.6218625,6,13,4,6,51.48513075,72.699775,30.710680375000027,43.327758499999995
Kuala Lumpur,2025-04-13 12:00:00,31.917807,44.70609775,12,13,4,6,21.49525375,30.6218625,31.54121000000003,44.606081749999994
Kuala Lumpur,2025-04-13 18:00:00,28.846557,40.589839,18,13,4,6,31.917807,44.70609775,34.96606383333336,49.34257841666666
Kuala Lumpur,2025-04-14 00:00:00,17.542106575000002,24.80715,0,14,4,0,28.846557,40.589839,27.419872583333362,38.63926641666666
Kuala Lumpur,2025-04-14 06:00:00,8.758135574999999,12.408207775,6,14,4,0,17.542106575000002,24.80715,26.102156858333363,36.701028916666665
Kuala Lumpur,2025-04-14 12:00:00,16.84850325,23.73070675,12,14,4,0,8.758135574999999,12.408207775,18.382266383333363,25.93506559166666
Kuala Lumpur,2025-04-14 18:00:00,31.648312500000003,44.68586125,18,14,4,0,16.84850325,23.73070675,14.382915133333364,20.31535484166666
Kuala Lumpur,2025-04-15 00:00:00,42.843567,60.6240735,0,15,4,1,31.648312500000003,44.68586125,19.08498377500003,26.941591924999994
Kuala Lumpur,2025-04-15 06:00:00,12.57267,17.90667175,6,15,4,1,42.843567,60.6240735,30.44679425000003,43.01354716666666
Kuala Lumpur,2025-04-15 12:00:00,20.933811,29.5088965,12,15,4,1,12.57267,17.90667175,29.021516500000033,41.07220216666666
Kuala Lumpur,2025-04-15 18:00:00,21.99681175,31.11472325,18,15,4,1,20.933811,29.5088965,25.450016000000034,36.013213916666665
Kuala Lumpur,2025-04-16 00:00:00,36.29338525,51.337338,0,16,4,2,21.99681175,31.11472325,18.501097583333365,26.17676383333333
Kuala Lumpur,2025-04-16 06:00:00,12.2389565,17.369586625,6,16,4,2,36.29338525,51.337338,26.408002666666693,37.32031925
Kuala Lumpur,2025-04-16 12:00:00,21.5573265,30.28819175,12,16,4,2,12.2389565,17.369586625,23.509717833333365,33.27388262499999
Kuala Lumpur,2025-04-16 18:00:00,45.3352985,63.92985950000001,18,16,4,2,21.5573265,30.28819175,23.36322275000003,32.998372124999996
Kuala Lumpur,2025-04-17 00:00:00,44.756546500000006,63.23227875,0,17,4,3,45.3352985,63.92985950000001,26.377193833333365,37.195879291666664
Kuala Lumpur,2025-04-17 06:00:00,15.885547,22.55157475,6,17,4,3,44.756546500000006,63.23227875,37.21639050000004,52.483443333333334
Kuala Lumpur,2025-04-17 12:00:00,28.355373,39.893025,12,17,4,3,15.885547,22.55157475,35.32579733333336,49.904571
Kuala Lumpur,2025-04-17 18:00:00,41.40540025,58.412923,18,17,4,3,28.355373,39.893025,29.665822166666704,41.89229283333333
Kuala Lumpur,2025-04-18 00:00:00,42.573901,60.153525,0,18,4,4,41.40540025,58.412923,28.5487734166667,40.285840916666665
Kuala Lumpur,2025-04-18 06:00:00,19.855918,28.197689250000003,6,18,4,4,42.573901,60.153525,37.4448914166667,52.81982433333334
Kuala Lumpur,2025-04-18 12:00:00,29.2187395,41.128003500000005,12,18,4,4,19.855918,28.197689250000003,34.611739750000034,48.921379083333335
Kuala Lumpur,2025-04-18 18:00:00,43.28342125,61.04909275,18,18,4,4,29.2187395,41.128003500000005,30.54951950000003,43.15973925
Kuala Lumpur,2025-04-19 00:00:00,19.083643,27.00852525,0,19,4,5,43.28342125,61.04909275,30.786026250000035,43.45826183333333
Kuala Lumpur,2025-04-19 06:00:00,3.7828726000000006,5.364768325,6,19,4,5,19.083643,27.00852525,30.528601250000033,43.06187383333333
Kuala Lumpur,2025-04-19 12:00:00,17.601323174999997,24.82292425,12,19,4,5,3.7828726000000006,5.364768325,22.049978950000035,31.140795441666665
Kuala Lumpur,2025-04-19 18:00:00,24.21148825,34.228378750000005,18,19,4,5,17.601323174999997,24.82292425,13.4892795916667,19.065405941666665
Kuala Lumpur,2025-04-20 00:00:00,23.20574325,32.85859375,0,20,4,6,24.21148825,34.228378750000005,15.198561341666698,21.472023774999997
Kuala Lumpur,2025-04-20 06:00:00,9.966839875,14.177714875,6,20,4,6,23.20574325,32.85859375,21.672851558333367,30.636632249999995
Kuala Lumpur,2025-04-20 12:00:00,22.148427,31.1847545,12,20,4,6,9.966839875,14.177714875,19.1280237916667,27.088229124999998
Kuala Lumpur,2025-04-20 18:00:00,40.963670500000006,57.86319,18,20,4,6,22.148427,31.1847545,18.440336708333366,26.073687708333328
Kuala Lumpur,2025-04-21 00:00:00,32.9229701,46.586195625,0,21,4,0,40.963670500000006,57.86319,24.359645791666704,34.408553125
Kuala Lumpur,2025-04-21 06:00:00,5.537657299999999,7.847234025,6,21,4,0,32.9229701,46.586195625,32.011689200000035,45.211380041666665
Kuala Lumpur,2025-04-21 12:00:00,22.070026,31.06578125,12,21,4,0,5.537657299999999,7.847234025,26.474765966666705,37.43220655
Kuala Lumpur,2025-04-21 18:00:00,34.81551375,49.16034925,18,21,4,0,22.070026,31.06578125,20.1768844666667,28.49973696666666
Kuala Lumpur,2025-04-22 00:00:00,34.00157275,48.13011899999999,0,22,4,1,34.81551375,49.16034925,20.807732350000034,29.357788174999996
Kuala Lumpur,2025-04-22 06:00:00,11.73087575,16.8059555,6,22,4,1,34.00157275,48.13011899999999,30.2957041666667,42.7854165
Kuala Lumpur,2025-04-22 12:00:00,27.8596135,39.26254575,12,22,4,1,11.73087575,16.8059555,26.849320750000032,38.032141249999995
Kuala Lumpur,2025-04-22 18:00:00,47.6000535,67.25130725,18,22,4,1,27.8596135,39.26254575,24.530687333333365,34.732873416666656
Kuala Lumpur,2025-04-23 00:00:00,36.0807065,51.049653,0,23,4,2,47.6000535,67.25130725,29.063514250000036,41.106602833333326
Kuala Lumpur,2025-04-23 06:00:00,13.4594415,19.12377475,6,23,4,2,36.0807065,51.049653,37.18012450000003,52.52116866666666
Kuala Lumpur,2025-04-23 12:00:00,26.259187,37.00091625,12,23,4,2,13.4594415,19.12377475,32.3800671666667,45.80824499999999
Kuala Lumpur,2025-04-23 18:00:00,49.76925575,70.2711705,18,23,4,2,26.259187,37.00091625,25.266445000000033,35.72478133333333
Kuala Lumpur,2025-04-24 00:00:00,26.70645925,37.77040475,0,24,4,3,49.76925575,70.2711705,29.82929475000003,42.131953833333334
Kuala Lumpur,2025-04-24 06:00:00,8.799346850000001,12.458627749999998,6,24,4,3,26.70645925,37.77040475,34.24496733333337,48.34749716666666
Kuala Lumpur,2025-04-24 12:00:00,27.108513,38.0678105,12,24,4,3,8.799346850000001,12.458627749999998,28.4250206166667,40.16673433333332
Kuala Lumpur,2025-04-24 18:00:00,49.419668,69.71492775,18,24,4,3,27.108513,38.0678105,20.871439700000035,29.432280999999993
Kuala Lumpur,2025-04-25 00:00:00,51.651284,73.0410065,0,25,4,4,49.419668,69.71492775,28.44250928333337,40.080455333333326
Kuala Lumpur,2025-04-25 06:00:00,12.5732385,17.74452575,6,25,4,4,51.651284,73.0410065,42.72648833333337,60.27458158333334
Kuala Lumpur,2025-04-25 12:00:00,25.05447525,35.181415,12,25,4,4,12.5732385,17.74452575,37.88139683333337,53.50015333333332
Kuala Lumpur,2025-04-25 18:00:00,43.3695685,61.1418045,18,25,4,4,25.05447525,35.181415,29.759665916666695,41.98898241666666
Kuala Lumpur,2025-04-26 00:00:00,42.02502225,59.38386475,0,26,4,5,43.3695685,61.1418045,26.999094083333365,38.02258174999999
Kuala Lumpur,2025-04-26 06:00:00,20.279174,28.627056,6,26,4,5,42.02502225,59.38386475,36.81635533333337,51.90236141666666
Kuala Lumpur,2025-04-26 12:00:00,28.2913675,39.817421,12,26,4,5,20.279174,28.627056,35.22458825000003,49.71757508333332
Kuala Lumpur,2025-04-26 18:00:00,48.238661,68.043534,18,26,4,5,28.2913675,39.817421,30.19852125000003,42.609447249999995
Kuala Lumpur,2025-04-27 00:00:00,49.4737835,69.956627,0,27,4,6,48.238661,68.043534,32.2697341666667,45.49600366666666
Kuala Lumpur,2025-04-27 06:00:00,18.574042,26.268765,6,27,4,6,49.4737835,69.956627,42.001270666666706,59.27252733333333
Kuala Lumpur,2025-04-27 12:00:00,28.342356,39.880546,12,27,4,6,18.574042,26.268765,38.762162166666705,54.75630866666666
Kuala Lumpur,2025-04-27 18:00:00,31.13501625,43.93919475,18,27,4,6,28.342356,39.880546,32.130060500000035,45.36864599999999
Kuala Lumpur,2025-04-28 00:00:00,41.79639775,59.079299,0,28,4,0,31.13501625,43.93919475,26.017138083333368,36.696168583333325
Kuala Lumpur,2025-04-28 06:00:00,13.89753385,19.708466125,6,28,4,0,41.79639775,59.079299,33.757923333333366,47.63301325
Kuala Lumpur,2025-04-28 12:00:00,22.3851655,31.48679225,12,28,4,0,13.89753385,19.708466125,28.9429826166667,40.90898662499999
Kuala Lumpur,2025-04-28 18:00:00,47.923862750000005,67.61132425,18,28,4,0,22.3851655,31.48679225,26.02636570000003,36.75818579166666
Kuala Lumpur,2025-04-29 00:00:00,23.332517875,32.96986475,0,29,4,1,47.923862750000005,67.61132425,28.06885403333337,39.60219420833332
Kuala Lumpur,2025-04-29 06:00:00,10.10637615,14.3155885,6,29,4,1,23.332517875,32.96986475,31.21384870833337,44.02266041666666
Kuala Lumpur,2025-04-29 12:00:00,16.63897825,23.41087675,12,29,4,1,10.10637615,14.3155885,27.120918925000037,38.29892583333332
Kuala Lumpur,2025-04-29 18:00:00,34.0848485,48.07395675,18,29,4,1,16.63897825,23.41087675,16.6926240916667,23.565443333333324
Kuala Lumpur,2025-04-30 00:00:00,49.36089249999999,69.7802985,0,30,4,2,34.0848485,48.07395675,20.276734300000037,28.600140666666658
Kuala Lumpur,2025-04-30 06:00:00,21.05309725,29.95997725,6,30,4,2,49.36089249999999,69.7802985,33.36157308333337,47.08837733333332
Kuala Lumpur,2025-04-30 12:00:00,28.86255875,40.68853375,12,30,4,2,21.05309725,29.95997725,34.83294608333336,49.27141083333333
Kuala Lumpur,2025-04-30 18:00:00,46.635705,65.8222345,18,30,4,2,28.86255875,40.68853375,33.09218283333337,46.809603166666655
Kuala Lumpur,2025-05-01 00:00:00,51.466941000000006,72.78617949999999,0,1,5,3,46.635705,65.8222345,32.18378700000004,45.490248499999986
Kuala Lumpur,2025-05-01 06:00:00,21.39753975,30.376071,6,1,5,3,51.466941000000006,72.78617949999999,42.321734916666706,59.76564924999999
Kuala Lumpur,2025-05-01 12:00:00,30.69931175,43.26904,12,1,5,3,21.39753975,30.376071,39.833395250000045,56.32816166666666
Kuala Lumpur,2025-05-01 18:00:00,35.244226999999995,49.79074275,18,1,5,3,30.69931175,43.26904,34.521264166666704,48.810430166666656
Kuala Lumpur,2025-05-02 00:00:00,53.9254195,76.2008775,0,2,5,4,35.244226999999995,49.79074275,29.11369283333337,41.14528458333333
Kuala Lumpur,2025-05-02 06:00:00,21.82333225,30.94214625,6,2,5,4,53.9254195,76.2008775,39.9563194166667,56.42022008333333
Kuala Lumpur,2025-05-02 12:00:00,34.416743000000004,48.4124325,12,2,5,4,21.82333225,30.94214625,36.997659583333366,52.31125549999999
Kuala Lumpur,2025-05-02 18:00:00,55.50324975,78.22916525,18,2,5,4,34.416743000000004,48.4124325,36.72183158333337,51.851818749999985
Kuala Lumpur,2025-05-03 00:00:00,31.946115,45.13344675,0,3,5,5,55.50324975,78.22916525,37.24777500000004,52.52791466666665
Kuala Lumpur,2025-05-03 06:00:00,9.59482775,13.5454455,6,3,5,5,31.946115,45.13344675,40.62203591666671,57.25834816666665
Kuala Lumpur,2025-05-03 12:00:00,22.814817,32.10999475,12,3,5,5,9.59482775,13.5454455,32.34806416666671,45.63601916666665
Kuala Lumpur,2025-05-03 18:00:00,27.48232925,38.808423625,18,3,5,5,22.814817,32.10999475,21.451919916666707,30.26296233333332
Kuala Lumpur,2025-05-04 00:00:00,34.02544675,48.1292665,0,4,5,6,27.48232925,38.808423625,19.96399133333337,28.154621291666654
Kuala Lumpur,2025-05-04 06:00:00,8.945221625,12.668323249999998,6,4,5,6,34.02544675,48.1292665,28.10753100000004,39.682561624999984
Kuala Lumpur,2025-05-04 12:00:00,22.93035125,32.2763755,12,4,5,6,8.945221625,12.668323249999998,23.484332541666703,33.20200445833332
Kuala Lumpur,2025-05-04 18:00:00,44.4867975,62.8401725,18,4,5,6,22.93035125,32.2763755,21.967006541666706,31.024655083333318
Kuala Lumpur,2025-05-05 00:00:00,48.869055,69.21044375000001,0,5,5,0,44.4867975,62.8401725,25.454123458333374,35.92829041666665
Kuala Lumpur,2025-05-05 06:00:00,15.636260375,22.2327685,6,5,5,0,48.869055,69.21044375000001,38.76206791666671,54.775663916666666
Kuala Lumpur,2025-05-05 12:00:00,23.39882575,32.966085,12,5,5,0,15.636260375,22.2327685,36.33070429166671,51.42779491666666
Kuala Lumpur,2025-05-05 18:00:00,38.146709,53.8561835,18,5,5,0,23.39882575,32.966085,29.301380375000036,41.46976574999999
Kuala Lumpur,2025-05-06 00:00:00,27.624992,39.0664355,0,6,5,1,38.146709,53.8561835,25.72726504166671,36.35167899999998
Kuala Lumpur,2025-05-06 06:00:00,4.811568025000001,6.797051725,6,6,5,1,27.624992,39.0664355,29.723508916666706,41.96290133333331
Kuala Lumpur,2025-05-06 12:00:00,20.23699625,28.4310885,12,6,5,1,4.811568025000001,6.797051725,23.527756341666706,33.23989024166665
Kuala Lumpur,2025-05-06 18:00:00,39.863778,56.14981625,18,6,5,1,20.23699625,28.4310885,17.557852091666707,24.764858574999987
Kuala Lumpur,2025-05-07 00:00:00,55.237649,78.0435125,0,7,5,2,39.863778,56.14981625,21.637447425000044,30.459318824999986
Kuala Lumpur,2025-05-07 06:00:00,21.79962175,30.787703,6,7,5,2,55.237649,78.0435125,38.44614108333337,54.20813908333332
Kuala Lumpur,2025-05-07 12:00:00,28.8353165,40.51034375,12,7,5,2,21.79962175,30.787703,38.967016250000036,54.99367724999999
Kuala Lumpur,2025-05-07 18:00:00,43.1077755,60.7216175,18,7,5,2,28.8353165,40.51034375,35.290862416666705,49.78051974999999
Kuala Lumpur,2025-05-08 00:00:00,58.788486500000005,82.91385774999999,0,8,5,3,43.1077755,60.7216175,31.24757125000004,44.006554749999985
Kuala Lumpur,2025-05-08 06:00:00,25.971814750000004,36.647947,6,8,5,3,58.788486500000005,82.91385774999999,43.57719283333338,61.38193966666665
Kuala Lumpur,2025-05-08 12:00:00,27.43308875,38.59509025,12,8,5,3,25.971814750000004,36.647947,42.62269225000004,60.09447408333332
Kuala Lumpur,2025-05-08 18:00:00,50.589335,71.33848975000001,18,8,5,3,27.43308875,38.59509025,37.397796666666714,52.71896499999999
Kuala Lumpur,2025-05-09 00:00:00,38.632492875,54.5855405,0,9,5,4,50.589335,71.33848975000001,34.66474616666671,48.860509
Kuala Lumpur,2025-05-09 06:00:00,8.40998365,11.876594,6,9,5,4,38.632492875,54.5855405,38.88497220833337,54.83970683333333
Kuala Lumpur,2025-05-09 12:00:00,15.973967,22.47151075,12,9,5,4,8.40998365,11.876594,32.54393717500004,45.93354141666666
Kuala Lumpur,2025-05-09 18:00:00,28.26078525,39.8936215,18,9,5,4,15.973967,22.47151075,21.00548117500004,29.644548416666655
Kuala Lumpur,2025-05-10 00:00:00,59.98003824999999,84.82481849999999,0,10,5,5,28.26078525,39.8936215,17.54824530000004,24.747242083333322
Kuala Lumpur,2025-05-10 06:00:00,28.44572575,40.07469525,6,10,5,5,59.98003824999999,84.82481849999999,34.73826350000004,49.06331691666666
Kuala Lumpur,2025-05-10 12:00:00,37.596038,52.67924125,12,10,5,5,28.44572575,40.07469525,38.8955164166667,54.931045083333316
Kuala Lumpur,2025-05-10 18:00:00,47.48994875,66.82876175,18,10,5,5,37.596038,52.67924125,42.007267333333374,59.19291833333332
Kuala Lumpur,2025-05-11 00:00:00,38.77107624999999,54.6277765,0,11,5,6,47.48994875,66.82876175,37.84390416666671,53.19423274999999
Kuala Lumpur,2025-05-11 06:00:00,21.93741025,30.82300275,6,11,5,6,38.77107624999999,54.6277765,41.28568766666671,58.045259833333326
Kuala Lumpur,2025-05-11 12:00:00,25.92588525,36.28451875,12,11,5,6,21.93741025,30.82300275,36.066145083333375,50.759846999999986
Kuala Lumpur,2025-05-11 18:00:00,48.2742735,67.9319775,18,11,5,6,25.92588525,36.28451875,28.878123916666706,40.57843266666666
Kuala Lumpur,2025-05-12 00:00:00,54.635336,76.97514075,0,12,5,0,48.2742735,67.9319775,32.045856333333376,45.013166333333324
Kuala Lumpur,2025-05-12 06:00:00,22.64788175,31.9927265,6,12,5,0,54.635336,76.97514075,42.945164916666705,60.39721233333332
Kuala Lumpur,2025-05-12 12:00:00,38.24897025,53.553379,12,12,5,0,22.64788175,31.9927265,41.852497083333375,58.96661491666666
Kuala Lumpur,2025-05-12 18:00:00,45.458762,63.87239225,18,12,5,0,38.24897025,53.553379,38.51072933333337,54.17374874999999
Kuala Lumpur,2025-05-13 00:00:00,62.36285875,87.82478800000001,0,13,5,1,45.458762,63.87239225,35.45187133333337,49.80616591666666
Kuala Lumpur,2025-05-13 06:00:00,29.15739125,41.183398,6,13,5,1,62.36285875,87.82478800000001,48.69019700000004,68.41685308333332
Kuala Lumpur,2025-05-13 12:00:00,29.32861775,41.0663855,12,13,5,1,29.15739125,41.183398,45.659670666666706,64.29352608333333
Kuala Lumpur,2025-05-13 18:00:00,25.10162775,35.346687,18,13,5,1,29.32861775,41.0663855,40.2829559166667,56.69152383333333
Kuala Lumpur,2025-05-14 00:00:00,43.097203,60.79511725,0,14,5,2,25.10162775,35.346687,27.86254558333337,39.198823499999996
Kuala Lumpur,2025-05-14 06:00:00,25.96070225,36.796479,6,14,5,2,43.097203,60.79511725,32.50914950000004,45.736063249999994
Kuala Lumpur,2025-05-14 12:00:00,36.235974500000005,50.687845,12,14,5,2,25.96070225,36.796479,31.38651100000004,44.31276108333333
Kuala Lumpur,2025-05-14 18:00:00,52.832206,74.25677400000001,18,14,5,2,36.235974500000005,50.687845,35.09795991666671,49.426480416666664
Kuala Lumpur,2025-05-15 00:00:00,44.517719250000006,62.739219000000006,0,15,5,3,52.832206,74.25677400000001,38.34296091666671,53.91369933333332
Kuala Lumpur,2025-05-15 06:00:00,16.6607065,23.673124,6,15,5,3,44.517719250000006,62.739219000000006,44.52863325000005,62.561279333333324
Kuala Lumpur,2025-05-15 12:00:00,25.9068995,36.36682775,12,15,5,3,16.6607065,23.673124,38.00354391666671,53.556372333333336
Kuala Lumpur,2025-05-15 18:00:00,33.26817925,46.85892975,18,15,5,3,25.9068995,36.36682775,29.028441750000045,40.92639024999999
Kuala Lumpur,2025-05-16 00:00:00,29.2980075,41.45977075,0,16,5,4,33.26817925,46.85892975,25.278595083333375,35.63296049999999
Kuala Lumpur,2025-05-16 06:00:00,11.75220625,17.07280725,6,16,5,4,29.2980075,41.45977075,29.491028750000044,41.56184274999999
Kuala Lumpur,2025-05-16 12:00:00,36.295546,50.92582,12,16,5,4,11.75220625,17.07280725,24.772797666666715,35.130502583333325
Kuala Lumpur,2025-05-16 18:00:00,48.97481125,68.99227875000001,18,16,5,4,36.295546,50.92582,25.781919916666713,36.486132666666656
Kuala Lumpur,2025-05-17 00:00:00,42.588567000000005,60.186266,0,17,5,5,48.97481125,68.99227875000001,32.34085450000005,45.66363533333333
Kuala Lumpur,2025-05-17 06:00:00,12.630820875,18.07539725,6,17,5,5,42.588567000000005,60.186266,42.61964141666672,60.03478825
Kuala Lumpur,2025-05-17 12:00:00,22.805451750000003,31.74312725,12,17,5,5,12.630820875,18.07539725,34.731399708333385,49.08464733333333
Kuala Lumpur,2025-05-17 18:00:00,25.07488275,35.105643,18,17,5,5,22.805451750000003,31.74312725,26.008279875000046,36.668263499999995
Kuala Lumpur,2025-05-18 00:00:00,46.248033750000005,64.9092725,0,18,5,6,25.07488275,35.105643,20.17038512500005,28.308055833333327
Kuala Lumpur,2025-05-18 06:00:00,24.468093,34.52925025,6,18,5,6,46.248033750000005,64.9092725,31.37612275000005,43.91934758333332
Kuala Lumpur,2025-05-18 12:00:00,32.437824750000004,45.00500925,12,18,5,6,24.468093,34.52925025,31.93033650000005,44.84805524999999
Kuala Lumpur,2025-05-18 18:00:00,35.232915750000004,49.2937035,18,18,5,6,32.437824750000004,45.00500925,34.38465050000005,48.147843999999985
Kuala Lumpur,2025-05-19 00:00:00,37.2144765,52.3211845,0,19,5,0,35.232915750000004,49.2937035,30.71294450000005,42.942654333333316
Kuala Lumpur,2025-05-19 06:00:00,18.943438625,26.6728645,6,19,5,0,37.2144765,52.3211845,34.96173900000005,48.87329908333333
Kuala Lumpur,2025-05-19 12:00:00,30.35243875,42.21132575,12,19,5,0,18.943438625,26.6728645,30.463610291666715,42.76258416666666
Kuala Lumpur,2025-05-19 18:00:00,40.202679,56.3422875,18,19,5,0,30.35243875,42.21132575,28.83678462500005,40.40179158333333
Kuala Lumpur,2025-05-20 00:00:00,51.66893375,72.6612945,0,20,5,1,40.202679,56.3422875,29.83285212500005,41.74215924999999
Kuala Lumpur,2025-05-20 06:00:00,23.10815675,32.3531995,6,20,5,1,51.66893375,72.6612945,40.741350500000046,57.07163591666665
Kuala Lumpur,2025-05-20 12:00:00,39.218009,54.61444575,12,20,5,1,23.10815675,32.3531995,38.32658983333338,53.785593833333316
Kuala Lumpur,2025-05-20 18:00:00,45.10908975,63.26541825,18,20,5,1,39.218009,54.61444575,37.99836650000005,53.209646583333324
Kuala Lumpur,2025-05-21 00:00:00,35.121303250000004,49.3886035,0,21,5,2,45.10908975,63.26541825,35.81175183333338,50.07768783333333
Kuala Lumpur,2025-05-21 06:00:00,12.9373205,18.0874055,6,21,5,2,35.121303250000004,49.3886035,39.81613400000005,55.75615583333333
Kuala Lumpur,2025-05-21 12:00:00,33.548190000000005,46.69391225,12,21,5,2,12.9373205,18.0874055,31.05590450000005,43.58047575
Kuala Lumpur,2025-05-21 18:00:00,34.009247,47.553159,18,21,5,2,33.548190000000005,46.69391225,27.202271250000052,38.05664041666665
Kuala Lumpur,2025-05-22 00:00:00,60.5084555,84.64098825,0,22,5,3,34.009247,47.553159,26.83158583333338,37.44482558333332
Kuala Lumpur,2025-05-22 06:00:00,27.54532625,38.518181000000006,6,22,5,3,60.5084555,84.64098825,42.68863083333338,59.62935316666667
Kuala Lumpur,2025-05-22 12:00:00,27.68354075,38.4447395,12,22,5,3,27.54532625,38.518181000000006,40.687676250000045,56.90410941666667
Kuala Lumpur,2025-05-22 18:00:00,41.17452975,57.63740725,18,22,5,3,27.68354075,38.4447395,38.57910750000004,53.86796958333333
Kuala Lumpur,2025-05-23 00:00:00,45.88446275,64.40916525,0,23,5,4,41.17452975,57.63740725,32.13446558333338,44.86677591666666
Kuala Lumpur,2025-05-23 06:00:00,17.76106725,24.81328925,6,23,5,4,45.88446275,64.40916525,38.24751108333338,53.497104
Kuala Lumpur,2025-05-23 12:00:00,27.750616,38.29507025,12,23,5,4,17.76106725,24.81328925,34.940019916666714,48.953287249999995
Kuala Lumpur,2025-05-23 18:00:00,48.2451695,67.31034,18,23,5,4,27.750616,38.29507025,30.465382000000048,42.50584158333333
Kuala Lumpur,2025-05-24 00:00:00,30.164642000000004,42.363694,0,24,5,5,48.2451695,67.31034,31.25228425000005,43.47289983333334
Kuala Lumpur,2025-05-24 06:00:00,9.476479975,13.313609725,6,24,5,5,30.164642000000004,42.363694,35.386809166666715,49.32303475
Kuala Lumpur,2025-05-24 12:00:00,25.093982,34.9244825,12,24,5,5,9.476479975,13.313609725,29.295430491666718,40.99588124166666
Kuala Lumpur,2025-05-24 18:00:00,48.1620645,67.63912075,18,24,5,5,25.093982,34.9244825,21.578367991666713,30.200595408333328
Kuala Lumpur,2025-05-25 00:00:00,28.421226,40.03499025000001,0,25,5,6,48.1620645,67.63912075,27.57750882500005,38.62573765833333
Kuala Lumpur,2025-05-25 06:00:00,9.25757615,13.06762,6,25,5,6,28.421226,40.03499025000001,33.892424166666714,47.532864499999995
Kuala Lumpur,2025-05-25 12:00:00,21.521373125,30.009971250000003,12,25,5,6,9.25757615,13.06762,28.613622216666712,40.24724366666667
Kuala Lumpur,2025-05-25 18:00:00,44.205308,62.03481425,18,25,5,6,21.521373125,30.009971250000003,19.73339175833338,27.704193833333335
Kuala Lumpur,2025-05-26 00:00:00,28.471049125000004,40.177951,0,26,5,0,44.205308,62.03481425,24.994752425000048,35.037468499999996
Kuala Lumpur,2025-05-26 06:00:00,9.09335525,12.8380009,6,26,5,0,28.471049125000004,40.177951,31.399243416666717,44.074245499999996
Kuala Lumpur,2025-05-26 12:00:00,16.22078125,22.6051495,12,26,5,0,9.09335525,12.8380009,27.256570791666718,38.35025538333333
Kuala Lumpur,2025-05-26 18:00:00,30.647470249999994,42.99397525,18,26,5,0,16.22078125,22.6051495,17.92839520833338,25.207033799999994
Kuala Lumpur,2025-05-27 00:00:00,43.6014025,61.38725375,0,27,5,1,30.647470249999994,42.99397525,18.653868916666713,26.145708549999995
Kuala Lumpur,2025-05-27 06:00:00,13.132279,18.872924750000003,6,27,5,1,43.6014025,61.38725375,30.15655133333338,42.32879283333333
Kuala Lumpur,2025-05-27 12:00:00,30.29970225,42.170711,12,27,5,1,13.132279,18.872924750000003,29.127050583333375,41.08471791666667
Kuala Lumpur,2025-05-27 18:00:00,39.01948275,54.6355075,18,27,5,1,30.29970225,42.170711,29.01112791666671,40.81029649999999
Kuala Lumpur,2025-05-28 00:00:00,36.991878,52.1936275,0,28,5,2,39.01948275,54.6355075,27.48382133333338,38.55971441666666
Kuala Lumpur,2025-05-28 06:00:00,12.70416325,18.09144125,6,28,5,2,36.991878,52.1936275,35.43702100000005,49.66661533333333
Kuala Lumpur,2025-05-28 12:00:00,19.245248625,26.882163,12,28,5,2,12.70416325,18.09144125,29.571841333333378,41.64019208333333
Kuala Lumpur,2025-05-28 18:00:00,31.37535025,43.95786875,18,28,5,2,19.245248625,26.882163,22.980429958333378,32.38907724999999
Kuala Lumpur,2025-05-29 00:00:00,37.68269599999999,52.81327775,0,29,5,3,31.37535025,43.95786875,21.108254041666715,29.643824333333328
Kuala Lumpur,2025-05-29 06:00:00,26.8751135,37.86794875,6,29,5,3,37.68269599999999,52.81327775,29.434431625000045,41.21776983333333
Kuala Lumpur,2025-05-29 12:00:00,41.5756175,58.06691625,12,29,5,3,26.8751135,37.86794875,31.97771991666671,44.879698416666656
Kuala Lumpur,2025-05-29 18:00:00,48.81019325,68.55566449999999,18,29,5,3,41.5756175,58.06691625,35.37780900000005,49.58271424999999
Kuala Lumpur,2025-05-30 00:00:00,44.459739,62.57425925,0,30,5,4,48.81019325,68.55566449999999,39.086974750000046,54.83017649999999
Kuala Lumpur,2025-05-30 06:00:00,25.36398825,36.359097,6,30,5,4,44.459739,62.57425925,44.94851658333338,63.065613333333324
Kuala Lumpur,2025-05-30 12:00:00,28.84945625,40.30022175,12,30,5,4,25.36398825,36.359097,39.54464016666671,55.829673583333324
Kuala Lumpur,2025-05-30 18:00:00,38.14381,53.0111485,18,30,5,4,28.84945625,40.30022175,32.89106116666671,46.41119266666666
Kuala Lumpur,2025-05-31 00:00:00,16.118491675,22.652613825,0,31,5,5,38.14381,53.0111485,30.785751500000046,43.22348908333333
Kuala Lumpur,2025-05-31 06:00:00,9.49810915,13.404644500000002,6,31,5,5,16.118491675,22.652613825,27.703919308333383,38.65466135833333
Kuala Lumpur,2025-05-31 12:00:00,19.53026175,27.18798,12,31,5,5,9.49810915,13.404644500000002,21.253470275000048,29.68946894166666
Kuala Lumpur,2025-05-31 18:00:00,33.046945,46.30487625,18,31,5,5,19.53026175,27.18798,15.048954191666715,21.08174610833333
Kuala Lumpur,2025-06-01 00:00:00,25.38712375,35.755079,0,1,6,6,33.046945,46.30487625,20.691771966666714,28.965833583333325
Kuala Lumpur,2025-06-01 06:00:00,10.982773875,15.6227315,6,1,6,6,25.38712375,35.755079,25.988110166666715,36.41597841666666
Kuala Lumpur,2025-06-01 12:00:00,26.4316215,36.8709155,12,1,6,6,10.982773875,15.6227315,23.138947541666713,32.56089558333333
Kuala Lumpur,2025-06-01 18:00:00,38.317921,53.8787505,18,1,6,6,26.4316215,36.8709155,20.93383970833338,29.416241999999997
Kuala Lumpur,2025-06-02 00:00:00,63.43364575,89.487913,0,2,6,0,38.317921,53.8787505,25.24410545833338,35.45746583333333
Kuala Lumpur,2025-06-02 06:00:00,26.18276075,37.58322025,6,2,6,0,63.43364575,89.487913,42.727729416666705,60.079193
Kuala Lumpur,2025-06-02 12:00:00,36.338065,50.29827,12,2,6,0,26.18276075,37.58322025,42.64477583333338,60.31662791666667
Kuala Lumpur,2025-06-02 18:00:00,58.13431825,81.53637,18,2,6,0,36.338065,50.29827,41.98482383333338,59.123134416666666
Kuala Lumpur,2025-06-03 00:00:00,63.5574655,89.53299,0,3,6,1,58.13431825,81.53637,40.21838133333338,56.47262008333333
Kuala Lumpur,2025-06-03 06:00:00,23.80645,34.0129135,6,3,6,1,63.5574655,89.53299,52.67661625000005,73.78920999999998
Kuala Lumpur,2025-06-03 12:00:00,32.276233250000004,44.63970525,12,3,6,1,23.80645,34.0129135,48.499411250000044,68.36075783333332
Kuala Lumpur,2025-06-03 18:00:00,59.9350465,83.87945649999999,18,3,6,1,32.276233250000004,44.63970525,39.88004958333338,56.061869583333326
Kuala Lumpur,2025-06-04 00:00:00,48.00756425,67.13938125,0,4,6,2,59.9350465,83.87945649999999,38.67257658333338,54.177358416666664
Kuala Lumpur,2025-06-04 06:00:00,31.561683500000004,44.31058175,6,4,6,2,48.00756425,67.13938125,46.73961466666672,65.21951433333332
Kuala Lumpur,2025-06-04 12:00:00,39.03130625,53.71418875,12,4,6,2,31.561683500000004,44.31058175,46.50143141666672,65.10980649999999
Kuala Lumpur,2025-06-04 18:00:00,61.22792175000001,85.45117674999999,18,4,6,2,39.03130625,53.71418875,39.53351800000005,55.05471724999999
Kuala Lumpur,2025-06-05 00:00:00,60.01234025,83.9831375,0,5,6,3,61.22792175000001,85.45117674999999,43.94030383333338,61.15864908333333
Kuala Lumpur,2025-06-05 06:00:00,29.848707,41.87813775,6,5,6,3,60.01234025,83.9831375,53.42385608333338,74.38283433333334
Kuala Lumpur,2025-06-05 12:00:00,33.54426775,46.218134,12,5,6,3,29.848707,41.87813775,50.36298966666672,70.437484
Kuala Lumpur,2025-06-05 18:00:00,48.729588750000005,67.95465775000001,18,5,6,3,33.54426775,46.218134,41.135105000000046,57.359803083333325
Kuala Lumpur,2025-06-06 00:00:00,38.78511725,54.2365805,0,6,6,4,48.729588750000005,67.95465775000001,37.37418783333339,52.0169765
Kuala Lumpur,2025-06-06 06:00:00,15.026500750000002,21.09351275,6,6,6,4,38.78511725,54.2365805,40.35299125000005,56.136457416666666
Kuala Lumpur,2025-06-06 12:00:00,29.91129125,41.762064,12,6,6,4,15.026500750000002,21.09351275,34.18040225000005,47.76158366666667
Kuala Lumpur,2025-06-06 18:00:00,46.51673125,65.402502,18,6,6,4,29.91129125,41.762064,27.90763641666671,39.03071908333333
Kuala Lumpur,2025-06-07 00:00:00,50.5251595,71.16614075,0,7,6,5,46.51673125,65.402502,30.48484108333338,42.75269291666666
Kuala Lumpur,2025-06-07 06:00:00,19.17254625,27.44667425,6,7,6,5,50.5251595,71.16614075,42.31772733333338,59.44356891666666
Kuala Lumpur,2025-06-07 12:00:00,26.39728775,36.2346105,12,7,6,5,19.17254625,27.44667425,38.73814566666671,54.67177233333333
Kuala Lumpur,2025-06-07 18:00:00,40.84256475,56.96909925,18,7,6,5,26.39728775,36.2346105,32.03166450000004,44.94914183333333
Kuala Lumpur,2025-06-08 00:00:00,28.12464575,39.5368715,0,8,6,6,40.84256475,56.96909925,28.804132916666713,40.216794666666665
Kuala Lumpur,2025-06-08 06:00:00,11.01727775,15.671275875,6,8,6,6,28.12464575,39.5368715,31.78816608333338,44.246860416666664
Kuala Lumpur,2025-06-08 12:00:00,20.644620000000003,28.6794375,12,8,6,6,11.01727775,15.671275875,26.66149608333338,37.39241554166666
Kuala Lumpur,2025-06-08 18:00:00,46.8161545,65.6885945,18,8,6,6,20.644620000000003,28.6794375,19.92884783333338,27.96252829166666
Kuala Lumpur,2025-06-09 00:00:00,58.144337750000005,81.9510425,0,9,6,0,46.8161545,65.6885945,26.159350750000044,36.679769291666666
Kuala Lumpur,2025-06-09 06:00:00,15.769700124999998,22.5185775,6,9,6,0,58.144337750000005,81.9510425,41.86837075000005,58.77302483333333
Kuala Lumpur,2025-06-09 12:00:00,30.683736499999995,42.39979025,12,9,6,0,15.769700124999998,22.5185775,40.24339745833338,56.71940483333333
Kuala Lumpur,2025-06-09 18:00:00,54.0920845,75.63448999999999,18,9,6,0,30.683736499999995,42.39979025,34.865924791666714,48.95647008333333
Kuala Lumpur,2025-06-10 00:00:00,32.38426425,45.2561155,0,10,6,1,54.0920845,75.63448999999999,33.51517370833338,46.85095258333333
Kuala Lumpur,2025-06-10 06:00:00,13.173917,18.65191725,6,10,6,1,32.38426425,45.2561155,39.05336175000004,54.43013191666666
Kuala Lumpur,2025-06-10 12:00:00,19.83795475,27.88101475,12,10,6,1,13.173917,18.65191725,33.21675525000004,46.514174249999996
Kuala Lumpur,2025-06-10 18:00:00,39.6295825,55.84718025,18,10,6,1,19.83795475,27.88101475,21.798712000000048,30.596349166666666
Kuala Lumpur,2025-06-11 00:00:00,20.2055615,28.593149175,0,11,6,2,39.6295825,55.84718025,24.21381808333338,34.12670408333333
Kuala Lumpur,2025-06-11 06:00:00,3.296094075,4.71277415,6,11,6,2,20.2055615,28.593149175,26.557699583333378,37.44044805833334
Kuala Lumpur,2025-06-11 12:00:00,24.18926225,33.816092999999995,12,11,6,2,3.296094075,4.71277415,21.043746025000047,29.717701191666666
Kuala Lumpur,2025-06-11 18:00:00,46.564153000000005,65.6309275,18,11,6,2,24.18926225,33.816092999999995,15.89697260833338,22.374005441666668
Kuala Lumpur,2025-06-12 00:00:00,72.33289599999999,102.07424,0,12,6,3,46.564153000000005,65.6309275,24.68316977500005,34.719931550000005
Kuala Lumpur,2025-06-12 06:00:00,27.37701225,39.34727049999999,6,12,6,3,72.33289599999999,102.07424,47.69543708333338,67.17375349999999
Kuala Lumpur,2025-06-12 12:00:00,31.1251825,43.71295875,12,12,6,3,27.37701225,39.34727049999999,48.75802041666671,69.01747933333333
Kuala Lumpur,2025-06-12 18:00:00,52.53593825,74.0101885,18,12,6,3,31.1251825,43.71295875,43.61169691666671,61.71148975
Kuala Lumpur,2025-06-13 00:00:00,31.0834025,43.8713805,0,13,6,4,52.53593825,74.0101885,37.012711000000046,52.356805916666666
Kuala Lumpur,2025-06-13 06:00:00,17.90428425,25.58817875,6,13,6,4,31.0834025,43.8713805,38.24817441666672,53.864842583333335
Kuala Lumpur,2025-06-13 12:00:00,21.681046,30.47733875,12,13,6,4,17.90428425,25.58817875,33.84120833333338,47.82324925
Kuala Lumpur,2025-06-13 18:00:00,38.837982,54.6092445,18,13,6,4,21.681046,30.47733875,23.55624425000005,33.312299333333335
Kuala Lumpur,2025-06-14 00:00:00,61.3061105,86.36593125,0,14,6,5,38.837982,54.6092445,26.141104083333378,36.891587333333334
Kuala Lumpur,2025-06-14 06:00:00,24.09342425,34.3324015,6,14,6,5,61.3061105,86.36593125,40.60837950000005,57.15083816666667
Kuala Lumpur,2025-06-14 12:00:00,31.39570025,44.2192915,12,14,6,5,24.09342425,34.3324015,41.41250558333338,58.435859083333334
Kuala Lumpur,2025-06-14 18:00:00,39.03807075,54.9250095,18,14,6,5,31.39570025,44.2192915,38.93174500000005,54.97254141666667
Kuala Lumpur,2025-06-15 00:00:00,44.83321475,63.12026825,0,15,6,6,39.03807075,54.9250095,31.509065083333383,44.49223416666666
Kuala Lumpur,2025-06-15 06:00:00,16.089188500000002,23.105656,6,15,6,6,44.83321475,63.12026825,38.42232858333338,54.08818975
Kuala Lumpur,2025-06-15 12:00:00,21.796609,30.753767250000003,12,15,6,6,16.089188500000002,23.105656,33.32015800000005,47.05031125
Kuala Lumpur,2025-06-15 18:00:00,26.828417,37.85714900000001,18,15,6,6,21.796609,30.753767250000003,27.573004083333384,38.9932305
Kuala Lumpur,2025-06-16 00:00:00,20.22329675,28.5935185,0,16,6,0,26.828417,37.85714900000001,21.57140483333338,30.572190750000004
Kuala Lumpur,2025-06-16 06:00:00,10.02251775,14.326588,6,16,6,0,20.22329675,28.5935185,22.949440916666713,32.401478250000004
Kuala Lumpur,2025-06-16 12:00:00,18.43352425,25.8482945,12,16,6,0,10.02251775,14.326588,19.024743833333382,26.925751833333333
Kuala Lumpur,2025-06-16 18:00:00,32.84311825,46.221502,18,16,6,0,18.43352425,25.8482945,16.22644625000005,22.922800333333328
Kuala Lumpur,2025-06-17 00:00:00,39.22914975,55.3989705,0,17,6,1,32.84311825,46.221502,20.433053416666713,28.79879483333333
Kuala Lumpur,2025-06-17 06:00:00,14.804982250000002,21.38619925,6,17,6,1,39.22914975,55.3989705,30.168597416666714,42.489588999999995
Kuala Lumpur,2025-06-17 12:00:00,27.25471425,38.147164,12,17,6,1,14.804982250000002,21.38619925,28.959083416666715,41.002223916666665
Kuala Lumpur,2025-06-17 18:00:00,32.313948999999994,45.4907375,18,17,6,1,27.25471425,38.147164,27.096282083333378,38.31077791666666
Kuala Lumpur,2025-06-18 00:00:00,41.51265025,58.44458525,0,18,6,2,32.313948999999994,45.4907375,24.791215166666706,35.00803358333333
Kuala Lumpur,2025-06-18 06:00:00,15.8242415,23.051939,6,18,6,2,41.51265025,58.44458525,33.693771166666714,47.36082891666666
Kuala Lumpur,2025-06-18 12:00:00,25.128315,35.2695795,12,18,6,2,15.8242415,23.051939,29.883613583333375,42.32908725
Kuala Lumpur,2025-06-18 18:00:00,43.78875925,61.607864,18,18,6,2,25.128315,35.2695795,27.488402250000046,38.92203458333333
Kuala Lumpur,2025-06-19 00:00:00,34.7853305,49.07798325,0,19,6,3,43.78875925,61.607864,28.247105250000043,39.97646083333333
Kuala Lumpur,2025-06-19 06:00:00,13.913336,20.12325225,6,19,6,3,34.7853305,49.07798325,34.56746825000005,48.65180891666666
Kuala Lumpur,2025-06-19 12:00:00,24.9416415,35.13866875,12,19,6,3,13.913336,20.12325225,30.82914191666671,43.60303316666667
Kuala Lumpur,2025-06-19 18:00:00,37.69065375,53.04093575,18,19,6,3,24.9416415,35.13866875,24.546769333333376,34.77996808333333
Kuala Lumpur,2025-06-20 00:00:00,34.55792775,48.865274,0,20,6,4,37.69065375,53.04093575,25.515210416666708,36.10095225
Kuala Lumpur,2025-06-20 06:00:00,22.529036,32.03444975,6,20,6,4,34.55792775,48.865274,32.39674100000004,45.68162616666666
Kuala Lumpur,2025-06-20 12:00:00,32.879939,46.08284675,12,20,6,4,22.529036,32.03444975,31.592539166666715,44.646886499999994
Kuala Lumpur,2025-06-20 18:00:00,46.54089025,65.49598175,18,20,6,4,32.879939,46.08284675,29.988967583333377,42.3275235
Kuala Lumpur,2025-06-21 00:00:00,44.605925500000005,62.93387775000001,0,21,6,5,46.54089025,65.49598175,33.98328841666671,47.87109275
Kuala Lumpur,2025-06-21 06:00:00,17.17671675,24.83795925,6,21,6,5,44.605925500000005,62.93387775000001,41.34225158333337,58.17090208333334
Kuala Lumpur,2025-06-21 12:00:00,29.24491575,40.76480324999999,12,21,6,5,17.17671675,24.83795925,36.107844166666716,51.089272916666665
Kuala Lumpur,2025-06-21 18:00:00,62.1471085,87.39178275,18,21,6,5,29.24491575,40.76480324999999,30.34251933333338,42.845546750000004
Kuala Lumpur,2025-06-22 00:00:00,74.8043475,105.5066435,0,22,6,6,62.1471085,87.39178275,36.189580333333375,50.99818174999999
Kuala Lumpur,2025-06-22 06:00:00,25.45226625,36.6680415,6,22,6,6,74.8043475,105.5066435,55.39879058333338,77.88774316666665
Kuala Lumpur,2025-06-22 12:00:00,35.15822325,48.6926415,12,22,6,6,25.45226625,36.6680415,54.134574083333376,76.52215591666668
Kuala Lumpur,2025-06-22 18:00:00,62.86165925,88.0849025,18,22,6,6,35.15822325,48.6926415,45.13827900000005,63.622442166666666
Kuala Lumpur,2025-06-23 00:00:00,38.599466,54.2338505,0,23,6,0,62.86165925,88.0849025,41.15738291666671,57.81519516666666
Kuala Lumpur,2025-06-23 06:00:00,18.13128825,25.68560825,6,23,6,0,38.599466,54.2338505,45.53978283333338,63.67046483333332
Kuala Lumpur,2025-06-23 12:00:00,28.6391355,39.61713425,12,23,6,0,18.13128825,25.68560825,39.86413783333338,56.001453749999996
Kuala Lumpur,2025-06-23 18:00:00,60.59158875000001,84.97164525,18,23,6,0,28.6391355,39.61713425,28.45662991666671,39.845530999999994
Kuala Lumpur,2025-06-24 00:00:00,54.68979225,76.75566925,0,24,6,1,60.59158875000001,84.97164525,35.78733750000004,50.09146258333332
Kuala Lumpur,2025-06-24 06:00:00,23.9392645,33.810011,6,24,6,1,54.68979225,76.75566925,47.973505500000044,67.11481624999999
Kuala Lumpur,2025-06-24 12:00:00,32.717195749999995,45.13805125,12,24,6,1,23.9392645,33.810011,46.40688183333338,65.1791085
Kuala Lumpur,2025-06-24 18:00:00,49.96491,69.73505125,18,24,6,1,32.717195749999995,45.13805125,37.11541750000004,51.901243833333325
Kuala Lumpur,2025-06-25 00:00:00,47.3995095,66.289091,0,25,6,2,49.96491,69.73505125,35.54045675000004,49.56103783333333
Kuala Lumpur,2025-06-25 06:00:00,27.87706425,39.549804,6,25,6,2,47.3995095,66.289091,43.36053841666671,60.387397833333324
Kuala Lumpur,2025-06-25 12:00:00,26.75039925,37.348116000000005,12,25,6,2,27.87706425,39.549804,41.74716125000004,58.52464874999999
Kuala Lumpur,2025-06-25 18:00:00,39.68347025,55.42665325,18,25,6,2,26.75039925,37.348116000000005,34.008991000000044,47.729003666666664
Kuala Lumpur,2025-06-26 00:00:00,23.877135,33.58059075,0,26,6,3,39.68347025,55.42665325,31.436977916666706,44.10819108333333
Kuala Lumpur,2025-06-26 06:00:00,13.230732,18.8559425,6,26,6,3,23.877135,33.58059075,30.103668166666708,42.11845333333333
Kuala Lumpur,2025-06-26 12:00:00,22.20070875,30.94388025,12,26,6,3,13.230732,18.8559425,25.597112416666704,35.9543955
Kuala Lumpur,2025-06-26 18:00:00,48.595325,68.27673324999999,18,26,6,3,22.20070875,30.94388025,19.76952525000004,27.793471166666663
Kuala Lumpur,2025-06-27 00:00:00,59.44389175,83.62923025,0,27,6,4,48.595325,68.27673324999999,28.008921916666708,39.35885199999999
Kuala Lumpur,2025-06-27 06:00:00,35.25525475,50.11327125,6,27,6,4,59.44389175,83.62923025,43.413308500000035,60.949947916666666
Kuala Lumpur,2025-06-27 12:00:00,41.089663,56.5936495,12,27,6,4,35.25525475,50.11327125,47.76482383333337,67.33974491666666
Kuala Lumpur,2025-06-27 18:00:00,58.242762,81.17728875,18,27,6,4,41.089663,56.5936495,45.262936500000045,63.445383666666665
Kuala Lumpur,2025-06-28 00:00:00,50.430259,70.5261415,0,28,6,5,58.242762,81.17728875,44.862559916666704,62.628069833333335
Kuala Lumpur,2025-06-28 06:00:00,26.085729,36.59016575,6,28,6,5,50.430259,70.5261415,49.920894666666705,69.43235991666666
Kuala Lumpur,2025-06-28 12:00:00,38.86339025,53.4656115,12,28,6,5,26.085729,36.59016575,44.91958333333337,62.764531999999996
Kuala Lumpur,2025-06-28 18:00:00,39.77400825,55.060581250000006,18,28,6,5,38.86339025,53.4656115,38.45979275000004,53.52730624999999
Kuala Lumpur,2025-06-29 00:00:00,2.55847965,3.61893625,0,29,6,6,39.77400825,55.060581250000006,34.907709166666706,48.3721195
Kuala Lumpur,2025-06-29 06:00:00,2.1804851375000003,3.1045033,6,29,6,6,2.55847965,3.61893625,27.065292716666708,37.381709666666666
Kuala Lumpur,2025-06-29 12:00:00,21.51458025,30.064428,12,29,6,6,2.1804851375000003,3.1045033,14.837657679166705,20.594673599999997
Kuala Lumpur,2025-06-29 18:00:00,44.0077485,62.00954825,18,29,6,6,21.51458025,30.064428,8.751181679166706,12.262622516666662
Kuala Lumpur,2025-06-30 00:00:00,45.7338555,64.62457275,0,30,6,0,44.0077485,62.00954825,22.567604629166706,31.72615985
Kuala Lumpur,2025-06-30 06:00:00,9.6032409,13.59444475,6,30,6,0,45.7338555,64.62457275,37.08539475000004,52.23284966666666
Kuala Lumpur,2025-06-30 12:00:00,22.75010075,31.8127315,12,30,6,0,9.6032409,13.59444475,33.11494830000004,46.74285525
Kuala Lumpur,2025-06-30 18:00:00,52.976076500000005,74.5845915,18,30,6,0,22.75010075,31.8127315,26.029065716666707,36.67724966666666
Kuala Lumpur,2025-07-01 00:00:00,47.727624500000005,67.28151925,0,1,7,1,52.976076500000005,74.5845915,28.443139383333374,39.99725591666666
Kuala Lumpur,2025-07-01 06:00:00,20.400420625,28.73707675,6,1,7,1,47.727624500000005,67.28151925,41.151267250000046,57.892947416666665
Kuala Lumpur,2025-07-01 12:00:00,29.14322325,40.51509075,12,1,7,1,20.400420625,28.73707675,40.36804054166671,56.86772916666666
Kuala Lumpur,2025-07-01 18:00:00,44.435396,62.12908899999999,18,1,7,1,29.14322325,40.51509075,32.42375612500004,45.51122891666666
Kuala Lumpur,2025-07-02 00:00:00,57.2611035,80.3070175,0,2,7,2,44.435396,62.12908899999999,31.32634662500004,43.79375216666666
Kuala Lumpur,2025-07-02 06:00:00,28.74560325,40.049372000000005,6,2,7,2,57.2611035,80.3070175,43.613240916666705,60.98373241666666
Kuala Lumpur,2025-07-02 12:00:00,39.45592525,54.585712,12,2,7,2,28.74560325,40.049372000000005,43.480700916666706,60.828492833333335
Kuala Lumpur,2025-07-02 18:00:00,52.354521000000005,73.04922,18,2,7,2,39.45592525,54.585712,41.82087733333337,58.314033833333326
Kuala Lumpur,2025-07-03 00:00:00,50.092523,70.35925,0,3,7,3,52.354521000000005,73.04922,40.18534983333337,55.894768
Kuala Lumpur,2025-07-03 06:00:00,28.16949525,39.529795,6,3,7,3,50.092523,70.35925,47.30098975000004,65.99806066666666
Kuala Lumpur,2025-07-03 12:00:00,32.09721925,44.68523675,12,3,7,3,28.16949525,39.529795,43.53884641666671,60.97942166666667
Kuala Lumpur,2025-07-03 18:00:00,47.57305325,66.76461225,18,3,7,3,32.09721925,44.68523675,36.78641250000004,51.524760583333325
Kuala Lumpur,2025-07-04 00:00:00,37.096143,52.437685,0,4,7,4,47.57305325,66.76461225,35.94658925000004,50.326547999999995
Kuala Lumpur,2025-07-04 06:00:00,13.19790525,18.652088125,6,4,7,4,37.096143,52.437685,38.92213850000004,54.62917799999999
Kuala Lumpur,2025-07-04 12:00:00,20.50717275,28.62657275,12,4,7,4,13.19790525,18.652088125,32.622367166666706,45.95146179166665
Kuala Lumpur,2025-07-04 18:00:00,44.85468675,63.050862,18,4,7,4,20.50717275,28.62657275,23.600407000000036,33.23878195833333
Kuala Lumpur,2025-07-05 00:00:00,39.81608575,56.31136575,0,5,7,5,44.85468675,63.050862,26.18658825000004,36.776507624999994
Kuala Lumpur,2025-07-05 06:00:00,11.256844375,15.738891250000002,6,5,7,5,39.81608575,56.31136575,35.05931508333337,49.32960016666666
Kuala Lumpur,2025-07-05 12:00:00,22.4698625,30.92310375,12,5,7,5,11.256844375,15.738891250000002,31.975872291666704,45.03370633333333
Kuala Lumpur,2025-07-05 18:00:00,52.92150675,74.117849,18,5,7,5,22.4698625,30.92310375,24.514264208333373,34.32445358333333
Kuala Lumpur,2025-07-06 00:00:00,68.440726,95.8286825,0,6,7,6,52.92150675,74.117849,28.882737875000036,40.259947999999994
Kuala Lumpur,2025-07-06 06:00:00,30.1018305,41.449765750000005,6,6,7,6,68.440726,95.8286825,47.94403175000004,66.95654508333332
Kuala Lumpur,2025-07-06 12:00:00,32.85464375,44.723265,12,6,7,6,30.1018305,41.449765750000005,50.488021083333365,70.46543241666666
Kuala Lumpur,2025-07-06 18:00:00,49.33620675,68.15230325,18,6,7,6,32.85464375,44.723265,43.79906675000004,60.66723774999999
Kuala Lumpur,2025-07-07 00:00:00,57.52764325,79.95896474999999,0,7,7,0,49.33620675,68.15230325,37.430893666666705,51.441778
Kuala Lumpur,2025-07-07 06:00:00,20.601476,28.65664275,6,7,7,0,57.52764325,79.95896474999999,46.572831250000036,64.27817766666665
Kuala Lumpur,2025-07-07 12:00:00,23.82205375,32.807861249999995,12,7,7,0,20.601476,28.65664275,42.48844200000004,58.922636916666654
Kuala Lumpur,2025-07-07 18:00:00,38.795376875,54.242804250000006,18,7,7,0,23.82205375,32.807861249999995,33.98372433333337,47.141156249999995
Kuala Lumpur,2025-07-08 00:00:00,29.99991,42.1545115,0,8,7,1,38.795376875,54.242804250000006,27.739635541666704,38.56910274999999
Kuala Lumpur,2025-07-08 06:00:00,16.971483874999997,24.0196985,6,8,7,1,29.99991,42.1545115,30.872446875000037,43.06839233333333
Kuala Lumpur,2025-07-08 12:00:00,23.70086375,32.944967500000004,12,8,7,1,16.971483874999997,24.0196985,28.588923583333372,40.13900475
Kuala Lumpur,2025-07-08 18:00:00,47.0030555,65.833689,18,8,7,1,23.70086375,32.944967500000004,23.55741920833337,33.03972583333333
Kuala Lumpur,2025-07-09 00:00:00,43.4520765,61.1581755,0,9,7,2,47.0030555,65.833689,29.22513437500004,40.932785
Kuala Lumpur,2025-07-09 06:00:00,10.789847375,15.309979,6,9,7,2,43.4520765,61.1581755,38.05199858333338,53.31227733333333
Kuala Lumpur,2025-07-09 12:00:00,16.660465,23.24270575,12,9,7,2,10.789847375,15.309979,33.74832645833337,47.43394783333333
Kuala Lumpur,2025-07-09 18:00:00,48.6827935,68.61553375,18,9,7,2,16.660465,23.24270575,23.63412962500004,33.23695341666666
Kuala Lumpur,2025-07-10 00:00:00,44.92379375,63.39766399999999,0,10,7,3,48.6827935,68.61553375,25.377701958333375,35.722739499999996
Kuala Lumpur,2025-07-10 06:00:00,11.663559125,16.566787,6,10,7,3,44.92379375,63.39766399999999,36.75568408333337,51.75196783333333
Kuala Lumpur,2025-07-10 12:00:00,18.44654225,25.60398125,12,10,7,3,11.663559125,16.566787,35.09004879166671,49.52666158333332
Kuala Lumpur,2025-07-10 18:00:00,35.892227250000005,50.270912,18,10,7,3,18.44654225,25.60398125,25.01129837500004,35.189477416666655
Kuala Lumpur,2025-07-11 00:00:00,38.78761875,54.356377,0,11,7,4,35.892227250000005,50.270912,22.000776208333377,30.813893416666662
Kuala Lumpur,2025-07-11 06:00:00,10.99536465,15.339537750000002,6,11,7,4,38.78761875,54.356377,31.04212941666671,43.41042341666667
Kuala Lumpur,2025-07-11 12:00:00,20.596758125,28.564443,12,11,7,4,10.99536465,15.339537750000002,28.558403550000047,39.988942249999994
Kuala Lumpur,2025-07-11 18:00:00,38.194286,53.57463925,18,11,7,4,20.596758125,28.564443,23.459913841666708,32.753452583333335
Kuala Lumpur,2025-07-12 00:00:00,58.882534,82.19035600000001,0,12,7,5,38.194286,53.57463925,23.262136258333374,32.49287333333333
Kuala Lumpur,2025-07-12 06:00:00,31.497407500000005,44.29080075,6,12,7,5,58.882534,82.19035600000001,39.22452604166671,54.77647941666666
Kuala Lumpur,2025-07-12 12:00:00,33.802621,46.50394225,12,12,7,5,31.497407500000005,44.29080075,42.85807583333337,60.01859866666666
Kuala Lumpur,2025-07-12 18:00:00,54.47807875,75.81743875,18,12,7,5,33.802621,46.50394225,41.394187500000044,57.661699666666664
Kuala Lumpur,2025-07-13 00:00:00,46.465033,65.02156725,0,13,7,6,54.47807875,75.81743875,39.92603575000005,55.53739391666665
Kuala Lumpur,2025-07-13 06:00:00,17.77239325,25.2213115,6,13,7,6,46.465033,65.02156725,44.915244250000036,62.44764941666665
Kuala Lumpur,2025-07-13 12:00:00,21.346807,29.842113,12,13,7,6,17.77239325,25.2213115,39.57183500000004,55.353439166666654
Kuala Lumpur,2025-07-13 18:00:00,45.87640425000001,64.459016,18,13,7,6,21.346807,29.842113,28.52807775000004,40.02833058333332
Kuala Lumpur,2025-07-14 00:00:00,39.13544325,55.17159650000001,0,14,7,0,45.87640425000001,64.459016,28.33186816666671,39.84081349999999
Kuala Lumpur,2025-07-14 06:00:00,12.2487904,17.88845325,6,14,7,0,39.13544325,55.17159650000001,35.45288483333338,49.824241833333325
Kuala Lumpur,2025-07-14 12:00:00,22.501922,31.42781675,12,14,7,0,12.2487904,17.88845325,32.42021263333338,45.83968858333333
Kuala Lumpur,2025-07-14 18:00:00,23.96490125,33.66403675,18,14,7,0,22.501922,31.42781675,24.628718550000045,34.82928883333332
Kuala Lumpur,2025-07-15 00:00:00,43.62780675,61.31000375,0,15,7,1,23.96490125,33.66403675,19.57187121666671,27.660102249999984
Kuala Lumpur,2025-07-15 06:00:00,16.23430975,23.79493925,6,15,7,1,43.62780675,61.31000375,30.031543333333378,42.13395241666665
Kuala Lumpur,2025-07-15 12:00:00,22.872768250000004,31.6036905,12,15,7,1,16.23430975,23.79493925,27.942339250000042,39.589659916666655
Kuala Lumpur,2025-07-15 18:00:00,31.9415675,44.21559525000001,18,15,7,1,22.872768250000004,31.6036905,27.57829491666671,38.90287783333332
Kuala Lumpur,2025-07-16 00:00:00,27.3592205,38.35072025,0,16,7,2,31.9415675,44.21559525000001,23.68288183333338,33.204741666666656
Kuala Lumpur,2025-07-16 06:00:00,10.58776875,15.260582,6,16,7,2,27.3592205,38.35072025,27.391185416666712,38.05666866666666
Kuala Lumpur,2025-07-16 12:00:00,18.72604125,25.7820145,12,16,7,2,10.58776875,15.260582,23.296185583333372,32.60896583333332
Kuala Lumpur,2025-07-16 18:00:00,37.763897,52.574876,18,16,7,2,18.72604125,25.7820145,18.89101016666671,26.46443891666665
Kuala Lumpur,2025-07-17 00:00:00,53.47007525,74.8579515,0,17,7,3,37.763897,52.574876,22.35923566666671,31.205824166666655
Kuala Lumpur,2025-07-17 06:00:00,18.968876,26.948328,6,17,7,3,53.47007525,74.8579515,36.653337833333374,51.07161399999998
Kuala Lumpur,2025-07-17 12:00:00,27.5595085,37.93604725,12,17,7,3,18.968876,26.948328,36.73428275000004,51.46038516666665
Kuala Lumpur,2025-07-17 18:00:00,52.468379500000005,73.286627,18,17,7,3,27.5595085,37.93604725,33.33281991666671,46.58077558333332
Kuala Lumpur,2025-07-18 00:00:00,50.04554275,70.1159885,0,18,7,4,52.468379500000005,73.286627,32.99892133333338,46.057000749999986
Kuala Lumpur,2025-07-18 06:00:00,12.632711,18.24332675,6,18,7,4,50.04554275,70.1159885,43.35781025000005,60.44622091666665
Kuala Lumpur,2025-07-18 12:00:00,28.47843925,39.7917575,12,18,7,4,12.632711,18.24332675,38.38221108333338,53.881980749999975
Kuala Lumpur,2025-07-18 18:00:00,61.20910674999999,86.15529725,18,18,7,4,28.47843925,39.7917575,30.385564333333377,42.71702424999998
Kuala Lumpur,2025-07-19 00:00:00,31.43117025,44.4017015,0,19,7,5,61.20910674999999,86.15529725,34.10675233333337,48.063460499999984
Kuala Lumpur,2025-07-19 06:00:00,13.325461499999998,19.70454375,6,19,7,5,31.43117025,44.4017015,40.372905416666704,56.782918749999986
Kuala Lumpur,2025-07-19 12:00:00,35.60211325,49.5400625,12,19,7,5,13.325461499999998,19.70454375,35.32191283333337,50.08718083333332
Kuala Lumpur,2025-07-19 18:00:00,55.07041575,77.213657,18,19,7,5,35.60211325,49.5400625,26.786248333333376,37.882102583333314
Kuala Lumpur,2025-07-20 00:00:00,56.3984765,79.31208824999999,0,20,7,6,55.07041575,77.213657,34.665996833333374,48.81942108333332
Kuala Lumpur,2025-07-20 06:00:00,15.051455,21.80763625,6,20,7,6,56.3984765,79.31208824999999,49.02366850000004,68.68860258333332
Kuala Lumpur,2025-07-20 12:00:00,43.9801515,61.635206,12,20,7,6,15.051455,21.80763625,42.173449083333374,59.444460499999984
Kuala Lumpur,2025-07-20 18:00:00,69.19145875,97.26130475,18,20,7,6,43.9801515,61.635206,38.47669433333338,54.25164349999998
Kuala Lumpur,2025-07-21 00:00:00,84.76129825,119.753395,0,21,7,0,69.19145875,97.26130475,42.74102175000004,60.23471566666666
Kuala Lumpur,2025-07-21 06:00:00,34.093602749999995,48.88897975,6,21,7,0,84.76129825,119.753395,65.9776361666667,92.88330191666665
Kuala Lumpur,2025-07-21 12:00:00,32.906428,46.174705,12,21,7,0,34.093602749999995,48.88897975,62.682119916666714,88.63455983333331
Kuala Lumpur,2025-07-21 18:00:00,56.53532825,79.50614974999999,18,21,7,0,32.906428,46.174705,50.5871096666667,71.60569324999999
Kuala Lumpur,2025-07-22 00:00:00,60.8597475,85.760008,0,22,7,1,56.53532825,79.50614974999999,41.17845300000004,58.18994483333332
Kuala Lumpur,2025-07-22 06:00:00,30.15483675,42.65012875000001,6,22,7,1,60.8597475,85.760008,50.100501250000036,70.48028758333332
Kuala Lumpur,2025-07-22 12:00:00,31.1514155,43.444543,12,22,7,1,30.15483675,42.65012875000001,49.18330416666671,69.30542883333332
Kuala Lumpur,2025-07-22 18:00:00,55.929376,78.56289125,18,22,7,1,31.1514155,43.444543,40.72199991666671,57.28489324999999
Kuala Lumpur,2025-07-23 00:00:00,88.15317125000001,124.0279335,0,23,7,2,55.929376,78.56289125,39.07854275000005,54.88585433333333
Kuala Lumpur,2025-07-23 06:00:00,47.92099175,67.94852,6,23,7,2,88.15317125000001,124.0279335,58.41132091666672,82.01178924999999
Kuala Lumpur,2025-07-23 12:00:00,45.327397000000005,63.35187775000001,12,23,7,2,47.92099175,67.94852,64.00117966666672,90.17978158333331
Kuala Lumpur,2025-07-23 18:00:00,60.34702,84.5838875,18,23,7,2,45.327397000000005,63.35187775000001,60.46718666666671,85.10944374999998
Kuala Lumpur,2025-07-24 00:00:00,87.73668124999999,123.2065175,0,24,7,3,60.34702,84.5838875,51.19846958333338,71.96142841666665
Kuala Lumpur,2025-07-24 06:00:00,53.4262205,75.52194,6,24,7,3,87.73668124999999,123.2065175,64.47036608333337,90.38076091666666
Kuala Lumpur,2025-07-24 12:00:00,44.1989415,62.0650555,12,24,7,3,53.4262205,75.52194,67.1699739166667,94.43744833333331
Kuala Lumpur,2025-07-24 18:00:00,57.5653015,80.67076075,18,24,7,3,44.1989415,62.0650555,61.78728108333337,86.93117099999999
Kuala Lumpur,2025-07-25 00:00:00,55.02073425,77.27166375,0,25,7,4,57.5653015,80.67076075,51.73015450000005,72.75258541666665
Kuala Lumpur,2025-07-25 06:00:00,37.729137,53.1056805,6,25,7,4,55.02073425,77.27166375,52.26165908333337,73.33582666666665
Kuala Lumpur,2025-07-25 12:00:00,39.34286525,54.810812,12,25,7,4,37.729137,53.1056805,50.10505758333338,70.34936833333332
Kuala Lumpur,2025-07-25 18:00:00,35.95043525,50.2242305,18,25,7,4,39.34286525,54.810812,44.0309121666667,61.72938541666665
Kuala Lumpur,2025-07-26 00:00:00,43.5516375,60.99423925000001,0,26,7,5,35.95043525,50.2242305,37.67414583333338,52.713574333333305
Kuala Lumpur,2025-07-26 06:00:00,22.23873725,31.30207925,6,26,7,5,43.5516375,60.99423925000001,39.61497933333337,55.343093916666646
Kuala Lumpur,2025-07-26 12:00:00,28.30302025,39.53607575,12,26,7,5,22.23873725,31.30207925,33.91360333333338,47.506849666666646
Kuala Lumpur,2025-07-26 18:00:00,47.64220325,66.95941450000001,18,26,7,5,28.30302025,39.53607575,31.364465000000042,43.94413141666664
Kuala Lumpur,2025-07-27 00:00:00,46.8229755,66.10088100000002,0,27,7,6,47.64220325,66.95941450000001,32.72798691666671,45.93252316666665
Kuala Lumpur,2025-07-27 06:00:00,20.470509,28.99810175,6,27,7,6,46.8229755,66.10088100000002,40.92273300000004,57.53212374999999
Kuala Lumpur,2025-07-27 12:00:00,27.697411,38.60725425,12,27,7,6,20.470509,28.99810175,38.31189591666671,54.01946574999999
Kuala Lumpur,2025-07-27 18:00:00,54.780003,76.92642500000001,18,27,7,6,27.697411,38.60725425,31.663631833333373,44.56874566666665
Kuala Lumpur,2025-07-28 00:00:00,39.11281974999999,55.15892,0,28,7,0,54.780003,76.92642500000001,34.31597433333338,48.17726033333332
Kuala Lumpur,2025-07-28 06:00:00,15.233126749999998,22.317352,6,28,7,0,39.11281974999999,55.15892,40.530077916666706,56.897533083333315
Kuala Lumpur,2025-07-28 12:00:00,23.0822935,32.0773095,12,28,7,0,15.233126749999998,22.317352,36.37531650000005,51.46756566666665
Kuala Lumpur,2025-07-28 18:00:00,34.61414625,48.56724425,18,28,7,0,23.0822935,32.0773095,25.80941333333337,36.51786049999998
Kuala Lumpur,2025-07-29 00:00:00,34.227412,48.26972625,0,29,7,1,34.61414625,48.56724425,24.30985550000004,34.32063524999998
Kuala Lumpur,2025-07-29 06:00:00,19.193749,27.19207275,6,29,7,1,34.227412,48.26972625,30.64128391666671,42.971426666666645
Kuala Lumpur,2025-07-29 12:00:00,27.382384,38.3007545,12,29,7,1,19.193749,27.19207275,29.34510241666671,41.34301441666665
Kuala Lumpur,2025-07-29 18:00:00,42.139959000000005,59.0812025,18,29,7,1,27.382384,38.3007545,26.934515000000044,37.920851166666644
Kuala Lumpur,2025-07-30 00:00:00,46.3589485,65.08199125,0,30,7,2,42.139959000000005,59.0812025,29.57203066666671,41.52467658333332
Kuala Lumpur,2025-07-30 06:00:00,29.84370425,42.12404325,6,30,7,2,46.3589485,65.08199125,38.62709716666671,54.15464941666664
Kuala Lumpur,2025-07-30 12:00:00,38.8438365,54.148132,12,30,7,2,29.84370425,42.12404325,39.447537250000046,55.42907899999998
Kuala Lumpur,2025-07-30 18:00:00,53.50511875,74.8998445,18,30,7,2,38.8438365,54.148132,38.34882975000004,53.78472216666665
Kuala Lumpur,2025-07-31 00:00:00,52.2159095,73.31112875000001,0,31,7,3,53.50511875,74.8998445,40.73088650000005,57.05733991666665
Kuala Lumpur,2025-07-31 06:00:00,27.756471,39.79982925,6,31,7,3,52.2159095,73.31112875000001,48.18828825000005,67.45303508333332
Kuala Lumpur,2025-07-31 12:00:00,26.6769575,37.48425575,12,31,7,3,27.756471,39.79982925,44.49249975000004,62.67026749999999
Kuala Lumpur,2025-07-31 18:00:00,51.62968325,72.41061425000001,18,31,7,3,26.6769575,37.48425575,35.549779333333376,50.198404583333314
Kuala Lumpur,2025-08-01 00:00:00,48.502898,68.1117165,0,1,8,4,51.62968325,72.41061425000001,35.35437058333338,49.89823308333331
Kuala Lumpur,2025-08-01 06:00:00,23.4153955,33.476567749999994,6,1,8,4,48.502898,68.1117165,42.26984625000004,59.33552883333331
Kuala Lumpur,2025-08-01 12:00:00,28.35957975,39.685688,12,1,8,4,23.4153955,33.476567749999994,41.18265891666671,57.9996328333333
Kuala Lumpur,2025-08-01 18:00:00,35.06346475,49.0575755,18,1,8,4,28.35957975,39.685688,33.425957750000045,47.09132408333331
Kuala Lumpur,2025-08-02 00:00:00,48.555308,68.03628624999999,0,2,8,5,35.06346475,49.0575755,28.94614666666671,40.73994374999997
Kuala Lumpur,2025-08-02 06:00:00,16.54302625,24.11286475,6,2,8,5,48.555308,68.03628624999999,37.326117500000045,52.25984991666664
Kuala Lumpur,2025-08-02 12:00:00,21.81729975,30.61308025,12,2,8,5,16.54302625,24.11286475,33.38726633333338,47.0689088333333
Kuala Lumpur,2025-08-02 18:00:00,38.75203375,54.21395625,18,2,8,5,21.81729975,30.61308025,28.971878000000043,40.920743749999964
Kuala Lumpur,2025-08-03 00:00:00,31.57856575,44.471278250000005,0,3,8,6,38.75203375,54.21395625,25.704119916666713,36.31330041666664
Kuala Lumpur,2025-08-03 06:00:00,16.5361485,24.4738205,6,3,8,6,31.57856575,44.471278250000005,30.715966416666713,43.09943824999997
Kuala Lumpur,2025-08-03 12:00:00,22.9856595,31.801164,12,3,8,6,16.5361485,24.4738205,28.95558266666671,41.053018333333306
Kuala Lumpur,2025-08-03 18:00:00,44.548386,62.102402,18,3,8,6,22.9856595,31.801164,23.700124583333377,33.582087583333305
Kuala Lumpur,2025-08-04 00:00:00,43.01691,60.4991325,0,4,8,0,44.548386,62.102402,28.023398000000043,39.4591288333333
Kuala Lumpur,2025-08-04 06:00:00,19.10478875,27.23174925,6,4,8,0,43.01691,60.4991325,36.85031850000004,51.467566166666636
Kuala Lumpur,2025-08-04 12:00:00,29.186765,40.16755,12,4,8,0,19.10478875,27.23174925,35.55669491666671,49.94442791666663
Kuala Lumpur,2025-08-04 18:00:00,24.835884250000003,34.58765675,18,4,8,0,29.186765,40.16755,30.436154583333376,42.6328105833333
Kuala Lumpur,2025-08-05 00:00:00,22.206791000000003,31.090764,0,5,8,1,24.835884250000003,34.58765675,24.375812666666707,33.99565199999997
Kuala Lumpur,2025-08-05 06:00:00,14.2306645,19.854724,6,5,8,1,22.206791000000003,31.090764,25.40981341666671,35.28199024999997
Kuala Lumpur,2025-08-05 12:00:00,27.510339,38.27256024999999,12,5,8,1,14.2306645,19.854724,20.424446583333378,28.51104824999997
Kuala Lumpur,2025-08-05 18:00:00,39.100272,54.70488375,18,5,8,1,27.510339,38.27256024999999,21.315931500000044,29.73934941666663
Kuala Lumpur,2025-08-06 00:00:00,29.47132325,41.3918705,0,6,8,2,39.100272,54.70488375,26.947091833333374,37.61072266666664
Kuala Lumpur,2025-08-06 06:00:00,12.4713895,17.55688575,6,6,8,2,29.47132325,41.3918705,32.027311416666706,44.78977149999997
Kuala Lumpur,2025-08-06 12:00:00,26.16292275,36.459936500000005,12,6,8,2,12.4713895,17.55688575,27.014328250000037,37.88454666666664
Kuala Lumpur,2025-08-06 18:00:00,42.61767150000001,59.86396425,18,6,8,2,26.16292275,36.459936500000005,22.701878500000046,31.802897583333305
Kuala Lumpur,2025-08-07 00:00:00,41.52042275,58.51831075,0,7,8,3,42.61767150000001,59.86396425,27.08399458333338,37.96026216666664
Kuala Lumpur,2025-08-07 06:00:00,13.35081375,18.98757775,6,7,8,3,41.52042275,58.51831075,36.76700566666671,51.614070499999976
Kuala Lumpur,2025-08-07 12:00:00,19.7938445,27.66773825,12,7,8,3,13.35081375,18.98757775,32.49630266666671,45.78995091666664
Kuala Lumpur,2025-08-07 18:00:00,38.96906225,54.58571175,18,7,8,3,19.7938445,27.66773825,24.888360333333377,35.0578755833333
Kuala Lumpur,2025-08-08 00:00:00,46.68066775,65.67103125,0,8,8,4,38.96906225,54.58571175,24.037906833333377,33.74700924999997
Kuala Lumpur,2025-08-08 06:00:00,22.1906475,31.317427,6,8,8,4,46.68066775,65.67103125,35.14785816666671,49.308160416666645
Kuala Lumpur,2025-08-08 12:00:00,27.26199025,38.19974375,12,8,8,4,22.1906475,31.317427,35.946792500000036,50.524723333333306
Kuala Lumpur,2025-08-08 18:00:00,43.79035,61.52595300000001,18,8,8,4,27.26199025,38.19974375,32.04443516666671,45.06273399999998
Kuala Lumpur,2025-08-09 00:00:00,66.54698900000001,93.7262135,0,9,8,5,43.79035,61.52595300000001,31.08099591666671,43.68104124999997
Kuala Lumpur,2025-08-09 06:00:00,33.745664000000005,47.59010675,6,9,8,5,66.54698900000001,93.7262135,45.86644308333339,64.4839700833333
Kuala Lumpur,2025-08-09 12:00:00,36.1501405,50.45205800000001,12,9,8,5,33.745664000000005,47.59010675,48.02766766666671,67.6140910833333
Kuala Lumpur,2025-08-09 18:00:00,56.52481175,79.3156115,18,9,8,5,36.1501405,50.45205800000001,45.480931166666714,63.922792749999964
Kuala Lumpur,2025-08-10 00:00:00,59.256821,83.01447125,0,10,8,6,56.52481175,79.3156115,42.14020541666671,59.11925874999997
Kuala Lumpur,2025-08-10 06:00:00,28.50072175,39.77982075,6,10,8,6,59.256821,83.01447125,50.643924416666714,70.92738024999998
Kuala Lumpur,2025-08-10 12:00:00,32.67922525,45.245714,12,10,8,6,28.50072175,39.77982075,48.09411816666671,67.3699678333333
Kuala Lumpur,2025-08-10 18:00:00,45.46279825,63.64115375000001,18,10,8,6,32.67922525,45.245714,40.14558933333338,56.01333533333331
Kuala Lumpur,2025-08-11 00:00:00,37.23610575,52.12933699999999,0,11,8,0,45.46279825,63.64115375000001,35.54758175000004,49.555562833333305
Kuala Lumpur,2025-08-11 06:00:00,13.615647375,19.062611,6,11,8,0,37.23610575,52.12933699999999,38.459376416666714,53.672068249999974
Kuala Lumpur,2025-08-11 12:00:00,21.84637525,30.1690475,12,11,8,0,13.615647375,19.062611,32.10485045833338,44.94436724999997
Kuala Lumpur,2025-08-11 18:00:00,31.78215725,44.23449725,18,11,8,0,21.84637525,30.1690475,24.232709458333378,33.786998499999974
Kuala Lumpur,2025-08-12 00:00:00,40.20319075,56.5788695,0,12,8,1,31.78215725,44.23449725,22.414726625000046,31.15538524999997
Kuala Lumpur,2025-08-12 06:00:00,14.0813655,19.676406250000003,6,12,8,1,40.20319075,56.5788695,31.277241083333376,43.660804749999976
Kuala Lumpur,2025-08-12 12:00:00,22.1263005,30.1326965,12,12,8,1,14.0813655,19.676406250000003,28.688904500000046,40.16325766666664
Kuala Lumpur,2025-08-12 18:00:00,34.167215,47.299636,18,12,8,1,22.1263005,30.1326965,25.470285583333375,35.46265741666664
Kuala Lumpur,2025-08-13 00:00:00,38.1712095,53.0839655,0,13,8,2,34.167215,47.299636,23.45829366666671,32.36957958333331
Kuala Lumpur,2025-08-13 06:00:00,18.69131,25.7441,6,13,8,2,38.1712095,53.0839655,31.48824166666671,43.50543266666664
Kuala Lumpur,2025-08-13 12:00:00,30.19465525,41.37263050000001,12,13,8,2,18.69131,25.7441,30.343244833333376,42.042567166666636
Kuala Lumpur,2025-08-13 18:00:00,44.5457425,61.95773625,18,13,8,2,30.19465525,41.37263050000001,29.019058250000043,40.06689866666664
Kuala Lumpur,2025-08-14 00:00:00,33.475544,46.54418725,0,14,8,3,44.5457425,61.95773625,31.143902583333375,43.02482224999998
Kuala Lumpur,2025-08-14 06:00:00,19.046297,26.22698525,6,14,8,3,33.475544,46.54418725,36.07198058333338,49.95818466666665
Kuala Lumpur,2025-08-14 12:00:00,27.477228,37.636681,12,14,8,3,19.046297,26.22698525,32.355861166666706,44.90963624999997
Kuala Lumpur,2025-08-14 18:00:00,41.786521,58.26649375,18,14,8,3,27.477228,37.636681,26.66635633333338,36.8026178333333
Kuala Lumpur,2025-08-15 00:00:00,43.952695250000005,61.1220225,0,15,8,4,41.786521,58.26649375,29.436682000000044,40.710053333333306
Kuala Lumpur,2025-08-15 06:00:00,18.0754115,25.17958825,6,15,8,4,43.952695250000005,61.1220225,37.738814750000046,52.34173241666664
Kuala Lumpur,2025-08-15 12:00:00,19.15657275,26.58705975,12,15,8,4,18.0754115,25.17958825,34.604875916666714,48.18936816666664
Kuala Lumpur,2025-08-15 18:00:00,31.105486000000003,43.70622275,18,15,8,4,19.15657275,26.58705975,27.061559833333376,37.629556833333304
Kuala Lumpur,2025-08-16 00:00:00,26.9143925,37.85987725,0,16,8,5,31.105486000000003,43.70622275,22.779156750000045,31.824290249999972
Kuala Lumpur,2025-08-16 06:00:00,14.89024725,21.19861625,6,16,8,5,26.9143925,37.85987725,25.72548375000004,36.051053249999974
Kuala Lumpur,2025-08-16 12:00:00,22.87293925,31.79957275,12,16,8,5,14.89024725,21.19861625,24.303375250000045,34.25490541666664
Kuala Lumpur,2025-08-16 18:00:00,35.109792750000004,49.10316525,18,16,8,5,22.87293925,31.79957275,21.55919300000004,30.286022083333304
Kuala Lumpur,2025-08-17 00:00:00,45.4476785,63.78593274999999,0,17,8,6,35.109792750000004,49.10316525,24.290993083333376,34.033784749999974
Kuala Lumpur,2025-08-17 06:00:00,18.88145125,26.708108000000003,6,17,8,6,45.4476785,63.78593274999999,34.476803500000045,48.22955691666664
Kuala Lumpur,2025-08-17 12:00:00,25.5769665,35.604358250000004,12,17,8,6,18.88145125,26.708108000000003,33.14630750000004,46.53240199999997
Kuala Lumpur,2025-08-17 18:00:00,42.3778065,59.3365005,18,17,8,6,25.5769665,35.604358250000004,29.968698750000044,42.03279966666664
Kuala Lumpur,2025-08-18 00:00:00,59.883320000000005,84.1309325,0,18,8,0,42.3778065,59.3365005,28.945408083333376,40.549655583333305
Kuala Lumpur,2025-08-18 06:00:00,21.130404,30.06834975,6,18,8,0,59.883320000000005,84.1309325,42.61269766666671,59.6905970833333
Kuala Lumpur,2025-08-18 12:00:00,25.3628515,35.53088875,12,18,8,0,21.130404,30.06834975,41.13051016666671,57.84526091666664
Kuala Lumpur,2025-08-18 18:00:00,38.313402,53.766712,18,18,8,0,25.3628515,35.53088875,35.45885850000004,49.91005699999997
Kuala Lumpur,2025-08-19 00:00:00,28.68421225,40.3981915,0,19,8,1,38.313402,53.766712,28.268885833333382,39.788650166666635
Kuala Lumpur,2025-08-19 06:00:00,9.29162525,13.108831375,6,19,8,1,28.68421225,40.3981915,30.786821916666714,43.231930749999975
Kuala Lumpur,2025-08-19 12:00:00,21.4160995,30.022306500000003,12,19,8,1,9.29162525,13.108831375,25.429746500000046,35.75791162499997
Kuala Lumpur,2025-08-19 18:00:00,31.660192500000004,44.4983935,18,19,8,1,21.4160995,30.022306500000003,19.79731233333338,27.843109791666638
Kuala Lumpur,2025-08-20 00:00:00,35.8944585,50.551989250000005,0,20,8,2,31.660192500000004,44.4983935,20.789305750000047,29.20984379166664
Kuala Lumpur,2025-08-20 06:00:00,19.288734,27.153874,6,20,8,2,35.8944585,50.551989250000005,29.65691683333338,41.69089641666664
Kuala Lumpur,2025-08-20 12:00:00,29.72069525,41.62023975,12,20,8,2,19.288734,27.153874,28.947795000000045,40.73475224999998
Kuala Lumpur,2025-08-20 18:00:00,35.26290025,49.38928625,18,20,8,2,29.72069525,41.62023975,28.301295916666714,39.77536766666664
Kuala Lumpur,2025-08-21 00:00:00,38.581504,54.2039525,0,21,8,3,35.26290025,49.38928625,28.090776500000047,39.38779999999997
Kuala Lumpur,2025-08-21 06:00:00,22.690699,32.57059675,6,21,8,3,38.581504,54.2039525,34.52169983333338,48.4044928333333
Kuala Lumpur,2025-08-21 12:00:00,32.663707,45.60314425,12,21,8,3,22.690699,32.57059675,32.17836775000005,45.38794516666664
Kuala Lumpur,2025-08-21 18:00:00,57.79420975,81.2155185,18,21,8,3,32.663707,45.60314425,31.31197000000005,44.125897833333305
Kuala Lumpur,2025-08-22 00:00:00,51.2821995,72.30181625,0,22,8,4,57.79420975,81.2155185,37.71620525000005,53.12975316666664
Kuala Lumpur,2025-08-22 06:00:00,18.86596125,27.04106775,6,22,8,4,51.2821995,72.30181625,47.246705416666714,66.37349299999998
Kuala Lumpur,2025-08-22 12:00:00,41.92381225,58.5154115,12,22,8,4,18.86596125,27.04106775,42.647456833333386,60.18613416666664
Kuala Lumpur,2025-08-22 18:00:00,64.78882175,91.1169875,18,22,8,4,41.92381225,58.5154115,37.35732433333339,52.619431833333294
Kuala Lumpur,2025-08-23 00:00:00,36.93597375,52.0172425,0,23,8,5,64.78882175,91.1169875,41.85953175000005,58.891155583333294
Kuala Lumpur,2025-08-23 06:00:00,14.998989,21.3506725,6,23,8,5,36.93597375,52.0172425,47.882869250000056,67.21654716666663
Kuala Lumpur,2025-08-23 12:00:00,24.47058025,34.27680925,12,23,8,5,14.998989,21.3506725,38.907928166666714,54.828300833333294
Kuala Lumpur,2025-08-23 18:00:00,44.2637145,62.366582,18,23,8,5,24.47058025,34.27680925,25.46851433333339,35.88157474999997
Kuala Lumpur,2025-08-24 00:00:00,33.131328999999994,46.764569,0,24,8,6,44.2637145,62.366582,27.911094583333384,39.3313545833333
Kuala Lumpur,2025-08-24 06:00:00,12.154089125,17.352306499999997,6,24,8,6,33.131328999999994,46.764569,33.955207916666716,47.80265341666664
Kuala Lumpur,2025-08-24 12:00:00,20.363074750000003,28.63512825,12,24,8,6,12.154089125,17.352306499999997,29.849710875000053,42.161152499999965
Kuala Lumpur,2025-08-24 18:00:00,37.64711275,53.077173,18,24,8,6,20.363074750000003,28.63512825,21.882830958333386,30.917334583333304
Kuala Lumpur,2025-08-25 00:00:00,35.11475225,49.58172925,0,25,8,0,37.64711275,53.077173,23.388092208333386,33.021535916666636
Kuala Lumpur,2025-08-25 06:00:00,16.975377624999997,24.3354065,6,25,8,0,35.11475225,49.58172925,31.041646583333385,43.764676833333304
Kuala Lumpur,2025-08-25 12:00:00,19.6174595,27.71491825,12,25,8,0,16.975377624999997,24.3354065,29.912414208333384,42.33143624999997
Kuala Lumpur,2025-08-25 18:00:00,38.54484075,54.3653305,18,25,8,0,19.6174595,27.71491825,23.90252979166672,33.8773513333333
Kuala Lumpur,2025-08-26 00:00:00,19.221317575,27.18249375,0,26,8,1,38.54484075,54.3653305,25.04589262500005,35.4718850833333
Kuala Lumpur,2025-08-26 06:00:00,4.333401175,6.1573359750000005,6,26,8,1,19.221317575,27.18249375,25.79453927500005,36.42091416666663
Kuala Lumpur,2025-08-26 12:00:00,17.90817775,25.16702625,12,26,8,1,4.333401175,6.1573359750000005,20.699853166666717,29.2350534083333
Kuala Lumpur,2025-08-26 18:00:00,38.12445475,53.82150975,18,26,8,1,17.90817775,25.16702625,13.820965500000051,19.502285324999967
Kuala Lumpur,2025-08-27 00:00:00,48.31218875,68.3831715,0,27,8,2,38.12445475,53.82150975,20.12201122500005,28.381957324999963
Kuala Lumpur,2025-08-27 06:00:00,23.824896,33.96314675,6,27,8,2,48.31218875,68.3831715,34.781607083333384,49.123902499999964
Kuala Lumpur,2025-08-27 12:00:00,30.4717105,42.968623,12,27,8,2,23.824896,33.96314675,36.753846500000044,52.05594266666663
Kuala Lumpur,2025-08-27 18:00:00,43.5347835,61.43170475,18,27,8,2,30.4717105,42.968623,34.202931750000054,48.43831374999996
Kuala Lumpur,2025-08-28 00:00:00,37.3591425,52.89223225,0,28,8,3,43.5347835,61.43170475,32.610463333333385,46.12115816666664
Kuala Lumpur,2025-08-28 06:00:00,24.09677775,34.1640315,6,28,8,3,37.3591425,52.89223225,37.12187883333339,52.43085333333331
Kuala Lumpur,2025-08-28 12:00:00,24.488429250000003,34.6079785,12,28,8,3,24.09677775,34.1640315,34.99690125000006,49.49598949999997
Kuala Lumpur,2025-08-28 18:00:00,44.86639649999999,63.349148500000005,18,28,8,3,24.488429250000003,34.6079785,28.648116500000054,40.554747416666636
Kuala Lumpur,2025-08-29 00:00:00,36.05725775,51.0168545,0,29,8,4,44.86639649999999,63.349148500000005,31.15053450000005,44.04038616666664
Kuala Lumpur,2025-08-29 06:00:00,8.905431075000001,12.746454375,6,29,8,4,36.05725775,51.0168545,35.137361166666714,49.65799383333331
Kuala Lumpur,2025-08-29 12:00:00,13.09740575,18.504010625,12,29,8,4,8.905431075000001,12.746454375,29.943028441666712,42.370819124999976
Kuala Lumpur,2025-08-29 18:00:00,30.365129,42.884835,18,29,8,4,13.09740575,18.504010625,19.353364858333386,27.4224398333333
Kuala Lumpur,2025-08-30 00:00:00,45.11935025,63.8892745,0,30,8,5,30.365129,42.884835,17.455988608333385,24.711766666666634
Kuala Lumpur,2025-08-30 06:00:00,15.77342325,22.572066875,6,30,8,5,45.11935025,63.8892745,29.52729500000005,41.75937337499997
Kuala Lumpur,2025-08-30 12:00:00,26.46200425,37.18935225,12,30,8,5,15.77342325,22.572066875,30.419300833333384,43.115392124999964
Kuala Lumpur,2025-08-30 18:00:00,33.071529500000004,46.72216425,18,30,8,5,26.46200425,37.18935225,29.11825925000005,41.216897874999965
Kuala Lumpur,2025-08-31 00:00:00,33.750212000000005,47.72573525000001,0,31,8,6,33.071529500000004,46.72216425,25.10231900000005,35.494527791666634
Kuala Lumpur,2025-08-31 06:00:00,7.770893325,11.1051575,6,31,8,6,33.750212000000005,47.72573525000001,31.094581916666723,43.87908391666664
Kuala Lumpur,2025-08-31 12:00:00,27.73037975,38.96593675,12,31,8,6,7.770893325,11.1051575,24.86421160833339,35.1843523333333
Kuala Lumpur,2025-08-31 18:00:00,37.410104,52.7869575,18,31,8,6,27.73037975,38.96593675,23.08382835833339,32.598943166666636
Singapore,2024-09-01 06:00:00,23.2856225,33.08912275,6,1,9,6,12.4807685,17.663978750000002,12.4807685,17.663978750000002
Singapore,2024-09-01 12:00:00,40.7670195,57.586248,12,1,9,6,23.2856225,33.08912275,17.8831955,25.37655075
Singapore,2024-09-01 18:00:00,36.6711245,51.69812325,18,1,9,6,40.7670195,57.586248,25.511136833333335,36.1131165
Singapore,2024-09-02 00:00:00,41.9317985,59.42072775,0,2,9,0,36.6711245,51.69812325,33.57458883333334,47.45783133333333
Singapore,2024-09-02 06:00:00,35.889542,51.4909855,6,2,9,0,41.9317985,59.42072775,39.78998083333334,56.235032999999994
Singapore,2024-09-02 12:00:00,37.76779075,53.58452775,12,2,9,0,35.889542,51.4909855,38.164155,54.203278833333336
Singapore,2024-09-02 18:00:00,29.58820725,41.99279225,18,2,9,0,37.76779075,53.58452775,38.52971041666667,54.83208033333333
Singapore,2024-09-03 00:00:00,36.69856525,52.489326,0,3,9,1,29.58820725,41.99279225,34.41518,49.022768500000005
Singapore,2024-09-03 06:00:00,35.553512500000004,50.90532825,6,3,9,1,36.69856525,52.489326,34.68485441666667,49.355548666666664
Singapore,2024-09-03 12:00:00,42.71009875,60.5451765,12,3,9,1,35.553512500000004,50.90532825,33.94676166666667,48.46248216666666
Singapore,2024-09-03 18:00:00,44.238675,62.69925725,18,3,9,1,42.71009875,60.5451765,38.3207255,54.64661025
Singapore,2024-09-04 00:00:00,33.640163,47.899448,0,4,9,2,44.238675,62.69925725,40.83409541666666,58.04992066666666
Singapore,2024-09-04 06:00:00,39.56995425,56.3262575,6,4,9,2,33.640163,47.899448,40.19631225,57.04796058333333
Singapore,2024-09-04 12:00:00,48.85919225,69.3535185,12,4,9,2,39.56995425,56.3262575,39.14959741666667,55.641654249999995
Singapore,2024-09-04 18:00:00,48.582649,68.75737374999999,18,4,9,2,48.85919225,69.3535185,40.68976983333334,57.85974133333334
Singapore,2024-09-05 00:00:00,41.128828,58.15059,0,5,9,3,48.582649,68.75737374999999,45.670598500000004,64.81238325
Singapore,2024-09-05 06:00:00,35.56806425,50.509584,6,5,9,3,41.128828,58.15059,46.190223083333336,65.42049408333334
Singapore,2024-09-05 12:00:00,37.620452750000005,53.4108725,12,5,9,3,35.56806425,50.509584,41.759847083333334,59.13918258333333
Singapore,2024-09-05 18:00:00,31.2732315,44.4697715,18,5,9,3,37.620452750000005,53.4108725,38.105781666666665,54.02368216666667
Singapore,2024-09-06 00:00:00,34.56125325,49.52352175,0,6,9,4,31.2732315,44.4697715,34.82058283333333,49.46340933333334
Singapore,2024-09-06 06:00:00,33.32422725,48.315883,6,6,9,4,34.56125325,49.52352175,34.48497916666667,49.13472191666667
Singapore,2024-09-06 12:00:00,36.4528885,52.24410325,12,6,9,4,33.32422725,48.315883,33.052904000000005,47.43639208333334
Singapore,2024-09-06 18:00:00,20.49279175,29.650891500000004,18,6,9,4,36.4528885,52.24410325,34.779456333333336,50.027836
Singapore,2024-09-07 00:00:00,27.2992795,39.79357625,0,7,9,5,20.49279175,29.650891500000004,30.089969166666666,43.40362591666667
Singapore,2024-09-07 06:00:00,33.28602825,48.6754745,6,7,9,5,27.2992795,39.79357625,28.08165325,40.562857
Singapore,2024-09-07 12:00:00,26.6511505,38.934786,12,7,9,5,33.28602825,48.6754745,27.026033166666668,39.373314083333334
Singapore,2024-09-07 18:00:00,26.193703,37.93445525,18,7,9,5,26.6511505,38.934786,29.078819416666665,42.46794558333334
Singapore,2024-09-08 00:00:00,43.9591755,63.1306415,0,8,9,6,26.193703,37.93445525,28.710293916666668,41.848238583333334
Singapore,2024-09-08 06:00:00,46.00053675,66.37947100000001,6,8,9,6,43.9591755,63.1306415,32.268009666666664,46.66662758333333
Singapore,2024-09-08 12:00:00,50.782092,72.541524,12,8,9,6,46.00053675,66.37947100000001,38.71780508333333,55.814855916666666
Singapore,2024-09-08 18:00:00,32.31468775,46.346542,18,8,9,6,50.782092,72.541524,46.91393475,67.35054550000001
Singapore,2024-09-09 00:00:00,36.90649925,52.8509645,0,9,9,0,32.31468775,46.346542,43.03243883333334,61.755845666666666
Singapore,2024-09-09 06:00:00,35.219670750000006,50.61690475,6,9,9,0,36.90649925,52.8509645,40.001093,57.2463435
Singapore,2024-09-09 12:00:00,36.275537500000006,51.7741225,12,9,9,0,35.219670750000006,50.61690475,34.81361925,49.93813708333334
Singapore,2024-09-09 18:00:00,17.298248125,24.754229,18,9,9,0,36.275537500000006,51.7741225,36.133902500000005,51.74733058333334
Singapore,2024-09-10 00:00:00,24.11724125,34.6712455,0,10,9,1,17.298248125,24.754229,29.59781879166667,42.38175208333333
Singapore,2024-09-10 06:00:00,28.594627000000003,40.9777385,6,10,9,1,24.11724125,34.6712455,25.897008958333334,37.066532333333335
Singapore,2024-09-10 12:00:00,32.013758749999994,45.54419725,12,10,9,1,28.594627000000003,40.9777385,23.33670545833333,33.467737666666665
Singapore,2024-09-10 18:00:00,25.25777625,35.905714,18,10,9,1,32.013758749999994,45.54419725,28.24187566666667,40.397727083333336
Singapore,2024-09-11 00:00:00,18.09849,25.6365525,0,11,9,2,25.25777625,35.905714,28.622054000000002,40.80921658333334
Singapore,2024-09-11 06:00:00,27.35254175,39.126689500000005,6,11,9,2,18.09849,25.6365525,25.123341666666665,35.69548791666667
Singapore,2024-09-11 12:00:00,31.310776000000004,44.4400715,12,11,9,2,27.35254175,39.126689500000005,23.56960266666667,33.55631866666667
Singapore,2024-09-11 18:00:00,22.93909025,32.6165545,18,11,9,2,31.310776000000004,44.4400715,25.587269250000002,36.4011045
Singapore,2024-09-12 00:00:00,16.2945925,23.135158,0,12,9,3,22.93909025,32.6165545,27.20080266666667,38.72777183333334
Singapore,2024-09-12 06:00:00,19.14605725,27.3568045,6,12,9,3,16.2945925,23.135158,23.514819583333335,33.39726133333334
Singapore,2024-09-12 12:00:00,24.89622375,35.51338075,12,12,9,3,19.14605725,27.3568045,19.459913333333333,27.702839
Singapore,2024-09-12 18:00:00,17.787044625,25.452180625,18,12,9,3,24.89622375,35.51338075,20.112291166666665,28.668447750000002
Singapore,2024-09-13 00:00:00,6.1529590075,8.753204275,0,13,9,4,17.787044625,25.452180625,20.609775208333335,29.440788625
Singapore,2024-09-13 06:00:00,12.7033105,18.353944,6,13,9,4,6.1529590075,8.753204275,16.27874246083333,23.239588550000004
Singapore,2024-09-13 12:00:00,26.761654250000003,38.0905475,12,13,9,4,12.7033105,18.353944,12.214438044166668,17.5197763
Singapore,2024-09-13 18:00:00,21.9278175,31.226989,18,13,9,4,26.761654250000003,38.0905475,15.205974585833333,21.732565258333334
Singapore,2024-09-14 00:00:00,9.465566,13.495650875,0,14,9,5,21.9278175,31.226989,20.464260749999998,29.223826833333334
Singapore,2024-09-14 06:00:00,14.920828875,21.3256045,6,14,9,5,9.465566,13.495650875,19.38501258333333,27.604395791666665
Singapore,2024-09-14 12:00:00,24.719725,35.03635075,12,14,9,5,14.920828875,21.3256045,15.438070791666666,22.016081458333332
Singapore,2024-09-14 18:00:00,24.933171875,35.378093,18,14,9,5,24.719725,35.03635075,16.368706625,23.28586870833333
Singapore,2024-09-15 00:00:00,15.20865575,21.55536525,0,15,9,6,24.933171875,35.378093,21.524575249999998,30.580016083333334
Singapore,2024-09-15 06:00:00,24.92890875,35.34103125,6,15,9,6,15.20865575,21.55536525,21.62051754166667,30.656603
Singapore,2024-09-15 12:00:00,36.480756,51.5618125,12,15,9,6,24.92890875,35.34103125,21.690245458333333,30.758163166666666
Singapore,2024-09-15 18:00:00,37.355946,52.7692525,18,15,9,6,36.480756,51.5618125,25.53944016666667,36.15273633333334
Singapore,2024-09-16 00:00:00,6.462101965,9.146845025,0,16,9,0,37.355946,52.7692525,32.921870250000005,46.55736541666667
Singapore,2024-09-16 06:00:00,16.382927000000002,23.22065025,6,16,9,0,6.462101965,9.146845025,26.76626798833333,37.825970008333336
Singapore,2024-09-16 12:00:00,26.06631725,36.8878825,12,16,9,0,16.382927000000002,23.22065025,20.066991655,28.378915925
Singapore,2024-09-16 18:00:00,19.98357375,28.17941475,18,16,9,0,26.06631725,36.8878825,16.303782071666667,23.085125925
Singapore,2024-09-17 00:00:00,32.98924875,46.38062,0,17,9,1,19.98357375,28.17941475,20.810939333333334,29.429315833333334
Singapore,2024-09-17 06:00:00,35.88775075,50.635066,6,17,9,1,32.98924875,46.38062,26.346379916666667,37.149305749999996
Singapore,2024-09-17 12:00:00,32.3658185,45.57233525,12,17,9,1,35.88775075,50.635066,29.620191083333335,41.73170025
Singapore,2024-09-17 18:00:00,13.580631625,19.05399925,18,17,9,1,32.3658185,45.57233525,33.747606,47.52934041666666
Singapore,2024-09-18 00:00:00,18.692049,26.118811750000003,0,18,9,2,13.580631625,19.05399925,27.27806695833333,38.420466833333336
Singapore,2024-09-18 06:00:00,23.64743025,33.405967000000004,6,18,9,2,18.692049,26.118811750000003,21.546166375,30.248382083333336
Singapore,2024-09-18 12:00:00,29.48092975,41.0176425,12,18,9,2,23.64743025,33.405967000000004,18.64003695833333,26.192926
Singapore,2024-09-18 18:00:00,28.306459,39.1113705,18,18,9,2,29.48092975,41.0176425,23.940136333333328,33.51414041666667
Singapore,2024-09-19 00:00:00,14.020543,19.72546225,0,19,9,3,28.306459,39.1113705,27.144939666666662,37.84499333333333
Singapore,2024-09-19 06:00:00,21.691193,30.778267000000003,6,19,9,3,14.020543,19.72546225,23.935977249999997,33.28482508333333
Singapore,2024-09-19 12:00:00,35.048231,49.48839175,12,19,9,3,21.691193,30.778267000000003,21.33939833333333,29.871699916666667
Singapore,2024-09-19 18:00:00,35.5155405,50.00447375,18,19,9,3,35.048231,49.48839175,23.586655666666662,33.330707
Singapore,2024-09-20 00:00:00,50.73803775,71.1335985,0,20,9,4,35.5155405,50.00447375,30.751654833333333,43.42371083333334
Singapore,2024-09-20 06:00:00,51.477855,72.19782124999999,6,20,9,4,50.73803775,71.1335985,40.43393641666666,56.875488
Singapore,2024-09-20 12:00:00,50.990393000000005,70.9540585,12,20,9,4,51.477855,72.19782124999999,45.91047774999999,64.44529783333333
Singapore,2024-09-20 18:00:00,29.973108499999995,41.49765675,18,20,9,4,50.990393000000005,70.9540585,51.068761916666666,71.42849275000002
Singapore,2024-09-21 00:00:00,31.9666065,43.77324125,0,21,9,5,29.973108499999995,41.49765675,44.14711883333333,61.5498455
Singapore,2024-09-21 06:00:00,34.723769,48.26858975,6,21,9,5,31.9666065,43.77324125,37.64336933333333,52.074985500000004
Singapore,2024-09-21 12:00:00,49.6712,69.041108,12,21,9,5,34.723769,48.26858975,32.22116133333333,44.51316258333333
Singapore,2024-09-21 18:00:00,48.72239825,67.74473524999999,18,21,9,5,49.6712,69.041108,38.78719183333333,53.694313
Singapore,2024-09-22 00:00:00,22.160804375,31.093464250000004,0,22,9,6,48.72239825,67.74473524999999,44.37245575,61.684811
Singapore,2024-09-22 06:00:00,23.72320325,33.353728749999995,6,22,9,6,22.160804375,31.093464250000004,40.184800875,55.95976916666667
Singapore,2024-09-22 12:00:00,36.6952695,51.23797625,12,22,9,6,23.72320325,33.353728749999995,31.535468624999996,44.06397608333333
Singapore,2024-09-22 18:00:00,35.613027,49.567631000000006,18,22,9,6,36.6952695,51.23797625,27.526425708333335,38.56172308333334
Singapore,2024-09-23 00:00:00,34.601953249999994,48.06759125,0,23,9,0,35.613027,49.567631000000006,32.01049991666667,44.71977866666668
Singapore,2024-09-23 06:00:00,31.423923,43.79393175,6,23,9,0,34.601953249999994,48.06759125,35.636749916666666,49.62439950000001
Singapore,2024-09-23 12:00:00,35.851144250000004,49.79477825,12,23,9,0,31.423923,43.79393175,33.87963441666666,47.14305133333334
Singapore,2024-09-23 18:00:00,32.98095,45.4448925,18,23,9,0,35.851144250000004,49.79477825,33.959006833333326,47.21876708333334
Singapore,2024-09-24 00:00:00,18.41101485,25.6125075,0,24,9,1,32.98095,45.4448925,33.41867241666666,46.344534166666676
Singapore,2024-09-24 06:00:00,29.50224575,41.48762375,6,24,9,1,18.41101485,25.6125075,29.081036366666666,40.28405941666667
Singapore,2024-09-24 12:00:00,36.639051,51.497523,12,24,9,1,29.50224575,41.48762375,26.96473686666666,37.51500791666667
Singapore,2024-09-24 18:00:00,33.2815945,46.721396,18,24,9,1,36.639051,51.497523,28.184103866666664,39.53255141666667
Singapore,2024-09-25 00:00:00,30.894625250000004,43.42678,0,25,9,2,33.2815945,46.721396,33.14096375,46.56884758333334
Singapore,2024-09-25 06:00:00,34.7898205,49.101573,6,25,9,2,30.894625250000004,43.42678,33.605090249999996,47.215233000000005
Singapore,2024-09-25 12:00:00,40.01714175,56.594330250000006,12,25,9,2,34.7898205,49.101573,32.98868008333333,46.416583
Singapore,2024-09-25 18:00:00,22.737310875,31.976753750000004,18,25,9,2,40.01714175,56.594330250000006,35.233862499999994,49.70756108333334
Singapore,2024-09-26 00:00:00,18.92226475,26.47948325,0,26,9,3,22.737310875,31.976753750000004,32.51475770833333,45.89088566666667
Singapore,2024-09-26 06:00:00,21.85788625,30.97810025,6,26,9,3,18.92226475,26.47948325,27.22557245833333,38.35018908333334
Singapore,2024-09-26 12:00:00,26.49096575,37.454356,12,26,9,3,21.85788625,30.97810025,21.17248729166666,29.811445750000008
Singapore,2024-09-26 18:00:00,28.124248,39.63964425,18,26,9,3,26.49096575,37.454356,22.42370558333333,31.637313166666672
Singapore,2024-09-27 00:00:00,25.307059,35.699742,0,27,9,4,28.124248,39.63964425,25.49103333333333,36.02403350000001
Singapore,2024-09-27 06:00:00,34.52217325,48.85060875,6,27,9,4,25.307059,35.699742,26.64075758333333,37.59791408333334
Singapore,2024-09-27 12:00:00,35.14523475,49.6375495,12,27,9,4,34.52217325,48.85060875,29.317826749999995,41.396665000000006
Singapore,2024-09-27 18:00:00,24.46611825,34.39078,18,27,9,4,35.14523475,49.6375495,31.658155666666662,44.729300083333335
Singapore,2024-09-28 00:00:00,20.87975325,29.383273000000003,0,28,9,5,24.46611825,34.39078,31.37784208333333,44.29297941666667
Singapore,2024-09-28 06:00:00,22.39715975,31.72334525,6,28,9,5,20.87975325,29.383273000000003,26.830368749999995,37.8038675
Singapore,2024-09-28 12:00:00,22.041093,31.17855875,12,28,9,5,22.39715975,31.72334525,22.58101041666666,31.83246608333334
Singapore,2024-09-28 18:00:00,19.16200225,27.02717025,18,28,9,5,22.041093,31.17855875,21.77266866666666,30.761725666666674
Singapore,2024-09-29 00:00:00,31.10545775,43.88596175,0,29,9,6,19.16200225,27.02717025,21.200084999999998,29.976358083333338
Singapore,2024-09-29 06:00:00,29.37577,41.69538675,6,29,9,6,31.10545775,43.88596175,24.102850999999998,34.03056358333334
Singapore,2024-09-29 12:00:00,32.502498,46.03032325,12,29,9,6,29.37577,41.69538675,26.54774333333333,37.536172916666665
Singapore,2024-09-29 18:00:00,21.969697,31.206966,18,29,9,6,32.502498,46.03032325,30.994575249999997,43.87055725000001
Singapore,2024-09-30 00:00:00,3.566015065,5.0583821250000005,0,30,9,0,21.969697,31.206966,27.949321666666663,39.64422533333334
Singapore,2024-09-30 06:00:00,11.614503125,16.567298625,6,30,9,0,3.566015065,5.0583821250000005,19.346070021666662,27.431890458333342
Singapore,2024-09-30 12:00:00,22.61001,32.140178750000004,12,30,9,0,11.614503125,16.567298625,12.383405063333328,17.610882250000007
Singapore,2024-09-30 18:00:00,17.1928889,24.440226000000003,18,30,9,0,22.61001,32.140178750000004,12.596842729999997,17.921953166666675
Singapore,2024-10-01 00:00:00,10.158771375,14.407078175,0,1,10,1,17.1928889,24.440226000000003,17.13913400833333,24.382567791666673
Singapore,2024-10-01 06:00:00,12.82086275,18.25912925,6,1,10,1,10.158771375,14.407078175,16.653890091666664,23.66249430833334
Singapore,2024-10-01 12:00:00,24.7661375,35.1845135,12,1,10,1,12.82086275,18.25912925,13.39084100833333,19.035477808333344
Singapore,2024-10-01 18:00:00,23.4144295,33.19475175,18,1,10,1,24.7661375,35.1845135,15.91525720833333,22.616906975000006
Singapore,2024-10-02 00:00:00,30.64303675,43.526711,0,2,10,2,23.4144295,33.19475175,20.333809916666663,28.879464833333344
Singapore,2024-10-02 06:00:00,29.025813000000003,41.530399,6,2,10,2,30.64303675,43.526711,26.27453458333333,37.30199208333334
Singapore,2024-10-02 12:00:00,33.62680475,47.90302975,12,2,10,2,29.025813000000003,41.530399,27.694426416666662,39.41728725000001
Singapore,2024-10-02 18:00:00,28.341958,40.2641825,18,2,10,2,33.62680475,47.90302975,31.098551499999996,44.320046583333344
Singapore,2024-10-03 00:00:00,12.4339863,17.671027325,0,3,10,3,28.341958,40.2641825,30.331525249999995,43.23253708333334
Singapore,2024-10-03 06:00:00,17.888453249999998,25.49654675,6,3,10,3,12.4339863,17.671027325,24.800916349999994,35.27941319166668
Singapore,2024-10-03 12:00:00,25.23634625,35.86183075,12,3,10,3,17.888453249999998,25.49654675,19.554799183333326,27.810585525000008
Singapore,2024-10-03 18:00:00,15.843170125,22.52699,18,3,10,3,25.23634625,35.86183075,18.51959526666666,26.343134941666676
Singapore,2024-10-04 00:00:00,25.24768675,35.903383500000004,0,4,10,4,15.843170125,22.52699,19.655989874999992,27.961789166666676
Singapore,2024-10-04 06:00:00,30.101261500000003,42.896261,6,4,10,4,25.24768675,35.903383500000004,22.109067708333328,31.43073475000001
Singapore,2024-10-04 12:00:00,28.07678375,39.941027,12,4,10,4,30.101261500000003,42.896261,23.730706124999994,33.77554483333335
Singapore,2024-10-04 18:00:00,12.98298025,18.48548,18,4,10,4,28.07678375,39.941027,27.80857733333333,39.58022383333334
Singapore,2024-10-05 00:00:00,15.596924624999998,22.166148000000003,0,5,10,5,12.98298025,18.48548,23.720341833333332,33.77425600000001
Singapore,2024-10-05 06:00:00,17.37868175,24.74786275,6,5,10,5,15.596924624999998,22.166148000000003,18.885562874999994,26.864218333333344
Singapore,2024-10-05 12:00:00,29.72223,42.2330685,12,5,10,5,17.37868175,24.74786275,15.319528874999994,21.79983025000001
Singapore,2024-10-05 18:00:00,18.229457250000003,25.886834,18,5,10,5,29.72223,42.2330685,20.89927879166666,29.715693083333345
Singapore,2024-10-06 00:00:00,18.21655375,25.89627,0,6,10,6,18.229457250000003,25.886834,21.776789666666662,30.955921750000005
Singapore,2024-10-06 06:00:00,22.22475375,31.64655025,6,6,10,6,18.21655375,25.89627,22.056080333333327,31.33872416666668
Singapore,2024-10-06 12:00:00,36.906726,52.237738,12,6,10,6,22.22475375,31.64655025,19.55692158333333,27.80988475000001
Singapore,2024-10-06 18:00:00,32.73805775,46.21449475,18,6,10,6,36.906726,52.237738,25.782677833333327,36.59351941666668
Singapore,2024-10-07 00:00:00,35.89912,50.52913825,0,7,10,0,32.73805775,46.21449475,30.62317916666666,43.36626100000001
Singapore,2024-10-07 06:00:00,34.162099,48.31468925,6,7,10,0,35.89912,50.52913825,35.18130125,49.66045700000001
Singapore,2024-10-07 12:00:00,32.426385,45.78396325,12,7,10,0,34.162099,48.31468925,34.26642558333333,48.352774083333344
Singapore,2024-10-07 18:00:00,21.6014655,30.467163,18,7,10,0,32.426385,45.78396325,34.162534666666666,48.209263583333346
Singapore,2024-10-08 00:00:00,11.3703889,15.9973865,0,8,10,1,21.6014655,30.467163,29.396649833333328,41.52193850000001
Singapore,2024-10-08 06:00:00,19.21756625,27.294618,6,8,10,1,11.3703889,15.9973865,21.79941313333333,30.74950425000001
Singapore,2024-10-08 12:00:00,27.19019675,38.4893605,12,8,10,1,19.21756625,27.294618,17.396473549999996,24.586389166666677
Singapore,2024-10-08 18:00:00,26.3084985,37.1206275,18,8,10,1,27.19019675,38.4893605,19.25938396666666,27.260455000000007
Singapore,2024-10-09 00:00:00,41.36671725,58.336239,0,9,10,2,26.3084985,37.1206275,24.23875383333333,34.30153533333334
Singapore,2024-10-09 06:00:00,29.51804875,41.97045125,6,9,10,2,41.36671725,58.336239,31.621804166666664,44.64874233333334
Singapore,2024-10-09 12:00:00,25.925317,36.720621,12,9,10,2,29.51804875,41.97045125,32.39775483333333,45.80910591666668
Singapore,2024-10-09 18:00:00,22.617370875,31.930312500000003,18,9,10,2,25.925317,36.720621,32.270027666666664,45.67577041666667
Singapore,2024-10-10 00:00:00,24.12230025,34.0406245,0,10,10,3,22.617370875,31.930312500000003,26.020245541666657,36.873794916666675
Singapore,2024-10-10 06:00:00,23.05239375,32.75278,6,10,10,3,24.12230025,34.0406245,24.221662708333326,34.23051933333335
Singapore,2024-10-10 12:00:00,30.31374225,42.8987055,12,10,10,3,23.05239375,32.75278,23.264021624999994,32.907905666666686
Singapore,2024-10-10 18:00:00,30.9927945,43.71764725,18,10,10,3,30.31374225,42.8987055,25.829478749999993,36.56403666666668
Singapore,2024-10-11 00:00:00,22.92085825,32.46225325,0,11,10,4,30.9927945,43.71764725,28.119643499999995,39.78971091666668
Singapore,2024-10-11 06:00:00,24.32679475,34.579642,6,11,10,4,22.92085825,32.46225325,28.075798333333324,39.692868666666676
Singapore,2024-10-11 12:00:00,29.489925,41.8593515,12,11,10,4,24.32679475,34.579642,26.08014916666666,36.91984750000001
Singapore,2024-10-11 18:00:00,19.377807925,27.4947065,18,11,10,4,29.489925,41.8593515,25.57919266666666,36.30041558333335
Singapore,2024-10-12 00:00:00,21.32401275,30.26571,0,12,10,5,19.377807925,27.4947065,24.398175891666664,34.644566666666684
Singapore,2024-10-12 06:00:00,25.6829365,36.548954,6,12,10,5,21.32401275,30.26571,23.397248558333327,33.20658933333335
Singapore,2024-10-12 12:00:00,30.2474065,42.9797635,12,12,10,5,25.6829365,36.548954,22.12825239166666,31.43645683333335
Singapore,2024-10-12 18:00:00,27.395799,38.90227175,18,12,10,5,30.2474065,42.9797635,25.751451916666664,36.598142500000016
Singapore,2024-10-13 00:00:00,20.78729775,29.5380005,0,13,10,6,27.395799,38.90227175,27.775380666666663,39.47699641666668
Singapore,2024-10-13 06:00:00,17.660909249999996,25.146164,6,13,10,6,20.78729775,29.5380005,26.14350108333333,37.14001191666668
Singapore,2024-10-13 12:00:00,31.3589505,44.4876205,12,13,10,6,17.660909249999996,25.146164,21.948001999999992,31.195478750000017
Singapore,2024-10-13 18:00:00,26.62059725,37.79865650000001,18,13,10,6,31.3589505,44.4876205,23.269052499999997,33.057261666666676
Singapore,2024-10-14 00:00:00,20.071667,28.53818175,0,14,10,0,26.62059725,37.79865650000001,25.21348566666666,35.81081366666668
Singapore,2024-10-14 06:00:00,15.17648225,21.6638795,6,14,10,0,20.071667,28.53818175,26.01707158333333,36.94148625000002
Singapore,2024-10-14 12:00:00,32.33685725000001,46.0217965,12,14,10,0,15.17648225,21.6638795,20.622915499999994,29.333572583333346
Singapore,2024-10-14 18:00:00,26.10113375,37.12705125,18,14,10,0,32.33685725000001,46.0217965,22.528335499999997,32.07461925000001
Singapore,2024-10-15 00:00:00,21.7562505,30.952606,0,15,10,1,26.10113375,37.12705125,24.538157749999996,34.93757575000001
Singapore,2024-10-15 06:00:00,16.719099,23.8069335,6,15,10,1,21.7562505,30.952606,26.73141383333333,38.03381791666668
Singapore,2024-10-15 12:00:00,22.6784495,32.191025,12,15,10,1,16.719099,23.8069335,21.52549441666666,30.62886358333334
Singapore,2024-10-15 18:00:00,19.62297325,27.844635,18,15,10,1,22.6784495,32.191025,20.38459966666666,28.983521500000013
Singapore,2024-10-16 00:00:00,12.216560125,17.37112175,0,16,10,2,19.62297325,27.844635,19.673507249999997,27.94753116666668
Singapore,2024-10-16 06:00:00,16.50036525,23.5635015,6,16,10,2,12.216560125,17.37112175,18.172660958333328,25.802260583333346
Singapore,2024-10-16 12:00:00,38.60846225,54.85947,12,16,10,2,16.50036525,23.5635015,16.113299541666663,22.92641941666668
Singapore,2024-10-16 18:00:00,34.25043375,48.5790115,18,16,10,2,38.60846225,54.85947,22.441795874999997,31.931364416666682
Singapore,2024-10-17 00:00:00,35.92555225,50.874973,0,17,10,3,34.25043375,48.5790115,29.78642041666666,42.33399433333335
Singapore,2024-10-17 06:00:00,27.29964875,38.76237925,6,17,10,3,35.92555225,50.874973,36.26148275,51.43781816666668
Singapore,2024-10-17 12:00:00,35.00775900000001,49.52139,12,17,10,3,27.29964875,38.76237925,32.49187824999999,46.07212125000001
Singapore,2024-10-17 18:00:00,34.12924325,48.06111075,18,17,10,3,35.00775900000001,49.52139,32.744319999999995,46.386247416666684
Singapore,2024-10-18 00:00:00,40.60593975,57.257068,0,18,10,4,34.12924325,48.06111075,32.145550333333325,45.448293333333346
Singapore,2024-10-18 06:00:00,45.2262725,63.93923850000001,6,18,10,4,40.60593975,57.257068,36.58098066666666,51.613189583333345
Singapore,2024-10-18 12:00:00,54.7131265,77.21854475,12,18,10,4,45.2262725,63.93923850000001,39.98715183333332,56.419139083333356
Singapore,2024-10-18 18:00:00,42.06259525,59.2394825,18,18,10,4,54.7131265,77.21854475,46.848446249999995,66.13828375000001
Singapore,2024-10-19 00:00:00,39.36907025,55.403405,0,19,10,5,42.06259525,59.2394825,47.33399808333332,66.79908858333336
Singapore,2024-10-19 06:00:00,35.019667,49.4738965,6,19,10,5,39.36907025,55.403405,45.38159733333333,63.95381075000001
Singapore,2024-10-19 12:00:00,38.22965725,53.986013,12,19,10,5,35.019667,49.4738965,38.817110833333324,54.705594666666684
Singapore,2024-10-19 18:00:00,32.61618575,45.94858225,18,19,10,5,38.22965725,53.986013,37.53946483333333,52.95443816666668
Singapore,2024-10-20 00:00:00,38.2242435,54.0392195,0,20,10,6,32.61618575,45.94858225,35.288503333333324,49.80283058333335
Singapore,2024-10-20 06:00:00,28.698196,40.567954,6,20,10,6,38.2242435,54.0392195,36.356695499999994,51.32460491666669
Singapore,2024-10-20 12:00:00,27.39082575,38.57513775,12,20,10,6,28.698196,40.567954,33.17954174999999,46.851918583333344
Singapore,2024-10-20 18:00:00,19.3028595,26.98200725,18,20,10,6,27.39082575,38.57513775,31.437755083333325,44.39410375000002
Singapore,2024-10-21 00:00:00,10.42906205,14.68049525,0,21,10,0,19.3028595,26.98200725,25.130627083333327,35.375033000000016
Singapore,2024-10-21 06:00:00,17.87411475,25.295207750000003,6,21,10,0,10.42906205,14.68049525,19.04091576666666,26.74588008333335
Singapore,2024-10-21 12:00:00,32.757768,46.103196,12,21,10,0,17.87411475,25.295207750000003,15.86867876666666,22.319236750000016
Singapore,2024-10-21 18:00:00,35.9733575,50.68432075,18,21,10,0,32.757768,46.103196,20.353648266666656,28.69296633333335
Singapore,2024-10-22 00:00:00,24.024075,33.95143775,0,22,10,1,35.9733575,50.68432075,28.86841341666666,40.69424150000001
Singapore,2024-10-22 06:00:00,32.623745250000006,46.27707949999999,6,22,10,1,24.024075,33.95143775,30.918400166666657,43.57965150000001
Singapore,2024-10-22 12:00:00,43.248008,61.27695125,12,22,10,1,32.623745250000006,46.27707949999999,30.873725916666658,43.637612666666676
Singapore,2024-10-22 18:00:00,30.75587075,43.433716,18,22,10,1,43.248008,61.27695125,33.29860941666666,47.168489500000014
Singapore,2024-10-23 00:00:00,27.1061255,38.29313725,0,23,10,2,30.75587075,43.433716,35.542541333333325,50.32924891666668
Singapore,2024-10-23 06:00:00,34.25410025,48.5981675,6,23,10,2,27.1061255,38.29313725,33.70333474999999,47.667934833333355
Singapore,2024-10-23 12:00:00,38.327343000000006,54.23632425,12,23,10,2,34.25410025,48.5981675,30.70536549999999,43.44167358333335
Singapore,2024-10-23 18:00:00,36.49620325,51.545385,18,23,10,2,38.327343000000006,54.23632425,33.22918958333332,47.042543000000016
Singapore,2024-10-24 00:00:00,40.20398575,56.73916875,0,24,10,3,36.49620325,51.545385,36.35921549999999,51.459958916666686
Singapore,2024-10-24 06:00:00,44.400821,62.79896024999999,6,24,10,3,40.20398575,56.73916875,38.34251066666666,54.17362600000001
Singapore,2024-10-24 12:00:00,51.978972000000006,73.61004025,12,24,10,3,44.400821,62.79896024999999,40.36700333333332,57.02783800000001
Singapore,2024-10-24 18:00:00,51.401684,72.73501925,18,24,10,3,51.978972000000006,73.61004025,45.527926249999986,64.38272308333335
Singapore,2024-10-25 00:00:00,47.46115775,67.08901925,0,25,10,4,51.401684,72.73501925,49.26049233333333,69.71467325000002
Singapore,2024-10-25 06:00:00,34.972068,49.4256225,6,25,10,4,47.46115775,67.08901925,50.28060458333332,71.14469291666668
Singapore,2024-10-25 12:00:00,31.242962,43.790905,12,25,10,4,34.972068,49.4256225,44.61163658333333,63.083220333333344
Singapore,2024-10-25 18:00:00,20.2454375,28.36807775,18,25,10,4,31.242962,43.790905,37.89206258333332,53.43518225000002
Singapore,2024-10-26 00:00:00,18.866785250000003,26.414682,0,26,10,5,20.2454375,28.36807775,28.82015583333332,40.528201750000015
Singapore,2024-10-26 06:00:00,22.65095175,31.8353555,6,26,10,5,18.866785250000003,26.414682,23.45172824999999,32.857888250000016
Singapore,2024-10-26 12:00:00,38.676006,54.20238825,12,26,10,5,22.65095175,31.8353555,20.587724833333326,28.872705083333347
Singapore,2024-10-26 18:00:00,39.262659,54.96167525,18,26,10,5,38.676006,54.20238825,26.73124766666666,37.48414191666668
Singapore,2024-10-27 00:00:00,22.125846,31.04401,0,27,10,6,39.262659,54.96167525,33.52987224999999,46.999806333333346
Singapore,2024-10-27 06:00:00,17.80999525,25.03347225,6,27,10,6,22.125846,31.04401,33.354836999999996,46.73602450000001
Singapore,2024-10-27 12:00:00,40.0653585,56.489582000000006,12,27,10,6,17.80999525,25.03347225,26.399500083333322,37.013052500000015
Singapore,2024-10-27 18:00:00,35.393754,49.79670975,18,27,10,6,40.0653585,56.489582000000006,26.667066583333323,37.52235475000001
Singapore,2024-10-28 00:00:00,23.8948135,33.55035,0,28,10,0,35.393754,49.79670975,31.089702583333324,43.77325466666668
Singapore,2024-10-28 06:00:00,18.28905725,25.74418575,6,28,10,0,23.8948135,33.55035,33.11797533333333,46.61221391666668
Singapore,2024-10-28 12:00:00,35.13989125,49.63598625,12,28,10,0,18.28905725,25.74418575,25.85920824999999,36.363748500000014
Singapore,2024-10-28 18:00:00,40.40907675,56.88087925,18,28,10,0,35.13989125,49.63598625,25.774587333333326,36.31017400000002
Singapore,2024-10-29 00:00:00,58.81938125,82.700979,0,29,10,1,40.40907675,56.88087925,31.27934174999999,44.08701708333334
Singapore,2024-10-29 06:00:00,56.29561875,79.30006399999999,6,29,10,1,58.81938125,82.700979,44.78944974999999,63.072614833333354
Singapore,2024-10-29 12:00:00,60.342544,84.8913815,12,29,10,1,56.29561875,79.30006399999999,51.84135891666666,72.96064075000002
Singapore,2024-10-29 18:00:00,33.15038575,46.587701,18,29,10,1,60.342544,84.8913815,58.485848,82.29747483333334
Singapore,2024-10-30 00:00:00,25.68580775,36.032219000000005,0,30,10,2,33.15038575,46.587701,49.929516166666666,70.25971550000001
Singapore,2024-10-30 06:00:00,32.82848125,46.2890175,6,30,10,2,25.68580775,36.032219000000005,39.726245833333316,55.83710050000002
Singapore,2024-10-30 12:00:00,44.1969305,62.10390700000001,12,30,10,2,32.82848125,46.2890175,30.554891583333326,42.969645833333345
Singapore,2024-10-30 18:00:00,39.85113075,55.99699175,18,30,10,2,44.1969305,62.10390700000001,34.237073166666654,48.14171450000001
Singapore,2024-10-31 00:00:00,46.876607500000006,65.79677000000001,0,31,10,3,39.85113075,55.99699175,38.9588475,54.79663875000002
Singapore,2024-10-31 06:00:00,47.497749250000005,66.892142,6,31,10,3,46.876607500000006,65.79677000000001,43.64155624999999,61.299222916666686
Singapore,2024-10-31 12:00:00,53.0209265,74.5180845,12,31,10,3,47.497749250000005,66.892142,44.74182916666666,62.895301250000024
Singapore,2024-10-31 18:00:00,37.3524925,52.33516675,18,31,10,3,53.0209265,74.5180845,49.13176108333332,69.06899883333335
Singapore,2024-11-01 00:00:00,12.1158336,17.01823735,0,1,11,4,37.3524925,52.33516675,45.95705608333333,64.58179775000002
Singapore,2024-11-01 06:00:00,21.41578675,30.31368575,6,1,11,4,12.1158336,17.01823735,34.16308419999999,47.957162866666685
Singapore,2024-11-01 12:00:00,34.7319825,49.08019975,12,1,11,4,21.41578675,30.31368575,23.628037616666656,33.222363283333344
Singapore,2024-11-01 18:00:00,29.3424025,41.440842,18,1,11,4,34.7319825,49.08019975,22.754534283333324,32.13737428333335
Singapore,2024-11-02 00:00:00,29.8825285,42.276724,0,2,11,5,29.3424025,41.440842,28.496723916666657,40.27824250000001
Singapore,2024-11-02 06:00:00,24.08867775,34.2540575,6,2,11,5,29.8825285,42.276724,31.318971166666657,44.265921916666684
Singapore,2024-11-02 12:00:00,24.80251775,35.23416575,12,2,11,5,24.08867775,34.2540575,27.771202916666656,39.32387450000002
Singapore,2024-11-02 18:00:00,18.296419,25.9030915,18,2,11,5,24.80251775,35.23416575,26.25790799999999,37.254982416666685
Singapore,2024-11-03 00:00:00,13.224394075,18.69739225,0,3,11,6,18.296419,25.9030915,22.395871499999988,31.797104916666683
Singapore,2024-11-03 06:00:00,17.731451875,25.1825155,6,3,11,6,13.224394075,18.69739225,18.774443608333325,26.611549833333346
Singapore,2024-11-03 12:00:00,29.07380325,41.199669,12,3,11,6,17.731451875,25.1825155,16.41742164999999,23.260999750000014
Singapore,2024-11-03 18:00:00,19.06678925,27.00647875,18,3,11,6,29.07380325,41.199669,20.009883066666657,28.35985891666668
Singapore,2024-11-04 00:00:00,26.986072,38.20468925,0,4,11,0,19.06678925,27.00647875,21.957348124999992,31.129554416666682
Singapore,2024-11-04 06:00:00,27.38076425,38.84632325,6,4,11,0,26.986072,38.20468925,25.042221499999993,35.47027900000001
Singapore,2024-11-04 12:00:00,32.97438425,46.70721375,12,4,11,0,27.38076425,38.84632325,24.47787516666666,34.68583041666668
Singapore,2024-11-04 18:00:00,26.243356,37.09209275,18,4,11,0,32.97438425,46.70721375,29.113740166666656,41.252742083333345
Singapore,2024-11-05 00:00:00,12.989744375,18.3745215,0,5,11,1,26.243356,37.09209275,28.866168166666654,40.881876583333344
Singapore,2024-11-05 06:00:00,18.17150525,25.76433625,6,5,11,1,12.989744375,18.3745215,24.06916154166666,34.05794266666668
Singapore,2024-11-05 12:00:00,23.518239625000003,33.27832575,12,5,11,1,18.17150525,25.76433625,19.13486854166666,27.07698350000001
Singapore,2024-11-05 18:00:00,19.9485155,28.1834225,18,5,11,1,23.518239625000003,33.27832575,18.22649641666666,25.80572783333335
Singapore,2024-11-06 00:00:00,6.92944025,9.792529425,0,6,11,2,19.9485155,28.1834225,20.546086791666657,29.075361500000014
Singapore,2024-11-06 06:00:00,13.333022,18.89770825,6,6,11,2,6.92944025,9.792529425,16.798731791666658,23.75142589166668
Singapore,2024-11-06 12:00:00,24.3968825,34.52356575,12,6,11,2,13.333022,18.89770825,13.40365924999999,18.957886725000012
Singapore,2024-11-06 18:00:00,22.5329585,31.864147000000003,18,6,11,2,24.3968825,34.52356575,14.886448249999992,21.07126780833335
Singapore,2024-11-07 00:00:00,21.0882265,29.85075275,0,7,11,3,22.5329585,31.864147000000003,20.087620999999988,28.42847366666668
Singapore,2024-11-07 06:00:00,20.79167425,29.50224575,6,7,11,3,21.0882265,29.85075275,22.672689166666657,32.07948850000002
Singapore,2024-11-07 12:00:00,28.81213825,40.79083775,12,7,11,3,20.79167425,29.50224575,21.470953083333324,30.40571516666668
Singapore,2024-11-07 18:00:00,22.899655875,32.4048125,18,7,11,3,28.81213825,40.79083775,23.564012999999992,33.381278750000014
Singapore,2024-11-08 00:00:00,13.990131575,19.820106375,0,8,11,4,22.899655875,32.4048125,24.167822791666655,34.23263200000002
Singapore,2024-11-08 06:00:00,18.351102,26.0837395,6,8,11,4,13.990131575,19.820106375,21.900641899999993,31.00525220833335
Singapore,2024-11-08 12:00:00,31.138526750000004,44.13851725,12,8,11,4,18.351102,26.0837395,18.413629816666656,26.102886125000015
Singapore,2024-11-08 18:00:00,27.54929075,39.0070055,18,8,11,4,31.138526750000004,44.13851725,21.159920108333328,30.01412104166668
Singapore,2024-11-09 00:00:00,20.9674905,29.692501,0,9,11,5,27.54929075,39.0070055,25.679639833333326,36.40975408333335
Singapore,2024-11-09 06:00:00,24.5133265,34.85050175,6,9,11,5,20.9674905,29.692501,26.551769333333326,37.61267458333335
Singapore,2024-11-09 12:00:00,32.852653749999995,46.7100565,12,9,11,5,24.5133265,34.85050175,24.34336924999999,34.51666941666668
Singapore,2024-11-09 18:00:00,25.418216750000003,36.09628175,18,9,11,5,32.852653749999995,46.7100565,26.11115691666666,37.08435308333335
Singapore,2024-11-10 00:00:00,27.670069,39.279541,0,10,11,6,25.418216750000003,36.09628175,27.594732333333326,39.21894666666668
Singapore,2024-11-10 06:00:00,21.5496245,30.631611,6,10,11,6,27.670069,39.279541,28.646979833333322,40.69529308333335
Singapore,2024-11-10 12:00:00,24.7115535,35.10203325,12,10,11,6,21.5496245,30.631611,24.87930341666666,35.33581125000001
Singapore,2024-11-10 18:00:00,18.25378625,25.908719,18,10,11,6,24.7115535,35.10203325,24.643748999999996,35.00439508333335
Singapore,2024-11-11 00:00:00,16.983563125000003,24.08580725,0,11,11,0,18.25378625,25.908719,21.504988083333327,30.54745441666668
Singapore,2024-11-11 06:00:00,21.7477235,30.9050845,6,11,11,0,16.983563125000003,24.08580725,19.982967624999997,28.365519833333348
Singapore,2024-11-11 12:00:00,33.51887275,47.47253925,12,11,11,0,21.7477235,30.9050845,18.995024291666663,26.966536916666684
Singapore,2024-11-11 18:00:00,22.13082,31.290227500000004,18,11,11,0,33.51887275,47.47253925,24.083386458333326,34.154477000000014
Singapore,2024-11-12 00:00:00,13.29183865,18.824891575,0,12,11,1,22.13082,31.290227500000004,25.799138749999994,36.55595041666668
Singapore,2024-11-12 06:00:00,19.0476045,27.0812565,6,12,11,1,13.29183865,18.824891575,22.98051046666666,32.52921944166668
Singapore,2024-11-12 12:00:00,28.171513,39.965442,12,12,11,1,19.0476045,27.0812565,18.15675438333333,25.732125191666682
Singapore,2024-11-12 18:00:00,22.61646175,32.0932825,18,12,11,1,28.171513,39.965442,20.17031871666666,28.62386335833335
Singapore,2024-11-13 00:00:00,6.95251865,9.87097325,0,13,11,2,22.61646175,32.0932825,23.27852641666666,33.04666033333335
Singapore,2024-11-13 06:00:00,13.42087325,19.1020035,6,13,11,2,6.95251865,9.87097325,19.246831133333327,27.309899250000015
Singapore,2024-11-13 12:00:00,22.31791975,31.71024325,12,13,11,2,13.42087325,19.1020035,14.329951216666663,20.355419750000014
Singapore,2024-11-13 18:00:00,21.80672675,30.9462395,18,13,11,2,22.31791975,31.71024325,14.230437216666664,20.227740000000015
Singapore,2024-11-14 00:00:00,17.5159584,24.8746795,0,14,11,3,21.80672675,30.9462395,19.18183991666666,27.252828750000017
Singapore,2024-11-14 06:00:00,20.6092635,29.34467625,6,14,11,3,17.5159584,24.8746795,20.546868299999996,29.17705408333335
Singapore,2024-11-14 12:00:00,27.25622025,38.7507845,12,14,11,3,20.6092635,29.34467625,19.97731621666666,28.388531750000013
Singapore,2024-11-14 18:00:00,21.930191,31.15479775,18,14,11,3,27.25622025,38.7507845,21.793814049999995,30.990046750000015
Singapore,2024-11-15 00:00:00,24.441505,34.72985075,0,15,11,4,21.930191,31.15479775,23.265224916666664,33.08341950000001
Singapore,2024-11-15 06:00:00,24.53290925,34.9619285,6,15,11,4,24.441505,34.72985075,24.542638749999995,34.878477666666676
Singapore,2024-11-15 12:00:00,31.53118625,44.83672425,12,15,11,4,24.53290925,34.9619285,23.634868416666663,33.61552566666668
Singapore,2024-11-15 18:00:00,20.454536,29.053637,18,15,11,4,31.53118625,44.83672425,26.835200166666663,38.176167833333345
Singapore,2024-11-16 00:00:00,34.07335275,48.46174275,0,16,11,5,20.454536,29.053637,25.506210499999998,36.284096583333344
Singapore,2024-11-16 06:00:00,28.2328825,40.2778825,6,16,11,5,34.07335275,48.46174275,28.686358333333327,40.78403466666668
Singapore,2024-11-16 12:00:00,31.430247500000004,44.6980125,12,16,11,5,28.2328825,40.2778825,27.586923749999993,39.264420750000006
Singapore,2024-11-16 18:00:00,23.76127425,33.754034250000004,18,16,11,5,31.430247500000004,44.6980125,31.245494249999997,44.47921258333334
Singapore,2024-11-17 00:00:00,21.58421375,30.7047685,0,17,11,6,23.76127425,33.754034250000004,27.808134749999994,39.576643083333344
Singapore,2024-11-17 06:00:00,19.096205625,27.26034175,6,17,11,6,21.58421375,30.7047685,25.591911833333327,36.38560508333335
Singapore,2024-11-17 12:00:00,20.73815625,29.51779275,12,17,11,6,19.096205625,27.26034175,21.480564541666663,30.57304816666668
Singapore,2024-11-17 18:00:00,10.332385375,14.740066875,18,17,11,6,20.73815625,29.51779275,20.472858541666664,29.160967666666682
Singapore,2024-11-18 00:00:00,14.577892725000002,20.99812925,0,18,11,0,10.332385375,14.740066875,16.722249083333327,23.839400458333348
Singapore,2024-11-18 06:00:00,17.1859185,24.90781975,6,18,11,0,14.577892725000002,20.99812925,15.216144783333329,21.751996291666682
Singapore,2024-11-18 12:00:00,17.1181396,24.762556,12,18,11,0,17.1859185,24.90781975,14.032065533333329,20.215338625000015
Singapore,2024-11-18 18:00:00,11.312209925,16.411775149999997,18,18,11,0,17.1181396,24.762556,16.29398360833333,23.55616833333335
Singapore,2024-11-19 00:00:00,10.845923375,15.7770045,0,19,11,1,11.312209925,16.411775149999997,15.205422674999996,22.027383633333347
Singapore,2024-11-19 06:00:00,16.92890825,24.26760675,6,19,11,1,10.845923375,15.7770045,13.092090966666662,18.983778550000014
Singapore,2024-11-19 12:00:00,18.24807325,25.98041225,12,19,11,1,16.92890825,24.26760675,13.029013849999997,18.818795466666682
Singapore,2024-11-19 18:00:00,11.90423415,16.9902705,18,19,11,1,18.24807325,25.98041225,15.340968291666664,22.008341166666682
Singapore,2024-11-20 00:00:00,13.048406749999998,18.71910625,0,20,11,2,11.90423415,16.9902705,15.693738549999997,22.41276316666668
Singapore,2024-11-20 06:00:00,17.813619,25.592556,6,20,11,2,13.048406749999998,18.71910625,14.400238049999997,20.563263000000017
Singapore,2024-11-20 12:00:00,18.71129025,26.695801000000003,12,20,11,2,17.813619,25.592556,14.255419966666663,20.43397758333335
Singapore,2024-11-20 18:00:00,12.9842875,18.588593625,18,20,11,2,18.71129025,26.695801000000003,16.524438666666665,23.669154416666682
Singapore,2024-11-21 00:00:00,18.639412,26.62909525,0,21,11,3,12.9842875,18.588593625,16.503065583333328,23.62565020833335
Singapore,2024-11-21 06:00:00,21.90097375,31.43014725,6,21,11,3,18.639412,26.62909525,16.778329916666664,23.97116329166668
Singapore,2024-11-21 12:00:00,27.6892535,39.4157385,12,21,11,3,21.90097375,31.43014725,17.841557749999996,25.549278708333347
Singapore,2024-11-21 18:00:00,18.12652775,25.86310225,18,21,11,3,27.6892535,39.4157385,22.74321308333333,32.49166033333335
Singapore,2024-11-22 00:00:00,18.9480145,27.13511525,0,22,11,4,18.12652775,25.86310225,22.572251666666663,32.236329333333344
Singapore,2024-11-22 06:00:00,20.347372,29.33943225,6,22,11,4,18.9480145,27.13511525,21.587931916666662,30.804652000000015
Singapore,2024-11-22 12:00:00,24.66398975,35.292942,12,22,11,4,20.347372,29.33943225,19.14063808333333,27.445883250000012
Singapore,2024-11-22 18:00:00,15.6914835,22.718382,18,22,11,4,24.66398975,35.292942,21.31979208333333,30.58916316666668
Singapore,2024-11-23 00:00:00,21.75320925,31.79104575,0,23,11,5,15.6914835,22.718382,20.234281749999997,29.116918750000014
Singapore,2024-11-23 06:00:00,22.1583035,32.464612,6,23,11,5,21.75320925,31.79104575,20.702894166666663,29.934123250000013
Singapore,2024-11-23 12:00:00,27.6316145,39.81728025,12,23,11,5,22.1583035,32.464612,19.867665416666664,28.99134658333335
Singapore,2024-11-23 18:00:00,18.96813725,27.3296905,18,23,11,5,27.6316145,39.81728025,23.847709083333328,34.69097933333335
Singapore,2024-11-24 00:00:00,15.387002,22.4291055,0,24,11,6,18.96813725,27.3296905,22.919351749999993,33.203860916666684
Singapore,2024-11-24 06:00:00,19.22745725,27.89300925,6,24,11,6,15.387002,22.4291055,20.662251249999997,29.85869208333335
Singapore,2024-11-24 12:00:00,23.636190000000003,33.76872825,12,24,11,6,19.22745725,27.89300925,17.8608655,25.883935083333345
Singapore,2024-11-24 18:00:00,19.137104375,27.25374775,18,24,11,6,23.636190000000003,33.76872825,19.41688308333333,28.030281000000016
Singapore,2024-11-25 00:00:00,25.09595725,35.755363,0,25,11,0,19.137104375,27.25374775,20.66691720833333,29.63849508333335
Singapore,2024-11-25 06:00:00,25.3772045,36.27798125,6,25,11,0,25.09595725,35.755363,22.623083875000003,32.259279666666686
Singapore,2024-11-25 12:00:00,27.24321775,38.799286,12,25,11,0,25.3772045,36.27798125,23.203422041666666,33.095697333333355
Singapore,2024-11-25 18:00:00,16.970404,24.21902,18,25,11,0,27.24321775,38.799286,25.905459833333328,36.94421008333335
Singapore,2024-11-26 00:00:00,20.28218675,29.11048125,0,26,11,1,16.970404,24.21902,23.19694208333333,33.09876241666668
Singapore,2024-11-26 06:00:00,19.5019535,28.1416275,6,26,11,1,20.28218675,29.11048125,21.498602833333326,30.709595750000016
Singapore,2024-11-26 12:00:00,23.8882905,34.17233075,12,26,11,1,19.5019535,28.1416275,18.918181416666663,27.157042916666683
Singapore,2024-11-26 18:00:00,18.65703325,26.651776,18,26,11,1,23.8882905,34.17233075,21.22414358333333,30.474813166666678
Singapore,2024-11-27 00:00:00,16.2670375,23.457005,0,27,11,2,18.65703325,26.651776,20.682425749999997,29.655244750000012
Singapore,2024-11-27 06:00:00,18.16648175,26.16437175,6,27,11,2,16.2670375,23.457005,19.604120416666664,28.09370391666668
Singapore,2024-11-27 12:00:00,19.888546,28.414604,12,27,11,2,18.16648175,26.16437175,17.696850833333333,25.424384250000013
Singapore,2024-11-27 18:00:00,15.557674375,22.253687,18,27,11,2,19.888546,28.414604,18.10735508333333,26.01199358333335
Singapore,2024-11-28 00:00:00,24.39064425,35.023135,0,28,11,3,15.557674375,22.253687,17.87090070833333,25.610887583333348
Singapore,2024-11-28 06:00:00,27.5631605,39.50124525,6,28,11,3,24.39064425,35.023135,19.945621541666664,28.563808666666684
Singapore,2024-11-28 12:00:00,31.11172425,44.3757245,12,28,11,3,27.5631605,39.50124525,22.503826375,32.25935575000002
Singapore,2024-11-28 18:00:00,20.42740725,29.153512,18,28,11,3,31.11172425,44.3757245,27.688509666666665,39.63336825000002
Singapore,2024-11-29 00:00:00,16.93727825,24.2588665,0,29,11,4,20.42740725,29.153512,26.367430666666664,37.67682725000001
Singapore,2024-11-29 06:00:00,13.203276874999998,19.0400725,6,29,11,4,16.93727825,24.2588665,22.825469916666666,32.59603433333334
Singapore,2024-11-29 12:00:00,19.52170725,27.83579625,12,29,11,4,13.203276874999998,19.0400725,16.855987458333328,24.150817000000014
Singapore,2024-11-29 18:00:00,14.93694385,21.3752855,18,29,11,4,19.52170725,27.83579625,16.554087458333328,23.711578416666683
Singapore,2024-11-30 00:00:00,14.047302,20.5429555,0,30,11,5,14.93694385,21.3752855,15.887309324999997,22.750384750000013
Singapore,2024-11-30 06:00:00,20.29628375,29.51728075,6,30,11,5,14.047302,20.5429555,16.16865103333333,23.251345750000013
Singapore,2024-11-30 12:00:00,29.54050125,42.256971,12,30,11,5,20.29628375,29.51728075,16.426843199999997,23.81184058333335
Singapore,2024-11-30 18:00:00,18.20245675,26.09158375,18,30,11,5,29.54050125,42.256971,21.294695666666666,30.772402416666683
Singapore,2024-12-01 00:00:00,18.15701,26.33402125,0,1,12,6,18.20245675,26.09158375,22.679747249999995,32.621945166666684
Singapore,2024-12-01 06:00:00,23.81338475,34.70071825,6,1,12,6,18.15701,26.33402125,21.966655999999997,31.56085866666668
Singapore,2024-12-01 12:00:00,30.016138750000003,43.31163,12,1,12,6,23.81338475,34.70071825,20.057617166666663,29.042107750000014
Singapore,2024-12-01 18:00:00,20.30402875,29.3559735,18,1,12,6,30.016138750000003,43.31163,23.995511166666663,34.782123166666686
Singapore,2024-12-02 00:00:00,19.24657075,27.984299250000003,0,2,12,0,20.30402875,29.3559735,24.711184083333332,35.78944058333335
Singapore,2024-12-02 06:00:00,23.8407055,34.609313750000005,6,2,12,0,19.24657075,27.984299250000003,23.188912749999997,33.55063425000002
Singapore,2024-12-02 12:00:00,23.6088765,33.9946665,12,2,12,0,23.8407055,34.609313750000005,21.130434999999995,30.64986216666669
Singapore,2024-12-02 18:00:00,15.8392765,22.98348575,18,2,12,0,23.6088765,33.9946665,22.232050916666662,32.196093166666685
Singapore,2024-12-03 00:00:00,23.803039500000004,34.95034625,0,3,12,1,15.8392765,22.98348575,21.096286166666662,30.529155333333353
Singapore,2024-12-03 06:00:00,25.55679425,37.675107,6,3,12,1,23.803039500000004,34.95034625,21.08373083333333,30.642832833333348
Singapore,2024-12-03 12:00:00,38.426265,55.09024,12,3,12,1,25.55679425,37.675107,21.733036749999997,31.86964633333335
Singapore,2024-12-03 18:00:00,28.1491735,40.47230125,18,3,12,1,38.426265,55.09024,29.262032916666666,42.57189775000001
Singapore,2024-12-04 00:00:00,28.2661575,40.59575125,0,4,12,2,28.1491735,40.47230125,30.710744249999994,44.412549416666685
Singapore,2024-12-04 06:00:00,30.321800250000003,43.62897275,6,4,12,2,28.2661575,40.59575125,31.613865333333333,45.38609750000003
Singapore,2024-12-04 12:00:00,34.8614295,49.75186125,12,4,12,2,30.321800250000003,43.62897275,28.91237708333333,41.56567508333335
Singapore,2024-12-04 18:00:00,20.49775125,29.1823315,18,4,12,2,34.8614295,49.75186125,31.149795749999996,44.65886175000002
Singapore,2024-12-05 00:00:00,22.846251,32.52978325,0,5,12,3,20.49775125,29.1823315,28.560327,40.85438850000001
Singapore,2024-12-05 06:00:00,26.362862,37.8600195,6,5,12,3,22.846251,32.52978325,26.068477249999997,37.154658666666684
Singapore,2024-12-05 12:00:00,34.20377975,48.2959595,12,5,12,3,26.362862,37.8600195,23.23562141666666,33.19071141666669
Singapore,2024-12-05 18:00:00,30.59899725,43.21952925,18,5,12,3,34.20377975,48.2959595,27.804297583333334,39.56192075000002
Singapore,2024-12-06 00:00:00,26.24381075,37.2409375,0,6,12,4,30.59899725,43.21952925,30.388546333333334,43.12516941666669
Singapore,2024-12-06 06:00:00,23.8450045,34.10099225,6,6,12,4,26.24381075,37.2409375,30.34886258333333,42.91880875000002
Singapore,2024-12-06 12:00:00,39.3381115,55.66914725,12,6,12,4,23.8450045,34.10099225,26.8959375,38.187153000000016
Singapore,2024-12-06 18:00:00,31.81881475,45.16567725,18,6,12,4,39.3381115,55.66914725,29.808975583333332,42.33702566666668
Singapore,2024-12-07 00:00:00,23.182793,33.082670750000005,0,7,12,5,31.81881475,45.16567725,31.667310249999996,44.97860558333335
Singapore,2024-12-07 06:00:00,23.85610275,34.06040575,6,7,12,5,23.182793,33.082670750000005,31.44657308333333,44.63916508333335
Singapore,2024-12-07 12:00:00,31.73673225,44.995219,12,7,12,5,23.85610275,34.06040575,26.2859035,37.43625125000002
Singapore,2024-12-07 18:00:00,21.59274,30.708435,18,7,12,5,31.73673225,44.995219,26.25854266666666,37.379431833333356
Singapore,2024-12-08 00:00:00,9.3373841,13.38173675,0,8,12,6,21.59274,30.708435,25.728524999999994,36.58801991666669
Singapore,2024-12-08 06:00:00,13.574762675,19.702739,6,8,12,6,9.3373841,13.38173675,20.888952116666662,29.695130250000016
Singapore,2024-12-08 12:00:00,20.2194955,29.201317,12,8,12,6,13.574762675,19.702739,14.834962258333329,21.264303583333355
Singapore,2024-12-08 18:00:00,13.02520025,19.34657225,18,8,12,6,20.2194955,29.201317,14.377214091666664,20.761930916666685
Singapore,2024-12-09 00:00:00,10.68175925,16.606691350000002,0,9,12,0,13.02520025,19.34657225,15.606486141666663,22.75020941666669
Singapore,2024-12-09 06:00:00,13.9122275,20.83639575,6,9,12,0,10.68175925,16.606691350000002,14.642151666666663,21.718193533333352
Singapore,2024-12-09 12:00:00,17.067989375,24.674435,12,9,12,0,13.9122275,20.83639575,12.539728999999994,18.92988645000002
Singapore,2024-12-09 18:00:00,13.22275975,19.181357,18,9,12,0,17.067989375,24.674435,13.887325374999996,20.70584070000002
Singapore,2024-12-10 00:00:00,19.82911625,28.775275500000003,0,10,12,1,13.22275975,19.181357,14.734325541666662,21.564062583333353
Singapore,2024-12-10 06:00:00,22.74650525,33.31329875,6,10,12,1,19.82911625,28.775275500000003,16.70662179166666,24.210355833333352
Singapore,2024-12-10 12:00:00,20.00489025,28.988012,12,10,12,1,22.74650525,33.31329875,18.59946041666666,27.089977083333352
Singapore,2024-12-10 18:00:00,15.819964249999998,22.9271675,18,10,12,1,20.00489025,28.988012,20.86017058333333,30.358862083333353
Singapore,2024-12-11 00:00:00,29.30755775,42.23821275,0,11,12,2,15.819964249999998,22.9271675,19.52378658333333,28.409492750000016
Singapore,2024-12-11 06:00:00,20.42126825,29.947159,6,11,12,2,29.30755775,42.23821275,21.71080408333333,31.384464083333352
Singapore,2024-12-11 12:00:00,36.51864225,52.184575,12,11,12,2,20.42126825,29.947159,21.849596749999993,31.70417975000002
Singapore,2024-12-11 18:00:00,15.082704749999998,21.9646665,18,11,12,2,36.51864225,52.184575,28.74915608333333,41.45664891666669
Singapore,2024-12-12 00:00:00,15.154981625,22.19265125,0,12,12,3,15.082704749999998,21.9646665,24.00753841666666,34.69880016666668
Singapore,2024-12-12 06:00:00,19.9671745,29.1572205,6,12,12,3,15.154981625,22.19265125,22.25210954166666,32.113964250000016
Singapore,2024-12-12 12:00:00,30.717124250000005,43.999251,12,12,12,3,19.9671745,29.1572205,16.734953624999992,24.438179416666685
Singapore,2024-12-12 18:00:00,18.32407275,26.38334725,18,12,12,3,30.717124250000005,43.999251,21.946426791666664,31.783040916666682
Singapore,2024-12-13 00:00:00,10.9648114,15.7701265,0,13,12,4,18.32407275,26.38334725,23.002790499999993,33.17993958333335
Singapore,2024-12-13 06:00:00,15.409170875,22.07468675,6,13,12,4,10.9648114,15.7701265,20.002002799999996,28.71757491666668
Singapore,2024-12-13 12:00:00,33.682809,47.8891305,12,13,12,4,15.409170875,22.07468675,14.899351674999997,21.409386833333354
Singapore,2024-12-13 18:00:00,28.52074425,40.60774425,18,13,12,4,33.682809,47.8891305,20.018930424999994,28.57798125000002
Singapore,2024-12-14 00:00:00,20.2597335,28.92312525,0,14,12,5,28.52074425,40.60774425,25.870908041666656,36.857187166666684
Singapore,2024-12-14 06:00:00,20.248308,29.05858325,6,14,12,5,20.2597335,28.92312525,27.487762249999992,39.140000000000015
Singapore,2024-12-14 12:00:00,41.2734515,58.6338305,12,14,12,5,20.248308,29.05858325,23.009595249999993,32.86315091666669
Singapore,2024-12-14 18:00:00,23.8551365,33.94032425,18,14,12,5,41.2734515,58.6338305,27.260497666666662,38.87184633333335
Singapore,2024-12-15 00:00:00,6.4881646,9.245866225,0,15,12,6,23.8551365,33.94032425,28.458965333333328,40.54424600000002
Singapore,2024-12-15 06:00:00,12.297320575,17.577519749999997,6,15,12,6,6.4881646,9.245866225,23.87225086666666,33.940006991666685
Singapore,2024-12-15 12:00:00,25.19597375,35.8349865,12,15,12,6,12.297320575,17.577519749999997,14.21354055833333,20.254570075000018
Singapore,2024-12-15 18:00:00,20.544149500000003,29.15896825,18,15,12,6,25.19597375,35.8349865,14.660486308333333,20.88612415833335
Singapore,2024-12-16 00:00:00,24.032204,34.222808,0,16,12,0,20.544149500000003,29.15896825,19.34581460833333,27.52382483333335
Singapore,2024-12-16 06:00:00,24.5809275,35.2377605,6,16,12,0,24.032204,34.222808,23.257442416666667,33.07225425000002
Singapore,2024-12-16 12:00:00,28.0248715,39.995626,12,16,12,0,24.5809275,35.2377605,23.052426999999998,32.87317891666669
Singapore,2024-12-16 18:00:00,12.946145625000002,18.6956585,18,16,12,0,28.0248715,39.995626,25.546001,36.48539816666669
Singapore,2024-12-17 00:00:00,15.51484275,23.33484875,0,17,12,1,12.946145625000002,18.6956585,21.850648208333336,31.309681666666688
Singapore,2024-12-17 06:00:00,18.506071625,27.996208000000003,6,17,12,1,15.51484275,23.33484875,18.82861995833333,27.342044416666685
Singapore,2024-12-17 12:00:00,18.68295375,27.89431625,12,17,12,1,18.506071625,27.996208000000003,15.655686666666666,23.342238416666685
Singapore,2024-12-17 18:00:00,10.720754,16.79705975,18,17,12,1,18.68295375,27.89431625,17.567956041666665,26.40845766666669
Singapore,2024-12-18 00:00:00,10.71822465,16.528162,0,18,12,2,10.720754,16.79705975,15.969926458333333,24.229194666666686
Singapore,2024-12-18 06:00:00,13.52175625,20.65976925,6,18,12,2,10.71822465,16.528162,13.373977466666664,20.406512666666686
Singapore,2024-12-18 12:00:00,13.55937225,20.9101925,12,18,12,2,13.52175625,20.65976925,11.653578299999998,17.994997000000016
Singapore,2024-12-18 18:00:00,8.68971025,14.088755,18,18,12,2,13.55937225,20.9101925,12.59978438333333,19.36604125000002
Singapore,2024-12-19 00:00:00,12.385442,19.04675175,0,19,12,3,8.68971025,14.088755,11.923612916666663,18.552905583333352
Singapore,2024-12-19 06:00:00,18.08643925,27.271483,6,19,12,3,12.385442,19.04675175,11.544841499999997,18.015233083333353
Singapore,2024-12-19 12:00:00,19.116811,28.7085415,12,19,12,3,18.08643925,27.271483,13.053863833333331,20.135663250000018
Singapore,2024-12-19 18:00:00,12.000669,18.96637525,18,19,12,3,19.116811,28.7085415,16.52956408333333,25.008925416666685
Singapore,2024-12-20 00:00:00,15.57128825,25.9202015,0,20,12,4,12.000669,18.96637525,16.401306416666667,24.982133250000018
Singapore,2024-12-20 06:00:00,19.6255315,32.1718405,6,20,12,4,15.57128825,25.9202015,15.562922749999998,24.53170608333335
Singapore,2024-12-20 12:00:00,20.784384,32.9023205,12,20,12,4,19.6255315,32.1718405,15.732496249999997,25.686139083333355
Singapore,2024-12-20 18:00:00,15.7780845,25.6733585,18,20,12,4,20.784384,32.9023205,18.660401249999996,30.33145416666669
Singapore,2024-12-21 00:00:00,20.206897500000004,32.52066,0,21,12,5,15.7780845,25.6733585,18.729333333333333,30.24917316666669
Singapore,2024-12-21 06:00:00,24.610756,38.494121250000006,6,21,12,5,20.206897500000004,32.52066,18.923122,30.365446333333352
Singapore,2024-12-21 12:00:00,22.856554,35.111157000000006,12,21,12,5,24.610756,38.494121250000006,20.19857933333333,32.22937991666669
Singapore,2024-12-21 18:00:00,15.275048750000002,23.55761825,18,21,12,5,22.856554,35.111157000000006,22.558069166666666,35.37531275000002
Singapore,2024-12-22 00:00:00,17.876715,27.0813985,0,22,12,6,15.275048750000002,23.55761825,20.91411958333333,32.38763216666669
Singapore,2024-12-22 06:00:00,20.182185,30.9583185,6,22,12,6,17.876715,27.0813985,18.66943925,28.58339125000002
Singapore,2024-12-22 12:00:00,20.349887,31.311074750000003,12,22,12,6,20.182185,30.9583185,17.777982916666662,27.199111750000018
Singapore,2024-12-22 18:00:00,14.8532565,23.48534175,18,22,12,6,20.349887,31.311074750000003,19.469595666666663,29.783597250000017
Singapore,2024-12-23 00:00:00,20.2075795,30.6371815,0,23,12,0,14.8532565,23.48534175,18.461776166666663,28.584911666666688
Singapore,2024-12-23 06:00:00,24.311987,35.84847275,6,23,12,0,20.2075795,30.6371815,18.470240999999998,28.47786600000002
Singapore,2024-12-23 12:00:00,24.639732,35.82424325,12,23,12,0,24.311987,35.84847275,19.790941,29.99033200000002
Singapore,2024-12-23 18:00:00,19.80779975,28.46613225,18,23,12,0,24.639732,35.82424325,23.0530995,34.10329916666669
Singapore,2024-12-24 00:00:00,18.24008675,26.289399,0,24,12,1,19.80779975,28.46613225,22.919839583333328,33.37961608333335
Singapore,2024-12-24 06:00:00,20.946970500000003,30.254199,6,24,12,1,18.24008675,26.289399,20.89587283333333,30.193258166666684
Singapore,2024-12-24 12:00:00,26.04966925,37.23573575,12,24,12,1,20.946970500000003,30.254199,19.664952333333332,28.33657675000002
Singapore,2024-12-24 18:00:00,17.99847375,25.71397325,18,24,12,1,26.04966925,37.23573575,21.7455755,31.25977791666669
Singapore,2024-12-25 00:00:00,10.1752705,14.55353525,0,25,12,2,17.99847375,25.71397325,21.66503783333333,31.06796933333335
Singapore,2024-12-25 06:00:00,22.37894125,32.1323205,6,25,12,2,10.1752705,14.55353525,18.074471166666665,25.83441475000002
Singapore,2024-12-25 12:00:00,33.73097025,48.0571315,12,25,12,2,22.37894125,32.1323205,16.850895166666664,24.133276333333352
Singapore,2024-12-25 18:00:00,20.765725250000003,29.70713825,18,25,12,2,33.73097025,48.0571315,22.095060666666665,31.580995750000017
Singapore,2024-12-26 00:00:00,19.1084555,27.38457275,0,26,12,3,20.765725250000003,29.70713825,25.62521225,36.63219675000001
Singapore,2024-12-26 06:00:00,24.174824,34.638674,6,26,12,3,19.1084555,27.38457275,24.535050333333334,35.049614166666686
Singapore,2024-12-26 12:00:00,29.9339005,42.53541825,12,26,12,3,24.174824,34.638674,21.349668250000004,30.57679500000002
Singapore,2024-12-26 18:00:00,23.149937,32.853762499999995,18,26,12,3,29.9339005,42.53541825,24.405726666666666,34.85288833333335
Singapore,2024-12-27 00:00:00,27.41364825,39.078941,0,27,12,4,23.149937,32.853762499999995,25.752887166666667,36.67595158333335
Singapore,2024-12-27 06:00:00,23.0724025,33.10773875,6,27,12,4,27.41364825,39.078941,26.832495249999997,38.15604058333335
Singapore,2024-12-27 12:00:00,25.75920625,36.73278575,12,27,12,4,23.0724025,33.10773875,24.545329249999998,35.01348075000002
Singapore,2024-12-27 18:00:00,15.040996000000002,21.404759,18,27,12,4,25.75920625,36.73278575,25.415085666666666,36.30648850000002
Singapore,2024-12-28 00:00:00,11.589009,16.52963975,0,28,12,5,15.040996000000002,21.404759,21.29086825,30.41509450000002
Singapore,2024-12-28 06:00:00,17.69552675,25.38607225,6,28,12,5,11.589009,16.52963975,17.463070416666667,24.889061500000015
Singapore,2024-12-28 12:00:00,25.00620175,35.7960345,12,28,12,5,17.69552675,25.38607225,14.77517725,21.106823666666685
Singapore,2024-12-28 18:00:00,11.97872725,17.516413500000002,18,28,12,5,25.00620175,35.7960345,18.096912500000002,25.90391550000002
Singapore,2024-12-29 00:00:00,16.19335425,23.93133525,0,29,12,6,11.97872725,17.516413500000002,18.226818583333333,26.232840083333354
Singapore,2024-12-29 06:00:00,17.661904,26.12074475,6,29,12,6,16.19335425,23.93133525,17.726094416666665,25.74792775000002
Singapore,2024-12-29 12:00:00,23.450468125,33.9124705,12,29,12,6,17.661904,26.12074475,15.277995166666665,22.522831166666688
Singapore,2024-12-29 18:00:00,11.268184500000002,16.93493375,18,29,12,6,23.450468125,33.9124705,19.10190879166667,27.98818350000002
Singapore,2024-12-30 00:00:00,10.411383875,16.96435,0,30,12,0,11.268184500000002,16.93493375,17.460185541666668,25.656049666666686
Singapore,2024-12-30 06:00:00,17.4292155,27.5433365,6,30,12,0,10.411383875,16.96435,15.043345500000001,22.60391808333335
Singapore,2024-12-30 12:00:00,22.01859675,33.54027425,12,30,12,0,17.4292155,27.5433365,13.03626129166667,20.480873416666686
Singapore,2024-12-30 18:00:00,13.132308,21.157348,18,30,12,0,22.01859675,33.54027425,16.61973204166667,26.015986916666687
Singapore,2024-12-31 00:00:00,9.887429625,16.2024775,0,31,12,1,13.132308,21.157348,17.526706750000002,27.41365291666669
Singapore,2024-12-31 06:00:00,15.471869,24.01094425,6,31,12,1,9.887429625,16.2024775,15.012778125000002,23.633366583333355
Singapore,2024-12-31 12:00:00,19.506771500000003,28.840091,12,31,12,1,15.471869,24.01094425,12.830535541666668,20.45692325000002
Singapore,2024-12-31 18:00:00,10.6833085,16.12585275,18,31,12,1,19.506771500000003,28.840091,14.955356708333335,23.017837583333357
Singapore,2025-01-01 00:00:00,27.64187475,41.337785,0,1,1,2,10.6833085,16.12585275,15.220649666666668,22.99229600000002
Singapore,2025-01-01 06:00:00,27.039022,39.8682685,6,1,1,2,27.64187475,41.337785,19.277318250000004,28.767909583333353
Singapore,2025-01-01 12:00:00,28.974945,41.67486625,12,1,1,2,27.039022,39.8682685,21.788068416666665,32.44396875000002
Singapore,2025-01-01 18:00:00,21.610788000000003,30.925264,18,1,1,2,28.974945,41.67486625,27.885280583333337,40.96030658333335
Singapore,2025-01-02 00:00:00,24.26514825,34.7779975,0,2,1,3,21.610788000000003,30.925264,25.874918333333337,37.48946625000002
Singapore,2025-01-02 06:00:00,20.986505,30.31806275,6,2,1,3,24.26514825,34.7779975,24.95029375,35.79270925000002
Singapore,2025-01-02 12:00:00,23.871777375,34.32413124999999,12,2,1,3,20.986505,30.31806275,22.287480416666668,32.00710808333335
Singapore,2025-01-02 18:00:00,13.67914125,19.984099625,18,2,1,3,23.871777375,34.32413124999999,23.04114354166667,33.14006383333335
Singapore,2025-01-03 00:00:00,14.32218225,21.00313175,0,3,1,4,13.67914125,19.984099625,19.512474541666666,28.20876454166668
Singapore,2025-01-03 06:00:00,17.55907425,25.8012845,6,3,1,4,14.32218225,21.00313175,17.291033625,25.10378754166668
Singapore,2025-01-03 12:00:00,20.6975555,29.93817825,12,3,1,4,17.55907425,25.8012845,15.18679925,22.26283862500002
Singapore,2025-01-03 18:00:00,14.75100925,21.33148775,18,3,1,4,20.6975555,29.93817825,17.526270666666665,25.58086483333335
Singapore,2025-01-04 00:00:00,15.60110275,22.63607275,0,4,1,5,14.75100925,21.33148775,17.669213,25.690316833333355
Singapore,2025-01-04 06:00:00,17.030373249999997,25.5988085,6,4,1,5,15.60110275,22.63607275,17.01655583333333,24.63524625000002
Singapore,2025-01-04 12:00:00,21.622199,32.443679499999995,12,4,1,5,17.030373249999997,25.5988085,15.794161749999999,23.18878966666669
Singapore,2025-01-04 18:00:00,13.803117,21.74050475,18,4,1,5,21.622199,32.443679499999995,18.08455833333333,26.892853583333352
Singapore,2025-01-05 00:00:00,13.59296675,22.00624775,0,5,1,6,13.803117,21.74050475,17.48522975,26.59433091666669
Singapore,2025-01-05 06:00:00,17.803472499999998,28.29386825,6,5,1,6,13.59296675,22.00624775,16.339427583333332,25.39681066666668
Singapore,2025-01-05 12:00:00,18.1207865,28.51000175,12,5,1,6,17.803472499999998,28.29386825,15.06651875,24.01354025000002
Singapore,2025-01-05 18:00:00,10.865420375,17.99284625,18,5,1,6,18.1207865,28.51000175,16.505741916666665,26.27003925000002
Singapore,2025-01-06 00:00:00,10.641685,17.939811499999998,0,6,1,0,10.865420375,17.99284625,15.596559791666664,24.93223875000002
Singapore,2025-01-06 06:00:00,18.197170000000003,29.83267725,6,6,1,0,10.641685,17.939811499999998,13.209297291666665,21.480886500000015
Singapore,2025-01-06 12:00:00,21.8402645,34.688951749999994,12,6,1,0,18.197170000000003,29.83267725,13.234758458333333,21.92177833333335
Singapore,2025-01-06 18:00:00,15.57285125,25.19777775,18,6,1,0,21.8402645,34.688951749999994,16.893039833333333,27.487146833333345
Singapore,2025-01-07 00:00:00,14.72031375,23.89808175,0,7,1,1,15.57285125,25.19777775,18.536761916666666,29.906468916666682
Singapore,2025-01-07 06:00:00,16.631702249999996,26.21681,6,7,1,1,14.72031375,23.89808175,17.377809833333334,27.92827041666668
Singapore,2025-01-07 12:00:00,22.3017195,33.08650825,12,7,1,1,16.631702249999996,26.21681,15.641622416666664,25.104223166666685
Singapore,2025-01-07 18:00:00,11.48920625,18.11405075,18,7,1,1,22.3017195,33.08650825,17.8845785,27.73380000000002
Singapore,2025-01-08 00:00:00,24.27523775,37.515235,0,8,1,2,11.48920625,18.11405075,16.807542666666667,25.805789666666684
Singapore,2025-01-08 06:00:00,25.9719855,40.07202325,6,8,1,2,24.27523775,37.515235,19.35538783333333,29.571931333333353
Singapore,2025-01-08 12:00:00,26.404251,39.83942075,12,8,1,2,25.9719855,40.07202325,20.578809833333334,31.900436333333356
Singapore,2025-01-08 18:00:00,12.2810775,19.860522000000003,18,8,1,2,26.404251,39.83942075,25.550491416666663,39.142226333333355
Singapore,2025-01-09 00:00:00,18.8456685,29.725669,0,9,1,3,12.2810775,19.860522000000003,21.552437999999995,33.25732200000002
Singapore,2025-01-09 06:00:00,20.93332815,31.96947825,6,9,1,3,18.8456685,29.725669,19.176998999999995,29.808537250000025
Singapore,2025-01-09 12:00:00,20.569530250000003,30.73114375,12,9,1,3,20.93332815,31.96947825,17.353358049999997,27.185223083333355
Singapore,2025-01-09 18:00:00,12.652179875,19.4152675,18,9,1,3,20.569530250000003,30.73114375,20.11617563333333,30.80876366666669
Singapore,2025-01-10 00:00:00,13.254137625,19.98395775,0,10,1,4,12.652179875,19.4152675,18.051679425,27.37196316666669
Singapore,2025-01-10 06:00:00,19.47142875,28.8556805,6,10,1,4,13.254137625,19.98395775,15.49194925,23.376789666666685
Singapore,2025-01-10 12:00:00,14.25213725,21.248069875,12,10,1,4,19.47142875,28.8556805,15.125915416666665,22.75163525000002
Singapore,2025-01-10 18:00:00,9.327820249999998,14.44419675,18,10,1,4,14.25213725,21.248069875,15.659234541666663,23.36256937500002
Singapore,2025-01-11 00:00:00,12.82055,20.7130885,0,11,1,5,9.327820249999998,14.44419675,14.350462083333332,21.51598237500002
Singapore,2025-01-11 06:00:00,21.22649775,34.41329,6,11,1,5,12.82055,20.7130885,12.133502499999997,18.801785041666687
Singapore,2025-01-11 12:00:00,25.15724875,40.44295575,12,11,1,5,21.22649775,34.41329,14.458289333333331,23.190191750000025
Singapore,2025-01-11 18:00:00,13.8405765,24.3637715,18,11,1,5,25.15724875,40.44295575,19.734765499999998,31.856444750000023
Singapore,2025-01-12 00:00:00,15.2809605,26.76043225,0,12,1,6,13.8405765,24.3637715,20.07477433333333,33.07333908333336
Singapore,2025-01-12 06:00:00,22.6245615,38.6463625,6,12,1,6,15.2809605,26.76043225,18.092928583333332,30.52238650000002
Singapore,2025-01-12 12:00:00,21.8554275,37.4388945,12,12,1,6,22.6245615,38.6463625,17.248699499999997,29.923522083333353
Singapore,2025-01-12 18:00:00,17.330804999999998,31.153292250000003,18,12,1,6,21.8554275,37.4388945,19.9203165,34.28189641666669
Singapore,2025-01-13 00:00:00,13.84320575,23.58027025,0,13,1,0,17.330804999999998,31.153292250000003,20.603597999999995,35.74618308333336
Singapore,2025-01-13 06:00:00,17.829649,29.63892575,6,13,1,0,13.84320575,23.58027025,17.676479416666663,30.724152333333354
Singapore,2025-01-13 12:00:00,18.875838,29.54499225,12,13,1,0,17.829649,29.63892575,16.334553249999995,28.12416275000002
Singapore,2025-01-13 18:00:00,11.744902,18.7708905,18,13,1,0,18.875838,29.54499225,16.849564249999997,27.58806275000002
Singapore,2025-01-14 00:00:00,10.881493125,17.578415250000003,0,14,1,1,11.744902,18.7708905,16.15012966666666,25.98493616666669
Singapore,2025-01-14 06:00:00,15.4230835,23.9490985,6,14,1,1,10.881493125,17.578415250000003,13.834077708333332,21.964766000000022
Singapore,2025-01-14 12:00:00,15.233865749999998,23.49383975,12,14,1,1,15.4230835,23.9490985,12.683159541666663,20.099468083333356
Singapore,2025-01-14 18:00:00,13.807437,20.941286,18,14,1,1,15.233865749999998,23.49383975,13.846147458333329,21.67378450000002
Singapore,2025-01-15 00:00:00,23.18415675,33.86890075,0,15,1,2,13.807437,20.941286,14.82146208333333,22.794741416666685
Singapore,2025-01-15 06:00:00,25.88893775,37.4549245,6,15,1,2,23.18415675,33.86890075,17.408486499999995,26.101342166666694
Singapore,2025-01-15 12:00:00,34.90197275,49.87420275,12,15,1,2,25.88893775,37.4549245,20.960177166666664,30.75503708333336
Singapore,2025-01-15 18:00:00,18.169473,26.28314625,18,15,1,2,34.90197275,49.87420275,27.99168908333333,40.39934266666669
Singapore,2025-01-16 00:00:00,14.2564145,22.0084645,0,16,1,3,18.169473,26.28314625,26.32012783333333,37.87075783333336
Singapore,2025-01-16 06:00:00,16.51648075,26.01393625,6,16,1,3,14.2564145,22.0084645,22.442620083333328,32.72193783333336
Singapore,2025-01-16 12:00:00,18.7819395,29.86296025,12,16,1,3,16.51648075,26.01393625,16.31412275,24.76851566666669
Singapore,2025-01-16 18:00:00,12.093280875,20.4882725,18,16,1,3,18.7819395,29.86296025,16.518278249999998,25.961787000000026
Singapore,2025-01-17 00:00:00,18.69082675,32.749682,0,17,1,4,12.093280875,20.4882725,15.797233708333332,25.455056333333356
Singapore,2025-01-17 06:00:00,24.657225500000003,40.56724325,6,17,1,4,18.69082675,32.749682,16.52201570833333,27.700304916666692
Singapore,2025-01-17 12:00:00,18.29721425,30.24445025,12,17,1,4,24.657225500000003,40.56724325,18.480444375,31.268399250000027
Singapore,2025-01-17 18:00:00,11.67453,20.62944275,18,17,1,4,18.29721425,30.24445025,20.54842216666667,34.520458500000025
Singapore,2025-01-18 00:00:00,11.365386875,20.1333705,0,18,1,5,11.67453,20.62944275,18.209656583333334,30.480378750000025
Singapore,2025-01-18 06:00:00,18.00876275,29.50025625,6,18,1,5,11.365386875,20.1333705,13.779043708333333,23.66908783333336
Singapore,2025-01-18 12:00:00,18.488279,29.72558375,12,18,1,5,18.00876275,29.50025625,13.682893208333335,23.42102316666669
Singapore,2025-01-18 18:00:00,11.3435305,19.124797750000003,18,18,1,5,18.488279,29.72558375,15.954142875,26.45307016666669
Singapore,2025-01-19 00:00:00,10.034796125,16.58173675,0,19,1,6,11.3435305,19.124797750000003,15.946857416666667,26.116879250000025
Singapore,2025-01-19 06:00:00,15.1516985,23.8662775,6,19,1,6,10.034796125,16.58173675,13.288868541666666,21.810706083333358
Singapore,2025-01-19 12:00:00,17.45695475,27.61211675,12,19,1,6,15.1516985,23.8662775,12.176675041666668,19.857604000000023
Singapore,2025-01-19 18:00:00,12.977181875,21.1952625,18,19,1,6,17.45695475,27.61211675,14.214483125000001,22.686710333333355
Singapore,2025-01-20 00:00:00,11.471115875,19.144295,0,20,1,0,12.977181875,21.1952625,15.195278375000001,24.22455225000002
Singapore,2025-01-20 06:00:00,15.78868575,25.46326525,6,20,1,0,11.471115875,19.144295,13.968417500000001,22.650558083333355
Singapore,2025-01-20 12:00:00,20.20266275,30.58912075,12,20,1,0,15.78868575,25.46326525,13.412327833333334,21.934274250000026
Singapore,2025-01-20 18:00:00,12.581523475,19.8199075,18,20,1,0,20.20266275,30.58912075,15.820821458333333,25.065560333333355
Singapore,2025-01-21 00:00:00,14.873933375,24.615872,0,21,1,1,12.581523475,19.8199075,16.190957325,25.290764500000023
Singapore,2025-01-21 06:00:00,21.81451475,33.7753365,6,21,1,1,14.873933375,24.615872,15.886039866666666,25.008300083333353
Singapore,2025-01-21 12:00:00,22.541194,34.1709665,12,21,1,1,21.81451475,33.7753365,16.423323866666667,26.070372000000024
Singapore,2025-01-21 18:00:00,13.361614,21.22175125,18,21,1,1,22.541194,34.1709665,19.74321404166667,30.85405833333336
Singapore,2025-01-22 00:00:00,13.55297725,21.472886,0,22,1,2,13.361614,21.22175125,19.239107583333336,29.722684750000028
Singapore,2025-01-22 06:00:00,18.81423375,28.79644975,6,22,1,2,13.55297725,21.472886,16.485261750000003,25.62186791666669
Singapore,2025-01-22 12:00:00,21.34083825,31.5880585,12,22,1,2,18.81423375,28.79644975,15.242941666666667,23.83036233333336
Singapore,2025-01-22 18:00:00,12.45783235,18.8512105,18,22,1,2,21.34083825,31.5880585,17.902683083333333,27.285798083333358
Singapore,2025-01-23 00:00:00,13.59609325,20.81606,0,23,1,3,12.45783235,18.8512105,17.537634783333335,26.411906250000026
Singapore,2025-01-23 06:00:00,14.54085925,21.88551225,6,23,1,3,13.59609325,20.81606,15.798254616666668,23.751776333333357
Singapore,2025-01-23 12:00:00,21.2356635,30.762123000000003,12,23,1,3,14.54085925,21.88551225,13.53159495,20.517594250000023
Singapore,2025-01-23 18:00:00,13.963529,20.22932225,18,23,1,3,21.2356635,30.762123000000003,16.457538666666668,24.48789841666669
Singapore,2025-01-24 00:00:00,10.9458255,16.11005,0,24,1,4,13.963529,20.22932225,16.58001725,24.29231916666669
Singapore,2025-01-24 06:00:00,16.146373,23.814323,6,24,1,4,10.9458255,16.11005,15.381672666666669,22.367165083333358
Singapore,2025-01-24 12:00:00,21.5187155,31.39645275,12,24,1,4,16.146373,23.814323,13.685242500000001,20.051231750000024
Singapore,2025-01-24 18:00:00,15.1595145,22.40358325,18,24,1,4,21.5187155,31.39645275,16.203638,23.77360858333336
Singapore,2025-01-25 00:00:00,18.309265250000003,27.53495225,0,25,1,5,15.1595145,22.40358325,17.608201,25.871453000000027
Singapore,2025-01-25 06:00:00,22.33031175,33.1492625,6,25,1,5,18.309265250000003,27.53495225,18.329165083333333,27.111662750000026
Singapore,2025-01-25 12:00:00,32.1228555,46.253518250000006,12,25,1,5,22.33031175,33.1492625,18.59969716666667,27.69593266666669
Singapore,2025-01-25 18:00:00,25.87705725,37.16377249999999,18,25,1,5,32.1228555,46.253518250000006,24.254144166666666,35.64591100000002
Singapore,2025-01-26 00:00:00,26.004614,37.44764825,0,26,1,6,25.87705725,37.16377249999999,26.776741500000004,38.85551775000002
Singapore,2025-01-26 06:00:00,23.15857725,33.85798675,6,26,1,6,26.004614,37.44764825,28.001508916666666,40.288313000000024
Singapore,2025-01-26 12:00:00,24.24687325,34.81949325,12,26,1,6,23.15857725,33.85798675,25.01341616666667,36.15646916666669
Singapore,2025-01-26 18:00:00,14.28713875,20.72619075,18,26,1,6,24.24687325,34.81949325,24.4700215,35.37504275000003
Singapore,2025-01-27 00:00:00,5.503665075,8.163538975,0,27,1,0,14.28713875,20.72619075,20.564196416666665,29.801223583333353
Singapore,2025-01-27 06:00:00,11.405660500000002,16.815988625000003,6,27,1,0,5.503665075,8.163538975,14.679225691666668,21.23640765833336
Singapore,2025-01-27 12:00:00,21.98011375,31.91651425,12,27,1,0,11.405660500000002,16.815988625000003,10.398821441666668,15.235239450000025
Singapore,2025-01-27 18:00:00,15.86613525,25.218185,18,27,1,0,21.98011375,31.91651425,12.963146441666666,18.965347283333358
Singapore,2025-01-28 00:00:00,16.01142675,26.83964325,0,28,1,1,15.86613525,25.218185,16.417303166666667,24.65022929166669
Singapore,2025-01-28 06:00:00,21.5896135,35.41165924999999,6,28,1,1,16.01142675,26.83964325,17.95255858333333,27.99144750000002
Singapore,2025-01-28 12:00:00,21.74087425,35.51285575,12,28,1,1,21.5896135,35.41165924999999,17.82239183333333,29.156495833333356
Singapore,2025-01-28 18:00:00,15.8793515,26.58515525,18,28,1,1,21.74087425,35.51285575,19.780638166666666,32.588052750000024
Singapore,2025-01-29 00:00:00,16.43131525,27.60569375,0,29,1,2,15.8793515,26.58515525,19.736613083333335,32.50322341666669
Singapore,2025-01-29 06:00:00,20.336756,33.477675500000004,6,29,1,2,16.43131525,27.60569375,18.017180333333332,29.90123491666669
Singapore,2025-01-29 12:00:00,19.86043675,32.7291335,12,29,1,2,20.336756,33.477675500000004,17.549140916666666,29.222841500000026
Singapore,2025-01-29 18:00:00,16.27392975,26.910982,18,29,1,2,19.86043675,32.7291335,18.876169333333333,31.270834250000025
Singapore,2025-01-30 00:00:00,19.53924275,31.78408325,0,30,1,3,16.27392975,26.910982,18.8237075,31.039263666666695
Singapore,2025-01-30 06:00:00,19.85281975,31.50620375,6,30,1,3,19.53924275,31.78408325,18.55786975,30.474732916666692
Singapore,2025-01-30 12:00:00,24.69101925,37.19299025,12,30,1,3,19.85281975,31.50620375,18.55533075,30.06708966666669
Singapore,2025-01-30 18:00:00,14.59308375,23.14936825,18,30,1,3,24.69101925,37.19299025,21.361027249999996,33.494425750000026
Singapore,2025-01-31 00:00:00,11.751922,19.010713,0,31,1,4,14.59308375,23.14936825,19.71230758333333,30.61618741666669
Singapore,2025-01-31 06:00:00,16.177878500000002,25.17410275,6,31,1,4,11.751922,19.010713,17.012008333333334,26.451023833333362
Singapore,2025-01-31 12:00:00,18.555518,27.9367355,12,31,1,4,16.177878500000002,25.17410275,14.174294750000001,22.444728000000023
Singapore,2025-01-31 18:00:00,11.854297125,18.090617,18,31,1,4,18.555518,27.9367355,15.495106166666668,24.040517083333356
Singapore,2025-02-01 00:00:00,13.9639125,21.27939075,0,1,2,5,11.854297125,18.090617,15.529231208333334,23.73381841666669
Singapore,2025-02-01 06:00:00,19.81129575,29.763669,6,1,2,5,13.9639125,21.27939075,14.791242541666664,22.435581083333357
Singapore,2025-02-01 12:00:00,26.036446,38.1348285,12,1,2,5,19.81129575,29.763669,15.209835124999998,23.04455891666669
Singapore,2025-02-01 18:00:00,15.3939935,22.93325,18,1,2,5,26.036446,38.1348285,19.93721808333333,29.725962750000026
Singapore,2025-02-02 00:00:00,21.57051425,31.92724325,0,2,2,6,15.3939935,22.93325,20.413911749999997,30.27724916666669
Singapore,2025-02-02 06:00:00,29.2262,42.7224335,6,2,2,6,21.57051425,31.92724325,21.000317916666663,30.99844058333336
Singapore,2025-02-02 12:00:00,42.1230055,60.1175145,12,2,2,6,29.2262,42.7224335,22.06356925,32.52764225000003
Singapore,2025-02-02 18:00:00,31.6119895,45.090245,18,2,2,6,42.1230055,60.1175145,30.97323991666666,44.92239708333336
Singapore,2025-02-03 00:00:00,34.68153375,49.603727,0,3,2,0,31.6119895,45.090245,34.32039833333332,49.310064333333365
Singapore,2025-02-03 06:00:00,32.965346749999995,47.49389825,6,3,2,0,34.68153375,49.603727,36.13884291666667,51.60382883333336
Singapore,2025-02-03 12:00:00,36.8466715,52.6790135,12,3,2,0,32.965346749999995,47.49389825,33.08628999999999,47.39595675000003
Singapore,2025-02-03 18:00:00,14.4018485,21.46222725,18,3,2,0,36.8466715,52.6790135,34.831184,49.925546250000025
Singapore,2025-02-04 00:00:00,20.09005575,31.36290125,0,4,2,1,14.4018485,21.46222725,28.071288916666663,40.54504633333337
Singapore,2025-02-04 06:00:00,23.4656735,35.95482675,6,4,2,1,20.09005575,31.36290125,23.779525249999995,35.16804733333336
Singapore,2025-02-04 12:00:00,22.1662765,33.06482225,12,4,2,1,23.4656735,35.95482675,19.319192583333333,29.593318416666694
Singapore,2025-02-04 18:00:00,11.64187325,18.493665000000004,18,4,2,1,22.1662765,33.06482225,21.90733525,33.46085008333336
Singapore,2025-02-05 00:00:00,8.966679749999999,14.918555500000002,0,5,2,2,11.64187325,18.493665000000004,19.091274416666664,29.171104666666697
Singapore,2025-02-05 06:00:00,18.1349405,28.87637125,6,5,2,2,8.966679749999999,14.918555500000002,14.2582765,22.15901425000003
Singapore,2025-02-05 12:00:00,19.41020125,30.8126005,12,5,2,2,18.1349405,28.87637125,12.91449783333333,20.7628639166667
Singapore,2025-02-05 18:00:00,13.891537,22.48580725,18,5,2,2,19.41020125,30.8126005,15.503940499999999,24.86917575000003
Singapore,2025-02-06 00:00:00,17.59291025,28.59675875,0,6,2,3,13.891537,22.48580725,17.145559583333334,27.39159300000003
Singapore,2025-02-06 06:00:00,19.756726,31.4077795,6,6,2,3,17.59291025,28.59675875,16.96488283333333,27.298388833333362
Singapore,2025-02-06 12:00:00,24.0408015,36.414562,12,6,2,3,19.756726,31.4077795,17.080391083333332,27.496781833333362
Singapore,2025-02-06 18:00:00,13.424624875,21.162549,18,6,2,3,24.0408015,36.414562,20.46347925,32.139700083333366
Singapore,2025-02-07 00:00:00,19.2510185,31.33004575,0,7,2,4,13.424624875,21.162549,19.074050791666668,29.661630166666697
Singapore,2025-02-07 06:00:00,22.873394,36.37853725,6,7,2,4,19.2510185,31.33004575,18.905481624999997,29.635718916666693
Singapore,2025-02-07 12:00:00,24.4500315,36.9099385,12,7,2,4,22.873394,36.37853725,18.516345791666666,29.6237106666667
Singapore,2025-02-07 18:00:00,11.370588,18.14942125,18,7,2,4,24.4500315,36.9099385,22.191481333333332,34.87284050000003
Singapore,2025-02-08 00:00:00,11.974464125,19.473248,0,8,2,5,11.370588,18.14942125,19.564671166666667,30.479299000000037
Singapore,2025-02-08 06:00:00,15.230824499999995,23.82086,6,8,2,5,11.974464125,19.473248,15.931694541666666,24.844202583333367
Singapore,2025-02-08 12:00:00,19.25886275,29.76995025,12,8,2,5,15.230824499999995,23.82086,12.858625541666663,20.4811764166667
Singapore,2025-02-08 18:00:00,14.01343775,22.828772,18,8,2,5,19.25886275,29.76995025,15.488050458333332,24.354686083333362
Singapore,2025-02-09 00:00:00,23.15728375,38.72813175,0,9,2,6,14.01343775,22.828772,16.16770833333333,25.473194083333365
Singapore,2025-02-09 06:00:00,20.0861195,32.9690695,6,9,2,6,23.15728375,38.72813175,18.809861416666667,30.442284666666698
Singapore,2025-02-09 12:00:00,20.76686225,34.15414075,12,9,2,6,20.0861195,32.9690695,19.085613666666664,31.50865775000003
Singapore,2025-02-09 18:00:00,18.877742,30.560215249999995,18,9,2,6,20.76686225,34.15414075,21.336755166666666,35.2837806666667
Singapore,2025-02-10 00:00:00,15.391379250000002,25.039128,0,10,2,0,18.877742,30.560215249999995,19.91024125,32.56114183333336
Singapore,2025-02-10 06:00:00,15.04565675,24.248607,6,10,2,0,15.391379250000002,25.039128,18.345327833333332,29.91782800000003
Singapore,2025-02-10 12:00:00,17.49327825,27.11647075,12,10,2,0,15.04565675,24.248607,16.43825933333333,26.615983416666694
Singapore,2025-02-10 18:00:00,10.18173615,17.222021249999997,18,10,2,0,17.49327825,27.11647075,15.976771416666665,25.468068583333363
Singapore,2025-02-11 00:00:00,12.5813245,21.32424,0,11,2,1,10.18173615,17.222021249999997,14.240223716666664,22.86236633333336
Singapore,2025-02-11 06:00:00,15.372336249999998,24.36866025,6,11,2,1,12.5813245,21.32424,13.41877963333333,21.887577333333365
Singapore,2025-02-11 12:00:00,20.381094375,30.74494225,12,11,2,1,15.372336249999998,24.36866025,12.711798966666663,20.971640500000024
Singapore,2025-02-11 18:00:00,8.820265325,14.1127145,18,11,2,1,20.381094375,30.74494225,16.11158504166666,25.479280833333362
Singapore,2025-02-12 00:00:00,16.801465,26.399732000000004,0,12,2,2,8.820265325,14.1127145,14.857898649999996,23.075439000000028
Singapore,2025-02-12 06:00:00,23.95088925,35.845175999999995,6,12,2,2,16.801465,26.399732000000004,15.334274899999997,23.752462916666698
Singapore,2025-02-12 12:00:00,27.64680575,40.01476825,12,12,2,2,23.95088925,35.845175999999995,16.524206524999997,25.452540833333362
Singapore,2025-02-12 18:00:00,19.37129925,27.84824475,18,12,2,2,27.64680575,40.01476825,22.799719999999994,34.08655875000003
Singapore,2025-02-13 00:00:00,15.369068,22.3584775,0,13,2,3,19.37129925,27.84824475,23.65633141666666,34.569396333333366
Singapore,2025-02-13 06:00:00,16.914512375,24.838755,6,13,2,3,15.369068,22.3584775,20.79572433333333,30.0738301666667
Singapore,2025-02-13 12:00:00,23.54953925,33.963332,12,13,2,3,16.914512375,24.838755,17.218293208333332,25.015159083333362
Singapore,2025-02-13 18:00:00,8.99470365,13.281067,18,13,2,3,23.54953925,33.963332,18.611039874999992,27.05352150000003
Singapore,2025-02-14 00:00:00,14.1584025,21.455378,0,14,2,4,8.99470365,13.281067,16.486251758333328,24.027718000000032
Singapore,2025-02-14 06:00:00,18.04312425,26.86479675,6,14,2,4,14.1584025,21.455378,15.56754846666666,22.8999256666667
Singapore,2025-02-14 12:00:00,23.937559250000003,34.57250825,12,14,2,4,18.04312425,26.86479675,13.732076799999996,20.53374725000003
Singapore,2025-02-14 18:00:00,10.872369875000002,15.9940895,18,14,2,4,23.937559250000003,34.57250825,18.713028666666663,27.630894333333362
Singapore,2025-02-15 00:00:00,9.1972084,13.44528775,0,15,2,5,10.872369875000002,15.9940895,17.617684458333333,25.810464833333366
Singapore,2025-02-15 06:00:00,15.124271500000004,22.02671125,6,15,2,5,9.1972084,13.44528775,14.669045841666664,21.337295166666696
Singapore,2025-02-15 12:00:00,24.283920375,34.79087225000001,12,15,2,5,15.124271500000004,22.02671125,11.73128325833333,17.155362833333367
Singapore,2025-02-15 18:00:00,15.479528750000002,22.1338895,18,15,2,5,24.283920375,34.79087225000001,16.201800091666662,23.420957083333366
Singapore,2025-02-16 00:00:00,12.61969375,18.21695125,0,16,2,6,15.479528750000002,22.1338895,18.295906874999996,26.317157666666702
Singapore,2025-02-16 06:00:00,17.88868075,25.61867475,6,16,2,6,12.61969375,18.21695125,17.461047624999996,25.0472376666667
Singapore,2025-02-16 12:00:00,26.698494,37.955772,12,16,2,6,17.88868075,25.61867475,15.329301083333329,21.98983850000003
Singapore,2025-02-16 18:00:00,27.37942825,38.84997575,18,16,2,6,26.698494,37.955772,19.068956166666663,27.263799333333367
Singapore,2025-02-17 00:00:00,23.8828765,34.01237325,0,17,2,0,27.37942825,38.84997575,23.988867666666664,34.1414741666667
Singapore,2025-02-17 06:00:00,27.20332775,39.64308325,6,17,2,0,23.8828765,34.01237325,25.98693291666666,36.939373666666704
Singapore,2025-02-17 12:00:00,31.00088,44.783506,12,17,2,0,27.20332775,39.64308325,26.155210833333328,37.50181075000003
Singapore,2025-02-17 18:00:00,19.159984,28.108076,18,17,2,0,31.00088,44.783506,27.36236141666666,39.4796541666667
Singapore,2025-02-18 00:00:00,13.355077,20.071468000000003,0,18,2,1,19.159984,28.108076,25.788063916666662,37.51155508333336
Singapore,2025-02-18 06:00:00,17.171047,25.364244,6,18,2,1,13.355077,20.071468000000003,21.17198033333333,30.987683333333365
Singapore,2025-02-18 12:00:00,19.728681,28.61651875,12,18,2,1,17.171047,25.364244,16.562035999999996,24.51459600000003
Singapore,2025-02-18 18:00:00,14.1185125,20.94382975,18,18,2,1,19.728681,28.61651875,16.751601666666662,24.684076916666697
Singapore,2025-02-19 00:00:00,13.8373365,20.793607,0,19,2,2,14.1185125,20.94382975,17.006080166666663,24.974864166666695
Singapore,2025-02-19 06:00:00,16.45405225,24.51996325,6,19,2,2,13.8373365,20.793607,15.894843333333329,23.45131850000003
Singapore,2025-02-19 12:00:00,22.547403875,32.680276500000005,12,19,2,2,16.45405225,24.51996325,14.80330041666666,22.08580000000003
Singapore,2025-02-19 18:00:00,16.003042125,23.35968925,18,19,2,2,22.547403875,32.680276500000005,17.612930874999993,25.9979489166667
Singapore,2025-02-20 00:00:00,11.1592725,16.48072625,0,20,2,3,16.003042125,23.35968925,18.334832749999993,26.8533096666667
Singapore,2025-02-20 06:00:00,15.607383874999998,23.143457,6,20,2,3,11.1592725,16.48072625,16.569906166666662,24.173564000000027
Singapore,2025-02-20 12:00:00,19.93746675,29.29036175,12,20,2,3,15.607383874999998,23.143457,14.25656616666666,20.994624166666696
Singapore,2025-02-20 18:00:00,12.009436999999998,18.02479225,18,20,2,3,19.93746675,29.29036175,15.56804104166666,22.97151500000003
Singapore,2025-02-21 00:00:00,13.555506875,20.325501,0,21,2,4,12.009436999999998,18.02479225,15.851429208333327,23.486203666666697
Singapore,2025-02-21 06:00:00,18.19748275,27.263979500000005,6,21,2,4,13.555506875,20.325501,15.167470208333327,22.54688500000003
Singapore,2025-02-21 12:00:00,21.45854,31.457602500000004,12,21,2,4,18.19748275,27.263979500000005,14.587475541666661,21.87142425000003
Singapore,2025-02-21 18:00:00,14.50639775,21.30380475,18,21,2,4,21.45854,31.457602500000004,17.73717654166666,26.349027666666696
Singapore,2025-02-22 00:00:00,11.0767645,16.69297925,0,22,2,5,14.50639775,21.30380475,18.05414016666666,26.675128916666697
Singapore,2025-02-22 06:00:00,16.08364625,23.7683935,6,22,2,5,11.0767645,16.69297925,15.680567416666662,23.151462166666693
Singapore,2025-02-22 12:00:00,19.194359875,27.79748325,12,22,2,5,16.08364625,23.7683935,13.888936166666662,20.588392500000026
Singapore,2025-02-22 18:00:00,10.75743225,15.761969625,18,22,2,5,19.194359875,27.79748325,15.451590208333329,22.752952000000025
Singapore,2025-02-23 00:00:00,11.84881175,17.76192,0,23,2,6,10.75743225,15.761969625,15.345146124999994,22.44261545833336
Singapore,2025-02-23 06:00:00,17.0226,24.9864345,6,23,2,6,11.84881175,17.76192,13.933534624999995,20.440457625000025
Singapore,2025-02-23 12:00:00,27.1591465,38.9308065,12,23,2,6,17.0226,24.9864345,13.209614666666662,19.503441375000026
Singapore,2025-02-23 18:00:00,21.229539,30.36365125,18,23,2,6,27.1591465,38.9308065,18.676852749999995,27.226387000000027
Singapore,2025-02-24 00:00:00,20.25905125,29.6225835,0,24,2,0,21.229539,30.36365125,21.80376183333333,31.426964083333363
Singapore,2025-02-24 06:00:00,21.3341735,31.319445000000005,6,24,2,0,20.25905125,29.6225835,22.88257891666666,32.97234708333337
Singapore,2025-02-24 12:00:00,22.140170750000003,32.1304015,12,24,2,0,21.3341735,31.319445000000005,20.94092124999999,30.435226583333364
Singapore,2025-02-24 18:00:00,13.32620075,19.88098575,18,24,2,0,22.140170750000003,32.1304015,21.24446516666666,31.02414333333336
Singapore,2025-02-25 00:00:00,10.2440935,15.59055825,0,25,2,1,13.32620075,19.88098575,18.933514999999996,27.776944083333362
Singapore,2025-02-25 06:00:00,16.64949425,24.906683,6,25,2,1,10.2440935,15.59055825,15.236821666666664,22.53398183333336
Singapore,2025-02-25 12:00:00,17.8994385,26.4350605,12,25,2,1,16.64949425,24.906683,13.406596166666661,20.126075666666694
Singapore,2025-02-25 18:00:00,10.8818766,16.244712,18,25,2,1,17.8994385,26.4350605,14.931008749999995,22.310767250000026
Singapore,2025-02-26 00:00:00,14.85796,22.907897750000004,0,26,2,2,10.8818766,16.244712,15.143603116666661,22.52881850000003
Singapore,2025-02-26 06:00:00,20.91371675,32.3050245,6,26,2,2,14.85796,22.907897750000004,14.546425033333328,21.862556750000028
Singapore,2025-02-26 12:00:00,19.37223725,29.98734775,12,26,2,2,20.91371675,32.3050245,15.551184449999994,23.819211416666693
Singapore,2025-02-26 18:00:00,13.61706825,21.35413975,18,26,2,2,19.37223725,29.98734775,18.38130466666666,28.40009000000003
Singapore,2025-02-27 00:00:00,12.8048895,20.78888875,0,27,2,3,13.61706825,21.35413975,17.967674083333332,27.882170666666696
Singapore,2025-02-27 06:00:00,20.1629005,31.37591875,6,27,2,3,12.8048895,20.78888875,15.264731666666663,24.043458750000028
Singapore,2025-02-27 12:00:00,27.7968015,40.751785,12,27,2,3,20.1629005,31.37591875,15.528286083333327,24.506315750000027
Singapore,2025-02-27 18:00:00,13.53001275,20.294408,18,27,2,3,27.7968015,40.751785,20.254863833333328,30.972197500000025
Singapore,2025-02-28 00:00:00,12.62463925,18.9922955,0,28,2,4,13.53001275,20.294408,20.496571583333328,30.807370583333363
Singapore,2025-02-28 06:00:00,16.32767525,24.78827825,6,28,2,4,12.62463925,18.9922955,17.98381783333333,26.67949616666669
Singapore,2025-02-28 12:00:00,19.525657375,29.366987,12,28,2,4,16.32767525,24.78827825,14.160775749999994,21.358327250000027
Singapore,2025-02-28 18:00:00,12.1249855,18.84851025,18,28,2,4,19.525657375,29.366987,16.159323958333328,24.382520250000024
Singapore,2025-03-01 00:00:00,17.0652325,26.5182225,0,1,3,5,12.1249855,18.84851025,15.992772708333328,24.33459183333336
Singapore,2025-03-01 06:00:00,21.29290525,32.5626385,6,1,3,5,17.0652325,26.5182225,16.238625124999995,24.911239916666688
Singapore,2025-03-01 12:00:00,20.7219695,30.83010825,12,1,3,5,21.29290525,32.5626385,16.82770775,25.976457083333358
Singapore,2025-03-01 18:00:00,11.045259,16.78617425,18,1,3,5,20.7219695,30.83010825,19.693369083333327,29.970323083333355
Singapore,2025-03-02 00:00:00,0.0,0.0,0,2,3,6,11.045259,16.78617425,17.686711249999995,26.72630700000002
Singapore,2025-03-02 06:00:00,8.271996575,12.011924025,6,2,3,6,0.0,0.0,10.589076166666663,15.87209416666669
Singapore,2025-03-02 12:00:00,15.2757305,22.279181,12,2,3,6,8.271996575,12.011924025,6.439085191666661,9.59936609166669
Singapore,2025-03-02 18:00:00,9.50865325,14.196842625,18,2,3,6,15.2757305,22.279181,7.849242358333328,11.430368341666693
Singapore,2025-03-03 00:00:00,10.229115375,14.96255225,0,3,3,0,9.50865325,14.196842625,11.018793441666661,16.16264921666669
Singapore,2025-03-03 06:00:00,21.652667,32.00626975,6,3,3,0,10.229115375,14.96255225,11.671166374999993,17.146191958333358
Singapore,2025-03-03 12:00:00,27.64419125,40.20267875,12,3,3,0,21.652667,32.00626975,13.796811874999994,20.388554875000025
Singapore,2025-03-03 18:00:00,20.037674625,29.08143425,18,3,3,0,27.64419125,40.20267875,19.84199120833333,29.057166916666688
Singapore,2025-03-04 00:00:00,24.51776025,35.84853,0,4,3,1,20.037674625,29.08143425,23.111510958333326,33.763460916666695
Singapore,2025-03-04 06:00:00,29.98757525,44.2034035,6,4,3,1,24.51776025,35.84853,24.06654204166666,35.04421433333335
Singapore,2025-03-04 12:00:00,34.162724,49.434533,12,4,3,1,29.98757525,44.2034035,24.84767004166666,36.37778925000003
Singapore,2025-03-04 18:00:00,20.790181875,30.1855325,18,4,3,1,34.162724,49.434533,29.556019833333323,43.16215550000002
Singapore,2025-03-05 00:00:00,16.532766249999998,23.71250225,0,5,3,2,20.790181875,30.1855325,28.313493708333326,41.27448966666669
Singapore,2025-03-05 06:00:00,27.981244000000004,40.041243,6,5,3,2,16.532766249999998,23.71250225,23.828557374999992,34.44418925000002
Singapore,2025-03-05 12:00:00,30.15497175,42.90899325,12,5,3,2,27.981244000000004,40.041243,21.768064041666662,31.313092583333358
Singapore,2025-03-05 18:00:00,18.12446725,25.704736,18,5,3,2,30.15497175,42.90899325,24.889660666666657,35.554246166666694
Singapore,2025-03-06 00:00:00,14.748366375,20.93872775,0,6,3,3,18.12446725,25.704736,25.420227666666662,36.21832408333336
Singapore,2025-03-06 06:00:00,14.388575500000002,20.43893225,6,6,3,3,14.748366375,20.93872775,21.009268458333327,29.85081900000002
Singapore,2025-03-06 12:00:00,22.15926975,31.376259500000003,12,6,3,3,14.388575500000002,20.43893225,15.753803041666659,22.360798666666692
Singapore,2025-03-06 18:00:00,19.5445865,27.614874,18,6,3,3,22.15926975,31.376259500000003,17.09873720833333,24.251306500000027
Singapore,2025-03-07 00:00:00,21.87857725,30.81800075,0,7,3,4,19.5445865,27.614874,18.69747724999999,26.476688583333356
Singapore,2025-03-07 06:00:00,25.00844675,35.448124500000006,6,7,3,4,21.87857725,30.81800075,21.194144499999993,29.936378083333356
Singapore,2025-03-07 12:00:00,40.412644,57.1047985,12,7,3,4,25.00844675,35.448124500000006,22.14387016666666,31.293666416666692
Singapore,2025-03-07 18:00:00,19.3303435,27.31644575,18,7,3,4,40.412644,57.1047985,29.099889333333323,41.12364125000003
Singapore,2025-03-08 00:00:00,6.0717866625,8.631559325,0,8,3,5,19.3303435,27.31644575,28.25047808333333,39.95645625000002
Singapore,2025-03-08 06:00:00,17.93529225,25.81475675,6,8,3,5,6.0717866625,8.631559325,21.938258054166663,31.01760119166669
Singapore,2025-03-08 12:00:00,19.413221250000003,28.11958675,12,8,3,5,17.93529225,25.81475675,14.445807470833325,20.587587275000022
Singapore,2025-03-08 18:00:00,13.526801125,20.06117925,18,8,3,5,19.413221250000003,28.11958675,14.473433387499995,20.855300941666687
Singapore,2025-03-09 00:00:00,10.608346125,15.898877,0,9,3,6,13.526801125,20.06117925,16.958438208333327,24.665174250000025
Singapore,2025-03-09 06:00:00,15.877248,24.04146925,6,9,3,6,10.608346125,15.898877,14.516122833333327,21.359881000000026
Singapore,2025-03-09 12:00:00,19.790476750000003,29.18605425,12,9,3,6,15.877248,24.04146925,13.337465083333328,20.000508500000024
Singapore,2025-03-09 18:00:00,10.92541875,16.412968749999997,18,9,3,6,19.790476750000003,29.18605425,15.42535695833333,23.042133500000023
Singapore,2025-03-10 00:00:00,6.77709985,10.15177975,0,10,3,0,10.92541875,16.412968749999997,15.531047833333327,23.213497416666687
Singapore,2025-03-10 06:00:00,12.023576875,17.83715225,6,10,3,0,6.77709985,10.15177975,12.49766511666666,18.58360091666669
Singapore,2025-03-10 12:00:00,16.931380500000003,25.10722675,12,10,3,0,12.023576875,17.83715225,9.90869849166666,14.800633583333356
Singapore,2025-03-10 18:00:00,12.1183345,18.3029555,18,10,3,0,16.931380500000003,25.10722675,11.910685741666661,17.698719583333357
Singapore,2025-03-11 00:00:00,17.970592,26.7376665,0,11,3,1,12.1183345,18.3029555,13.69109729166666,20.415778166666687
Singapore,2025-03-11 06:00:00,18.01541325,26.3900405,6,11,3,1,17.970592,26.7376665,15.673435666666661,23.382616250000023
Singapore,2025-03-11 12:00:00,22.16907525,31.82515225,12,11,3,1,18.01541325,26.3900405,16.03477991666666,23.810220833333357
Singapore,2025-03-11 18:00:00,10.975270325,16.225442375,18,11,3,1,22.16907525,31.82515225,19.385026833333324,28.317619750000024
Singapore,2025-03-12 00:00:00,11.60515225,17.2893805,0,12,3,2,10.975270325,16.225442375,17.05325294166666,24.81354504166669
Singapore,2025-03-12 06:00:00,17.426757,25.94671825,6,12,3,2,11.60515225,17.2893805,14.916499274999993,21.779991708333355
Singapore,2025-03-12 12:00:00,19.828292125,28.88037875,12,12,3,2,17.426757,25.94671825,13.335726524999993,19.820513708333355
Singapore,2025-03-12 18:00:00,12.26951,17.812795,18,12,3,2,19.828292125,28.88037875,16.28673379166666,24.03882583333335
Singapore,2025-03-13 00:00:00,7.7757817,11.1375585,0,13,3,3,12.26951,17.812795,16.50818637499999,24.213297333333358
Singapore,2025-03-13 06:00:00,14.065222124999998,20.25436175,6,13,3,3,7.7757817,11.1375585,13.291194608333328,19.276910750000024
Singapore,2025-03-13 12:00:00,17.574905125,25.140053625,12,13,3,3,14.065222124999998,20.25436175,11.370171274999992,16.401571750000027
Singapore,2025-03-13 18:00:00,8.818062675,12.65266275,18,13,3,3,17.574905125,25.140053625,13.138636316666657,18.843991291666693
Singapore,2025-03-14 00:00:00,14.492314875,21.346238250000003,0,14,3,4,8.818062675,12.65266275,13.486063308333327,19.349026041666693
Singapore,2025-03-14 06:00:00,19.858490000000003,29.20143075,6,14,3,4,14.492314875,21.346238250000003,13.628427558333327,19.71298487500002
Singapore,2025-03-14 12:00:00,26.8627505,38.7842085,12,14,3,4,19.858490000000003,29.20143075,14.38962251666666,21.066777250000026
Singapore,2025-03-14 18:00:00,18.83856275,27.28137375,18,14,3,4,26.8627505,38.7842085,20.404518458333328,29.777292500000026
Singapore,2025-03-15 00:00:00,13.778162375,19.9564735,0,15,3,5,18.83856275,27.28137375,21.853267749999997,31.755671000000024
Singapore,2025-03-15 06:00:00,15.56668375,22.629848125,6,15,3,5,13.778162375,19.9564735,19.82649187499999,28.67401858333336
Singapore,2025-03-15 12:00:00,29.09888475,41.532217,12,15,3,5,15.56668375,22.629848125,16.06113629166666,23.28923179166669
Singapore,2025-03-15 18:00:00,24.331768500000003,34.70648825,18,15,3,5,29.09888475,41.532217,19.481243624999994,28.039512875000025
Singapore,2025-03-16 00:00:00,27.923646750000003,40.08563825,0,16,3,6,24.331768500000003,34.70648825,22.99911233333333,32.956184458333354
Singapore,2025-03-16 06:00:00,23.843100000000003,34.55508625,6,16,3,6,27.923646750000003,40.08563825,27.1181,38.77478116666669
Singapore,2025-03-16 12:00:00,20.39976775,29.45202475,12,16,3,6,23.843100000000003,34.55508625,25.366171749999996,36.44907091666669
Singapore,2025-03-16 18:00:00,9.673286225,14.0536115,18,16,3,6,20.39976775,29.45202475,24.055504833333327,34.697583083333356
Singapore,2025-03-17 00:00:00,5.736921975,8.390884425000001,0,17,3,0,9.673286225,14.0536115,17.972051324999992,26.020240833333357
Singapore,2025-03-17 06:00:00,11.23916595,16.41763,6,17,3,0,5.736921975,8.390884425000001,11.936658649999993,17.298840225000024
Singapore,2025-03-17 12:00:00,19.326812,27.92485475,12,17,3,0,11.23916595,16.41763,8.883124716666659,12.954041975000024
Singapore,2025-03-17 18:00:00,11.9828485,17.48912825,18,17,3,0,19.326812,27.92485475,12.100966641666659,17.577789725000024
Singapore,2025-03-18 00:00:00,26.3737545,38.719690750000005,0,18,3,1,11.9828485,17.48912825,14.182942149999993,20.61053766666669
Singapore,2025-03-18 06:00:00,23.37249325,35.1851955,6,18,3,1,26.3737545,38.719690750000005,19.227804999999993,28.04455791666669
Singapore,2025-03-18 12:00:00,25.62462975,38.70549375,12,18,3,1,23.37249325,35.1851955,20.576365416666658,30.464671500000026
Singapore,2025-03-18 18:00:00,20.04196625,31.09499875,18,18,3,1,25.62462975,38.70549375,25.123625833333325,37.53679333333336
Singapore,2025-03-19 00:00:00,19.52287225,30.05288825,0,19,3,2,20.04196625,31.09499875,23.01302974999999,34.995229333333356
Singapore,2025-03-19 06:00:00,25.747411250000003,38.94145075,6,19,3,2,19.52287225,30.05288825,21.729822749999993,33.28446025000002
Singapore,2025-03-19 12:00:00,24.3106795,36.6513575,12,19,3,2,25.747411250000003,38.94145075,21.77074991666666,33.363112583333354
Singapore,2025-03-19 18:00:00,18.45089025,28.18450225,18,19,3,2,24.3106795,36.6513575,23.193654333333328,35.21523216666669
Singapore,2025-03-20 00:00:00,18.60962575,28.921136,0,20,3,3,18.45089025,28.18450225,22.836326999999994,34.59243683333336
Singapore,2025-03-20 06:00:00,25.93328925,38.8664885,6,20,3,3,18.60962575,28.921136,20.45706516666666,31.25233191666669
Singapore,2025-03-20 12:00:00,27.470648,42.35305124999999,12,20,3,3,25.93328925,38.8664885,20.997935083333328,31.99070891666669
Singapore,2025-03-20 18:00:00,19.46276025,30.4801515,18,20,3,3,27.470648,42.35305124999999,24.004520999999993,36.71355858333336
Singapore,2025-03-21 00:00:00,22.23850975,34.73564925,0,21,3,4,19.46276025,30.4801515,24.288899166666663,37.23323041666669
Singapore,2025-03-21 06:00:00,21.93785075,34.571002,6,21,3,4,22.23850975,34.73564925,23.057305999999993,35.856284000000024
Singapore,2025-03-21 12:00:00,24.353411750000003,37.70730975,12,21,3,4,21.93785075,34.571002,21.21304024999999,33.26226758333336
Singapore,2025-03-21 18:00:00,15.78462175,25.28020125,18,21,3,4,24.353411750000003,37.70730975,22.84325741666666,35.671320333333355
Singapore,2025-03-22 00:00:00,12.1406175,18.97115,0,22,3,5,15.78462175,25.28020125,20.69196141666666,32.51950433333336
Singapore,2025-03-22 06:00:00,15.231663,23.368358,6,22,3,5,12.1406175,18.97115,17.42621699999999,27.319553666666692
Singapore,2025-03-22 12:00:00,16.97451075,25.68566475,12,22,3,5,15.231663,23.368358,14.385634083333324,22.539903083333357
Singapore,2025-03-22 18:00:00,11.3509485,17.3906755,18,22,3,5,16.97451075,25.68566475,14.782263749999993,22.675057583333356
Singapore,2025-03-23 00:00:00,11.3514035,17.63874025,0,23,3,6,11.3509485,17.3906755,14.519040749999993,22.148232750000023
Singapore,2025-03-23 06:00:00,16.96159325,25.5395775,6,23,3,6,11.3514035,17.63874025,13.225620916666658,20.23836016666669
Singapore,2025-03-23 12:00:00,22.69302975,33.38908525,12,23,3,6,16.96159325,25.5395775,13.221315083333325,20.18966441666669
Singapore,2025-03-23 18:00:00,16.062244875,24.0504505,18,23,3,6,22.69302975,33.38908525,17.002008833333324,25.52246766666669
Singapore,2025-03-24 00:00:00,13.585122375,20.94384425,0,24,3,0,16.062244875,24.0504505,18.57228929166666,27.65970441666669
Singapore,2025-03-24 06:00:00,17.63203275,26.67951575,6,24,3,0,13.585122375,20.94384425,17.446798999999995,26.127793333333358
Singapore,2025-03-24 12:00:00,21.23513825,31.10284325,12,24,3,0,17.63203275,26.67951575,15.759799999999993,23.89127016666669
Singapore,2025-03-24 18:00:00,13.74655775,20.29946725,18,24,3,0,21.23513825,31.10284325,17.48409779166666,26.24206775000003
Singapore,2025-03-25 00:00:00,16.18536775,24.1739145,0,25,3,1,13.74655775,20.29946725,17.537909583333327,26.027275416666686
Singapore,2025-03-25 06:00:00,25.66511625,37.579241,6,25,3,1,16.18536775,24.1739145,17.05568791666666,25.19207500000002
Singapore,2025-03-25 12:00:00,33.201644,47.61409425,12,25,3,1,25.66511625,37.579241,18.532347249999997,27.35087425000002
Singapore,2025-03-25 18:00:00,24.97665775,35.6026255,18,25,3,1,33.201644,47.61409425,25.017375999999995,36.45574991666669
Singapore,2025-03-26 00:00:00,36.4134675,51.6657785,0,26,3,2,24.97665775,35.6026255,27.947805999999996,40.26532025000003
Singapore,2025-03-26 06:00:00,35.18798075,50.048982,6,26,3,2,36.4134675,51.6657785,31.53058975,44.96083275000003
Singapore,2025-03-26 12:00:00,44.221878,62.45573949999999,12,26,3,2,35.18798075,50.048982,32.192702,45.772462000000026
Singapore,2025-03-26 18:00:00,30.04532825,42.2554085,18,26,3,2,44.221878,62.45573949999999,38.60777541666666,54.72350000000002
Singapore,2025-03-27 00:00:00,25.217787,35.409357500000006,0,27,3,3,30.04532825,42.2554085,36.485062333333325,51.58671000000002
Singapore,2025-03-27 06:00:00,29.72271325,41.99591725,6,27,3,3,25.217787,35.409357500000006,33.16166441666666,46.706835166666686
Singapore,2025-03-27 12:00:00,34.23158975,48.289963,12,27,3,3,29.72271325,41.99591725,28.3286095,39.88689441666669
Singapore,2025-03-27 18:00:00,27.69783675,39.00584025,18,27,3,3,34.23158975,48.289963,29.72403,41.89841258333336
Singapore,2025-03-28 00:00:00,27.0953535,38.3579395,0,28,3,4,27.69783675,39.00584025,30.55071325,43.097240166666694
Singapore,2025-03-28 06:00:00,30.55473025,43.6170065,6,28,3,4,27.0953535,38.3579395,29.674926666666664,41.88458091666669
Singapore,2025-03-28 12:00:00,41.36119025000001,58.4763025,12,28,3,4,30.55473025,43.6170065,28.449306833333328,40.32692875000003
Singapore,2025-03-28 18:00:00,27.28336325,38.38852125,18,28,3,4,41.36119025000001,58.4763025,33.003758,46.81708283333336
Singapore,2025-03-29 00:00:00,27.11689725,38.15682675,0,29,3,5,27.28336325,38.38852125,33.06642791666667,46.82727675000003
Singapore,2025-03-29 06:00:00,30.22036275,42.751239250000005,6,29,3,5,27.11689725,38.15682675,31.920483583333333,45.00721683333336
Singapore,2025-03-29 12:00:00,40.1245115,56.7633125,12,29,3,5,30.22036275,42.751239250000005,28.206874416666665,39.765529083333355
Singapore,2025-03-29 18:00:00,26.740594000000005,37.7481795,18,29,3,5,40.1245115,56.7633125,32.487257166666666,45.89045950000003
Singapore,2025-03-30 00:00:00,22.7873045,32.1400075,0,30,3,6,26.740594000000005,37.7481795,32.36182275,45.75424375000002
Singapore,2025-03-30 06:00:00,23.08872375,32.66239899999999,6,30,3,6,22.7873045,32.1400075,29.884136666666667,42.217166500000026
Singapore,2025-03-30 12:00:00,29.74298475,42.0462095,12,30,3,6,23.08872375,32.66239899999999,24.20554075,34.18352866666669
Singapore,2025-03-30 18:00:00,20.056689,28.24393175,18,30,3,6,29.74298475,42.0462095,25.206337666666666,35.61620533333336
Singapore,2025-03-31 00:00:00,4.153235909999999,5.871129425,0,31,3,0,20.056689,28.24393175,24.2961325,34.31751341666669
Singapore,2025-03-31 06:00:00,14.085501,19.94575925,6,31,3,0,4.153235909999999,5.871129425,17.984303219999997,25.387090225000026
Singapore,2025-03-31 12:00:00,29.924052250000003,42.39841175,12,31,3,0,14.085501,19.94575925,12.765141969999997,18.020273475000025
Singapore,2025-03-31 18:00:00,22.2344025,31.33192175,18,31,3,0,29.924052250000003,42.39841175,16.054263053333333,22.738433475000022
Singapore,2025-04-01 00:00:00,18.5556245,26.17753125,0,1,4,1,22.2344025,31.33192175,22.08131858333333,31.225364250000023
Singapore,2025-04-01 06:00:00,25.41437975,36.13268975,6,1,4,1,18.5556245,26.17753125,23.57135975,33.302621583333355
Singapore,2025-04-01 12:00:00,38.0805645,53.89901475,12,1,4,1,25.41437975,36.13268975,22.06813558333333,31.214047583333354
Singapore,2025-04-01 18:00:00,30.412309250000003,43.0836745,18,1,4,1,38.0805645,53.89901475,27.350189583333332,38.73641191666669
Singapore,2025-04-02 00:00:00,4.670709975,6.69001575,0,2,4,2,30.412309250000003,43.0836745,31.302417833333333,44.371793000000025
Singapore,2025-04-02 06:00:00,12.99632425,18.513049,6,2,4,2,4.670709975,6.69001575,24.38786124166667,34.55756833333336
Singapore,2025-04-02 12:00:00,25.42395775,36.097362,12,2,4,2,12.99632425,18.513049,16.026447825,22.762246416666688
Singapore,2025-04-02 18:00:00,18.63782,26.44924275,18,2,4,2,25.42395775,36.097362,14.363663991666664,20.43347558333335
Singapore,2025-04-03 00:00:00,18.20671975,26.04781425,0,3,4,3,18.63782,26.44924275,19.01936733333333,27.01988458333335
Singapore,2025-04-03 06:00:00,21.55511675,30.9327105,6,3,4,3,18.20671975,26.04781425,20.75616583333333,29.53147300000002
Singapore,2025-04-03 12:00:00,23.429869375000003,33.426573,12,3,4,3,21.55511675,30.9327105,19.466552166666663,27.809922500000017
Singapore,2025-04-03 18:00:00,15.257939,21.6369925,18,3,4,3,23.429869375000003,33.426573,21.063901958333332,30.135699250000016
Singapore,2025-04-04 00:00:00,11.57326325,16.43798,0,4,4,4,15.257939,21.6369925,20.080975041666665,28.66542533333335
Singapore,2025-04-04 06:00:00,15.874306375,22.69526075,6,4,4,4,11.57326325,16.43798,16.753690541666668,23.833848500000016
Singapore,2025-04-04 12:00:00,20.08759775,28.64231925,12,4,4,4,15.874306375,22.69526075,14.235169541666664,20.256744416666688
Singapore,2025-04-04 18:00:00,10.034455075,14.511954500000002,18,4,4,4,20.08759775,28.64231925,15.845055791666665,22.59185333333335
Singapore,2025-04-05 00:00:00,10.605049375,15.527575625,0,5,4,5,10.034455075,14.511954500000002,15.332119733333329,21.949844833333355
Singapore,2025-04-05 06:00:00,15.57111775,22.905936500000003,6,5,4,5,10.605049375,15.527575625,13.57570073333333,19.560616458333353
Singapore,2025-04-05 12:00:00,30.33622425,43.42851425,12,5,4,5,15.57111775,22.905936500000003,12.0702074,17.648488875000023
Singapore,2025-04-05 18:00:00,22.30979175,32.00261775,18,5,4,5,30.33622425,43.42851425,18.837463791666664,27.28734212500002
Singapore,2025-04-06 00:00:00,18.95818975,27.141141,0,6,4,6,22.30979175,32.00261775,22.739044583333328,32.77902283333335
Singapore,2025-04-06 06:00:00,17.248140749999997,24.87911375,6,6,4,6,18.95818975,27.141141,23.86806858333333,34.190757666666684
Singapore,2025-04-06 12:00:00,20.06103725,28.6444645,12,6,4,6,17.248140749999997,24.87911375,19.505374083333333,28.007624166666687
Singapore,2025-04-06 18:00:00,15.169718149999998,21.63201875,18,6,4,6,20.06103725,28.6444645,18.755789249999996,26.88823975000002
Singapore,2025-04-07 00:00:00,3.3933814975,4.8272567175,0,7,4,0,15.169718149999998,21.63201875,17.49296538333333,25.051865666666686
Singapore,2025-04-07 06:00:00,11.023388375,15.760719000000002,6,7,4,0,3.3933814975,4.8272567175,12.874712299166665,18.36791332250002
Singapore,2025-04-07 12:00:00,21.52626175,30.62842775,12,7,4,0,11.023388375,15.760719000000002,9.862162674166663,14.073331489166685
Singapore,2025-04-07 18:00:00,17.18780125,24.46830625,18,7,4,0,21.52626175,30.62842775,11.981010540833333,17.072134489166686
Singapore,2025-04-08 00:00:00,19.87700675,28.362365,0,8,4,1,17.18780125,24.46830625,16.57915045833333,23.61915100000002
Singapore,2025-04-08 06:00:00,23.70390475,33.86225,6,8,4,1,19.87700675,28.362365,19.530356583333333,27.81969966666669
Singapore,2025-04-08 12:00:00,25.212329875,35.929361500000006,12,8,4,1,23.70390475,33.86225,20.25623758333333,28.89764041666669
Singapore,2025-04-08 18:00:00,19.5927895,27.84963725,18,8,4,1,25.212329875,35.929361500000006,22.93108045833333,32.71799216666669
Singapore,2025-04-09 00:00:00,15.7563135,22.41563375,0,9,4,2,19.5927895,27.84963725,22.836341375,32.54708291666669
Singapore,2025-04-09 06:00:00,17.47102375,24.94365925,6,9,4,2,15.7563135,22.41563375,20.187144291666666,28.73154416666669
Singapore,2025-04-09 12:00:00,26.849676,38.12030525,12,9,4,2,17.47102375,24.94365925,17.606708916666665,25.06964341666669
Singapore,2025-04-09 18:00:00,24.091804,34.164145,18,9,4,2,26.849676,38.12030525,20.025671083333332,28.493199416666688
Singapore,2025-04-10 00:00:00,13.51367,19.164304,0,10,4,3,24.091804,34.164145,22.804167916666668,32.40936983333335
Singapore,2025-04-10 06:00:00,15.42406375,21.96532,6,10,4,3,13.51367,19.164304,21.48505,30.48291808333335
Singapore,2025-04-10 12:00:00,24.1112585,34.281299999999995,12,10,4,3,15.42406375,21.96532,17.67651258333333,25.09792300000002
Singapore,2025-04-10 18:00:00,18.79965325,26.7191925,18,10,4,3,24.1112585,34.281299999999995,17.682997416666666,25.136974666666685
Singapore,2025-04-11 00:00:00,22.04080825,31.30759325,0,11,4,4,18.79965325,26.7191925,19.444991833333333,27.65527083333335
Singapore,2025-04-11 06:00:00,18.480307125,26.31753675,6,11,4,4,22.04080825,31.30759325,21.65057333333333,30.769361916666682
Singapore,2025-04-11 12:00:00,32.655207749999995,46.375532750000005,12,11,4,4,18.480307125,26.31753675,19.773589541666666,28.114774166666688
Singapore,2025-04-11 18:00:00,21.06372675,29.884006,18,11,4,4,32.655207749999995,46.375532750000005,24.39210770833333,34.666887583333356
Singapore,2025-04-12 00:00:00,2.770320825,3.91719375,0,12,4,5,21.06372675,29.884006,24.066413874999995,34.19235850000002
Singapore,2025-04-12 06:00:00,13.0297905,18.568457,6,12,4,5,2.770320825,3.91719375,18.829751775,26.725577500000018
Singapore,2025-04-12 12:00:00,26.7255305,37.9436355,12,12,4,5,13.0297905,18.568457,12.287946024999998,17.45655225000002
Singapore,2025-04-12 18:00:00,12.475425,17.7112725,18,12,4,5,26.7255305,37.9436355,14.175213941666664,20.143095416666686
Singapore,2025-04-13 00:00:00,17.84690075,25.292593,0,13,4,6,12.475425,17.7112725,17.410248666666664,24.741121666666686
Singapore,2025-04-13 06:00:00,21.060032000000003,29.995306,6,13,4,6,17.84690075,25.292593,19.015952083333328,26.982500333333352
Singapore,2025-04-13 12:00:00,26.83111675,38.072528,12,13,4,6,21.060032000000003,29.995306,17.127452583333334,24.333057166666688
Singapore,2025-04-13 18:00:00,22.079462,31.31140175,18,13,4,6,26.83111675,38.072528,21.912683166666664,31.120142333333348
Singapore,2025-04-14 00:00:00,13.289991375,18.83563525,0,14,4,0,22.079462,31.31140175,23.323536916666665,33.12641191666668
Singapore,2025-04-14 06:00:00,20.6876365,29.426502,6,14,4,0,13.289991375,18.83563525,20.733523374999994,29.406521666666688
Singapore,2025-04-14 12:00:00,21.307016750000003,30.278443,12,14,4,0,20.6876365,29.426502,18.685696625,26.524513000000017
Singapore,2025-04-14 18:00:00,10.965777674999998,15.61647875,18,14,4,0,21.307016750000003,30.278443,18.428214875,26.180193416666683
Singapore,2025-04-15 00:00:00,9.5477049,13.57091145,0,15,4,1,10.965777674999998,15.61647875,17.653476975,25.107141250000016
Singapore,2025-04-15 06:00:00,18.19509525,25.95311325,6,15,4,1,9.5477049,13.57091145,13.940166441666664,19.821944400000017
Singapore,2025-04-15 12:00:00,24.0174815,34.195125,12,15,4,1,18.19509525,25.95311325,12.902859274999997,18.380167816666685
Singapore,2025-04-15 18:00:00,20.813672625,29.598596,18,15,4,1,24.0174815,34.195125,17.253427216666665,24.57304990000002
Singapore,2025-04-16 00:00:00,16.978447,24.10524725,0,16,4,2,20.813672625,29.598596,21.008749791666663,29.915611416666682
Singapore,2025-04-16 06:00:00,26.44162575,37.60328525,6,16,4,2,16.978447,24.10524725,20.603200374999997,29.29965608333335
Singapore,2025-04-16 12:00:00,37.635573,53.437901,12,16,4,2,26.44162575,37.60328525,21.41124845833333,30.43570950000002
Singapore,2025-04-16 18:00:00,20.04748,28.39351525,18,16,4,2,37.635573,53.437901,27.01854858333333,38.38214450000002
Singapore,2025-04-17 00:00:00,0.9831069250000002,1.393857475,0,17,4,3,20.04748,28.39351525,28.041559583333328,39.811567166666684
Singapore,2025-04-17 06:00:00,8.44931945,11.991232900000002,6,17,4,3,0.9831069250000002,1.393857475,19.555386641666665,27.74175790833335
Singapore,2025-04-17 12:00:00,29.4651265,41.6946195,12,17,4,3,8.44931945,11.991232900000002,9.826635458333334,13.926201875000018
Singapore,2025-04-17 18:00:00,31.728092250000003,44.9068125,18,17,4,3,29.4651265,41.6946195,12.965850958333334,18.359903291666686
Singapore,2025-04-18 00:00:00,14.426177725,20.46976945,0,18,4,4,31.728092250000003,44.9068125,23.214179400000003,32.86422163333335
Singapore,2025-04-18 06:00:00,20.1022774,28.60821275,6,18,4,4,14.426177725,20.46976945,25.206465491666666,35.690400483333356
Singapore,2025-04-18 12:00:00,34.209037,48.5936485,12,18,4,4,20.1022774,28.60821275,22.085515791666666,31.328264900000022
Singapore,2025-04-18 18:00:00,21.11849525,29.98581275,18,18,4,4,34.209037,48.5936485,22.912497375,32.55721023333336
Singapore,2025-04-19 00:00:00,18.1507575,25.796851,0,19,4,5,21.11849525,29.98581275,25.143269883333332,35.72922466666669
Singapore,2025-04-19 06:00:00,15.37952675,21.926013,6,19,4,5,18.1507575,25.796851,24.49276325,34.792104083333356
Singapore,2025-04-19 12:00:00,19.679888,27.9712825,12,19,4,5,15.37952675,21.926013,18.216259833333336,25.90289225000002
Singapore,2025-04-19 18:00:00,16.458159249999998,23.36071225,18,19,4,5,19.679888,27.9712825,17.736724083333332,25.231382166666688
Singapore,2025-04-20 00:00:00,11.660574625,16.535921125,0,20,4,6,16.458159249999998,23.36071225,17.172524666666664,24.419335916666682
Singapore,2025-04-20 06:00:00,16.012080625,22.80796675,6,20,4,6,11.660574625,16.535921125,15.932873958333333,22.622638625000018
Singapore,2025-04-20 12:00:00,25.68296475,36.5435825,12,20,4,6,16.012080625,22.80796675,14.7102715,20.901533375000017
Singapore,2025-04-20 18:00:00,20.6223375,29.27964725,18,20,4,6,25.68296475,36.5435825,17.785206666666667,25.29582345833335
Singapore,2025-04-21 00:00:00,13.545587675,19.231038,0,21,4,0,20.6223375,29.27964725,20.77246095833333,29.543732166666686
Singapore,2025-04-21 06:00:00,19.273585375,27.453808,6,21,4,0,13.545587675,19.231038,19.950296641666668,28.35142258333335
Singapore,2025-04-21 12:00:00,31.070244,44.18268475,12,21,4,0,19.273585375,27.453808,17.81383685,25.32149775000002
Singapore,2025-04-21 18:00:00,25.7675195,36.62546525,18,21,4,0,31.070244,44.18268475,21.296472350000002,30.289176916666687
Singapore,2025-04-22 00:00:00,37.979703,54.02552,0,22,4,1,25.7675195,36.62546525,25.370449624999996,36.08731933333335
Singapore,2025-04-22 06:00:00,33.94717425,48.431501,6,22,4,1,37.979703,54.02552,31.605822166666666,44.94455666666668
Singapore,2025-04-22 12:00:00,34.10272625,48.56030925,12,22,4,1,33.94717425,48.431501,32.56479891666667,46.36082875000002
Singapore,2025-04-22 18:00:00,28.4259725,40.373578,18,22,4,1,34.10272625,48.56030925,35.34320116666667,50.33911008333336
Singapore,2025-04-23 00:00:00,13.94187165,19.817094,0,23,4,2,28.4259725,40.373578,32.158624333333336,45.78846275000003
Singapore,2025-04-23 06:00:00,21.225901,30.212163250000003,6,23,4,2,13.94187165,19.817094,25.490190133333332,36.25032708333335
Singapore,2025-04-23 12:00:00,31.23457775,44.40281075,12,23,4,2,21.225901,30.212163250000003,21.197915050000002,30.13427841666669
Singapore,2025-04-23 18:00:00,31.42857,44.640813,18,23,4,2,31.23457775,44.40281075,22.1341168,31.477356000000025
Singapore,2025-04-24 00:00:00,30.45261075,43.27512275,0,24,4,3,31.42857,44.640813,27.96301625,39.751929000000025
Singapore,2025-04-24 06:00:00,29.8317955,42.4953445,6,24,4,3,30.45261075,43.27512275,31.038586166666665,44.10624883333335
Singapore,2025-04-24 12:00:00,41.439051,58.879379750000005,12,24,4,3,29.8317955,42.4953445,30.570992083333334,43.47042675000002
Singapore,2025-04-24 18:00:00,36.83692275,52.316409,18,24,4,3,41.439051,58.879379750000005,33.90781908333333,48.21661566666669
Singapore,2025-04-25 00:00:00,31.429636,44.590195,0,25,4,4,36.83692275,52.316409,36.03592308333333,51.230377750000024
Singapore,2025-04-25 06:00:00,28.90969575,41.1449435,6,25,4,4,31.429636,44.590195,36.568536583333334,51.928661250000026
Singapore,2025-04-25 12:00:00,34.10281125,48.42115625,12,25,4,4,28.90969575,41.1449435,32.392084833333335,46.017182500000025
Singapore,2025-04-25 18:00:00,18.962708625,26.864313375,18,25,4,4,34.10281125,48.42115625,31.480714333333335,44.718764916666686
Singapore,2025-04-26 00:00:00,20.0861905,28.449449,0,26,4,5,18.962708625,26.864313375,27.325071875000003,38.81013770833336
Singapore,2025-04-26 06:00:00,15.178585500000002,21.61277725,6,26,4,5,20.0861905,28.449449,24.383903458333336,34.57830620833336
Singapore,2025-04-26 12:00:00,25.27380575,35.87823,12,26,4,5,15.178585500000002,21.61277725,18.075828208333334,25.64217987500002
Singapore,2025-04-26 18:00:00,18.253104,25.87725575,18,26,4,5,25.27380575,35.87823,20.17952725,28.646818750000023
Singapore,2025-04-27 00:00:00,16.35567075,23.205871,0,27,4,6,18.253104,25.87725575,19.568498416666667,27.789421000000022
Singapore,2025-04-27 06:00:00,17.515532500000003,24.9362985,6,27,4,6,16.35567075,23.205871,19.960860166666667,28.320452250000017
Singapore,2025-04-27 12:00:00,23.8201775,33.8058615,12,27,4,6,17.515532500000003,24.9362985,17.374769083333334,24.673141750000017
Singapore,2025-04-27 18:00:00,21.76946675,30.851396250000004,18,27,4,6,23.8201775,33.8058615,19.230460250000004,27.31601033333335
Singapore,2025-04-28 00:00:00,20.7461425,29.35206525,0,28,4,0,21.76946675,30.851396250000004,21.035058916666667,29.86451875000002
Singapore,2025-04-28 06:00:00,21.1804975,30.058317500000005,6,28,4,0,20.7461425,29.35206525,22.111928916666667,31.336441000000022
Singapore,2025-04-28 12:00:00,29.48237925,41.78940574999999,12,28,4,0,21.1804975,30.058317500000005,21.23203558333333,30.087259666666686
Singapore,2025-04-28 18:00:00,24.758009,35.0933645,18,28,4,0,29.48237925,41.78940574999999,23.803006416666666,33.73326283333335
Singapore,2025-04-29 00:00:00,23.20325625,32.92461775,0,29,4,1,24.758009,35.0933645,25.140295249999998,35.647029250000024
Singapore,2025-04-29 06:00:00,25.01825225,35.5864245,6,29,4,1,23.20325625,32.92461775,25.81454816666667,36.60246266666669
Singapore,2025-04-29 12:00:00,38.134516000000005,54.2281095,12,29,4,1,25.01825225,35.5864245,24.326505833333332,34.53480225000002
Singapore,2025-04-29 18:00:00,18.9913295,26.9604925,18,29,4,1,38.134516000000005,54.2281095,28.7853415,40.91305058333335
Singapore,2025-04-30 00:00:00,5.133642875,7.290282249999999,0,30,4,2,18.9913295,26.9604925,27.38136591666667,38.92500883333335
Singapore,2025-04-30 06:00:00,12.39789075,17.68725625,6,30,4,2,5.133642875,7.290282249999999,20.753162791666668,29.492961416666688
Singapore,2025-04-30 12:00:00,19.89854325,28.31882225,12,30,4,2,12.39789075,17.68725625,12.174287708333333,17.31267700000002
Singapore,2025-04-30 18:00:00,18.14481725,25.801569,18,30,4,2,19.89854325,28.31882225,12.476692291666666,17.765453583333354
Singapore,2025-05-01 00:00:00,10.185203875,14.471879625,0,1,5,3,18.14481725,25.801569,16.813750416666664,23.93588250000002
Singapore,2025-05-01 06:00:00,16.573096749999998,23.5929465,6,1,5,3,10.185203875,14.471879625,16.076188124999998,22.864090291666685
Singapore,2025-05-01 12:00:00,30.12985375,42.85863025,12,1,5,3,16.573096749999998,23.5929465,14.967705958333331,21.28879837500002
Singapore,2025-05-01 18:00:00,27.1699605,38.62726325,18,1,5,3,30.12985375,42.85863025,18.962718125,26.97448545833335
Singapore,2025-05-02 00:00:00,22.7345255,32.33299175,0,2,5,4,27.1699605,38.62726325,24.624303666666663,35.026280000000014
Singapore,2025-05-02 06:00:00,21.11887925,30.0641715,6,2,5,4,22.7345255,32.33299175,26.67811325,37.939628416666686
Singapore,2025-05-02 12:00:00,26.56064175,37.73325875,12,2,5,4,21.11887925,30.0641715,23.67445508333333,33.67480883333335
Singapore,2025-05-02 18:00:00,28.134564500000003,39.9258505,18,2,5,4,26.56064175,37.73325875,23.471348833333334,33.37680733333335
Singapore,2025-05-03 00:00:00,18.27436325,25.9424265,0,3,5,5,28.134564500000003,39.9258505,25.271361833333334,35.90776025000002
Singapore,2025-05-03 06:00:00,18.28144025,26.01078125,6,3,5,5,18.27436325,25.9424265,24.323189833333334,34.53384525000002
Singapore,2025-05-03 12:00:00,39.5302215,56.07728275,12,3,5,5,18.28144025,26.01078125,21.563456000000002,30.62635275000002
Singapore,2025-05-03 18:00:00,23.85770875,33.82354,18,3,5,5,39.5302215,56.07728275,25.362008333333335,36.010163500000026
Singapore,2025-05-04 00:00:00,15.536158999999998,22.1016305,0,4,5,6,23.85770875,33.82354,27.2231235,38.63720133333336
Singapore,2025-05-04 06:00:00,15.946881125,22.6876295,6,4,5,6,15.536158999999998,22.1016305,26.30802975,37.33415108333335
Singapore,2025-05-04 12:00:00,29.165676,41.253712750000005,12,4,5,6,15.946881125,22.6876295,18.446916291666668,26.204266666666687
Singapore,2025-05-04 18:00:00,26.6898045,37.66797375,18,4,5,6,29.165676,41.253712750000005,20.216238708333332,28.68099091666669
Singapore,2025-05-05 00:00:00,36.89311275,52.06402525,0,5,5,0,26.6898045,37.66797375,23.93412054166667,33.86977200000002
Singapore,2025-05-05 06:00:00,36.51166525,51.587136750000006,6,5,5,0,36.89311275,52.06402525,30.91619775,43.66190391666669
Singapore,2025-05-05 12:00:00,42.13740075,59.523187750000005,12,5,5,0,36.51166525,51.587136750000006,33.36486083333333,47.10637858333336
Singapore,2025-05-05 18:00:00,29.507532,41.53400875,18,5,5,0,42.13740075,59.523187750000005,38.51405958333333,54.391449916666694
Singapore,2025-05-06 00:00:00,8.340748475,11.770907925,0,6,5,1,29.507532,41.53400875,36.052199333333334,50.88144441666669
Singapore,2025-05-06 06:00:00,17.77071675,25.16517825,6,6,5,1,8.340748475,11.770907925,26.661893741666663,37.609368141666685
Singapore,2025-05-06 12:00:00,30.7966275,43.4857845,12,6,5,1,17.77071675,25.16517825,18.539665741666667,26.156698308333358
Singapore,2025-05-06 18:00:00,28.5941155,40.08052225,18,6,5,1,30.7966275,43.4857845,18.969364241666668,26.80729022500002
Singapore,2025-05-07 00:00:00,13.952558,19.47717025,0,7,5,2,28.5941155,40.08052225,25.720486583333336,36.243828333333354
Singapore,2025-05-07 06:00:00,20.55350025,28.79815525,6,7,5,2,13.952558,19.47717025,24.447767,34.34782566666669
Singapore,2025-05-07 12:00:00,30.534494,42.722263,12,7,5,2,20.55350025,28.79815525,21.03339125,29.451949250000023
Singapore,2025-05-07 18:00:00,22.30027025,30.9164535,18,7,5,2,30.534494,42.722263,21.680184083333334,30.33252950000002
Singapore,2025-05-08 00:00:00,40.223313,55.644022750000005,0,8,5,3,22.30027025,30.9164535,24.462754833333335,34.145623916666686
Singapore,2025-05-08 06:00:00,35.296708,49.1655775,6,8,5,3,40.223313,55.644022750000005,31.01935908333333,43.09424641666669
Singapore,2025-05-08 12:00:00,44.14766925,61.6537365,12,8,5,3,35.296708,49.1655775,32.60676375,45.24201791666669
Singapore,2025-05-08 18:00:00,38.6073115,53.85891175,18,8,5,3,44.14766925,61.6537365,39.88923008333334,55.48777891666669
Singapore,2025-05-09 00:00:00,31.3001465,43.75016275,0,9,5,4,38.6073115,53.85891175,39.35056291666667,54.892741916666694
Singapore,2025-05-09 06:00:00,31.969776249999995,45.01211425,6,9,5,4,31.3001465,43.75016275,38.018375750000004,53.08760366666669
Singapore,2025-05-09 12:00:00,45.184151500000006,63.5293985,12,9,5,4,31.969776249999995,45.01211425,33.95907808333333,47.54039625000002
Singapore,2025-05-09 18:00:00,38.84264275,54.304791,18,9,5,4,45.184151500000006,63.5293985,36.15135808333333,50.76389183333336
Singapore,2025-05-10 00:00:00,28.00811675,39.05495325,0,10,5,5,38.84264275,54.304791,38.6655235,54.28210125000002
Singapore,2025-05-10 06:00:00,35.537014,49.688295,6,10,5,5,28.00811675,39.05495325,37.344970333333336,52.29638091666669
Singapore,2025-05-10 12:00:00,41.950642,58.825434,12,10,5,5,35.537014,49.688295,34.129257833333334,47.68267975000001
Singapore,2025-05-10 18:00:00,30.76741,42.91700875,18,10,5,5,41.950642,58.825434,35.16525758333333,49.18956075000002
Singapore,2025-05-11 00:00:00,10.121311675,14.24757575,0,11,5,6,30.76741,42.91700875,36.085022,50.47691258333336
Singapore,2025-05-11 06:00:00,19.373374,27.49325725,6,11,5,6,10.121311675,14.24757575,27.613121225,38.66333950000003
Singapore,2025-05-11 12:00:00,25.20312125,35.67686225,12,11,5,6,19.373374,27.49325725,20.087365224999996,28.219280583333358
Singapore,2025-05-11 18:00:00,19.15339,27.00437575,18,11,5,6,25.20312125,35.67686225,18.23260230833333,25.80589841666669
Singapore,2025-05-12 00:00:00,22.803533375,32.19133775,0,12,5,0,19.15339,27.00437575,21.24329508333333,30.05816508333336
Singapore,2025-05-12 06:00:00,26.58744325,37.7557965,6,12,5,0,22.803533375,32.19133775,22.38668154166666,31.624191916666692
Singapore,2025-05-12 12:00:00,34.951597,49.61441375,12,12,5,0,26.58744325,37.7557965,22.848122208333333,32.317170000000026
Singapore,2025-05-12 18:00:00,35.21552125,49.9491085,18,12,5,0,34.951597,49.61441375,28.114191208333335,39.853849333333365
Singapore,2025-05-13 00:00:00,45.728797,64.78421825000001,0,13,5,1,35.21552125,49.9491085,32.2515205,45.77310625000002
Singapore,2025-05-13 06:00:00,48.210737,68.4335645,6,13,5,1,45.728797,64.78421825000001,38.63197175,54.78258016666669
Singapore,2025-05-13 12:00:00,49.8104945,70.60597675,12,13,5,1,48.210737,68.4335645,43.05168508333333,61.0556304166667
Singapore,2025-05-13 18:00:00,30.56177925,43.14199475,18,13,5,1,49.8104945,70.60597675,47.91667616666666,67.94125316666668
Singapore,2025-05-14 00:00:00,34.6304315,48.84469725,0,14,5,2,30.56177925,43.14199475,42.86100358333332,60.727178666666696
Singapore,2025-05-14 06:00:00,37.65472875,53.26296575,6,14,5,2,34.6304315,48.84469725,38.33423508333333,54.19755625000003
Singapore,2025-05-14 12:00:00,43.6214125,61.5463025,12,14,5,2,37.65472875,53.26296575,34.28231316666666,48.416552583333356
Singapore,2025-05-14 18:00:00,42.134502,59.340549,18,14,5,2,43.6214125,61.5463025,38.635524249999996,54.55132183333336
Singapore,2025-05-15 00:00:00,39.66817975,55.894929,0,15,5,3,42.134502,59.340549,41.13688108333333,58.049939083333356
Singapore,2025-05-15 06:00:00,34.3745515,48.6007815,6,15,5,3,39.66817975,55.894929,41.808031416666665,58.92726016666669
Singapore,2025-05-15 12:00:00,40.9873735,57.95297475,12,15,5,3,34.3745515,48.6007815,38.725744416666664,54.612086500000025
Singapore,2025-05-15 18:00:00,36.07362925,50.99087725,18,15,5,3,40.9873735,57.95297475,38.34336825,54.149561750000025
Singapore,2025-05-16 00:00:00,34.210132,48.3502165,0,16,5,4,36.07362925,50.99087725,37.14518475,52.51487783333335
Singapore,2025-05-16 06:00:00,33.25010325,47.37194125,6,16,5,4,34.210132,48.3502165,37.09037825,52.43135616666669
Singapore,2025-05-16 12:00:00,32.8925295,46.657419,12,16,5,4,33.25010325,47.37194125,34.51128816666667,48.90434500000001
Singapore,2025-05-16 18:00:00,29.297737500000004,41.4518125,18,16,5,4,32.8925295,46.657419,33.45092158333333,47.45985891666669
Singapore,2025-05-17 00:00:00,8.973756850000001,12.711780075,0,17,5,5,29.297737500000004,41.4518125,31.81345675,45.16039091666669
Singapore,2025-05-17 06:00:00,15.058461,21.5029275,6,17,5,5,8.973756850000001,12.711780075,23.721341283333334,33.60700385833336
Singapore,2025-05-17 12:00:00,22.0186675,31.2562915,12,17,5,5,15.058461,21.5029275,17.77665178333333,25.22217335833336
Singapore,2025-05-17 18:00:00,14.261331625,20.186689625,18,17,5,5,22.0186675,31.2562915,15.350295116666665,21.823666358333355
Singapore,2025-05-18 00:00:00,18.47377025,26.1081825,0,18,5,6,14.261331625,20.186689625,17.112820041666666,24.315302875000025
Singapore,2025-05-18 06:00:00,23.513948,33.308851,6,18,5,6,18.47377025,26.1081825,18.25125645833333,25.850387875000024
Singapore,2025-05-18 12:00:00,24.677547,34.950375,12,18,5,6,23.513948,33.308851,18.749683291666667,26.534574375000023
Singapore,2025-05-18 18:00:00,17.91465825,25.26485325,18,18,5,6,24.677547,34.950375,22.221755083333335,31.455802833333355
Singapore,2025-05-19 00:00:00,21.794449250000003,30.67066225,0,19,5,0,17.91465825,25.26485325,22.035384416666663,31.174693083333356
Singapore,2025-05-19 06:00:00,24.54524425,34.7183685,6,19,5,0,21.794449250000003,30.67066225,21.462218166666663,30.295296833333357
Singapore,2025-05-19 12:00:00,29.770078,41.8813785,12,19,5,0,24.54524425,34.7183685,21.418117249999998,30.217961333333353
Singapore,2025-05-19 18:00:00,19.122637750000003,26.77109025,18,19,5,0,29.770078,41.8813785,25.36992383333333,35.75680308333335
Singapore,2025-05-20 00:00:00,3.6668269,5.1691132500000005,0,20,5,1,19.122637750000003,26.77109025,24.47932,34.456945750000024
Singapore,2025-05-20 06:00:00,4.938556225,7.02138425,6,20,5,1,3.6668269,5.1691132500000005,17.519847549999998,24.607194000000025
Singapore,2025-05-20 12:00:00,19.463613,27.44110375,12,20,5,1,4.938556225,7.02138425,9.242673624999998,12.98719591666669
Singapore,2025-05-20 18:00:00,17.46380475,24.384349,18,20,5,1,19.463613,27.44110375,9.356332041666663,13.210533750000025
Singapore,2025-05-21 00:00:00,13.365763500000002,18.74335,0,21,5,2,17.46380475,24.384349,13.95532465833333,19.615612333333356
Singapore,2025-05-21 06:00:00,19.07541525,26.99584875,6,21,5,2,13.365763500000002,18.74335,16.76439375,23.522934250000024
Singapore,2025-05-21 12:00:00,30.588864750000003,43.06127725,12,21,5,2,19.07541525,26.99584875,16.6349945,23.37451591666669
Singapore,2025-05-21 18:00:00,21.285643625,29.786747,18,21,5,2,30.588864750000003,43.06127725,21.0100145,29.60015866666669
Singapore,2025-05-22 00:00:00,14.81782875,20.74386875,0,22,5,3,21.285643625,29.786747,23.649974541666666,33.28129100000002
Singapore,2025-05-22 06:00:00,24.14387275,33.83911525,6,22,5,3,14.81782875,20.74386875,22.230779041666665,31.19729766666669
Singapore,2025-05-22 12:00:00,36.769222,51.15322225,12,22,5,3,24.14387275,33.83911525,20.082448375,28.123243666666692
Singapore,2025-05-22 18:00:00,31.7619425,43.84185125,18,22,5,3,36.769222,51.15322225,25.243641166666663,35.24540208333335
Singapore,2025-05-23 00:00:00,15.88443875,22.031145,0,23,5,4,31.7619425,43.84185125,30.89167908333333,42.944729583333356
Singapore,2025-05-23 06:00:00,17.08508575,24.1057025,6,23,5,4,15.88443875,22.031145,28.138534416666662,39.008739500000026
Singapore,2025-05-23 12:00:00,24.283622750000003,34.3469535,12,23,5,4,17.08508575,24.1057025,21.577155666666666,29.992899583333358
Singapore,2025-05-23 18:00:00,24.679138625,34.801700999999994,18,23,5,4,24.283622750000003,34.3469535,19.084382416666667,26.827933666666695
Singapore,2025-05-24 00:00:00,19.4033305,27.497435,0,24,5,5,24.679138625,34.801700999999994,22.01594904166667,31.084785666666694
Singapore,2025-05-24 06:00:00,18.886879500000003,26.885431500000003,6,24,5,5,19.4033305,27.497435,22.788697291666665,32.21536316666669
Singapore,2025-05-24 12:00:00,21.41854325,30.35415825,12,24,5,5,18.886879500000003,26.885431500000003,20.989782875,29.72818916666669
Singapore,2025-05-24 18:00:00,22.7667555,32.15677725,18,24,5,5,21.41854325,30.35415825,19.90291775,28.24567491666669
Singapore,2025-05-25 00:00:00,10.067708425,14.28611555,0,25,5,6,22.7667555,32.15677725,21.024059416666663,29.798789000000028
Singapore,2025-05-25 06:00:00,16.53722875,23.506857,6,25,5,6,10.067708425,14.28611555,18.084335724999995,25.599017016666693
Singapore,2025-05-25 12:00:00,31.33430925,44.432567250000005,12,25,5,6,16.53722875,23.506857,16.457230891666665,23.316583266666694
Singapore,2025-05-25 18:00:00,26.706402,37.8026925,18,25,5,6,31.33430925,44.432567250000005,19.313082141666666,27.4085132666667
Singapore,2025-05-26 00:00:00,19.780145375,27.678425,0,26,5,0,26.706402,37.8026925,24.859313333333333,35.247372250000026
Singapore,2025-05-26 06:00:00,24.653673,34.559491,6,26,5,0,19.780145375,27.678425,25.940285541666668,36.637894916666696
Singapore,2025-05-26 12:00:00,33.393576,46.6195615,12,26,5,0,24.653673,34.559491,23.713406791666667,33.346869500000025
Singapore,2025-05-26 18:00:00,28.65704125,39.8677,18,26,5,0,33.393576,46.6195615,25.942464791666666,36.285825833333355
Singapore,2025-05-27 00:00:00,36.0582815,50.1345325,0,27,5,1,28.65704125,39.8677,28.901430083333327,40.34891750000003
Singapore,2025-05-27 06:00:00,36.486427,51.176243500000005,6,27,5,1,36.0582815,50.1345325,32.702966249999996,45.540598000000024
Singapore,2025-05-27 12:00:00,36.91525325,51.91827775,12,27,5,1,36.486427,51.176243500000005,33.733916583333325,47.05949200000003
Singapore,2025-05-27 18:00:00,19.2297875,26.99391625,18,27,5,1,36.91525325,51.91827775,36.48665391666666,51.07635125000002
Singapore,2025-05-28 00:00:00,2.10138748,2.9782540875,0,28,5,2,19.2297875,26.99391625,30.877155916666663,43.362812500000025
Singapore,2025-05-28 06:00:00,12.41664925,17.69672075,6,28,5,2,2.10138748,2.9782540875,19.41547607666666,27.296816029166692
Singapore,2025-05-28 12:00:00,21.674111125,30.79264825,12,28,5,2,12.41664925,17.69672075,11.249274743333329,15.889630362500027
Singapore,2025-05-28 18:00:00,12.405167,17.50436225,18,28,5,2,21.674111125,30.79264825,12.064049284999996,17.155874362500025
Singapore,2025-05-29 00:00:00,33.088212750000004,46.39622375,0,29,5,3,12.405167,17.50436225,15.498642458333329,21.997910416666695
Singapore,2025-05-29 06:00:00,35.89923375,50.69978225,6,29,5,3,33.088212750000004,46.39622375,22.389163625,31.56441141666669
Singapore,2025-05-29 12:00:00,44.5807015,62.67146,12,29,5,3,35.89923375,50.69978225,27.13087116666666,38.20012275000002
Singapore,2025-05-29 18:00:00,36.094889,50.597691,18,29,5,3,44.5807015,62.67146,37.856049333333324,53.25582200000002
Singapore,2025-05-30 00:00:00,26.0979505,36.457096,0,30,5,4,36.094889,50.597691,38.85827475,54.65631108333336
Singapore,2025-05-30 06:00:00,18.1773315,25.47949325,6,30,5,4,26.0979505,36.457096,35.591180333333334,49.90874900000003
Singapore,2025-05-30 12:00:00,23.6673255,33.04614925,12,30,5,4,18.1773315,25.47949325,26.790056999999994,37.51142675000002
Singapore,2025-05-30 18:00:00,22.78005675,31.582772,18,30,5,4,23.6673255,33.04614925,22.647535833333325,31.660912833333356
Singapore,2025-05-31 00:00:00,8.06818425,11.176439475,0,31,5,5,22.78005675,31.582772,21.541571249999993,30.03613816666669
Singapore,2025-05-31 06:00:00,21.97265275,30.81595425,6,31,5,5,8.06818425,11.176439475,18.171855499999996,25.26845357500002
Singapore,2025-05-31 12:00:00,30.528440250000003,42.612442,12,31,5,5,21.97265275,30.81595425,17.60696458333333,24.52505524166669
Singapore,2025-05-31 18:00:00,28.34940475,39.18336225,18,31,5,5,30.528440250000003,42.612442,20.189759083333332,28.20161190833336
Singapore,2025-06-01 00:00:00,6.912614375,9.65431475,0,1,6,6,28.34940475,39.18336225,26.950165916666663,37.537252833333355
Singapore,2025-06-01 06:00:00,11.888801,16.850890625,6,1,6,6,6.912614375,9.65431475,21.930153124999993,30.483373000000025
Singapore,2025-06-01 12:00:00,22.00962975,31.1195555,12,1,6,6,11.888801,16.850890625,15.716940041666662,21.896189208333357
Singapore,2025-06-01 18:00:00,14.902852499999998,20.871965125,18,1,6,6,22.00962975,31.1195555,13.603681708333328,19.208253625000022
Singapore,2025-06-02 00:00:00,8.380467975,11.77886585,0,2,6,0,14.902852499999998,20.871965125,16.267094416666662,22.94747041666669
Singapore,2025-06-02 06:00:00,12.9287655,18.38009225,6,2,6,0,8.380467975,11.77886585,15.097650074999995,21.25679549166669
Singapore,2025-06-02 12:00:00,23.675625000000004,33.4479465,12,2,6,0,12.9287655,18.38009225,12.070695324999996,17.010307741666686
Singapore,2025-06-02 18:00:00,16.781925374999997,23.50356025,18,2,6,0,23.675625000000004,33.4479465,14.994952824999999,21.202301533333355
Singapore,2025-06-03 00:00:00,20.810631375,28.82484325,0,3,6,1,16.781925374999997,23.50356025,17.795438624999996,25.11053300000002
Singapore,2025-06-03 06:00:00,26.24540225,36.698794,6,3,6,1,20.810631375,28.82484325,20.422727249999998,28.592116666666687
Singapore,2025-06-03 12:00:00,35.560789,49.42705675,12,3,6,1,26.24540225,36.698794,21.279319666666662,29.67573250000002
Singapore,2025-06-03 18:00:00,32.95922125,45.71771225,18,3,6,1,35.560789,49.42705675,27.538940874999994,38.31689800000002
Singapore,2025-06-04 00:00:00,16.233087649999998,22.531366875,0,4,6,2,32.95922125,45.71771225,31.58847083333333,43.94785433333336
Singapore,2025-06-04 06:00:00,22.02551725,30.85597225,6,4,6,2,16.233087649999998,22.531366875,28.251032633333327,39.22537862500002
Singapore,2025-06-04 12:00:00,36.05515575,50.33894,12,4,6,2,22.02551725,30.85597225,23.739275383333325,33.035017125000024
Singapore,2025-06-04 18:00:00,38.73607575,54.10396375,18,4,6,2,36.05515575,50.33894,24.771253549999994,34.57542637500002
Singapore,2025-06-05 00:00:00,23.82209625,33.3852485,0,5,6,3,38.73607575,54.10396375,32.27224958333333,45.09962533333336
Singapore,2025-06-05 06:00:00,24.082169,34.060804,6,5,6,3,23.82209625,33.3852485,32.871109249999996,45.94271741666669
Singapore,2025-06-05 12:00:00,32.6298845,45.8533125,12,5,6,3,24.082169,34.060804,28.88011366666666,40.516672083333354
Singapore,2025-06-05 18:00:00,26.847786000000003,37.6013245,18,5,6,3,32.6298845,45.8533125,26.844716583333327,37.76645500000002
Singapore,2025-06-06 00:00:00,33.037111,46.2464405,0,6,6,4,26.847786000000003,37.6013245,27.853279833333332,39.17181366666669
Singapore,2025-06-06 06:00:00,26.597263,37.44150975,6,6,6,4,33.037111,46.2464405,30.8382605,43.23369250000002
Singapore,2025-06-06 12:00:00,32.9486625,46.272305,12,6,6,4,26.597263,37.44150975,28.827386666666666,40.42975825000002
Singapore,2025-06-06 18:00:00,24.674732875,34.528398249999995,18,6,6,4,32.9486625,46.272305,30.861012166666665,43.320085083333346
Singapore,2025-06-07 00:00:00,22.201448,31.1274565,0,7,6,5,24.674732875,34.528398249999995,28.07355279166666,39.414071000000014
Singapore,2025-06-07 06:00:00,19.33813125,27.425017,6,7,6,5,22.201448,31.1274565,26.608281124999994,37.30938658333336
Singapore,2025-06-07 12:00:00,23.48275525,33.20190025,12,7,6,5,19.33813125,27.425017,22.071437375,31.02695725000002
Singapore,2025-06-07 18:00:00,19.929587,28.03176375,18,7,6,5,23.48275525,33.20190025,21.674111499999995,30.584791250000023
Singapore,2025-06-08 00:00:00,20.76888,29.121793,0,8,6,6,19.929587,28.03176375,20.916824499999993,29.552893666666687
Singapore,2025-06-08 06:00:00,23.59274725,33.2768195,6,8,6,6,20.76888,29.121793,21.393740749999996,30.118485666666686
Singapore,2025-06-08 12:00:00,33.83013325,47.5869225,12,8,6,6,23.59274725,33.2768195,21.430404749999997,30.14345875000002
Singapore,2025-06-08 18:00:00,28.59735575,39.98906125,18,8,6,6,33.83013325,47.5869225,26.063920166666662,36.66184500000002
Singapore,2025-06-09 00:00:00,11.2194128,15.74005625,0,9,6,0,28.59735575,39.98906125,28.67341208333333,40.28426775000002
Singapore,2025-06-09 06:00:00,16.023222,22.68174625,6,9,6,0,11.2194128,15.74005625,24.548967266666665,34.43868000000002
Singapore,2025-06-09 12:00:00,26.93374775,38.0359205,12,9,6,0,16.023222,22.68174625,18.61333018333333,26.136954583333353
Singapore,2025-06-09 18:00:00,20.08266675,28.190925,18,9,6,0,26.93374775,38.0359205,18.05879418333333,25.485907666666687
Singapore,2025-06-10 00:00:00,21.27717375,29.8749685,0,10,6,1,20.08266675,28.190925,21.013212166666662,29.63619725000002
Singapore,2025-06-10 06:00:00,14.08420775,20.11296375,6,10,6,1,21.27717375,29.8749685,22.76452941666666,32.03393800000001
Singapore,2025-06-10 12:00:00,22.48242475,31.87290075,12,10,6,1,14.08420775,20.11296375,18.481349416666664,26.05961908333335
Singapore,2025-06-10 18:00:00,22.57561975,31.9091665,18,10,6,1,22.48242475,31.87290075,19.281268749999995,27.286944333333352
Singapore,2025-06-11 00:00:00,10.34902675,14.658212325,0,11,6,2,22.57561975,31.9091665,19.71408408333333,27.965010333333353
Singapore,2025-06-11 06:00:00,16.7476345,23.80090775,6,11,6,2,10.34902675,14.658212325,18.469023749999995,26.146759858333354
Singapore,2025-06-11 12:00:00,22.44911475,31.7492095,12,11,6,2,16.7476345,23.80090775,16.557426999999993,23.45609552500002
Singapore,2025-06-11 18:00:00,21.23724125,29.98353925,18,11,6,2,22.44911475,31.7492095,16.515258666666664,23.402776525000018
Singapore,2025-06-12 00:00:00,33.854178250000004,47.77712125,0,12,6,3,21.23724125,29.98353925,20.144663499999997,28.511218833333356
Singapore,2025-06-12 06:00:00,27.575055500000005,39.136751,6,12,6,3,33.854178250000004,47.77712125,25.84684475,36.50329000000002
Singapore,2025-06-12 12:00:00,30.6675645,43.433801,12,12,6,3,27.575055500000005,39.136751,27.555491666666665,38.96580383333335
Singapore,2025-06-12 18:00:00,25.67580275,36.20408475,18,12,6,3,30.6675645,43.433801,30.698932749999997,43.44922441666669
Singapore,2025-06-13 00:00:00,16.70960625,23.552218,0,13,6,4,25.67580275,36.20408475,27.97280758333333,39.59154558333336
Singapore,2025-06-13 06:00:00,18.312022,26.03928825,6,13,6,4,16.70960625,23.552218,24.35099116666666,34.39670125000002
Singapore,2025-06-13 12:00:00,23.99858075,34.08888425,12,13,6,4,18.312022,26.03928825,20.232476999999996,28.598530333333354
Singapore,2025-06-13 18:00:00,14.8764345,21.09351225,18,13,6,4,23.99858075,34.08888425,19.673402999999993,27.893463500000014
Singapore,2025-06-14 00:00:00,10.019817875,14.26423075,0,14,6,5,14.8764345,21.09351225,19.062345749999995,27.073894916666685
Singapore,2025-06-14 06:00:00,15.68503175,22.5039685,6,14,6,5,10.019817875,14.26423075,16.298277708333327,23.14887575000002
Singapore,2025-06-14 12:00:00,21.370738,30.43180625,12,14,6,5,15.68503175,22.5039685,13.527094708333328,19.28723716666668
Singapore,2025-06-14 18:00:00,12.126378250000002,17.210140875,18,14,6,5,21.370738,30.43180625,15.69186254166666,22.400001833333352
Singapore,2025-06-15 00:00:00,10.1163095,14.328890125,0,15,6,6,12.126378250000002,17.210140875,16.394049333333328,23.381971875000016
Singapore,2025-06-15 06:00:00,17.845423,25.31027125,6,15,6,6,10.1163095,14.328890125,14.53780858333333,20.656945750000016
Singapore,2025-06-15 12:00:00,22.917106500000003,32.30866225,12,15,6,6,17.845423,25.31027125,13.362703583333328,18.949767416666685
Singapore,2025-06-15 18:00:00,16.14907325,22.6211795,18,15,6,6,22.917106500000003,32.30866225,16.959612999999994,23.982607875000014
Singapore,2025-06-16 00:00:00,6.19581905,8.7185583,0,16,6,0,16.14907325,22.6211795,18.970534249999996,26.74670433333335
Singapore,2025-06-16 06:00:00,12.431144125,17.61577525,6,16,6,0,6.19581905,8.7185583,15.08733293333333,21.216133350000018
Singapore,2025-06-16 12:00:00,24.388214250000004,34.591494,12,16,6,0,12.431144125,17.61577525,11.592012141666663,16.318504350000016
Singapore,2025-06-16 18:00:00,16.40458425,23.2265625,18,16,6,0,24.388214250000004,34.591494,14.338392474999997,20.30860918333335
Singapore,2025-06-17 00:00:00,11.338855375,16.035301,0,17,6,1,16.40458425,23.2265625,17.741314208333332,25.14461058333335
Singapore,2025-06-17 06:00:00,19.7511555,28.1090135,6,17,6,1,11.338855375,16.035301,17.37721795833333,24.617785833333354
Singapore,2025-06-17 12:00:00,25.5207055,36.2474565,12,17,6,1,19.7511555,28.1090135,15.831531708333328,22.456959000000023
Singapore,2025-06-17 18:00:00,17.99003275,25.5223255,18,17,6,1,25.5207055,36.2474565,18.87023879166666,26.79725700000002
Singapore,2025-06-18 00:00:00,24.5226915,34.926586750000006,0,18,6,2,17.99003275,25.5223255,21.08729791666666,29.959598500000016
Singapore,2025-06-18 06:00:00,25.3549785,36.708343500000005,6,18,6,2,24.5226915,34.926586750000006,22.67780991666666,32.23212291666669
Singapore,2025-06-18 12:00:00,33.3182585,47.68202175,12,18,6,2,25.3549785,36.708343500000005,22.622567583333332,32.38575191666669
Singapore,2025-06-18 18:00:00,30.03958725,42.75551675,18,18,6,2,33.3182585,47.68202175,27.731976166666666,39.772317333333355
Singapore,2025-06-19 00:00:00,30.757405500000004,43.90301475,0,19,6,3,30.03958725,42.75551675,29.57094141666666,42.381960666666686
Singapore,2025-06-19 06:00:00,28.541933,41.0678925,6,19,6,3,30.757405500000004,43.90301475,31.37175041666666,44.78018441666668
Singapore,2025-06-19 12:00:00,35.45125075,50.277662750000005,12,19,6,3,28.541933,41.0678925,29.779641916666662,42.575474666666686
Singapore,2025-06-19 18:00:00,31.42244475,44.4039465,18,19,6,3,35.45125075,50.277662750000005,31.583529749999997,45.082856666666686
Singapore,2025-06-20 00:00:00,31.6436515,44.4776455,0,20,6,4,31.42244475,44.4039465,31.805209499999993,45.24983391666669
Singapore,2025-06-20 06:00:00,33.592471,47.66377525,6,20,6,4,31.6436515,44.4776455,32.839115666666665,46.38641825000002
Singapore,2025-06-20 12:00:00,37.177642250000005,52.57152250000001,12,20,6,4,33.592471,47.66377525,32.21952241666666,45.515122416666685
Singapore,2025-06-20 18:00:00,30.0142775,42.3801795,18,20,6,4,37.177642250000005,52.57152250000001,34.13792158333333,48.23764775000003
Singapore,2025-06-21 00:00:00,25.830857750000003,36.30404425,0,21,6,5,30.0142775,42.3801795,33.59479691666667,47.53849241666669
Singapore,2025-06-21 06:00:00,23.050234,32.583045750000004,6,21,6,5,25.830857750000003,36.30404425,31.007592499999998,43.751915416666684
Singapore,2025-06-21 12:00:00,27.62385575,38.87828375,12,21,6,5,23.050234,32.583045750000004,26.298456416666664,37.089089833333354
Singapore,2025-06-21 18:00:00,23.774021,33.4743505,18,21,6,5,27.62385575,38.87828375,25.501649166666663,35.92179125000002
Singapore,2025-06-22 00:00:00,28.62123075,40.452619,0,22,6,6,23.774021,33.4743505,24.81603691666666,34.978560000000016
Singapore,2025-06-22 06:00:00,25.11364975,35.767982499999995,6,22,6,6,28.62123075,40.452619,26.67303583333333,37.60175108333335
Singapore,2025-06-22 12:00:00,34.765548249999995,48.8807925,12,22,6,6,25.11364975,35.767982499999995,25.836300499999993,36.56498400000002
Singapore,2025-06-22 18:00:00,37.42815075,52.66019825,18,22,6,6,34.765548249999995,48.8807925,29.500142916666658,41.70046466666668
Singapore,2025-06-23 00:00:00,25.382292,35.776054,0,23,6,0,37.42815075,52.66019825,32.43578291666666,45.76965775000002
Singapore,2025-06-23 06:00:00,24.6782575,34.984652,6,23,6,0,25.382292,35.776054,32.52533033333332,45.77234825000002
Singapore,2025-06-23 12:00:00,31.928834500000004,45.0226595,12,23,6,0,24.6782575,34.984652,29.162900083333327,41.14030141666669
Singapore,2025-06-23 18:00:00,29.361985,41.31928275,18,23,6,0,31.928834500000004,45.0226595,27.32979466666666,38.594455166666684
Singapore,2025-06-24 00:00:00,31.82606225,44.815465,0,24,6,1,29.361985,41.31928275,28.656358999999995,40.44219808333335
Singapore,2025-06-24 06:00:00,25.70718075,36.47051,6,24,6,1,31.82606225,44.815465,31.038960583333324,43.71913575000002
Singapore,2025-06-24 12:00:00,28.230033,39.9028865,12,24,6,1,25.70718075,36.47051,28.965075999999993,40.86841925000002
Singapore,2025-06-24 18:00:00,14.94424825,21.103915250000004,18,24,6,1,28.230033,39.9028865,28.58775866666666,40.39628716666669
Singapore,2025-06-25 00:00:00,19.22828125,27.182864,0,25,6,2,14.94424825,21.103915250000004,22.960487333333322,32.492437250000016
Singapore,2025-06-25 06:00:00,19.84099625,28.23963975,6,25,6,2,19.22828125,27.182864,20.800854166666657,29.39655525000002
Singapore,2025-06-25 12:00:00,23.269706,32.98202925,12,25,6,2,19.84099625,28.23963975,18.004508583333322,25.508806333333354
Singapore,2025-06-25 18:00:00,13.99723725,19.8447765,18,25,6,2,23.269706,32.98202925,20.779661166666656,29.468177666666687
Singapore,2025-06-26 00:00:00,0.11112888325,0.1610374075,0,26,6,3,13.99723725,19.8447765,19.035979833333325,27.022148500000018
Singapore,2025-06-26 06:00:00,10.6840615,15.33778975,6,26,6,3,0.11112888325,0.1610374075,12.459357377749994,17.662614385833354
Singapore,2025-06-26 12:00:00,20.817623,29.5776205,12,26,6,3,10.6840615,15.33778975,8.264142544416659,11.781201219166688
Singapore,2025-06-26 18:00:00,17.61736725,24.9532945,18,26,6,3,20.817623,29.5776205,10.537604461083326,15.025482552500023
Singapore,2025-06-27 00:00:00,17.25817375,24.36780725,0,27,6,4,17.61736725,24.9532945,16.373017249999993,23.28956825000002
Singapore,2025-06-27 06:00:00,20.646610000000003,29.37815675,6,27,6,4,17.25817375,24.36780725,18.564387999999994,26.299574083333354
Singapore,2025-06-27 12:00:00,34.660956,48.898073,12,27,6,4,20.646610000000003,29.37815675,18.50738366666666,26.23308616666669
Singapore,2025-06-27 18:00:00,24.778444125,34.845072,18,27,6,4,34.660956,48.898073,24.188579916666658,34.21467900000002
Singapore,2025-06-28 00:00:00,27.1973025,38.1224655,0,28,6,5,24.778444125,34.845072,26.695336708333326,37.70710058333336
Singapore,2025-06-28 06:00:00,34.70313425,48.99908375,6,28,6,5,27.1973025,38.1224655,28.87890087499999,40.62187016666669
Singapore,2025-06-28 12:00:00,31.12711525,44.129024,12,28,6,5,34.70313425,48.99908375,28.892960291666657,40.65554041666669
Singapore,2025-06-28 18:00:00,24.28765825,34.36881025,18,28,6,5,31.12711525,44.129024,31.00918399999999,43.750191083333355
Singapore,2025-06-29 00:00:00,0.0,0.0,0,29,6,6,24.28765825,34.36881025,30.039302583333324,42.49897266666668
Singapore,2025-06-29 06:00:00,3.62206265,5.15706235,6,29,6,6,0.0,0.0,18.471591166666656,26.165944750000023
Singapore,2025-06-29 12:00:00,20.7297715,29.4160145,12,29,6,6,3.62206265,5.15706235,9.30324029999999,13.17529086666669
Singapore,2025-06-29 18:00:00,19.31353225,27.4675645,18,29,6,6,20.7297715,29.4160145,8.11727804999999,11.524358950000021
Singapore,2025-06-30 00:00:00,24.61393925,35.0134145,0,30,6,0,19.31353225,27.4675645,14.555122133333322,20.680213783333354
Singapore,2025-06-30 06:00:00,23.91550425,34.16886325,6,30,6,0,24.61393925,35.0134145,21.55241433333332,30.632331166666688
Singapore,2025-06-30 12:00:00,33.067891,46.983274,12,30,6,0,23.91550425,34.16886325,22.61432524999999,32.216614083333354
Singapore,2025-06-30 18:00:00,36.81912975,52.1603175,18,30,6,0,33.067891,46.983274,27.199111499999997,38.72185058333336
Singapore,2025-07-01 00:00:00,43.241115,61.18094100000001,0,1,7,1,36.81912975,52.1603175,31.267508333333325,44.43748491666668
Singapore,2025-07-01 06:00:00,30.6558265,43.650971,6,1,7,1,43.241115,61.18094100000001,37.709378583333326,53.44151083333336
Singapore,2025-07-01 12:00:00,33.5942325,47.47693099999999,12,1,7,1,30.6558265,43.650971,36.90535708333333,52.330743166666686
Singapore,2025-07-01 18:00:00,23.4883115,33.198176999999994,18,1,7,1,33.5942325,47.47693099999999,35.83039133333332,50.76961433333336
Singapore,2025-07-02 00:00:00,26.192424,37.0355905,0,2,7,2,23.4883115,33.198176999999994,29.246123499999985,41.44202633333335
Singapore,2025-07-02 06:00:00,28.87350075,40.85677575,6,2,7,2,26.192424,37.0355905,27.758322666666654,39.236899500000014
Singapore,2025-07-02 12:00:00,41.9493065,59.107265,12,2,7,2,28.87350075,40.85677575,26.184745416666658,37.03018108333335
Singapore,2025-07-02 18:00:00,35.76793975,50.22386025,18,2,7,2,41.9493065,59.107265,32.338410416666655,45.66654375000002
Singapore,2025-07-03 00:00:00,24.26862975,33.948737,0,3,7,3,35.76793975,50.22386025,35.53024899999999,50.06263366666669
Singapore,2025-07-03 06:00:00,24.9420965,35.02816525,6,3,7,3,24.26862975,33.948737,33.995291999999985,47.759954083333355
Singapore,2025-07-03 12:00:00,28.9246315,40.5324845,12,3,7,3,24.9420965,35.02816525,28.32622199999999,39.73358750000002
Singapore,2025-07-03 18:00:00,23.1688375,32.30840675,18,3,7,3,28.9246315,40.5324845,26.04511924999999,36.50312891666669
Singapore,2025-07-04 00:00:00,15.149695,21.214162750000003,0,4,7,4,23.1688375,32.30840675,25.67852183333332,35.9563521666667
Singapore,2025-07-04 06:00:00,18.908395,26.68019775,6,4,7,4,15.149695,21.214162750000003,22.414387999999988,31.351684666666696
Singapore,2025-07-04 12:00:00,21.371420250000003,30.17794375,12,4,7,4,18.908395,26.68019775,19.07564249999999,26.734255750000028
Singapore,2025-07-04 18:00:00,22.884592,32.1262805,18,4,7,4,21.371420250000003,30.17794375,18.47650341666666,26.024101416666692
Singapore,2025-07-05 00:00:00,22.39767125,31.3928015,0,5,7,5,22.884592,32.1262805,21.054802416666657,29.661474000000023
Singapore,2025-07-05 06:00:00,24.08748425,33.83414075,6,5,7,5,22.39767125,31.3928015,22.21789449999999,31.232341916666687
Singapore,2025-07-05 12:00:00,32.83980725,46.07068125,12,5,7,5,24.08748425,33.83414075,23.123249166666657,32.451074250000026
Singapore,2025-07-05 18:00:00,27.289701,38.2780745,18,5,7,5,32.83980725,46.07068125,26.44165424999999,37.09920783333336
Singapore,2025-07-06 00:00:00,8.432266481,11.9034668025,0,6,7,6,27.289701,38.2780745,28.072330833333325,39.39429883333335
Singapore,2025-07-06 06:00:00,11.1238025,15.805198999999998,6,6,7,6,8.432266481,11.9034668025,22.853924910333323,32.08407418416669
Singapore,2025-07-06 12:00:00,23.402208,32.95917825,12,6,7,6,11.1238025,15.805198999999998,15.615256660333324,21.99558010083335
Singapore,2025-07-06 18:00:00,21.26604675,29.849559499999994,18,6,7,6,23.402208,32.95917825,14.319425660333323,20.222614684166686
Singapore,2025-07-07 00:00:00,2.723794525,3.84659425,0,7,7,0,21.26604675,29.849559499999994,18.597352416666656,26.20464558333335
Singapore,2025-07-07 06:00:00,7.408914525,10.5272307,6,7,7,0,2.723794525,3.84659425,15.797349758333326,22.21844400000002
Singapore,2025-07-07 12:00:00,14.81799935,21.0083045,12,7,7,0,7.408914525,10.5272307,10.466251933333325,14.741128150000018
Singapore,2025-07-07 18:00:00,9.028809675,12.747193525,18,7,7,0,14.81799935,21.0083045,8.31690279999999,11.79404315000002
Singapore,2025-07-08 00:00:00,26.69719425,37.55599225,0,8,7,1,9.028809675,12.747193525,10.418574516666657,14.760909575000019
Singapore,2025-07-08 06:00:00,22.0638015,31.294689750000003,6,8,7,1,26.69719425,37.55599225,16.848001091666656,23.77049675833335
Singapore,2025-07-08 12:00:00,25.59414725,36.117399000000006,12,8,7,1,22.0638015,31.294689750000003,19.26326847499999,27.19929184166669
Singapore,2025-07-08 18:00:00,22.51243825,31.71152225,18,8,7,1,25.59414725,36.117399000000006,24.785047666666657,34.98936033333336
Singapore,2025-07-09 00:00:00,11.5895775,16.2997935,0,9,7,2,22.51243825,31.71152225,23.39012899999999,33.04120366666669
Singapore,2025-07-09 06:00:00,14.08983525,19.962499,6,9,7,2,11.5895775,16.2997935,19.89872099999999,28.042904916666686
Singapore,2025-07-09 12:00:00,25.369502,35.84170825,12,9,7,2,14.08983525,19.962499,16.063950333333324,22.65793825000002
Singapore,2025-07-09 18:00:00,22.98880075,32.592794250000004,18,9,7,2,25.369502,35.84170825,17.01630491666666,24.03466691666669
Singapore,2025-07-10 00:00:00,11.75615695,16.66400325,0,10,7,3,22.98880075,32.592794250000004,20.81604599999999,29.46566716666669
Singapore,2025-07-10 06:00:00,16.541832749999998,23.593316,6,10,7,3,11.75615695,16.66400325,20.038153233333322,28.36616858333335
Singapore,2025-07-10 12:00:00,26.49022675,37.502616,12,10,7,3,16.541832749999998,23.593316,17.095596816666657,24.283371166666686
Singapore,2025-07-10 18:00:00,25.134028375,35.501728,18,10,7,3,26.49022675,37.502616,18.26273881666666,25.91997841666669
Singapore,2025-07-11 00:00:00,27.43908575,38.69629975,0,11,7,4,25.134028375,35.501728,22.722029291666658,32.19922000000002
Singapore,2025-07-11 06:00:00,26.54252275,37.60129625,6,11,7,4,27.43908575,38.69629975,26.354446958333327,37.23354791666669
Singapore,2025-07-11 12:00:00,29.1499875,41.20471425,12,11,7,4,26.54252275,37.60129625,26.371878958333326,37.266441333333354
Singapore,2025-07-11 18:00:00,18.3334805,25.91772925,18,11,7,4,29.1499875,41.20471425,27.71053199999999,39.167436750000014
Singapore,2025-07-12 00:00:00,3.2385685250000003,4.611195,0,12,7,5,18.3334805,25.91772925,24.67533024999999,34.907913250000014
Singapore,2025-07-12 06:00:00,11.66499435,16.67808675,6,12,7,5,3.2385685250000003,4.611195,16.907345508333325,23.91121283333335
Singapore,2025-07-12 12:00:00,17.4520665,24.815051625,12,12,7,5,11.66499435,16.67808675,11.079014458333326,15.735670333333353
Singapore,2025-07-12 18:00:00,13.7930839,19.58855525,18,12,7,5,17.4520665,24.815051625,10.78520979166666,15.368111125000018
Singapore,2025-07-13 00:00:00,17.74262175,25.263063,0,13,7,6,13.7930839,19.58855525,14.303381583333325,20.360564541666687
Singapore,2025-07-13 06:00:00,24.267336500000003,34.71848275,6,13,7,6,17.74262175,25.263063,16.329257383333324,23.222223291666683
Singapore,2025-07-13 12:00:00,32.156321750000004,45.776801,12,13,7,6,24.267336500000003,34.71848275,18.601014049999993,26.523367000000018
Singapore,2025-07-13 18:00:00,28.9333855,41.1174025,18,13,7,6,32.156321750000004,45.776801,24.72209333333333,35.25278225000002
Singapore,2025-07-14 00:00:00,23.086756,32.81544949999999,0,14,7,0,28.9333855,41.1174025,28.452347916666664,40.53756208333335
Singapore,2025-07-14 06:00:00,22.743052,32.53984425,6,14,7,0,23.086756,32.81544949999999,28.058821083333328,39.903217666666684
Singapore,2025-07-14 12:00:00,27.72617325,39.4437615,12,14,7,0,22.743052,32.53984425,24.92106449999999,35.490898750000014
Singapore,2025-07-14 18:00:00,17.3311035,24.684141,18,14,7,0,27.72617325,39.4437615,24.51866041666666,34.933018416666684
Singapore,2025-07-15 00:00:00,28.9955155,41.450619,0,15,7,1,17.3311035,24.684141,22.600109583333325,32.22258225000002
Singapore,2025-07-15 06:00:00,28.07928475,40.176872,6,15,7,1,28.9955155,41.450619,24.68426408333333,35.192840500000024
Singapore,2025-07-15 12:00:00,28.17284875,40.06892575,12,15,7,1,28.07928475,40.176872,24.80196791666666,35.43721066666669
Singapore,2025-07-15 18:00:00,20.52172475,29.0998515,18,15,7,1,28.17284875,40.06892575,28.415882999999994,40.56547225000002
Singapore,2025-07-16 00:00:00,11.124257,15.748525999999998,0,16,7,2,20.52172475,29.0998515,25.59128608333333,36.44854975000002
Singapore,2025-07-16 06:00:00,17.750096499999998,25.2768475,6,16,7,2,11.124257,15.748525999999998,19.93961016666666,28.30576775000002
Singapore,2025-07-16 12:00:00,28.697173,40.490704,12,16,7,2,17.750096499999998,25.2768475,16.465359416666658,23.37507500000002
Singapore,2025-07-16 18:00:00,21.989763250000003,31.0314195,18,16,7,2,28.697173,40.490704,19.190508833333325,27.17202583333335
Singapore,2025-07-17 00:00:00,21.69440425,30.705450499999998,0,17,7,3,21.989763250000003,31.0314195,22.812344249999995,32.266323666666686
Singapore,2025-07-17 06:00:00,20.833568,29.734906,6,17,7,3,21.69440425,30.705450499999998,24.127113499999993,34.07585800000002
Singapore,2025-07-17 12:00:00,28.80563,40.55903,12,17,7,3,20.833568,29.734906,21.50591183333333,30.490592000000017
Singapore,2025-07-17 18:00:00,21.983311,31.029515,18,17,7,3,28.80563,40.55903,23.777867416666663,33.66646216666668
Singapore,2025-07-18 00:00:00,21.1314275,29.81326475,0,18,7,4,21.983311,31.029515,23.87416966666666,33.77448366666669
Singapore,2025-07-18 06:00:00,24.154531,34.240884,6,18,7,4,21.1314275,29.81326475,23.97345616666666,33.80060325000002
Singapore,2025-07-18 12:00:00,35.846312250000004,50.35332125,12,18,7,4,24.154531,34.240884,22.423089833333325,31.694554583333353
Singapore,2025-07-18 18:00:00,32.26159625,45.39856475,18,18,7,4,35.846312250000004,50.35332125,27.044090249999996,38.13582333333335
Singapore,2025-07-19 00:00:00,18.043863,25.3900225,0,19,7,5,32.26159625,45.39856475,30.754146499999994,43.33092333333335
Singapore,2025-07-19 06:00:00,18.24969325,25.99142575,6,19,7,5,18.043863,25.3900225,28.71725716666666,40.38063616666668
Singapore,2025-07-19 12:00:00,34.8701405,49.1251055,12,19,7,5,18.24969325,25.99142575,22.851717499999996,32.260004333333356
Singapore,2025-07-19 18:00:00,25.05507275,35.45312575,18,19,7,5,34.8701405,49.1251055,23.721232249999996,33.50218458333335
Singapore,2025-07-20 00:00:00,43.87902625,62.01531675,0,20,7,6,25.05507275,35.45312575,26.058302166666664,36.85655233333335
Singapore,2025-07-20 06:00:00,32.8157625,46.54168625,6,20,7,6,43.87902625,62.01531675,34.60141316666667,48.864516000000016
Singapore,2025-07-20 12:00:00,37.632105,52.972723,12,20,7,6,32.8157625,46.54168625,33.9166205,48.00337625000001
Singapore,2025-07-20 18:00:00,30.588921500000005,42.907288750000006,18,20,7,6,37.632105,52.972723,38.108964583333325,53.84324200000001
Singapore,2025-07-21 00:00:00,21.37335275,29.815850999999995,0,21,7,0,30.588921500000005,42.907288750000006,33.67892966666666,47.47389933333335
Singapore,2025-07-21 06:00:00,18.99633175,26.74363475,6,21,7,0,21.37335275,29.815850999999995,29.86479308333333,41.89862091666669
Singapore,2025-07-21 12:00:00,29.81778325,42.1491675,12,21,7,0,18.99633175,26.74363475,23.652868666666663,33.15559150000002
Singapore,2025-07-21 18:00:00,27.24794925,38.37402575,18,21,7,0,29.81778325,42.1491675,23.395822583333327,32.90288441666669
Singapore,2025-07-22 00:00:00,33.0086035,46.3197125,0,22,7,1,27.24794925,38.37402575,25.354021416666665,35.755609333333354
Singapore,2025-07-22 06:00:00,33.97676075,47.90931025,6,22,7,1,33.0086035,46.3197125,30.024778666666663,42.280968583333355
Singapore,2025-07-22 12:00:00,38.1920415,53.784901,12,22,7,1,33.97676075,47.90931025,31.411104499999993,44.20101616666668
Singapore,2025-07-22 18:00:00,30.03111675,42.13023875,18,22,7,1,38.1920415,53.784901,35.05913524999999,49.337974583333356
Singapore,2025-07-23 00:00:00,33.94148975,47.761460750000005,0,23,7,2,30.03111675,42.13023875,34.06663966666666,47.941483333333345
Singapore,2025-07-23 06:00:00,34.30761775,48.711513,6,23,7,2,33.94148975,47.761460750000005,34.054882666666664,47.89220016666669
Singapore,2025-07-23 12:00:00,31.3822285,44.46570725,12,23,7,2,34.30761775,48.711513,32.760074749999994,46.20107083333335
Singapore,2025-07-23 18:00:00,22.75646675,32.1311975,18,23,7,2,31.3822285,44.46570725,33.21044533333333,46.97956033333335
Singapore,2025-07-24 00:00:00,21.73874225,30.68768725,0,24,7,3,22.75646675,32.1311975,29.48210433333333,41.76947258333335
Singapore,2025-07-24 06:00:00,20.871652750000003,29.6770395,6,24,7,3,21.73874225,30.68768725,25.292479166666663,35.76153066666669
Singapore,2025-07-24 12:00:00,27.99743,39.71717925,12,24,7,3,20.871652750000003,29.6770395,21.788953916666667,30.83197475000002
Singapore,2025-07-24 18:00:00,24.934934,35.24468175,18,24,7,3,27.99743,39.71717925,23.535941666666663,33.360635333333356
Singapore,2025-07-25 00:00:00,28.8190165,40.845208,0,25,7,4,24.934934,35.24468175,24.601338916666663,34.87963350000002
Singapore,2025-07-25 06:00:00,30.3379295,43.1136865,6,25,7,4,28.8190165,40.845208,27.25046016666666,38.602356333333354
Singapore,2025-07-25 12:00:00,34.9073725,49.39943225,12,25,7,4,30.3379295,43.1136865,28.030626666666663,39.734525416666685
Singapore,2025-07-25 18:00:00,23.202233,32.6886035,18,25,7,4,34.9073725,49.39943225,31.354772833333328,44.452775583333356
Singapore,2025-07-26 00:00:00,25.97803925,36.35287275,0,26,7,5,23.202233,32.6886035,29.482511666666664,41.73390741666668
Singapore,2025-07-26 06:00:00,26.4613505,37.1975945,6,26,7,5,25.97803925,36.35287275,28.02921491666666,39.480302833333354
Singapore,2025-07-26 12:00:00,32.71298925,45.9671125,12,26,7,5,26.4613505,37.1975945,25.213874249999993,35.413023583333356
Singapore,2025-07-26 18:00:00,31.3319645,43.9566035,18,26,7,5,32.71298925,45.9671125,28.38412633333333,39.839193250000015
Singapore,2025-07-27 00:00:00,18.466835325,26.0423008,0,27,7,6,31.3319645,43.9566035,30.168768083333333,42.37377016666668
Singapore,2025-07-27 06:00:00,15.586095749999998,22.124084,6,27,7,6,18.466835325,26.0423008,27.503929691666666,38.655338933333354
Singapore,2025-07-27 12:00:00,26.4384425,37.417294,12,27,7,6,15.586095749999998,22.124084,21.794965191666666,30.707662766666687
Singapore,2025-07-27 18:00:00,14.77175715,20.8472245,18,27,7,6,26.4384425,37.417294,20.163791191666665,28.52789293333335
Singapore,2025-07-28 00:00:00,11.695476349999998,16.4606605,0,28,7,0,14.77175715,20.8472245,18.932098466666663,26.796200833333355
Singapore,2025-07-28 06:00:00,15.975103750000002,22.633003,6,28,7,0,11.695476349999998,16.4606605,17.63522533333333,24.908393000000018
Singapore,2025-07-28 12:00:00,23.1908645,32.770117500000005,12,28,7,0,15.975103750000002,22.633003,14.147445749999997,19.98029600000002
Singapore,2025-07-28 18:00:00,14.931401875,20.942280875,18,28,7,0,23.1908645,32.770117500000005,16.953814866666665,23.954593666666693
Singapore,2025-07-29 00:00:00,16.274029,22.91190525,0,29,7,1,14.931401875,20.942280875,18.03245670833333,25.448467125000025
Singapore,2025-07-29 06:00:00,21.48937025,30.35654575,6,29,7,1,16.274029,22.91190525,18.132098458333328,25.54143454166669
Singapore,2025-07-29 12:00:00,23.36668075,32.9852125,12,29,7,1,21.48937025,30.35654575,17.56493370833333,24.736910625000025
Singapore,2025-07-29 18:00:00,16.688034000000002,23.53527875,18,29,7,1,23.36668075,32.9852125,20.376693333333332,28.751221166666692
Singapore,2025-07-30 00:00:00,17.03493525,24.09632325,0,30,7,2,16.688034000000002,23.53527875,20.514695,28.95901233333336
Singapore,2025-07-30 06:00:00,19.55692125,27.90613975,6,30,7,2,17.03493525,24.09632325,19.02988333333333,26.872271500000025
Singapore,2025-07-30 12:00:00,24.8248855,35.267703000000004,12,30,7,2,19.55692125,27.90613975,17.759963499999998,25.17924725000002
Singapore,2025-07-30 18:00:00,16.282911125,23.063137375,18,30,7,2,24.8248855,35.267703000000004,20.472247333333332,29.090055333333357
Singapore,2025-07-31 00:00:00,27.04976475,38.43968025,0,31,7,3,16.282911125,23.063137375,20.221572624999997,28.745660041666692
Singapore,2025-07-31 06:00:00,29.795274,42.733518,6,31,7,3,27.04976475,38.43968025,22.719187125,32.25684020833336
Singapore,2025-07-31 12:00:00,28.577119,40.75195625,12,31,7,3,29.795274,42.733518,24.37598329166666,34.74544520833336
Singapore,2025-07-31 18:00:00,18.4340365,26.0428695,18,31,7,3,28.577119,40.75195625,28.474052583333332,40.64171816666669
Singapore,2025-08-01 00:00:00,11.960821625,16.78813525,0,1,8,4,18.4340365,26.0428695,25.602143166666664,36.50944791666669
Singapore,2025-08-01 06:00:00,16.538593,23.4819025,6,1,8,4,11.960821625,16.78813525,19.65732570833333,27.860987000000023
Singapore,2025-08-01 12:00:00,26.30145025,37.17957525,12,1,8,4,16.538593,23.4819025,15.64448370833333,22.104302416666687
Singapore,2025-08-01 18:00:00,17.30518275,24.54953625,18,1,8,4,26.30145025,37.17957525,18.26695495833333,25.81653766666669
Singapore,2025-08-02 00:00:00,21.148594,29.9446585,0,2,8,5,17.30518275,24.54953625,20.048408666666663,28.403671333333353
Singapore,2025-08-02 06:00:00,23.5962715,33.71633275,6,2,8,5,21.148594,29.9446585,21.585075666666665,30.557923333333353
Singapore,2025-08-02 12:00:00,33.57530425,47.41013975,12,2,8,5,23.5962715,33.71633275,20.683349416666662,29.40350916666669
Singapore,2025-08-02 18:00:00,23.793234,33.65346375,18,2,8,5,33.57530425,47.41013975,26.106723249999998,37.023710333333355
Singapore,2025-08-03 00:00:00,14.772752,20.86903825,0,3,8,6,23.793234,33.65346375,26.988269916666667,38.259978750000016
Singapore,2025-08-03 06:00:00,20.41792875,29.29220975,6,3,8,6,14.772752,20.86903825,24.047096749999998,33.97754725000002
Singapore,2025-08-03 12:00:00,29.84421575,42.3075335,12,3,8,6,20.41792875,29.29220975,19.661304916666666,27.938237250000025
Singapore,2025-08-03 18:00:00,21.777197,30.79526275,18,3,8,6,29.84421575,42.3075335,21.678298833333333,30.822927166666688
Singapore,2025-08-04 00:00:00,12.771550875,18.060291125000003,0,4,8,0,21.777197,30.79526275,24.013113833333332,34.131668666666684
Singapore,2025-08-04 06:00:00,19.125309,27.48862475,6,4,8,0,12.771550875,18.060291125000003,21.46432120833333,30.387695791666687
Singapore,2025-08-04 12:00:00,35.10115225,49.7163335,12,4,8,0,19.125309,27.48862475,17.891352291666664,25.44805954166669
Singapore,2025-08-04 18:00:00,22.16702925,31.37196825,18,4,8,0,35.10115225,49.7163335,22.33267070833333,31.755083125000017
Singapore,2025-08-05 00:00:00,31.92400325,46.052349250000006,0,5,8,1,22.16702925,31.37196825,25.464496833333328,36.19230883333335
Singapore,2025-08-05 06:00:00,32.856462,46.429249250000005,6,5,8,1,31.92400325,46.052349250000006,29.730728249999995,42.38021700000002
Singapore,2025-08-05 12:00:00,37.468795,51.610244,12,5,8,1,32.856462,46.429249250000005,28.98249816666666,41.28452225000003
Singapore,2025-08-05 18:00:00,31.36314325,43.0041215,18,5,8,1,37.468795,51.610244,34.08308675,48.0306141666667
Singapore,2025-08-06 00:00:00,10.119620625,14.10998625,0,6,8,2,31.36314325,43.0041215,33.896133416666665,47.01453825000002
Singapore,2025-08-06 06:00:00,14.484044125,20.581751375,6,6,8,2,10.119620625,14.10998625,26.31718629166666,36.24145058333336
Singapore,2025-08-06 12:00:00,22.21776175,31.316858000000003,12,6,8,2,14.484044125,20.581751375,18.655602666666663,25.898619708333356
Singapore,2025-08-06 18:00:00,19.0928515,26.750057875,18,6,8,2,22.21776175,31.316858000000003,15.607142166666662,22.00286520833336
Singapore,2025-08-07 00:00:00,19.24757975,26.830833,0,7,8,3,19.0928515,26.750057875,18.598219124999996,26.216222416666692
Singapore,2025-08-07 06:00:00,20.97607425,29.5140695,6,7,8,3,19.24757975,26.830833,20.18606433333333,28.299249625000026
Singapore,2025-08-07 12:00:00,25.30475725,35.62109875,12,7,8,3,20.97607425,29.5140695,19.772168499999996,27.698320125000023
Singapore,2025-08-07 18:00:00,19.59335825,27.4820875,18,7,8,3,25.30475725,35.62109875,21.84280374999999,30.655333750000025
Singapore,2025-08-08 00:00:00,20.71521975,28.9622905,0,8,8,4,19.59335825,27.4820875,21.958063249999995,30.87241858333336
Singapore,2025-08-08 06:00:00,21.598396,30.443061749999995,6,8,8,4,20.71521975,28.9622905,21.871111749999997,30.688492250000024
Singapore,2025-08-08 12:00:00,27.53012,38.7760225,12,8,8,4,21.598396,30.443061749999995,20.635657999999996,28.96247991666669
Singapore,2025-08-08 18:00:00,25.626434125,36.0068095,18,8,8,4,27.53012,38.7760225,23.281245249999994,32.72712491666669
Singapore,2025-08-09 00:00:00,22.54569125,31.77848412500001,0,9,8,5,25.626434125,36.0068095,24.918316708333325,35.07529791666669
Singapore,2025-08-09 06:00:00,25.1437775,35.661629,6,9,8,5,22.54569125,31.77848412500001,25.234081791666664,35.520438708333366
Singapore,2025-08-09 12:00:00,31.154002,44.119361,12,9,8,5,25.1437775,35.661629,24.43863429166666,34.48230754166669
Singapore,2025-08-09 18:00:00,27.0002265,38.108112000000006,18,9,8,5,31.154002,44.119361,26.28115691666666,37.186491375000024
Singapore,2025-08-10 00:00:00,12.649707125,17.873787875,0,10,8,6,27.0002265,38.108112000000006,27.766001999999997,39.29636733333336
Singapore,2025-08-10 06:00:00,24.55652775,34.80010925,6,10,8,6,12.649707125,17.873787875,23.601311874999993,33.36708695833335
Singapore,2025-08-10 12:00:00,38.0650245,53.782514,12,10,8,6,24.55652775,34.80010925,21.402153791666663,30.260669708333353
Singapore,2025-08-10 18:00:00,30.80566575,43.40932900000001,18,10,8,6,38.0650245,53.782514,25.090419791666665,35.48547037500001
Singapore,2025-08-11 00:00:00,22.462757,31.574472499999995,0,11,8,0,30.80566575,43.40932900000001,31.142405999999994,43.99731741666668
Singapore,2025-08-11 06:00:00,22.17254275,31.2488455,6,11,8,0,22.462757,31.574472499999995,30.44448241666666,42.92210516666668
Singapore,2025-08-11 12:00:00,25.57337125,36.0956845,12,11,8,0,22.17254275,31.2488455,25.146988499999996,35.410882333333355
Singapore,2025-08-11 18:00:00,19.59230675,27.60609125,18,11,8,0,25.57337125,36.0956845,23.40289033333333,32.97300083333335
Singapore,2025-08-12 00:00:00,30.596823,43.08861925,0,12,8,1,19.59230675,27.60609125,22.44607358333333,31.650207083333346
Singapore,2025-08-12 06:00:00,28.93295875,41.04981575,6,12,8,1,30.596823,43.08861925,25.254166999999995,35.596798333333346
Singapore,2025-08-12 12:00:00,32.17621675,45.53453425,12,12,8,1,28.93295875,41.04981575,26.374029499999995,37.24817541666669
Singapore,2025-08-12 18:00:00,27.31093225,38.493283,18,12,8,1,32.17621675,45.53453425,30.568666166666663,43.22432308333335
Singapore,2025-08-13 00:00:00,11.602878625,16.332023875,0,13,8,2,27.31093225,38.493283,29.473369249999994,41.69254433333335
Singapore,2025-08-13 06:00:00,18.5746105,26.24614075,6,13,8,2,11.602878625,16.332023875,23.696675874999997,33.45328037500002
Singapore,2025-08-13 12:00:00,23.6802295,33.44058525,12,13,8,2,18.5746105,26.24614075,19.162807124999997,27.023815875000015
Singapore,2025-08-13 18:00:00,15.69429775,22.0810535,18,13,8,2,23.6802295,33.44058525,17.952572874999998,25.339583291666685
Singapore,2025-08-14 00:00:00,11.932627125000002,16.831677499999998,0,14,8,3,15.69429775,22.0810535,19.316379249999994,27.255926500000015
Singapore,2025-08-14 06:00:00,18.004016,25.6629845,6,14,8,3,11.932627125000002,16.831677499999998,17.102384791666662,24.11777208333335
Singapore,2025-08-14 12:00:00,24.0892175,34.1591145,12,14,8,3,18.004016,25.6629845,15.210313624999998,21.525238500000018
Singapore,2025-08-14 18:00:00,15.0261314,21.3350405,18,14,8,3,24.0892175,34.1591145,18.00862020833333,25.551258833333353
Singapore,2025-08-15 00:00:00,11.3651595,16.1310255,0,15,8,4,15.0261314,21.3350405,19.039788299999994,27.052379833333358
Singapore,2025-08-15 06:00:00,17.3128,24.67913875,6,15,8,4,11.3651595,16.1310255,16.82683613333333,23.875060166666685
Singapore,2025-08-15 12:00:00,22.1860715,31.42753275,12,15,8,4,17.3128,24.67913875,14.568030299999995,20.71506825000002
Singapore,2025-08-15 18:00:00,18.614273,26.07819725,18,15,8,4,22.1860715,31.42753275,16.954676999999993,24.07923233333335
Singapore,2025-08-16 00:00:00,15.472380500000002,21.68235375,0,16,8,5,18.614273,26.07819725,19.37104816666666,27.39495625000002
Singapore,2025-08-16 06:00:00,19.378831,27.442410750000004,6,16,8,5,15.472380500000002,21.68235375,18.757574999999996,26.396027916666686
Singapore,2025-08-16 12:00:00,25.15366775,35.5994415,12,16,8,5,19.378831,27.442410750000004,17.821828166666663,25.067653916666686
Singapore,2025-08-16 18:00:00,17.619584250000003,24.945507000000003,18,16,8,5,25.15366775,35.5994415,20.001626416666664,28.24140200000002
Singapore,2025-08-17 00:00:00,18.189951,25.770760000000003,0,17,8,6,17.619584250000003,24.945507000000003,20.717360999999997,29.329119750000018
Singapore,2025-08-17 06:00:00,21.01808175,30.17169125,6,17,8,6,18.189951,25.770760000000003,20.321067666666664,28.771902833333353
Singapore,2025-08-17 12:00:00,24.0427625,34.20157625,12,17,8,6,21.01808175,30.17169125,18.942538999999996,26.962652750000018
Singapore,2025-08-17 18:00:00,15.289089125,21.83001875,18,17,8,6,24.0427625,34.20157625,21.083598416666664,30.048009166666684
Singapore,2025-08-18 00:00:00,14.96337625,21.2424995,0,18,8,0,15.289089125,21.83001875,20.11664445833333,28.734428750000017
Singapore,2025-08-18 06:00:00,16.4435225,23.558073,6,18,8,0,14.96337625,21.2424995,18.09840929166666,25.758031500000016
Singapore,2025-08-18 12:00:00,24.492806,34.85581575,12,18,8,0,16.4435225,23.558073,15.565329291666663,22.21019708333335
Singapore,2025-08-18 18:00:00,18.67964275,26.51901825,18,18,8,0,24.492806,34.85581575,18.633234916666662,26.552129416666684
Singapore,2025-08-19 00:00:00,21.180824,30.101261500000003,0,19,8,1,18.67964275,26.51901825,19.871990416666662,28.310969000000014
Singapore,2025-08-19 06:00:00,26.6432495,37.972939,6,19,8,1,21.180824,30.101261500000003,21.45109091666666,30.492031833333346
Singapore,2025-08-19 12:00:00,30.17248675,42.837712,12,19,8,1,26.6432495,37.972939,22.167905416666667,31.531072916666684
Singapore,2025-08-19 18:00:00,26.9108115,38.11027225,18,19,8,1,30.17248675,42.837712,25.998853416666662,36.97063750000002
Singapore,2025-08-20 00:00:00,14.165237925,20.0503795,0,20,8,2,26.9108115,38.11027225,27.90884925,39.64030775000002
Singapore,2025-08-20 06:00:00,19.37476675,27.50891775,6,20,8,2,14.165237925,20.0503795,23.749512058333327,33.66612125000001
Singapore,2025-08-20 12:00:00,25.096341,35.55058475,12,20,8,2,19.37476675,27.50891775,20.15027205833333,28.556523166666683
Singapore,2025-08-20 18:00:00,15.44599125,21.74803625,18,20,8,2,25.096341,35.55058475,19.54544855833333,27.703294000000017
Singapore,2025-08-21 00:00:00,10.5883371,14.85204825,0,21,8,3,15.44599125,21.74803625,19.97236633333333,28.26917958333335
Singapore,2025-08-21 06:00:00,19.002783,26.932696,6,21,8,3,10.5883371,14.85204825,17.043556449999997,24.05022308333335
Singapore,2025-08-21 12:00:00,30.726568000000004,43.38886575,12,21,8,3,19.002783,26.932696,15.012370449999997,21.177593500000018
Singapore,2025-08-21 18:00:00,31.19382075,44.003556,18,21,8,3,30.726568000000004,43.38886575,20.105896033333334,28.39120333333335
Singapore,2025-08-22 00:00:00,5.9784498,8.464610425,0,22,8,4,31.19382075,44.003556,26.97439058333333,38.108372583333356
Singapore,2025-08-22 06:00:00,10.683209000000002,15.157382875,6,22,8,4,5.9784498,8.464610425,22.63294618333333,31.952344058333352
Singapore,2025-08-22 12:00:00,26.68809875,37.6728055,12,22,8,4,10.683209000000002,15.157382875,15.951826516666664,22.541849766666687
Singapore,2025-08-22 18:00:00,18.32989935,25.6939075,18,22,8,4,26.68809875,37.6728055,14.44991918333333,20.43159960000002
Singapore,2025-08-23 00:00:00,20.486482,28.86065425,0,23,8,5,18.32989935,25.6939075,18.56706903333333,26.17469862500002
Singapore,2025-08-23 06:00:00,27.43132675,39.065185,6,23,8,5,20.486482,28.86065425,21.834826699999994,30.74245575000002
Singapore,2025-08-23 12:00:00,40.6523385,57.627858,12,23,8,5,27.43132675,39.065185,22.08256936666666,31.206582250000015
Singapore,2025-08-23 18:00:00,36.319705,51.49331575,18,23,8,5,40.6523385,57.627858,29.523382416666664,41.85123241666668
Singapore,2025-08-24 00:00:00,17.3012325,24.641394875,0,24,8,6,36.319705,51.49331575,34.80112341666666,49.39545291666669
Singapore,2025-08-24 06:00:00,17.8633855,25.482450250000003,6,24,8,6,17.3012325,24.641394875,31.42442533333333,44.58752287500002
Singapore,2025-08-24 12:00:00,21.8688285,31.312169,12,24,8,6,17.8633855,25.482450250000003,23.828107666666664,33.87238695833335
Singapore,2025-08-24 18:00:00,16.8289775,24.0386836,18,24,8,6,21.8688285,31.312169,19.011148833333326,27.145338041666687
Singapore,2025-08-25 00:00:00,7.18435445,10.272856325,0,25,8,0,16.8289775,24.0386836,18.853730499999998,26.94443428333335
Singapore,2025-08-25 06:00:00,11.57326325,16.501815,6,25,8,0,7.18435445,10.272856325,15.294053483333327,21.87456964166668
Singapore,2025-08-25 12:00:00,20.614181,29.28351225,12,25,8,0,11.57326325,16.501815,11.862198399999997,16.937784975000017
Singapore,2025-08-25 18:00:00,13.8559529,19.6726544,18,25,8,0,20.614181,29.28351225,13.123932899999994,18.686061191666685
Singapore,2025-08-26 00:00:00,10.663711625,15.204989,0,26,8,1,13.8559529,19.6726544,15.347799049999994,21.819327216666682
Singapore,2025-08-26 06:00:00,13.95369525,19.908839,6,26,8,1,10.663711625,15.204989,15.044615174999995,21.387051883333353
Singapore,2025-08-26 12:00:00,25.559757,36.28082325,12,26,8,1,13.95369525,19.908839,12.824453258333328,18.262160800000014
Singapore,2025-08-26 18:00:00,24.55587375,34.718226,18,26,8,1,25.559757,36.28082325,16.725721291666662,23.798217083333345
Singapore,2025-08-27 00:00:00,36.38638175,51.11320375,0,27,8,2,24.55587375,34.718226,21.356441999999998,30.30262941666668
Singapore,2025-08-27 06:00:00,36.71812025,51.826759,6,27,8,2,36.38638175,51.11320375,28.834004166666663,40.70408433333335
Singapore,2025-08-27 12:00:00,31.810145500000004,44.979401,12,27,8,2,36.71812025,51.826759,32.55345858333333,45.88606291666668
Singapore,2025-08-27 18:00:00,20.714793250000003,29.3302375,18,27,8,2,31.810145500000004,44.979401,34.97154916666666,49.306454583333355
Singapore,2025-08-28 00:00:00,23.0840835,32.733283,0,28,8,3,20.714793250000003,29.3302375,29.74768633333333,42.04546583333335
Singapore,2025-08-28 06:00:00,28.67830075,40.822613,6,28,8,3,23.0840835,32.733283,25.203007416666665,35.680973833333354
Singapore,2025-08-28 12:00:00,37.252505750000005,52.86352775,12,28,8,3,28.67830075,40.822613,24.159059166666662,34.295377833333355
Singapore,2025-08-28 18:00:00,37.08254325,52.5704995,18,28,8,3,37.252505750000005,52.86352775,29.671629999999997,42.13980791666668
Singapore,2025-08-29 00:00:00,30.088131000000004,42.60925825,0,29,8,4,37.08254325,52.5704995,34.337783249999994,48.752213416666685
Singapore,2025-08-29 06:00:00,31.6435945,44.96416775,6,29,8,4,30.088131000000004,42.60925825,34.80772666666667,49.34776183333336
Singapore,2025-08-29 12:00:00,48.380741,68.4386235,12,29,8,4,31.6435945,44.96416775,32.93808958333333,46.71464183333336
Singapore,2025-08-29 18:00:00,45.11966275,63.789003750000006,18,29,8,4,48.380741,68.4386235,36.70415549999999,52.00401650000001
Singapore,2025-08-30 00:00:00,24.73211675,35.03555475,0,30,8,5,45.11966275,63.789003750000006,41.71466608333333,59.06393166666669
Singapore,2025-08-30 06:00:00,21.66368075,30.99825125,6,30,8,5,24.73211675,35.03555475,39.41084016666666,55.754394000000026
Singapore,2025-08-30 12:00:00,31.061034750000005,44.2065015,12,30,8,5,21.66368075,30.99825125,30.505153416666662,43.27426991666669
Singapore,2025-08-30 18:00:00,21.02049725,29.86627075,18,30,8,5,31.061034750000005,44.2065015,25.81894408333333,36.74676916666669
Singapore,2025-08-31 00:00:00,2.573415245,3.6479832625,0,31,8,6,21.02049725,29.86627075,24.581737583333325,35.02367450000002
Singapore,2025-08-31 06:00:00,9.69674825,13.854787375,6,31,8,6,2.573415245,3.6479832625,18.21831574833333,25.906918504166686
Singapore,2025-08-31 12:00:00,20.024458625,28.4721865,12,31,8,6,9.69674825,13.854787375,11.096886914999994,15.789680462500021
Singapore,2025-08-31 18:00:00,16.512729,23.379812,18,31,8,6,20.024458625,28.4721865,10.764874039999995,15.324985712500018
Surakarta,2024-09-01 06:00:00,14.786337625,20.79968925,6,1,9,6,15.10619525,21.59902125,15.10619525,21.59902125
Surakarta,2024-09-01 12:00:00,17.925401499999996,24.56653175,12,1,9,6,14.786337625,20.79968925,14.9462664375,21.19935525
Surakarta,2024-09-01 18:00:00,20.16790275,27.181429,18,1,9,6,17.925401499999996,24.56653175,15.93931145833333,22.321747416666668
Surakarta,2024-09-02 00:00:00,31.572852750000003,41.9375685,0,2,9,0,20.16790275,27.181429,17.626547291666665,24.182550000000003
Surakarta,2024-09-02 06:00:00,21.2253325,28.83700775,6,2,9,0,31.572852750000003,41.9375685,23.222052333333334,31.22850975
Surakarta,2024-09-02 12:00:00,20.42907025,28.1020785,12,2,9,0,21.2253325,28.83700775,24.322029333333337,32.652001750000004
Surakarta,2024-09-02 18:00:00,18.898362,26.11727725,18,2,9,0,20.42907025,28.1020785,24.409085166666667,32.95888491666667
Surakarta,2024-09-03 00:00:00,19.07079625,26.73812125,0,3,9,1,18.898362,26.11727725,20.184254916666664,27.685454500000002
Surakarta,2024-09-03 06:00:00,18.41579,26.1117065,6,3,9,1,19.07079625,26.73812125,19.466076166666667,26.98582566666667
Surakarta,2024-09-03 12:00:00,22.80035,31.63461275,12,3,9,1,18.41579,26.1117065,18.794982750000003,26.322368333333333
Surakarta,2024-09-03 18:00:00,26.16911825,36.4115065,18,3,9,1,22.80035,31.63461275,20.095645416666667,28.161480166666667
Surakarta,2024-09-04 00:00:00,21.25955225,30.3232355,0,4,9,2,26.16911825,36.4115065,22.46175275,31.385941916666667
Surakarta,2024-09-04 06:00:00,18.25787875,26.81429125,6,4,9,2,21.25955225,30.3232355,23.409673499999997,32.78978491666667
Surakarta,2024-09-04 12:00:00,20.0138855,29.07017875,12,4,9,2,18.25787875,26.81429125,21.895516416666666,31.183011083333337
Surakarta,2024-09-04 18:00:00,20.451494875,29.51702525,18,4,9,2,20.0138855,29.07017875,19.843772166666668,28.735901833333333
Surakarta,2024-09-05 00:00:00,15.65297225,22.84116375,0,5,9,3,20.451494875,29.51702525,19.574419708333334,28.467165083333338
Surakarta,2024-09-05 06:00:00,13.477119875,20.010475,6,5,9,3,15.65297225,22.84116375,18.706117541666668,27.142789250000003
Surakarta,2024-09-05 12:00:00,18.831997375,27.52142325,12,5,9,3,13.477119875,20.010475,16.527195666666668,24.122888
Surakarta,2024-09-05 18:00:00,29.5042925,42.35184275,18,5,9,3,18.831997375,27.52142325,15.987363166666668,23.457687333333336
Surakarta,2024-09-06 00:00:00,21.5168825,31.673664249999995,0,6,9,4,29.5042925,42.35184275,20.60446991666667,29.961247000000004
Surakarta,2024-09-06 06:00:00,14.39650525,21.747951,6,6,9,4,21.5168825,31.673664249999995,23.284390791666667,33.84897675
Surakarta,2024-09-06 12:00:00,17.555294,26.18787675,12,6,9,4,14.39650525,21.747951,21.805893416666667,31.924486
Surakarta,2024-09-06 18:00:00,18.8243235,27.6947955,18,6,9,4,17.555294,26.18787675,17.82289391666667,26.536497333333333
Surakarta,2024-09-07 00:00:00,36.43003775,53.3626685,0,7,9,5,18.8243235,27.6947955,16.92537425,25.210207750000006
Surakarta,2024-09-07 06:00:00,21.02399325,32.01864725,6,7,9,5,36.43003775,53.3626685,24.26988508333333,35.74844691666667
Surakarta,2024-09-07 12:00:00,23.36787475,35.29658,12,7,9,5,21.02399325,32.01864725,25.426118166666665,37.69203708333334
Surakarta,2024-09-07 18:00:00,25.435611,37.48897325,18,7,9,5,23.36787475,35.29658,26.94063525,40.22596525
Surakarta,2024-09-08 00:00:00,25.77525025,38.247095,0,8,9,6,25.435611,37.48897325,23.27582633333333,34.9347335
Surakarta,2024-09-08 06:00:00,19.9830765,30.77968825,6,8,9,6,25.77525025,38.247095,24.859578666666664,37.01088275000001
Surakarta,2024-09-08 12:00:00,28.74253375,42.484202,12,8,9,6,19.9830765,30.77968825,23.731312583333334,35.50525216666667
Surakarta,2024-09-08 18:00:00,28.11987,41.0852295,18,8,9,6,28.74253375,42.484202,24.833620166666666,37.17032841666668
Surakarta,2024-09-09 00:00:00,24.14373075,35.86660575,0,9,9,0,28.11987,41.0852295,25.615160083333336,38.11637325000001
Surakarta,2024-09-09 06:00:00,18.325011,28.073941,6,9,9,0,24.14373075,35.86660575,27.002044833333333,39.81201241666667
Surakarta,2024-09-09 12:00:00,23.80374975,35.069434,12,9,9,0,18.325011,28.073941,23.52953725,35.00859208333334
Surakarta,2024-09-09 18:00:00,33.94109175,48.55405625,18,9,9,0,23.80374975,35.069434,22.0908305,33.00332691666667
Surakarta,2024-09-10 00:00:00,27.0878785,39.5412485,0,10,9,1,33.94109175,48.55405625,25.3566175,37.23247708333334
Surakarta,2024-09-10 06:00:00,28.7368495,42.5418425,6,10,9,1,27.0878785,39.5412485,28.277573333333333,41.05491291666667
Surakarta,2024-09-10 12:00:00,31.2239765,44.916533,12,10,9,1,28.7368495,42.5418425,29.921939916666663,43.54571575000001
Surakarta,2024-09-10 18:00:00,36.0191165,51.3239805,18,10,9,1,31.2239765,44.916533,29.016234833333332,42.333208000000006
Surakarta,2024-09-11 00:00:00,27.59981025,39.86070875,0,11,9,2,36.0191165,51.3239805,31.993314166666664,46.26078533333334
Surakarta,2024-09-11 06:00:00,22.6067415,33.192918750000004,6,11,9,2,27.59981025,39.86070875,31.61430108333333,45.36707408333334
Surakarta,2024-09-11 12:00:00,25.0960855,36.06726325,12,11,9,2,22.6067415,33.192918750000004,28.741889416666666,41.45920266666667
Surakarta,2024-09-11 18:00:00,27.459847850000003,39.04094125,18,11,9,2,25.0960855,36.06726325,25.100879083333336,36.37363025000001
Surakarta,2024-09-12 00:00:00,33.547764,47.994035,0,12,9,3,27.459847850000003,39.04094125,25.054224950000002,36.100374416666675
Surakarta,2024-09-12 06:00:00,22.5638815,32.85202875,6,12,9,3,33.547764,47.994035,28.701232450000003,41.034079833333344
Surakarta,2024-09-12 12:00:00,23.40510725,33.37976325,12,12,9,3,22.5638815,32.85202875,27.85716445,39.962335
Surakarta,2024-09-12 18:00:00,30.26637775,42.68105125,18,12,9,3,23.40510725,33.37976325,26.50558425,38.07527566666668
Surakarta,2024-09-13 00:00:00,9.83482105,14.121155875,0,13,9,4,30.26637775,42.68105125,25.411788833333333,36.304281083333336
Surakarta,2024-09-13 06:00:00,7.549942874999999,10.963162875,6,13,9,4,9.83482105,14.121155875,21.168768683333333,30.060656791666673
Surakarta,2024-09-13 12:00:00,15.63751075,22.619247,12,13,9,4,7.549942874999999,10.963162875,15.883713891666666,22.588456666666673
Surakarta,2024-09-13 18:00:00,25.33136025,36.34738775,18,13,9,4,15.63751075,22.619247,11.007424891666666,15.901188583333338
Surakarta,2024-09-14 00:00:00,27.58827125,39.493671,0,14,9,5,25.33136025,36.34738775,16.172937958333332,23.309932541666672
Surakarta,2024-09-14 06:00:00,12.676196,18.034257,6,14,9,5,27.58827125,39.493671,22.85238075,32.82010191666667
Surakarta,2024-09-14 12:00:00,16.940930375,23.72451,12,14,9,5,12.676196,18.034257,21.86527583333333,31.291771916666672
Surakarta,2024-09-14 18:00:00,27.763206625,38.6796155,18,14,9,5,16.940930375,23.72451,19.068465874999998,27.084146000000004
Surakarta,2024-09-15 00:00:00,33.865432750000004,47.08834925,0,15,9,6,27.763206625,38.6796155,19.126777666666666,26.812794166666674
Surakarta,2024-09-15 06:00:00,14.955333,21.01808175,6,15,9,6,33.865432750000004,47.08834925,26.189856583333334,36.497491583333336
Surakarta,2024-09-15 12:00:00,18.2280075,25.5523105,12,15,9,6,14.955333,21.01808175,25.527990791666667,35.59534883333333
Surakarta,2024-09-15 18:00:00,29.54536175,41.37567125,18,15,9,6,18.2280075,25.5523105,22.349591083333337,31.219580500000006
Surakarta,2024-09-16 00:00:00,8.477911725,11.9866285,0,16,9,0,29.54536175,41.37567125,20.909567416666665,29.31535450000001
Surakarta,2024-09-16 06:00:00,9.56762835,13.6162725,6,16,9,0,8.477911725,11.9866285,18.750426991666668,26.304870083333338
Surakarta,2024-09-16 12:00:00,16.5174045,23.0226365,12,16,9,0,9.56762835,13.6162725,15.863633941666668,22.32619075000001
Surakarta,2024-09-16 18:00:00,22.026029625000003,30.73017725,18,16,9,0,16.5174045,23.0226365,11.520981525000002,16.208512500000005
Surakarta,2024-09-17 00:00:00,10.448218325,14.720797,0,17,9,1,22.026029625000003,30.73017725,16.037020825000003,22.456362083333335
Surakarta,2024-09-17 06:00:00,10.30588225,14.614187,6,17,9,1,10.448218325,14.720797,16.33055081666667,22.824536916666673
Surakarta,2024-09-17 12:00:00,22.66415325,31.32421975,12,17,9,1,10.30588225,14.614187,14.2600434,20.02172041666667
Surakarta,2024-09-17 18:00:00,35.08505125,48.64986699999999,18,17,9,1,22.66415325,31.32421975,14.472751274999998,20.219734583333338
Surakarta,2024-09-18 00:00:00,12.528459825,17.615547999999997,0,18,9,2,35.08505125,48.64986699999999,22.685028916666663,31.529424583333338
Surakarta,2024-09-18 06:00:00,8.352287749999999,12.064106125,6,18,9,2,12.528459825,17.615547999999997,23.425888108333336,32.52987825
Surakarta,2024-09-18 12:00:00,15.5264955,21.990104,12,18,9,2,8.352287749999999,12.064106125,18.655266275,26.109840375
Surakarta,2024-09-18 18:00:00,22.450535875,31.767598125000003,18,18,9,2,15.5264955,21.990104,12.135747691666664,17.223252708333334
Surakarta,2024-09-19 00:00:00,14.19363125,20.13189275,0,19,9,3,22.450535875,31.767598125000003,15.443106374999997,21.94060275
Surakarta,2024-09-19 06:00:00,10.5704885,14.93361875,6,19,9,3,14.19363125,20.13189275,17.390220874999997,24.629864958333332
Surakarta,2024-09-19 12:00:00,17.59704575,23.97547425,12,19,9,3,10.5704885,14.93361875,15.738218541666663,22.277703208333335
Surakarta,2024-09-19 18:00:00,30.53798975,41.904656,18,19,9,3,17.59704575,23.97547425,14.120388499999997,19.680328583333335
Surakarta,2024-09-20 00:00:00,1.833654975,2.595925225,0,20,9,4,30.53798975,41.904656,19.568507999999998,26.937916333333337
Surakarta,2024-09-20 06:00:00,11.27378375,16.039365,6,20,9,4,1.833654975,2.595925225,16.656230158333333,22.825351825000002
Surakarta,2024-09-20 12:00:00,16.291920949999998,22.96928875,12,20,9,4,11.27378375,16.039365,14.548476158333331,20.179982075
Surakarta,2024-09-20 18:00:00,25.641611375,36.028837,18,20,9,4,16.291920949999998,22.96928875,9.799786558333329,13.86819299166667
Surakarta,2024-09-21 00:00:00,47.986191000000005,67.072334,0,21,9,5,25.641611375,36.028837,17.735772025,25.012496916666667
Surakarta,2024-09-21 06:00:00,27.547856,38.33315525,6,21,9,5,47.986191000000005,67.072334,29.973241108333337,42.02348658333333
Surakarta,2024-09-21 12:00:00,26.69389675,37.029281,12,21,9,5,27.547856,38.33315525,33.725219458333335,47.14477541666667
Surakarta,2024-09-21 18:00:00,39.89902075,55.54352425,18,21,9,5,26.69389675,37.029281,34.07598125,47.47825675000001
Surakarta,2024-09-22 00:00:00,62.8314185,86.8650425,0,22,9,6,39.89902075,55.54352425,31.38025783333333,43.635320166666666
Surakarta,2024-09-22 06:00:00,50.34456775,69.63517999999999,6,22,9,6,62.8314185,86.8650425,43.14144533333333,59.812615916666665
Surakarta,2024-09-22 12:00:00,49.956725250000005,68.67446775,12,22,9,6,50.34456775,69.63517999999999,51.02500233333333,70.68124891666666
Surakarta,2024-09-22 18:00:00,59.497949250000005,82.17517775,18,22,9,6,49.956725250000005,68.67446775,54.3775705,75.05823008333334
Surakarta,2024-09-23 00:00:00,50.535277,70.17229075,0,23,9,0,59.497949250000005,82.17517775,53.26641408333334,73.49494183333333
Surakarta,2024-09-23 06:00:00,39.853603,55.900955,6,23,9,0,50.535277,70.17229075,53.32998383333334,73.67397875
Surakarta,2024-09-23 12:00:00,38.92029075,54.8439515,12,23,9,0,39.853603,55.900955,49.96227641666667,69.41614116666668
Surakarta,2024-09-23 18:00:00,52.2530285,73.57488075,18,23,9,0,38.92029075,54.8439515,43.10305691666667,60.30573241666667
Surakarta,2024-09-24 00:00:00,41.82635425,59.01165325,0,24,9,1,52.2530285,73.57488075,43.67564074999999,61.43992908333334
Surakarta,2024-09-24 06:00:00,36.577546,51.92396175,6,24,9,1,41.82635425,59.01165325,44.3332245,62.4768285
Surakarta,2024-09-24 12:00:00,41.862108,59.11050525,12,24,9,1,36.577546,51.92396175,43.55230958333333,61.50349858333334
Surakarta,2024-09-24 18:00:00,41.5992925,58.51575225,18,24,9,1,41.862108,59.11050525,40.08866941666667,56.682040083333334
Surakarta,2024-09-25 00:00:00,16.248918749999998,22.98759225,0,25,9,2,41.5992925,58.51575225,40.01298216666666,56.51673975
Surakarta,2024-09-25 06:00:00,21.2439775,30.21551675,6,25,9,2,16.248918749999998,22.98759225,33.23677308333333,46.87128325
Surakarta,2024-09-25 12:00:00,34.80852275,49.1543225,12,25,9,2,21.2439775,30.21551675,26.364062916666665,37.23962041666667
Surakarta,2024-09-25 18:00:00,39.754070250000005,56.0887655,18,25,9,2,34.80852275,49.1543225,24.100473000000004,34.11914383333333
Surakarta,2024-09-26 00:00:00,23.35468725,33.08491625,0,26,9,3,39.754070250000005,56.0887655,31.935523500000002,45.152868250000004
Surakarta,2024-09-26 06:00:00,18.941222000000003,26.92922825,6,26,9,3,23.35468725,33.08491625,32.63909341666667,46.109334749999995
Surakarta,2024-09-26 12:00:00,31.444130350000005,44.42546175,12,26,9,3,18.941222000000003,26.92922825,27.349993166666675,38.70097
Surakarta,2024-09-26 18:00:00,34.654306,48.96406875,18,26,9,3,31.444130350000005,44.42546175,24.580013200000007,34.81320208333333
Surakarta,2024-09-27 00:00:00,25.7192315,36.344659,0,27,9,4,34.654306,48.96406875,28.34655278333334,40.10625291666667
Surakarta,2024-09-27 06:00:00,15.72729525,22.26505575,6,27,9,4,25.7192315,36.344659,30.605889283333337,43.24472983333334
Surakarta,2024-09-27 12:00:00,33.578743375,47.30583225,12,27,9,4,15.72729525,22.26505575,25.366944250000003,35.857927833333335
Surakarta,2024-09-27 18:00:00,37.3847225,52.601649,18,27,9,4,33.578743375,47.30583225,25.008423375000003,35.305182333333335
Surakarta,2024-09-28 00:00:00,28.15247025,39.844224,0,28,9,5,37.3847225,52.601649,28.896920375000004,40.724179
Surakarta,2024-09-28 06:00:00,17.965646749999998,25.76689475,6,28,9,5,28.15247025,39.844224,33.03864537500001,46.583901749999995
Surakarta,2024-09-28 12:00:00,30.8061205,44.01039225,12,28,9,5,17.965646749999998,25.76689475,27.834279833333337,39.40425591666666
Surakarta,2024-09-28 18:00:00,37.81404675,53.8508685,18,28,9,5,30.8061205,44.01039225,25.6414125,36.54050366666666
Surakarta,2024-09-29 00:00:00,42.28508025,60.883678,0,29,9,6,37.81404675,53.8508685,28.861938,41.209385166666664
Surakarta,2024-09-29 06:00:00,19.88649975,29.1302625,6,29,9,6,42.28508025,60.883678,36.96841583333334,52.91497958333333
Surakarta,2024-09-29 12:00:00,32.61141025,46.9574385,12,29,9,6,19.88649975,29.1302625,33.328542250000005,47.954936333333336
Surakarta,2024-09-29 18:00:00,47.51585475,67.931353,18,29,9,6,32.61141025,46.9574385,31.594330083333336,45.65712633333334
Surakarta,2024-09-30 00:00:00,48.380398500000005,69.64921899999999,0,30,9,0,47.51585475,67.931353,33.33792158333333,48.00635133333333
Surakarta,2024-09-30 06:00:00,23.34493825,34.8109665,6,30,9,0,48.380398500000005,69.64921899999999,42.83588783333334,61.51267016666666
Surakarta,2024-09-30 12:00:00,41.021167,58.8609625,12,30,9,0,23.34493825,34.8109665,39.747063833333335,57.46384616666666
Surakarta,2024-09-30 18:00:00,46.8756125,66.72627299999999,18,30,9,0,41.021167,58.8609625,37.58216791666667,54.440382666666665
Surakarta,2024-10-01 00:00:00,31.48582525,45.2557745,0,1,10,1,46.8756125,66.72627299999999,37.080572583333336,53.466067333333335
Surakarta,2024-10-01 06:00:00,16.67160625,24.69661825,6,1,10,1,31.48582525,45.2557745,39.79420158333334,56.947669999999995
Surakarta,2024-10-01 12:00:00,26.0530445,37.717342,12,1,10,1,16.67160625,24.69661825,31.67768133333334,45.559555249999995
Surakarta,2024-10-01 18:00:00,29.38209325,42.03916125,18,1,10,1,26.0530445,37.717342,24.736825333333332,35.88991158333334
Surakarta,2024-10-02 00:00:00,39.93145075,57.81538425,0,2,10,2,29.38209325,42.03916125,24.035581333333337,34.81770716666667
Surakarta,2024-10-02 06:00:00,25.796794,37.6511765,6,2,10,2,39.93145075,57.81538425,31.788862833333337,45.85729583333333
Surakarta,2024-10-02 12:00:00,29.011147250000004,41.4850665,12,2,10,2,25.796794,37.6511765,31.703446000000003,45.835240666666664
Surakarta,2024-10-02 18:00:00,39.28890675,54.86359075,18,2,10,2,29.011147250000004,41.4850665,31.579797333333335,45.65054241666667
Surakarta,2024-10-03 00:00:00,49.06127025,68.34989025,0,3,10,3,39.28890675,54.86359075,31.365616000000003,44.666611249999995
Surakarta,2024-10-03 06:00:00,32.469131,44.9126675,6,3,10,3,49.06127025,68.34989025,39.12044141666667,54.89951583333334
Surakarta,2024-10-03 12:00:00,40.34979,55.46496625,12,3,10,3,32.469131,44.9126675,40.27310266666667,56.0420495
Surakarta,2024-10-03 18:00:00,44.54352649999999,61.40146425,18,3,10,3,40.34979,55.46496625,40.62673041666667,56.24250800000001
Surakarta,2024-10-04 00:00:00,53.16275075,72.91163125,0,4,10,4,44.54352649999999,61.40146425,39.120815833333324,53.926366
Surakarta,2024-10-04 06:00:00,34.5115155,47.642687,6,4,10,4,53.16275075,72.91163125,46.01868908333333,63.25935391666667
Surakarta,2024-10-04 12:00:00,35.17601575,48.73294175,12,4,10,4,34.5115155,47.642687,44.072597583333334,60.6519275
Surakarta,2024-10-04 18:00:00,44.93460925,62.632807250000006,18,4,10,4,35.17601575,48.73294175,40.950094,56.42908666666667
Surakarta,2024-10-05 00:00:00,30.017901250000005,42.12984075,0,5,10,5,44.93460925,62.632807250000006,38.20738016666667,53.002812000000006
Surakarta,2024-10-05 06:00:00,23.10031275,32.66154625,6,5,10,5,30.017901250000005,42.12984075,36.709508750000005,51.16519658333334
Surakarta,2024-10-05 12:00:00,28.65459675,40.525492,12,5,10,5,23.10031275,32.66154625,32.68427441666667,45.80806475
Surakarta,2024-10-05 18:00:00,33.10538025,46.405262,18,5,10,5,28.65459675,40.525492,27.257603583333335,38.43895966666667
Surakarta,2024-10-06 00:00:00,32.564741500000004,45.761453,0,6,10,6,33.10538025,46.405262,28.286763249999996,39.864100083333334
Surakarta,2024-10-06 06:00:00,23.32080825,33.01943225,6,6,10,6,32.564741500000004,45.761453,31.441572833333336,44.23073566666667
Surakarta,2024-10-06 12:00:00,31.02854875,43.68450825,12,6,10,6,23.32080825,33.01943225,29.663643333333336,41.72871575
Surakarta,2024-10-06 18:00:00,37.2916415,52.43833725,18,6,10,6,31.02854875,43.68450825,28.971366166666666,40.821797833333335
Surakarta,2024-10-07 00:00:00,26.6007875,37.70333025,0,7,10,0,37.2916415,52.43833725,30.5469995,43.04742591666667
Surakarta,2024-10-07 06:00:00,19.2003425,27.6116335,6,7,10,0,26.6007875,37.70333025,31.640325916666665,44.60872525
Surakarta,2024-10-07 12:00:00,26.95304625,38.889198,12,7,10,0,19.2003425,27.6116335,27.6975905,39.25110033333333
Surakarta,2024-10-07 18:00:00,29.004695750000003,41.457894,18,7,10,0,26.95304625,38.889198,24.251392083333332,34.734720583333335
Surakarta,2024-10-08 00:00:00,42.476643,61.360822000000006,0,8,10,1,29.004695750000003,41.457894,25.052694833333334,35.98624183333334
Surakarta,2024-10-08 06:00:00,22.88561525,33.29478225,6,8,10,1,42.476643,61.360822000000006,32.811461666666666,47.23597133333334
Surakarta,2024-10-08 12:00:00,24.08989975,34.519985,12,8,10,1,22.88561525,33.29478225,31.455651333333336,45.37116608333334
Surakarta,2024-10-08 18:00:00,31.8766525,45.15999275,18,8,10,1,24.08989975,34.519985,29.817386,43.05852975
Surakarta,2024-10-09 00:00:00,33.7010705,47.88842075,0,9,10,2,31.8766525,45.15999275,26.284055833333337,37.658253333333334
Surakarta,2024-10-09 06:00:00,16.97770825,24.35103875,6,9,10,2,33.7010705,47.88842075,29.88920758333333,42.5227995
Surakarta,2024-10-09 12:00:00,20.61591425,29.209104250000003,12,9,10,2,16.97770825,24.35103875,27.518477083333334,39.133150750000006
Surakarta,2024-10-09 18:00:00,26.452312,37.2863265,18,9,10,2,20.61591425,29.209104250000003,23.764897666666666,33.81618791666667
Surakarta,2024-10-10 00:00:00,24.7588045,34.96427325,0,10,10,3,26.452312,37.2863265,21.348644833333335,30.282156500000003
Surakarta,2024-10-10 06:00:00,15.506998499999998,22.20929225,6,10,10,3,24.7588045,34.96427325,23.942343583333336,33.819901333333334
Surakarta,2024-10-10 12:00:00,20.27957225,28.9555825,12,10,10,3,15.506998499999998,22.20929225,22.239371666666667,31.486630666666667
Surakarta,2024-10-10 18:00:00,30.737425375,43.41922025,18,10,10,3,20.27957225,28.9555825,20.181791750000002,28.709716
Surakarta,2024-10-11 00:00:00,24.73353775,35.03930675,0,11,10,4,30.737425375,43.41922025,22.174665375,31.528031666666664
Surakarta,2024-10-11 06:00:00,17.13246425,24.49090175,6,11,10,4,24.73353775,35.03930675,25.250178458333334,35.80470316666666
Surakarta,2024-10-11 12:00:00,23.238684,33.0901455,12,11,10,4,17.13246425,24.49090175,24.201142458333337,34.31647625
Surakarta,2024-10-11 18:00:00,33.93802225,48.16763575,18,11,10,4,23.238684,33.0901455,21.701562,30.873451333333332
Surakarta,2024-10-12 00:00:00,29.4000985,41.9377105,0,12,10,5,33.93802225,48.16763575,24.769723499999998,35.249561
Surakarta,2024-10-12 06:00:00,20.018092,29.0269215,6,12,10,5,29.4000985,41.9377105,28.85893491666667,41.06516391666666
Surakarta,2024-10-12 12:00:00,26.78262925,38.46435025,12,12,10,5,20.018092,29.0269215,27.78540425,39.71075591666666
Surakarta,2024-10-12 18:00:00,25.9744295,37.26552225,18,12,10,5,26.78262925,38.46435025,25.400273249999998,36.47632741666666
Surakarta,2024-10-13 00:00:00,20.5039895,29.70216425,0,13,10,6,25.9744295,37.26552225,24.25838358333333,34.918931333333326
Surakarta,2024-10-13 06:00:00,16.35373775,23.92670275,6,13,10,6,20.5039895,29.70216425,24.420349416666664,35.144012249999996
Surakarta,2024-10-13 12:00:00,20.86778775,30.029951749999995,12,13,10,6,16.35373775,23.92670275,20.94405225,30.298129749999998
Surakarta,2024-10-13 18:00:00,23.0354545,33.01084875,18,13,10,6,20.86778775,30.029951749999995,19.241838333333334,27.886272916666666
Surakarta,2024-10-14 00:00:00,26.08769025,37.6246585,0,14,10,0,23.0354545,33.01084875,20.08566,28.989167749999996
Surakarta,2024-10-14 06:00:00,18.89918625,27.1909925,6,14,10,0,26.08769025,37.6246585,23.330310833333332,33.555153
Surakarta,2024-10-14 12:00:00,22.73665725,31.74056925,12,14,10,0,18.89918625,27.1909925,22.67411033333333,32.608833249999996
Surakarta,2024-10-14 18:00:00,26.5931135,36.26837575,18,14,10,0,22.73665725,31.74056925,22.574511249999997,32.18540675
Surakarta,2024-10-15 00:00:00,16.193098375,22.147219,0,15,10,1,26.5931135,36.26837575,22.742985666666666,31.733312499999997
Surakarta,2024-10-15 06:00:00,14.981395625,21.08112075,6,15,10,1,16.193098375,22.147219,21.840956375,30.052054666666663
Surakarta,2024-10-15 12:00:00,17.553262,24.42271825,12,15,10,1,14.981395625,21.08112075,19.255869166666663,26.498905166666663
Surakarta,2024-10-15 18:00:00,19.66037625,27.3955725,18,15,10,1,17.553262,24.42271825,16.242585333333334,22.550352666666665
Surakarta,2024-10-16 00:00:00,13.6540165,19.3572305,0,16,10,2,19.66037625,27.3955725,17.398344624999996,24.29980383333333
Surakarta,2024-10-16 06:00:00,9.558078875,13.941757999999998,6,16,10,2,13.6540165,19.3572305,16.955884916666665,23.72517375
Surakarta,2024-10-16 12:00:00,11.1894706,16.399610499999998,12,16,10,2,9.558078875,13.941757999999998,14.290823875,20.231520333333332
Surakarta,2024-10-16 18:00:00,13.293458875,19.1487855,18,16,10,2,11.1894706,16.399610499999998,11.467188658333333,16.566199666666662
Surakarta,2024-10-17 00:00:00,12.7442375,18.3342765,0,17,10,3,13.293458875,19.1487855,11.347002783333332,16.496717999999998
Surakarta,2024-10-17 06:00:00,12.11481075,17.414151750000002,6,17,10,3,12.7442375,18.3342765,12.409055658333335,17.960890833333327
Surakarta,2024-10-17 12:00:00,17.0514625,24.26017425,12,17,10,3,12.11481075,17.414151750000002,12.717502375,18.299071249999997
Surakarta,2024-10-17 18:00:00,17.820212875000003,25.359924,18,17,10,3,17.0514625,24.26017425,13.97017025,20.002867499999997
Surakarta,2024-10-18 00:00:00,5.016360625,7.286985225,0,18,10,4,17.820212875000003,25.359924,15.662162041666667,22.344749999999994
Surakarta,2024-10-18 06:00:00,13.330549,19.17192125,6,18,10,4,5.016360625,7.286985225,13.296011999999997,18.969027824999994
Surakarta,2024-10-18 12:00:00,17.620664,25.31913875,12,18,10,4,13.330549,19.17192125,12.055707499999999,17.272943491666663
Surakarta,2024-10-18 18:00:00,26.99098925,38.34816225,18,18,10,4,17.620664,25.31913875,11.989191208333333,17.25934840833333
Surakarta,2024-10-19 00:00:00,46.494903,66.13390725,0,19,10,5,26.99098925,38.34816225,19.314067416666663,27.61307408333333
Surakarta,2024-10-19 06:00:00,34.7398835,49.31592875,6,19,10,5,46.494903,66.13390725,30.368852083333334,43.267069416666665
Surakarta,2024-10-19 12:00:00,36.422918,51.6261875,12,19,10,5,34.7398835,49.31592875,36.07525858333333,51.26599941666666
Surakarta,2024-10-19 18:00:00,38.18115575,53.985558000000005,18,19,10,5,36.422918,51.6261875,39.21923483333333,55.69200783333332
Surakarta,2024-10-20 00:00:00,40.6955675,57.6103505,0,20,10,6,38.18115575,53.985558000000005,36.44798575,51.642558083333334
Surakarta,2024-10-20 06:00:00,32.7293605,46.531681000000006,6,20,10,6,40.6955675,57.6103505,38.43321375,54.40736533333333
Surakarta,2024-10-20 12:00:00,37.477676,53.12835975,12,20,10,6,32.7293605,46.531681000000006,37.20202791666667,52.7091965
Surakarta,2024-10-20 18:00:00,29.22962525,41.42407175,18,20,10,6,37.477676,53.12835975,36.967534666666666,52.423463749999996
Surakarta,2024-10-21 00:00:00,14.7413175,20.960897000000003,0,21,10,0,29.22962525,41.42407175,33.145553916666664,47.0280375
Surakarta,2024-10-21 06:00:00,16.31775625,23.3329445,6,21,10,0,14.7413175,20.960897000000003,27.149539583333333,38.504442833333336
Surakarta,2024-10-21 12:00:00,23.577115750000004,33.4897265,12,21,10,0,16.31775625,23.3329445,20.096233,28.57263775
Surakarta,2024-10-21 18:00:00,27.87942275,39.3622485,18,21,10,0,23.577115750000004,33.4897265,18.212063166666667,25.927856000000002
Surakarta,2024-10-22 00:00:00,23.77714775,33.748619500000004,0,22,10,1,27.87942275,39.3622485,22.591431583333332,32.06163983333333
Surakarta,2024-10-22 06:00:00,14.29640425,20.7000425,6,22,10,1,23.77714775,33.748619500000004,25.077895416666667,35.5335315
Surakarta,2024-10-22 12:00:00,15.714874875,22.7190075,12,22,10,1,14.29640425,20.7000425,21.98432491666667,31.270303499999997
Surakarta,2024-10-22 18:00:00,14.02378315,20.226593750000003,18,22,10,1,15.714874875,22.7190075,17.929475625,25.722556499999996
Surakarta,2024-10-23 00:00:00,21.29945625,31.4137195,0,23,10,2,14.02378315,20.226593750000003,14.678354091666668,21.21521458333333
Surakarta,2024-10-23 06:00:00,11.66617375,17.599916,6,23,10,2,21.29945625,31.4137195,17.01270475833333,24.78644025
Surakarta,2024-10-23 12:00:00,14.042314,20.595422,12,23,10,2,11.66617375,17.599916,15.663137716666666,23.080076416666667
Surakarta,2024-10-23 18:00:00,14.263719075,20.79605115,18,23,10,2,14.042314,20.595422,15.669314666666665,23.203019166666664
Surakarta,2024-10-24 00:00:00,15.36767525,22.6187925,0,24,10,3,14.263719075,20.79605115,13.324068941666667,19.66379638333333
Surakarta,2024-10-24 06:00:00,10.89749475,16.32238875,6,24,10,3,15.36767525,22.6187925,14.557902775,21.336755216666663
Surakarta,2024-10-24 12:00:00,16.372340124999997,23.77819875,12,24,10,3,10.89749475,16.32238875,13.509629691666666,19.9124108
Surakarta,2024-10-24 18:00:00,20.129761,28.87173875,18,24,10,3,16.372340124999997,23.77819875,14.212503374999999,20.90646
Surakarta,2024-10-25 00:00:00,14.4258365,20.96177825,0,25,10,4,20.129761,28.87173875,15.799865291666665,22.99077541666666
Surakarta,2024-10-25 06:00:00,11.449167,16.696475500000002,6,25,10,4,14.4258365,20.96177825,16.97597920833333,24.53723858333333
Surakarta,2024-10-25 12:00:00,16.413502,23.354473875,12,25,10,4,11.449167,16.696475500000002,15.3349215,22.176664166666665
Surakarta,2024-10-25 18:00:00,16.423655375,23.16156125,18,25,10,4,16.413502,23.354473875,14.0961685,20.337575875
Surakarta,2024-10-26 00:00:00,24.424935,34.62332625,0,26,10,5,16.423655375,23.16156125,14.762108124999997,21.070836874999998
Surakarta,2024-10-26 06:00:00,18.45334875,26.5149965,6,26,10,5,24.424935,34.62332625,19.087364125,27.046453791666664
Surakarta,2024-10-26 12:00:00,22.0648815,31.14570325,12,26,10,5,18.45334875,26.5149965,19.767313041666668,28.09996133333333
Surakarta,2024-10-26 18:00:00,24.504459,34.386744,18,26,10,5,22.0648815,31.14570325,21.647721750000002,30.761341999999996
Surakarta,2024-10-27 00:00:00,15.19572375,21.71395875,0,27,10,6,24.504459,34.386744,21.67422975,30.68248125
Surakarta,2024-10-27 06:00:00,15.4710305,22.2159145,6,27,10,6,15.19572375,21.71395875,20.588354749999997,29.082135333333337
Surakarta,2024-10-27 12:00:00,21.14722275,30.010795500000004,12,27,10,6,15.4710305,22.2159145,18.390404416666666,26.105539083333337
Surakarta,2024-10-27 18:00:00,25.50075375,36.1190479,18,27,10,6,21.14722275,30.010795500000004,17.271325666666666,24.646889583333333
Surakarta,2024-10-28 00:00:00,26.11091075,37.84816725,0,28,10,0,25.50075375,36.1190479,20.706335666666668,29.448585966666666
Surakarta,2024-10-28 06:00:00,18.23170225,26.34993725,6,28,10,0,26.11091075,37.84816725,24.252962416666666,34.65933688333333
Surakarta,2024-10-28 12:00:00,15.740354625,22.7459225,12,28,10,0,18.23170225,26.34993725,23.28112225,33.4390508
Surakarta,2024-10-28 18:00:00,16.147935999999998,23.090706,18,28,10,0,15.740354625,22.7459225,20.027655875,28.981342333333334
Surakarta,2024-10-29 00:00:00,23.32004125,33.3045595,0,29,10,1,16.147935999999998,23.090706,16.706664291666666,24.062188583333334
Surakarta,2024-10-29 06:00:00,18.59163475,26.06489575,6,29,10,1,23.32004125,33.3045595,18.402777291666666,26.380396
Surakarta,2024-10-29 12:00:00,22.45785425,30.58323725,12,29,10,1,18.59163475,26.06489575,19.353203999999998,27.486720416666667
Surakarta,2024-10-29 18:00:00,23.4029615,31.257428250000004,18,29,10,1,22.45785425,30.58323725,21.45651008333333,29.98423083333334
Surakarta,2024-10-30 00:00:00,21.61249325,28.60926425,0,30,10,2,23.4029615,31.257428250000004,21.484150166666666,29.301853750000003
Surakarta,2024-10-30 06:00:00,16.004847,21.17407375,6,30,10,2,21.61249325,28.60926425,22.491103,30.14997658333333
Surakarta,2024-10-30 12:00:00,23.02716275,30.86766725,12,30,10,2,16.004847,21.17407375,20.340100583333335,27.01358875
Surakarta,2024-10-30 18:00:00,25.85504425,34.954752,18,30,10,2,23.02716275,30.86766725,20.214834333333332,26.883668416666666
Surakarta,2024-10-31 00:00:00,25.98488925,35.16413475,0,31,10,3,25.85504425,34.954752,21.629018000000002,28.998831
Surakarta,2024-10-31 06:00:00,19.98203875,27.50100225,6,31,10,3,25.98488925,35.16413475,24.95569875,33.66218466666667
Surakarta,2024-10-31 12:00:00,32.376504999999995,44.74034775,12,31,10,3,19.98203875,27.50100225,23.940657416666667,32.539963
Surakarta,2024-10-31 18:00:00,31.2349475,43.347086,18,31,10,3,32.376504999999995,44.74034775,26.11447766666667,35.80182825
Surakarta,2024-11-01 00:00:00,24.945166000000004,34.8234155,0,1,11,4,31.2349475,43.347086,27.864497083333333,38.52947866666667
Surakarta,2024-11-01 06:00:00,20.28954775,28.677817625,6,1,11,4,24.945166000000004,34.8234155,29.518872833333337,40.970283083333335
Surakarta,2024-11-01 12:00:00,27.45511605,38.674727,12,1,11,4,20.28954775,28.677817625,25.48988708333334,35.616106375
Surakarta,2024-11-01 18:00:00,41.28511925,58.25398925,18,1,11,4,27.45511605,38.674727,24.22994326666667,34.058653375
Surakarta,2024-11-02 00:00:00,16.608624125,23.57137385,0,2,11,5,41.28511925,58.25398925,29.676594350000002,41.868844624999994
Surakarta,2024-11-02 06:00:00,12.772602525,18.171747,6,2,11,5,16.608624125,23.57137385,28.449619808333335,40.166696699999996
Surakarta,2024-11-02 12:00:00,21.37505825,30.389031750000004,12,2,11,5,12.772602525,18.171747,23.555448633333338,33.332370033333326
Surakarta,2024-11-02 18:00:00,29.26913125,41.47406675,18,2,11,5,21.37505825,30.389031750000004,16.918761633333332,24.044050866666666
Surakarta,2024-11-03 00:00:00,45.315914750000005,64.22738,0,3,11,6,29.26913125,41.47406675,21.138930675,30.01161516666666
Surakarta,2024-11-03 06:00:00,34.14872625,48.279986,6,3,11,6,45.315914750000005,64.22738,31.986701416666666,45.36349283333334
Surakarta,2024-11-03 12:00:00,42.8018445,60.227223,12,3,11,6,34.14872625,48.279986,36.24459075000001,51.327144249999996
Surakarta,2024-11-03 18:00:00,45.482353,64.13136949999999,18,3,11,6,42.8018445,60.227223,40.75549516666667,57.57819633333333
Surakarta,2024-11-04 00:00:00,23.011352750000004,32.49715525,0,4,11,0,45.482353,64.13136949999999,40.81097458333334,57.54619283333333
Surakarta,2024-11-04 06:00:00,13.934425,19.734358,6,4,11,0,23.011352750000004,32.49715525,37.09851675,52.28524924999999
Surakarta,2024-11-04 12:00:00,32.84118575,46.48151925,12,4,11,0,13.934425,19.734358,27.476043583333333,38.787627583333325
Surakarta,2024-11-04 18:00:00,41.3794515,58.61596775,18,4,11,0,32.84118575,46.48151925,23.26232116666667,32.90434416666667
Surakarta,2024-11-05 00:00:00,33.27249975,47.24711375,0,5,11,1,41.3794515,58.61596775,29.385020750000006,41.610615
Surakarta,2024-11-05 06:00:00,19.970855,28.4967145,6,5,11,1,33.27249975,47.24711375,35.83104566666667,50.78153358333333
Surakarta,2024-11-05 12:00:00,30.799355750000004,43.94729575,12,5,11,1,19.970855,28.4967145,31.540935416666667,44.78659866666666
Surakarta,2024-11-05 18:00:00,44.09957925,62.61257075,18,5,11,1,30.799355750000004,43.94729575,28.01423683333333,39.89704133333333
Surakarta,2024-11-06 00:00:00,42.20737525,59.96980725,0,6,11,2,44.09957925,62.61257075,31.62326333333333,45.01886033333333
Surakarta,2024-11-06 06:00:00,25.0814765,35.7697445,6,6,11,2,42.20737525,59.96980725,39.03543675,55.50989125
Surakarta,2024-11-06 12:00:00,46.041407250000006,64.9396275,12,6,11,2,25.0814765,35.7697445,37.129477,52.784040833333336
Surakarta,2024-11-06 18:00:00,64.9287125,91.8121245,18,6,11,2,46.041407250000006,64.9396275,37.776753,53.55972641666667
Surakarta,2024-11-07 00:00:00,42.5907275,60.23174124999999,0,7,11,3,64.9287125,91.8121245,45.35053208333333,64.17383216666667
Surakarta,2024-11-07 06:00:00,24.4633045,34.524191,6,7,11,3,42.5907275,60.23174124999999,51.18694908333333,72.32783108333332
Surakarta,2024-11-07 12:00:00,35.23410875,49.29063375,12,7,11,3,24.4633045,34.524191,43.994248166666665,62.18935224999999
Surakarta,2024-11-07 18:00:00,50.5155815,70.912079,18,7,11,3,35.23410875,49.29063375,34.096046916666666,48.015522
Surakarta,2024-11-08 00:00:00,65.185759,91.088452,0,8,11,4,50.5155815,70.912079,36.73766491666667,51.57563458333333
Surakarta,2024-11-08 06:00:00,39.38272675,54.85833325,6,8,11,4,65.185759,91.088452,50.311816416666666,70.43038825000001
Surakarta,2024-11-08 12:00:00,37.2818645,51.433404,12,8,11,4,39.38272675,54.85833325,51.69468908333334,72.28628808333333
Surakarta,2024-11-08 18:00:00,35.415851999999994,48.6377885,18,8,11,4,37.2818645,51.433404,47.28345008333334,65.79339641666667
Surakarta,2024-11-09 00:00:00,27.52563,37.72356675,0,9,11,5,35.415851999999994,48.6377885,37.36014774999999,51.643175250000006
Surakarta,2024-11-09 06:00:00,17.509137375,24.35641,6,9,11,5,27.52563,37.72356675,33.40778216666666,45.93158641666667
Surakarta,2024-11-09 12:00:00,25.73506225,36.09373775,12,9,11,5,17.509137375,24.35641,26.81687312499999,36.905921750000005
Surakarta,2024-11-09 18:00:00,21.90964225,30.759395,18,9,11,5,25.73506225,36.09373775,23.589943208333327,32.7245715
Surakarta,2024-11-10 00:00:00,30.4999335,42.63739575,0,10,11,6,21.90964225,30.759395,21.71794729166666,30.40318091666667
Surakarta,2024-11-10 06:00:00,25.10211075,35.03856775,6,10,11,6,30.4999335,42.63739575,26.04821266666666,36.49684283333334
Surakarta,2024-11-10 12:00:00,36.83705125,51.16544325,12,10,11,6,25.10211075,35.03856775,25.83722883333333,36.1451195
Surakarta,2024-11-10 18:00:00,38.0609605,53.25972475,18,10,11,6,36.83705125,51.16544325,30.813031833333326,42.947135583333335
Surakarta,2024-11-11 00:00:00,39.51083725,55.495889,0,11,11,0,38.0609605,53.25972475,33.333374166666665,46.48791191666667
Surakarta,2024-11-11 06:00:00,30.96755575,43.816215,6,11,11,0,39.51083725,55.495889,38.136283,53.307019
Surakarta,2024-11-11 12:00:00,39.25414675,55.42523175,12,11,11,0,30.96755575,43.816215,36.1797845,50.85727624999999
Surakarta,2024-11-11 18:00:00,37.0171445,52.29429625,18,11,11,0,39.25414675,55.42523175,36.577513249999996,51.57911191666667
Surakarta,2024-11-12 00:00:00,48.7892465,68.922872,0,12,11,1,37.0171445,52.29429625,35.74628233333333,50.51191433333333
Surakarta,2024-11-12 06:00:00,36.289535,51.385243,6,12,11,1,48.7892465,68.922872,41.68684591666666,58.8808
Surakarta,2024-11-12 12:00:00,38.136491,53.66243375,12,12,11,1,36.289535,51.385243,40.698642,57.53413708333333
Surakarta,2024-11-12 18:00:00,52.553559,74.15758375,18,12,11,1,38.136491,53.66243375,41.0717575,57.99018291666667
Surakarta,2024-11-13 00:00:00,61.92362775000001,87.557738,0,13,11,2,52.553559,74.15758375,42.32652833333333,59.735086833333334
Surakarta,2024-11-13 06:00:00,43.5039165,61.70770950000001,6,13,11,2,61.92362775000001,87.557738,50.87122591666667,71.79258516666665
Surakarta,2024-11-13 12:00:00,58.97254525,82.89239725,12,13,11,2,43.5039165,61.70770950000001,52.66036775,74.47434375
Surakarta,2024-11-13 18:00:00,77.3911775,109.11162625,18,13,11,2,58.97254525,82.89239725,54.800029833333326,77.38594825
Surakarta,2024-11-14 00:00:00,95.68384475,134.98129250000002,0,14,11,3,77.3911775,109.11162625,59.95587974999999,84.57057766666667
Surakarta,2024-11-14 06:00:00,58.207945,81.956215,6,14,11,3,95.68384475,134.98129250000002,77.34918916666666,108.99510533333334
Surakarta,2024-11-14 12:00:00,53.574411,75.009837,12,14,11,3,58.207945,81.956215,77.09432241666666,108.68304458333334
Surakarta,2024-11-14 18:00:00,59.95900725,84.08045425,18,14,11,3,53.574411,75.009837,69.15540025,97.31578150000001
Surakarta,2024-11-15 00:00:00,80.39731325,112.925649,0,15,11,4,59.95900725,84.08045425,57.247121083333326,80.34883541666666
Surakarta,2024-11-15 06:00:00,48.833242250000005,69.138267,6,15,11,4,80.39731325,112.925649,64.64357716666666,90.67198008333334
Surakarta,2024-11-15 12:00:00,58.393653,81.7535695,12,15,11,4,48.833242250000005,69.138267,63.06318758333333,88.71479008333334
Surakarta,2024-11-15 18:00:00,49.43149124999999,69.1884455,18,15,11,4,58.393653,81.7535695,62.54140283333333,87.93916183333334
Surakarta,2024-11-16 00:00:00,67.3098985,94.0212025,0,16,11,5,49.43149124999999,69.1884455,52.21946216666666,73.360094
Surakarta,2024-11-16 06:00:00,61.81672875,86.6809975,6,16,11,5,67.3098985,94.0212025,58.37834758333332,81.65440583333334
Surakarta,2024-11-16 12:00:00,58.72985225,81.5733325,12,16,11,5,61.81672875,86.6809975,59.51937283333333,83.29688183333333
Surakarta,2024-11-16 18:00:00,66.16407674999999,92.3645165,18,16,11,5,58.72985225,81.5733325,62.61882649999999,87.42517750000002
Surakarta,2024-11-17 00:00:00,53.49954825,74.8821095,0,17,11,6,66.16407674999999,92.3645165,62.23688591666666,86.87294883333334
Surakarta,2024-11-17 06:00:00,34.6082485,48.6053865,6,17,11,6,53.49954825,74.8821095,59.46449241666665,82.93998616666667
Surakarta,2024-11-17 12:00:00,38.922493,54.4382885,12,17,11,6,34.6082485,48.6053865,51.423957833333326,71.95067083333333
Surakarta,2024-11-17 18:00:00,38.76522225,54.518211,18,17,11,6,38.922493,54.4382885,42.34342991666666,59.30859483333333
Surakarta,2024-11-18 00:00:00,24.462736,34.578989,0,18,11,0,38.76522225,54.518211,37.43198791666666,52.520628666666674
Surakarta,2024-11-18 06:00:00,14.377342,20.30670025,6,18,11,0,24.462736,34.578989,34.05015041666666,47.845162833333326
Surakarta,2024-11-18 12:00:00,26.34270425,37.129439,12,18,11,0,14.377342,20.30670025,25.868433416666658,36.467966749999995
Surakarta,2024-11-18 18:00:00,34.32390425,48.57875575,18,18,11,0,26.34270425,37.129439,21.727594083333326,30.67170941666667
Surakarta,2024-11-19 00:00:00,48.985867500000005,69.3689225,0,19,11,1,34.32390425,48.57875575,25.014650166666655,35.338298333333334
Surakarta,2024-11-19 06:00:00,32.02714525,45.20413175,6,19,11,1,48.985867500000005,69.3689225,36.55082533333333,51.692372416666664
Surakarta,2024-11-19 12:00:00,39.877513,56.1892365,12,19,11,1,32.02714525,45.20413175,38.44563899999999,54.38393666666667
Surakarta,2024-11-19 18:00:00,38.144975,53.85868575000001,18,19,11,1,39.877513,56.1892365,40.29684191666666,56.92076358333333
Surakarta,2024-11-20 00:00:00,37.340442,52.78900525,0,20,11,2,38.144975,53.85868575000001,36.683211083333326,51.75068466666667
Surakarta,2024-11-20 06:00:00,20.741595,29.4152755,6,20,11,2,37.340442,52.78900525,38.45430999999999,54.278975833333334
Surakarta,2024-11-20 12:00:00,31.00760175,43.783102750000005,12,20,11,2,20.741595,29.4152755,32.07567066666666,45.35432216666667
Surakarta,2024-11-20 18:00:00,38.32428675,54.2155475,18,20,11,2,31.00760175,43.783102750000005,29.696546249999994,41.99579450000001
Surakarta,2024-11-21 00:00:00,43.343334500000005,61.37747675000001,0,21,11,3,38.32428675,54.2155475,30.024494499999992,42.47130858333333
Surakarta,2024-11-21 06:00:00,20.7047035,29.448415,6,21,11,3,43.343334500000005,61.37747675000001,37.55840766666666,53.12537566666666
Surakarta,2024-11-21 12:00:00,38.112773,53.93798,12,21,11,3,20.7047035,29.448415,34.12410825,48.34714641666667
Surakarta,2024-11-21 18:00:00,40.419522,57.198406,18,21,11,3,38.112773,53.93798,34.05360366666666,48.254623916666674
Surakarta,2024-11-22 00:00:00,61.9859865,87.76402124999998,0,22,11,4,40.419522,57.198406,33.07899949999999,46.861600333333335
Surakarta,2024-11-22 06:00:00,34.09199675,48.535014,6,22,11,4,61.9859865,87.76402124999998,46.83942716666667,66.30013575
Surakarta,2024-11-22 12:00:00,30.14682175,42.64067875,12,22,11,4,34.09199675,48.535014,45.49916841666666,64.49914708333333
Surakarta,2024-11-22 18:00:00,35.873653999999995,50.693842,18,22,11,4,30.14682175,42.64067875,42.07493499999999,59.64657133333333
Surakarta,2024-11-23 00:00:00,48.20518025,68.11490025,0,23,11,5,35.873653999999995,50.693842,33.37082416666666,47.28984491666666
Surakarta,2024-11-23 06:00:00,38.4235365,54.45782875,6,23,11,5,48.20518025,68.11490025,38.07521866666666,53.81647366666667
Surakarta,2024-11-23 12:00:00,52.554198750000005,73.96703,12,23,11,5,38.4235365,54.45782875,40.83412358333332,57.75552366666667
Surakarta,2024-11-23 18:00:00,45.6595325,64.3452155,18,23,11,5,52.554198750000005,73.96703,46.39430516666666,65.513253
Surakarta,2024-11-24 00:00:00,47.41397675,66.86576550000001,0,24,11,6,45.6595325,64.3452155,45.54575591666666,64.25669141666667
Surakarta,2024-11-24 06:00:00,33.078095,46.927142,6,24,11,6,47.41397675,66.86576550000001,48.542569333333326,68.39267033333333
Surakarta,2024-11-24 12:00:00,36.86602625,51.98416075,12,24,11,6,33.078095,46.927142,42.05053474999999,59.37937433333334
Surakarta,2024-11-24 18:00:00,26.476982,37.4361095,18,24,11,6,36.86602625,51.98416075,39.11936599999999,55.25902275000001
Surakarta,2024-11-25 00:00:00,32.96976575,46.71099449999999,0,25,11,0,26.476982,37.4361095,32.14036774999999,45.449137416666666
Surakarta,2024-11-25 06:00:00,21.3299815,30.41860425,6,25,11,0,32.96976575,46.71099449999999,32.104257999999994,45.37708824999999
Surakarta,2024-11-25 12:00:00,31.3317655,44.1628165,12,25,11,0,21.3299815,30.41860425,26.925576416666658,38.18856941666667
Surakarta,2024-11-25 18:00:00,19.944082,28.16570075,18,25,11,0,31.3317655,44.1628165,28.543837583333328,40.43080508333333
Surakarta,2024-11-26 00:00:00,22.02111175,31.151302,0,26,11,1,19.944082,28.16570075,24.20194299999999,34.2490405
Surakarta,2024-11-26 06:00:00,11.53462425,16.55146775,6,26,11,1,22.02111175,31.151302,24.43231974999999,34.493273083333335
Surakarta,2024-11-26 12:00:00,25.8814055,36.46148625,12,26,11,1,11.53462425,16.55146775,17.83327266666666,25.289490166666667
Surakarta,2024-11-26 18:00:00,43.58942425,61.60318925,18,26,11,1,25.8814055,36.46148625,19.812380499999993,28.054751999999997
Surakarta,2024-11-27 00:00:00,42.66280525,60.43089175,0,27,11,2,43.58942425,61.60318925,27.00181799999999,38.20538108333333
Surakarta,2024-11-27 06:00:00,16.529760500000002,23.79037775,6,27,11,2,42.66280525,60.43089175,37.37787833333332,52.831855749999995
Surakarta,2024-11-27 12:00:00,27.28648975,38.32607825,12,27,11,2,16.529760500000002,23.79037775,34.260663333333326,48.60815291666666
Surakarta,2024-11-27 18:00:00,25.9470595,36.791020875,18,27,11,2,27.28648975,38.32607825,28.826351833333323,40.84911591666667
Surakarta,2024-11-28 00:00:00,16.829815749999998,24.17689875,0,28,11,3,25.9470595,36.791020875,23.254436583333327,32.96915895833334
Surakarta,2024-11-28 06:00:00,8.390393999999999,12.661644,6,28,11,3,16.829815749999998,24.17689875,23.35445499999999,33.09799929166667
Surakarta,2024-11-28 12:00:00,21.516954,30.714645000000004,12,28,11,3,8.390393999999999,12.661644,17.055756416666657,24.543187875
Surakarta,2024-11-28 18:00:00,18.353105675,26.3148935,18,28,11,3,21.516954,30.714645000000004,15.579054583333322,22.517729250000002
Surakarta,2024-11-29 00:00:00,11.712373225,16.813004375,0,29,11,4,18.353105675,26.3148935,16.086817891666655,23.23039416666667
Surakarta,2024-11-29 06:00:00,9.48304545,14.161969375,6,29,11,4,11.712373225,16.813004375,17.194144299999987,24.614180958333336
Surakarta,2024-11-29 12:00:00,26.311085,37.580634,12,29,11,4,9.48304545,14.161969375,13.182841449999989,19.09662241666667
Surakarta,2024-11-29 18:00:00,35.92521125,51.14125575,18,29,11,4,26.311085,37.580634,15.835501224999987,22.851869250000004
Surakarta,2024-11-30 00:00:00,29.447804625,42.07206025,0,30,11,5,35.92521125,51.14125575,23.906447233333324,34.294619708333336
Surakarta,2024-11-30 06:00:00,10.143097,15.055121499999998,6,30,11,5,29.447804625,42.07206025,30.561366958333323,43.59798333333333
Surakarta,2024-11-30 12:00:00,23.98121535,34.258363499999994,12,30,11,5,10.143097,15.055121499999998,25.172037624999987,36.08947916666667
Surakarta,2024-11-30 18:00:00,21.333733,30.653325125,18,30,11,5,23.98121535,34.258363499999994,21.190705658333325,30.46184841666667
Surakarta,2024-12-01 00:00:00,24.00693685,34.383049375,0,1,12,6,21.333733,30.653325125,18.486015116666653,26.655603375
Surakarta,2024-12-01 06:00:00,7.085901575,10.536666749999998,6,1,12,6,24.00693685,34.383049375,23.107295066666655,33.098245999999996
Surakarta,2024-12-01 12:00:00,26.0574495,36.980693,12,1,12,6,7.085901575,10.536666749999998,17.475523808333325,25.191013749999996
Surakarta,2024-12-01 18:00:00,28.897432075,41.112998,18,1,12,6,26.0574495,36.980693,19.05009597499999,27.300136374999997
Surakarta,2024-12-02 00:00:00,36.436233575,51.87203475,0,2,12,0,28.897432075,41.112998,20.680261049999988,29.543452583333334
Surakarta,2024-12-02 06:00:00,13.2261065,18.9918265,6,2,12,0,36.436233575,51.87203475,30.46370504999999,43.32190858333333
Surakarta,2024-12-02 12:00:00,25.622995,36.056974,12,2,12,0,13.2261065,18.9918265,26.186590716666657,37.325619749999994
Surakarta,2024-12-02 18:00:00,29.125758,40.73012875,18,2,12,0,25.622995,36.056974,25.09511169166666,35.64027841666666
Surakarta,2024-12-03 00:00:00,31.112549,43.27326075,0,3,12,1,29.125758,40.73012875,22.658286499999992,31.926309749999998
Surakarta,2024-12-03 06:00:00,16.107663,21.90677175,6,3,12,1,31.112549,43.27326075,28.62043399999999,40.02012116666666
Surakarta,2024-12-03 12:00:00,27.12134525,37.332455,12,3,12,1,16.107663,21.90677175,25.448656666666654,35.30338708333333
Surakarta,2024-12-03 18:00:00,26.6582845,37.2630205,18,3,12,1,27.12134525,37.332455,24.78051908333332,34.170829166666664
Surakarta,2024-12-04 00:00:00,38.165382,54.0365485,0,4,12,2,26.6582845,37.2630205,23.29576424999999,32.16741575
Surakarta,2024-12-04 06:00:00,19.316346,27.73418825,6,4,12,2,38.165382,54.0365485,30.648337249999987,42.877341333333334
Surakarta,2024-12-04 12:00:00,27.63924575,38.76215275,12,4,12,2,19.316346,27.73418825,28.046670833333327,39.677919083333336
Surakarta,2024-12-04 18:00:00,33.703401125,47.473662,18,4,12,2,27.63924575,38.76215275,28.37365791666666,40.177629833333334
Surakarta,2024-12-05 00:00:00,38.82314525,54.8248795,0,5,12,3,33.703401125,47.473662,26.88633095833332,37.990001
Surakarta,2024-12-05 06:00:00,23.033266,32.726035,6,5,12,3,38.82314525,54.8248795,33.388597374999996,47.02023141666666
Surakarta,2024-12-05 12:00:00,39.23072675,55.151189875,12,5,12,3,23.033266,32.726035,31.85327079166666,45.00819216666667
Surakarta,2024-12-05 18:00:00,32.07485125,45.299912500000005,18,5,12,3,39.23072675,55.151189875,33.69571266666666,47.567368125
Surakarta,2024-12-06 00:00:00,39.786045,56.3850345,0,6,12,4,32.07485125,45.299912500000005,31.446281333333328,44.392379125
Surakarta,2024-12-06 06:00:00,25.1591105,35.840202,6,6,12,4,39.786045,56.3850345,37.03054099999999,52.27871229166667
Surakarta,2024-12-06 12:00:00,34.113633,48.28802875,12,6,12,4,25.1591105,35.840202,32.34000224999999,45.84171633333333
Surakarta,2024-12-06 18:00:00,40.64119775,57.5587365,18,6,12,4,34.113633,48.28802875,33.01959616666666,46.83775508333334
Surakarta,2024-12-07 00:00:00,71.46898825,101.26330975,0,7,12,5,40.64119775,57.5587365,33.30464708333333,47.22898908333334
Surakarta,2024-12-07 06:00:00,35.2284385,50.327685,6,7,12,5,71.46898825,101.26330975,48.741273,69.03669166666667
Surakarta,2024-12-07 12:00:00,39.86925625,56.48409825,12,7,12,5,35.2284385,50.327685,49.11287483333333,69.71657708333333
Surakarta,2024-12-07 18:00:00,51.937078,73.60247975,18,7,12,5,39.86925625,56.48409825,48.855560999999994,69.35836433333334
Surakarta,2024-12-08 00:00:00,51.755905000000006,73.4969485,0,8,12,6,51.937078,73.60247975,42.34492425,60.13808766666667
Surakarta,2024-12-08 06:00:00,24.9774385,35.760749000000004,6,8,12,6,51.755905000000006,73.4969485,47.854079750000004,67.8611755
Surakarta,2024-12-08 12:00:00,29.80057425,42.3600015,12,8,12,6,24.9774385,35.760749000000004,42.8901405,60.953392416666674
Surakarta,2024-12-08 18:00:00,23.7278355,33.810749875,18,8,12,6,29.80057425,42.3600015,35.511305916666664,50.539233
Surakarta,2024-12-09 00:00:00,25.4638625,36.513825,0,9,12,0,23.7278355,33.810749875,26.16861608333333,37.310500125000004
Surakarta,2024-12-09 06:00:00,14.19421375,20.98163075,6,9,12,0,25.4638625,36.513825,26.33075741666666,37.561525458333335
Surakarta,2024-12-09 12:00:00,28.936185,41.447478,12,9,12,0,14.19421375,20.98163075,21.128637249999997,30.435401874999997
Surakarta,2024-12-09 18:00:00,26.225493,37.5885355,18,9,12,0,28.936185,41.447478,22.864753749999995,32.98097791666667
Surakarta,2024-12-10 00:00:00,22.5196005,32.48516075,0,10,12,1,26.225493,37.5885355,23.118630583333328,33.33921475
Surakarta,2024-12-10 06:00:00,8.7452463,13.484566375,6,10,12,1,22.5196005,32.48516075,25.89375949999999,37.17372475
Surakarta,2024-12-10 12:00:00,16.522946575,24.2558825,12,10,12,1,8.7452463,13.484566375,19.163446599999997,27.852754208333334
Surakarta,2024-12-10 18:00:00,23.087550925,33.5152775,18,10,12,1,16.522946575,24.2558825,15.929264458333328,23.408536541666667
Surakarta,2024-12-11 00:00:00,34.413731000000006,49.651803750000006,0,11,12,2,23.087550925,33.5152775,16.118581266666663,23.751908791666665
Surakarta,2024-12-11 06:00:00,12.4860265,18.652030850000003,6,11,12,2,34.413731000000006,49.651803750000006,24.67474283333333,35.80765458333334
Surakarta,2024-12-11 12:00:00,19.92201275,28.79747325,12,11,12,2,12.4860265,18.652030850000003,23.32910280833333,33.939704033333335
Surakarta,2024-12-11 18:00:00,32.3240385,46.1624125,18,11,12,2,19.92201275,28.79747325,22.273923416666662,32.36710261666667
Surakarta,2024-12-12 00:00:00,42.154383,60.267709,0,12,12,3,32.3240385,46.1624125,21.57735925,31.2039722
Surakarta,2024-12-12 06:00:00,19.169704125000003,28.1816735,6,12,12,3,42.154383,60.267709,31.466811416666662,45.07586491666667
Surakarta,2024-12-12 12:00:00,30.994847499999995,44.360747,12,12,12,3,19.169704125000003,28.1816735,31.216041875000002,44.870598333333334
Surakarta,2024-12-12 18:00:00,40.83464937499999,58.03853725,18,12,12,3,30.994847499999995,44.360747,30.77297820833333,44.270043166666674
Surakarta,2024-12-13 00:00:00,44.88818225,63.7339495,0,13,12,4,40.83464937499999,58.03853725,30.33306699999999,43.52698591666667
Surakarta,2024-12-13 06:00:00,22.5873575,32.366188,6,13,12,4,44.88818225,63.7339495,38.90589304166665,55.37774458333333
Surakarta,2024-12-13 12:00:00,41.752017,58.65291575,12,13,12,4,22.5873575,32.366188,36.103396374999996,51.37955825
Surakarta,2024-12-13 18:00:00,38.1995015,54.16072225,18,13,12,4,41.752017,58.65291575,36.40918558333333,51.58435108333333
Surakarta,2024-12-14 00:00:00,49.84883575,70.91909925,0,14,12,5,38.1995015,54.16072225,34.17962533333333,48.39327533333333
Surakarta,2024-12-14 06:00:00,23.8901385,34.738747,6,14,12,5,49.84883575,70.91909925,43.26678475,61.244245750000005
Surakarta,2024-12-14 12:00:00,35.39247475,50.49028575,12,14,12,5,23.8901385,34.738747,37.312825249999996,53.272856166666664
Surakarta,2024-12-14 18:00:00,36.82701725,52.6064815,18,14,12,5,35.39247475,50.49028575,36.37714966666666,52.04937733333333
Surakarta,2024-12-15 00:00:00,38.37533275,54.93620775,0,15,12,6,36.82701725,52.6064815,32.03654349999999,45.94517141666666
Surakarta,2024-12-15 06:00:00,22.015243,31.897570750000003,6,15,12,6,38.37533275,54.93620775,36.86494158333333,52.67765833333334
Surakarta,2024-12-15 12:00:00,30.62606875,43.625476500000005,12,15,12,6,22.015243,31.897570750000003,32.40586433333333,46.48008666666667
Surakarta,2024-12-15 18:00:00,39.494808,56.08421875,18,15,12,6,30.62606875,43.625476500000005,30.338881499999996,43.48641833333334
Surakarta,2024-12-16 00:00:00,51.173573000000005,72.8337555,0,16,12,0,39.494808,56.08421875,30.712039916666665,43.86908866666667
Surakarta,2024-12-16 06:00:00,20.531502000000003,29.85135,6,16,12,0,51.173573000000005,72.8337555,40.43148325,57.51448358333334
Surakarta,2024-12-16 12:00:00,41.45242475,58.86930425,12,16,12,0,20.531502000000003,29.85135,37.06662766666667,52.923108083333325
Surakarta,2024-12-16 18:00:00,40.8637685,58.172531,18,16,12,0,41.45242475,58.86930425,37.71916658333333,53.851469916666666
Surakarta,2024-12-17 00:00:00,58.38661875,83.2213785,0,17,12,1,40.8637685,58.172531,34.28256508333333,48.96439508333333
Surakarta,2024-12-17 06:00:00,24.14621725,35.02550775,6,17,12,1,58.38661875,83.2213785,46.90093733333333,66.75440458333334
Surakarta,2024-12-17 12:00:00,32.39831875,46.270543,12,17,12,1,24.14621725,35.02550775,41.13220149999999,58.80647241666667
Surakarta,2024-12-17 18:00:00,28.47902175,40.81857825,18,17,12,1,32.39831875,46.270543,38.31038491666666,54.83914308333334
Surakarta,2024-12-18 00:00:00,31.155366749999995,44.8199275,0,18,12,2,28.47902175,40.81857825,28.34118591666666,40.70487633333334
Surakarta,2024-12-18 06:00:00,9.835901125,15.122253750000002,6,18,12,2,31.155366749999995,44.8199275,30.677569083333328,43.96968291666667
Surakarta,2024-12-18 12:00:00,24.688589250000003,35.58380975,12,18,12,2,9.835901125,15.122253750000002,23.156763208333327,33.58691983333333
Surakarta,2024-12-18 18:00:00,38.77373425,55.36870199999999,18,18,12,2,24.688589250000003,35.58380975,21.893285708333327,31.841997000000003
Surakarta,2024-12-19 00:00:00,55.96859775,80.45540650000001,0,19,12,3,38.77373425,55.36870199999999,24.432741541666662,35.358255166666666
Surakarta,2024-12-19 06:00:00,15.29119225,23.12683025,6,19,12,3,55.96859775,80.45540650000001,39.81030708333333,57.13597275000001
Surakarta,2024-12-19 12:00:00,25.182288375,36.483527,12,19,12,3,15.29119225,23.12683025,36.67784141666666,52.98364625
Surakarta,2024-12-19 18:00:00,36.00973825,51.48365325,18,19,12,3,25.182288375,36.483527,32.14735945833333,46.68858791666668
Surakarta,2024-12-20 00:00:00,51.3905145,73.132526,0,20,12,4,36.00973825,51.48365325,25.49440629166666,37.03133683333334
Surakarta,2024-12-20 06:00:00,19.71960725,28.69774075,6,20,12,4,51.3905145,73.132526,37.52751370833332,53.69990208333334
Surakarta,2024-12-20 12:00:00,28.9587945,41.701583,12,20,12,4,19.71960725,28.69774075,35.706619999999994,51.10464000000001
Surakarta,2024-12-20 18:00:00,38.9306935,55.43822,18,20,12,4,28.9587945,41.701583,33.356305416666665,47.84394991666667
Surakarta,2024-12-21 00:00:00,63.51353974999999,90.2598175,0,21,12,5,38.9306935,55.43822,29.203031749999994,41.94584791666667
Surakarta,2024-12-21 06:00:00,35.53030625,51.096392,6,21,12,5,63.51353974999999,90.2598175,43.80100924999999,62.46654016666667
Surakarta,2024-12-21 12:00:00,38.453465,54.5723115,12,21,12,5,35.53030625,51.096392,45.99151316666666,65.59814316666667
Surakarta,2024-12-21 18:00:00,44.1623905,62.654862,18,21,12,5,38.453465,54.5723115,45.83243699999999,65.309507
Surakarta,2024-12-22 00:00:00,54.5750815,77.465161,0,22,12,6,44.1623905,62.654862,39.38205391666666,56.10785516666667
Surakarta,2024-12-22 06:00:00,27.2805355,39.30338725,6,22,12,6,54.5750815,77.465161,45.73031233333333,64.89744483333332
Surakarta,2024-12-22 12:00:00,41.23181425,58.349683250000005,12,22,12,6,27.2805355,39.30338725,42.006002499999994,59.80780341666667
Surakarta,2024-12-22 18:00:00,42.11133975,59.7528645,18,22,12,6,41.23181425,58.349683250000005,41.029143749999996,58.37274383333334
Surakarta,2024-12-23 00:00:00,23.665648925,33.59460275,0,23,12,0,42.11133975,59.7528645,36.87456316666666,52.468645
Surakarta,2024-12-23 06:00:00,13.0924606,19.00744475,6,23,12,0,23.665648925,33.59460275,35.669600975,50.56571683333334
Surakarta,2024-12-23 12:00:00,22.11339025,31.55568575,12,23,12,0,13.0924606,19.00744475,26.289816424999994,37.45163733333334
Surakarta,2024-12-23 18:00:00,25.31203315,36.171286125,18,23,12,0,22.11339025,31.55568575,19.623833258333327,28.05257775
Surakarta,2024-12-24 00:00:00,48.84236625,70.844664,0,24,12,1,25.31203315,36.171286125,20.172627999999992,28.911472208333333
Surakarta,2024-12-24 06:00:00,23.15792375,34.540932,6,24,12,1,48.84236625,70.844664,32.08926321666666,46.19054529166666
Surakarta,2024-12-24 12:00:00,29.188314,41.794521,12,24,12,1,23.15792375,34.540932,32.43744105,47.185627374999996
Surakarta,2024-12-24 18:00:00,37.603087,53.5167145,18,24,12,1,29.188314,41.794521,33.72953466666666,49.060038999999996
Surakarta,2024-12-25 00:00:00,40.09773125,57.1723145,0,25,12,2,37.603087,53.5167145,29.98310824999999,43.28405583333333
Surakarta,2024-12-25 06:00:00,18.05172175,26.35654575,6,25,12,2,40.09773125,57.1723145,35.629710749999994,50.827850000000005
Surakarta,2024-12-25 12:00:00,28.340338,40.75286625,12,25,12,2,18.05172175,26.35654575,31.91751333333333,45.68185825
Surakarta,2024-12-25 18:00:00,29.4377855,42.47081625,18,25,12,2,28.340338,40.75286625,28.829930333333323,41.427242166666666
Surakarta,2024-12-26 00:00:00,35.18931625,50.971636,0,26,12,3,29.4377855,42.47081625,25.276615083333326,36.52674275
Surakarta,2024-12-26 06:00:00,12.70564125,19.30720825,6,26,12,3,35.18931625,50.971636,30.989146583333323,44.73177283333333
Surakarta,2024-12-26 12:00:00,24.3056066,35.268513625,12,26,12,3,12.70564125,19.30720825,25.777580999999987,37.58322016666666
Surakarta,2024-12-26 18:00:00,28.337439250000003,40.9946775,18,26,12,3,24.3056066,35.268513625,24.06685469999999,35.182452624999996
Surakarta,2024-12-27 00:00:00,33.739411,49.07082025,0,27,12,4,28.337439250000003,40.9946775,21.782895699999994,31.856799791666663
Surakarta,2024-12-27 06:00:00,16.617917499999997,25.54659825,6,27,12,4,33.739411,49.07082025,28.79415228333332,41.77800379166666
Surakarta,2024-12-27 12:00:00,26.8683915,38.779618,12,27,12,4,16.617917499999997,25.54659825,26.231589249999985,38.537365333333334
Surakarta,2024-12-27 18:00:00,34.158120375,48.64702474999999,18,27,12,4,26.8683915,38.779618,25.741906666666655,37.799012166666664
Surakarta,2024-12-28 00:00:00,47.10935325,66.81119625,0,28,12,5,34.158120375,48.64702474999999,25.881476458333324,37.65774699999999
Surakarta,2024-12-28 06:00:00,13.05267,19.16205875,6,28,12,5,47.10935325,66.81119625,36.04528837499999,51.41261299999999
Surakarta,2024-12-28 12:00:00,25.48533475,36.34215675,12,28,12,5,13.05267,19.16205875,31.44004787499999,44.87342658333333
Surakarta,2024-12-28 18:00:00,34.37675425,48.839183,18,28,12,5,25.48533475,36.34215675,28.549119333333323,40.77180391666666
Surakarta,2024-12-29 00:00:00,37.557214,53.3998165,0,29,12,6,34.37675425,48.839183,24.30491966666666,34.78113283333334
Surakarta,2024-12-29 06:00:00,13.393361124999998,19.64758675,6,29,12,6,37.557214,53.3998165,32.47310099999999,46.193718749999995
Surakarta,2024-12-29 12:00:00,26.38705625,37.954351,12,29,12,6,13.393361124999998,19.64758675,28.442443124999986,40.62886208333333
Surakarta,2024-12-29 18:00:00,33.87649025,48.32139675,18,29,12,6,26.38705625,37.954351,25.779210458333324,37.00058475
Surakarta,2024-12-30 00:00:00,43.31076325,61.743662750000006,0,30,12,0,33.87649025,48.32139675,24.55230254166666,35.307778166666665
Surakarta,2024-12-30 06:00:00,18.094397,26.94116575,6,30,12,0,43.31076325,61.743662750000006,34.524769916666656,49.339803499999995
Surakarta,2024-12-30 12:00:00,30.552058750000004,44.55958375,12,30,12,0,18.094397,26.94116575,31.76055016666666,45.66874175
Surakarta,2024-12-30 18:00:00,31.6980495,45.72675125,18,30,12,0,30.552058750000004,44.55958375,30.652406333333328,44.41480408333334
Surakarta,2024-12-31 00:00:00,39.33573199999999,56.42928525,0,31,12,1,31.6980495,45.72675125,26.78150174999999,39.07583358333333
Surakarta,2024-12-31 06:00:00,19.70784075,28.8998195,6,31,12,1,39.33573199999999,56.42928525,33.86194674999999,48.90520675
Surakarta,2024-12-31 12:00:00,31.552631250000005,45.261971,12,31,12,1,19.70784075,28.8998195,30.247207416666654,43.68528533333333
Surakarta,2024-12-31 18:00:00,29.5226955,42.04048275,18,31,12,1,31.552631250000005,45.261971,30.198734666666656,43.53035858333333
Surakarta,2025-01-01 00:00:00,48.84353225,69.145642,0,1,1,2,29.5226955,42.04048275,26.92772249999999,38.73409108333333
Surakarta,2025-01-01 06:00:00,25.8492035,36.98679075,6,1,1,2,48.84353225,69.145642,36.639619666666654,52.149365249999995
Surakarta,2025-01-01 12:00:00,36.5486275,51.43562025,12,1,1,2,25.8492035,36.98679075,34.73847708333332,49.39097183333333
Surakarta,2025-01-01 18:00:00,32.03029975,45.35144100000001,18,1,1,2,36.5486275,51.43562025,37.08045441666666,52.52268433333333
Surakarta,2025-01-02 00:00:00,45.51644325,64.2953925,0,2,1,3,32.03029975,45.35144100000001,31.476043583333325,44.591284
Surakarta,2025-01-02 06:00:00,27.783698750000003,39.54460225,6,2,1,3,45.51644325,64.2953925,38.03179016666666,53.694151250000004
Surakarta,2025-01-02 12:00:00,34.4739135,47.82907575,12,2,1,3,27.783698750000003,39.54460225,35.11014724999999,49.73047858333334
Surakarta,2025-01-02 18:00:00,38.67978675,53.6865625,18,2,1,3,34.4739135,47.82907575,35.924685166666656,50.55635683333333
Surakarta,2025-01-03 00:00:00,31.23963675,43.471403125,0,3,1,4,38.67978675,53.6865625,33.645799666666655,47.020080166666666
Surakarta,2025-01-03 06:00:00,12.912863499999998,17.903886500000002,6,3,1,4,31.23963675,43.471403125,34.79777899999999,48.32901379166666
Surakarta,2025-01-03 12:00:00,24.96980775,34.373215,12,3,1,4,12.912863499999998,17.903886500000002,27.610762333333323,38.353950708333336
Surakarta,2025-01-03 18:00:00,45.685283125000005,63.7483305,18,3,1,4,24.96980775,34.373215,23.040769333333326,31.916168208333335
Surakarta,2025-01-04 00:00:00,44.88413125,62.5043975,0,4,1,5,45.685283125000005,63.7483305,27.855984791666657,38.675143999999996
Surakarta,2025-01-04 06:00:00,13.152942,18.28442475,6,4,1,5,44.88413125,62.5043975,38.51307404166666,53.541981
Surakarta,2025-01-04 12:00:00,20.12969675,27.873682,12,4,1,5,13.152942,18.28442475,34.574118791666656,48.179050916666675
Surakarta,2025-01-04 18:00:00,23.1856915,32.47191625,18,4,1,5,20.12969675,27.873682,26.05558999999999,36.22083475
Surakarta,2025-01-05 00:00:00,35.22006875,49.2276505,0,5,1,6,23.1856915,32.47191625,18.822776749999992,26.210007666666666
Surakarta,2025-01-05 06:00:00,9.619498,13.358317,6,5,1,6,35.22006875,49.2276505,26.17848566666666,36.52441625
Surakarta,2025-01-05 12:00:00,22.815243,31.595036,12,5,1,6,9.619498,13.358317,22.675086083333326,31.685961250000002
Surakarta,2025-01-05 18:00:00,37.152702,52.020851500000006,18,5,1,6,22.815243,31.595036,22.55160324999999,31.393667833333335
Surakarta,2025-01-06 00:00:00,32.91904705,46.31212425,0,6,1,0,37.152702,52.020851500000006,23.195814333333328,32.32473483333334
Surakarta,2025-01-06 06:00:00,13.48202275,18.9352535,6,6,1,0,32.91904705,46.31212425,30.962330683333324,43.30933725
Surakarta,2025-01-06 12:00:00,31.098536575,43.3634715,12,6,1,0,13.48202275,18.9352535,27.85125726666666,39.08940975000001
Surakarta,2025-01-06 18:00:00,30.62982025,42.897057,18,6,1,0,31.098536575,43.3634715,25.833202124999996,36.20361641666667
Surakarta,2025-01-07 00:00:00,38.158589250000006,53.79413925,0,7,1,1,30.62982025,42.897057,25.070126524999992,35.06526066666667
Surakarta,2025-01-07 06:00:00,17.07064725,24.150494625,6,7,1,1,38.158589250000006,53.79413925,33.29564869166666,46.68488925
Surakarta,2025-01-07 12:00:00,27.05814975,38.0049415,12,7,1,1,17.07064725,24.150494625,28.619685583333325,40.280563625
Surakarta,2025-01-07 18:00:00,44.7972185,62.87461900000001,18,7,1,1,27.05814975,38.0049415,27.42912874999999,38.649858458333334
Surakarta,2025-01-08 00:00:00,53.54084475,75.28279675,0,8,1,2,44.7972185,62.87461900000001,29.64200516666666,41.67668504166667
Surakarta,2025-01-08 06:00:00,24.048859250000003,33.9326505,6,8,1,2,53.54084475,75.28279675,41.79873766666665,58.720785750000005
Surakarta,2025-01-08 12:00:00,39.79674525,55.719255,12,8,1,2,24.048859250000003,33.9326505,40.79564083333333,57.36335541666667
Surakarta,2025-01-08 18:00:00,44.76255875,62.87362575,18,8,1,2,39.79674525,55.719255,39.12881641666666,54.97823408333333
Surakarta,2025-01-09 00:00:00,25.6114275,36.15801375,0,9,1,3,44.76255875,62.87362575,36.20272108333332,50.84184375
Surakarta,2025-01-09 06:00:00,13.4154165,19.1855065,6,9,1,3,25.6114275,36.15801375,36.72357716666666,51.5836315
Surakarta,2025-01-09 12:00:00,32.329069000000004,45.72029875,12,9,1,3,13.4154165,19.1855065,27.929800916666654,39.40571533333333
Surakarta,2025-01-09 18:00:00,37.686589000000005,53.42434525,18,9,1,3,32.329069000000004,45.72029875,23.785304333333325,33.687939666666665
Surakarta,2025-01-10 00:00:00,37.72824175,53.550962250000005,0,10,1,4,37.686589000000005,53.42434525,27.810358166666656,39.443383499999996
Surakarta,2025-01-10 06:00:00,17.394427125,24.9959555,6,10,1,4,37.72824175,53.550962250000005,35.914633249999994,50.89853541666667
Surakarta,2025-01-10 12:00:00,33.0817185,46.84233025,12,10,1,4,17.394427125,24.9959555,30.936419291666663,43.990421000000005
Surakarta,2025-01-10 18:00:00,38.81764675,55.1149235,18,10,1,4,33.0817185,46.84233025,29.401462458333327,41.796416
Surakarta,2025-01-11 00:00:00,28.288184625,40.2493475,0,11,1,5,38.81764675,55.1149235,29.764597458333327,42.31773641666667
Surakarta,2025-01-11 06:00:00,11.8135973,17.27880775,6,11,1,5,28.288184625,40.2493475,33.39584995833332,47.402200416666666
Surakarta,2025-01-11 12:00:00,27.7451306,39.70018275,12,11,1,5,11.8135973,17.27880775,26.306476224999994,37.54769291666667
Surakarta,2025-01-11 18:00:00,34.0103835,48.61567575000001,18,11,1,5,27.7451306,39.70018275,22.61563750833332,32.409446
Surakarta,2025-01-12 00:00:00,38.99504,55.72704175,0,12,1,6,34.0103835,48.61567575000001,24.52303713333332,35.19822208333334
Surakarta,2025-01-12 06:00:00,12.30597475,18.11693575,6,12,1,6,38.99504,55.72704175,33.58351803333333,48.01430008333333
Surakarta,2025-01-12 12:00:00,22.9879905,32.8124375,12,12,1,6,12.30597475,18.11693575,28.43713274999999,40.81988441666667
Surakarta,2025-01-12 18:00:00,24.019555875,34.22192725,18,12,1,6,22.9879905,32.8124375,24.76300174999999,35.55213833333333
Surakarta,2025-01-13 00:00:00,42.508049,60.50879700000001,0,13,1,0,24.019555875,34.22192725,19.771173708333322,28.383766833333336
Surakarta,2025-01-13 06:00:00,17.954832250000003,25.939073,6,13,1,0,42.508049,60.50879700000001,29.838531791666654,42.514387250000006
Surakarta,2025-01-13 12:00:00,34.01187575,47.56643125,12,13,1,0,17.954832250000003,25.939073,28.16081237499999,40.22326575
Surakarta,2025-01-13 18:00:00,39.1736135,54.95510925000001,18,13,1,0,34.01187575,47.56643125,31.491585666666662,44.671433750000006
Surakarta,2025-01-14 00:00:00,47.5123155,66.6602635,0,14,1,1,39.1736135,54.95510925000001,30.380107166666658,42.82020450000001
Surakarta,2025-01-14 06:00:00,16.813714875,23.584221,6,14,1,1,47.5123155,66.6602635,40.23260158333332,56.39393466666667
Surakarta,2025-01-14 12:00:00,29.61857625,41.338723375,12,14,1,1,16.813714875,23.584221,34.499881291666654,48.39986458333334
Surakarta,2025-01-14 18:00:00,34.27385325,48.1496155,18,14,1,1,29.61857625,41.338723375,31.314868874999988,43.86106929166667
Surakarta,2025-01-15 00:00:00,43.575767,61.110881250000006,0,15,1,2,34.27385325,48.1496155,26.902048124999993,37.69085329166666
Surakarta,2025-01-15 06:00:00,15.867698499999998,22.2424035,6,15,1,2,43.575767,61.110881250000006,35.82273216666666,50.19974004166667
Surakarta,2025-01-15 12:00:00,21.4984015,30.1143075,12,15,1,2,15.867698499999998,22.2424035,31.239106249999992,43.83430008333334
Surakarta,2025-01-15 18:00:00,34.604951,48.7249845,18,15,1,2,21.4984015,30.1143075,26.980622333333326,37.82253075
Surakarta,2025-01-16 00:00:00,47.98616325,67.62138575,0,16,1,3,34.604951,48.7249845,23.99035033333332,33.693898499999996
Surakarta,2025-01-16 06:00:00,13.7104905,19.40159675,6,16,1,3,47.98616325,67.62138575,34.696505249999994,48.820225916666665
Surakarta,2025-01-16 12:00:00,27.07549425,38.5313815,12,16,1,3,13.7104905,19.40159675,32.10053491666665,45.24932233333333
Surakarta,2025-01-16 18:00:00,34.941166499999994,49.885330375,18,16,1,3,27.07549425,38.5313815,29.590715999999986,41.85145466666667
Surakarta,2025-01-17 00:00:00,50.457274250000005,72.0192175,0,17,1,4,34.941166499999994,49.885330375,25.242383749999988,35.93943620833334
Surakarta,2025-01-17 06:00:00,18.65862475,27.40580425,6,17,1,4,50.457274250000005,72.0192175,37.491311666666654,53.478643125
Surakarta,2025-01-17 12:00:00,27.545752250000003,39.56873225,12,17,1,4,18.65862475,27.40580425,34.68568849999999,49.770117375000005
Surakarta,2025-01-17 18:00:00,29.93141375,42.85613025,18,17,1,4,27.545752250000003,39.56873225,32.22055041666666,46.33125133333334
Surakarta,2025-01-18 00:00:00,38.439623000000005,55.01095825,0,18,1,5,29.93141375,42.85613025,25.378596916666663,36.61022225
Surakarta,2025-01-18 06:00:00,21.28916775,30.9730125,6,18,1,5,38.439623000000005,55.01095825,31.972262999999995,45.81194025
Surakarta,2025-01-18 12:00:00,25.78032325,36.85809725,12,18,1,5,21.28916775,30.9730125,29.886734833333325,42.94670033333333
Surakarta,2025-01-18 18:00:00,31.4903445,45.02254575,18,18,1,5,25.78032325,36.85809725,28.503037999999993,40.947356000000006
Surakarta,2025-01-19 00:00:00,35.861774000000004,51.445908,0,19,1,6,31.4903445,45.02254575,26.18661183333332,37.617885166666674
Surakarta,2025-01-19 06:00:00,12.506945,18.53302975,6,19,1,6,35.861774000000004,51.445908,31.04414724999999,44.44218366666667
Surakarta,2025-01-19 12:00:00,23.519078175,33.989977,12,19,1,6,12.506945,18.53302975,26.619687833333327,38.33382783333334
Surakarta,2025-01-19 18:00:00,28.2199725,40.43107525,18,19,1,6,23.519078175,33.989977,23.962599058333325,34.65630491666668
Surakarta,2025-01-20 00:00:00,31.710158250000003,45.50327075,0,20,1,0,28.2199725,40.43107525,21.415331891666657,30.984694000000005
Surakarta,2025-01-20 06:00:00,17.6824245,25.959793,6,20,1,0,31.710158250000003,45.50327075,27.81640297499999,39.974774333333336
Surakarta,2025-01-20 12:00:00,30.112601875,43.01458025,12,20,1,0,17.6824245,25.959793,25.87085174999999,37.29804633333334
Surakarta,2025-01-20 18:00:00,31.92064925,45.4594445,18,20,1,0,30.112601875,43.01458025,26.501728208333322,38.159214666666664
Surakarta,2025-01-21 00:00:00,53.77387425,76.8313825,0,21,1,1,31.92064925,45.4594445,26.57189187499999,38.14460591666667
Surakarta,2025-01-21 06:00:00,32.1229265,46.91546,6,21,1,1,53.77387425,76.8313825,38.60237512499999,55.10180241666668
Surakarta,2025-01-21 12:00:00,35.1116965,50.1677275,12,21,1,1,32.1229265,46.91546,39.27248333333333,56.40209566666667
Surakarta,2025-01-21 18:00:00,32.952727,47.1384285,18,21,1,1,35.1116965,50.1677275,40.336165749999985,57.971523333333344
Surakarta,2025-01-22 00:00:00,40.59973025,57.94936475,0,22,1,2,32.952727,47.1384285,33.39578333333333,48.073872
Surakarta,2025-01-22 06:00:00,16.902106500000002,24.58142475,6,22,1,2,40.59973025,57.94936475,36.221384583333325,51.75184025000001
Surakarta,2025-01-22 12:00:00,32.443495000000006,46.16217,12,22,1,2,16.902106500000002,24.58142475,30.15152124999999,43.22307266666667
Surakarta,2025-01-22 18:00:00,38.8567395,55.2747095,18,22,1,2,32.443495000000006,46.16217,29.981777249999993,42.897653166666665
Surakarta,2025-01-23 00:00:00,42.47027675,60.63783125,0,23,1,3,38.8567395,55.2747095,29.40078033333333,42.00610141666667
Surakarta,2025-01-23 06:00:00,17.67020325,25.7718685,6,23,1,3,42.47027675,60.63783125,37.92350374999999,54.024903583333334
Surakarta,2025-01-23 12:00:00,25.426487625,36.34815575,12,23,1,3,17.67020325,25.7718685,32.999073166666655,47.228136416666665
Surakarta,2025-01-23 18:00:00,34.5023355,49.08417825,18,23,1,3,25.426487625,36.34815575,28.522322541666654,40.91928516666666
Surakarta,2025-01-24 00:00:00,32.084017625,45.69344,0,24,1,4,34.5023355,49.08417825,25.86634212499999,37.0680675
Surakarta,2025-01-24 06:00:00,9.66957735,14.22768075,6,24,1,4,32.084017625,45.69344,30.67094691666666,43.70859133333334
Surakarta,2025-01-24 12:00:00,25.596364125,36.448412,12,24,1,4,9.66957735,14.22768075,25.41864349166666,36.335099666666665
Surakarta,2025-01-24 18:00:00,33.07565025,46.971649,18,24,1,4,25.596364125,36.448412,22.44998636666666,32.12317758333333
Surakarta,2025-01-25 00:00:00,37.905465750000005,53.8313995,0,25,1,5,33.07565025,46.971649,22.78053057499999,32.54924725
Surakarta,2025-01-25 06:00:00,10.40143625,15.078739999999998,6,25,1,5,37.905465750000005,53.8313995,32.19249337499999,45.750486833333326
Surakarta,2025-01-25 12:00:00,16.142365650000002,22.951866375,12,25,1,5,10.40143625,15.078739999999998,27.12751741666666,38.62726283333333
Surakarta,2025-01-25 18:00:00,28.94262245,41.07812375,18,25,1,5,16.142365650000002,22.951866375,21.48308921666666,30.620668624999997
Surakarta,2025-01-26 00:00:00,64.83071500000001,92.65807,0,26,1,6,28.94262245,41.07812375,18.495474783333325,26.36957670833333
Surakarta,2025-01-26 06:00:00,17.46821,26.13762725,6,26,1,6,64.83071500000001,92.65807,36.638567699999996,52.229353374999995
Surakarta,2025-01-26 12:00:00,17.485007425,25.21602475,12,26,1,6,17.46821,26.13762725,37.08051581666666,53.29127366666666
Surakarta,2025-01-26 18:00:00,30.4916909,43.40813525,18,26,1,6,17.485007425,25.21602475,33.26131080833333,48.00390733333333
Surakarta,2025-01-27 00:00:00,34.1935049,48.96657025,0,27,1,0,30.4916909,43.40813525,21.81496944166666,31.587262416666665
Surakarta,2025-01-27 06:00:00,12.700326,18.69909725,6,27,1,0,34.1935049,48.96657025,27.390067741666655,39.19691008333333
Surakarta,2025-01-27 12:00:00,25.868502,36.953408125,12,27,1,0,12.700326,18.69909725,25.795173933333327,37.024600916666664
Surakarta,2025-01-27 18:00:00,35.30119875,50.29241375,18,27,1,0,25.868502,36.953408125,24.254110966666655,34.87302520833333
Surakarta,2025-01-28 00:00:00,60.11919199999999,85.90814100000001,0,28,1,1,35.30119875,50.29241375,24.62334224999999,35.31497304166667
Surakarta,2025-01-28 06:00:00,24.44875225,36.024176000000004,6,28,1,1,60.11919199999999,85.90814100000001,40.429630916666646,57.717987625000006
Surakarta,2025-01-28 12:00:00,29.09551725,41.6690825,12,28,1,1,24.44875225,36.024176000000004,39.956380999999986,57.40824358333334
Surakarta,2025-01-28 18:00:00,44.78255275,63.42995075,18,28,1,1,29.09551725,41.6690825,37.88782049999998,54.53379983333334
Surakarta,2025-01-29 00:00:00,58.9113255,83.6294305,0,29,1,2,44.78255275,63.42995075,32.77560741666665,47.04106975
Surakarta,2025-01-29 06:00:00,31.8819955,46.08310125,6,29,1,2,58.9113255,83.6294305,44.26313183333332,62.90948791666667
Surakarta,2025-01-29 12:00:00,34.77432325,50.12927325,12,29,1,2,31.8819955,46.08310125,45.19195791666666,64.3808275
Surakarta,2025-01-29 18:00:00,34.58090725,49.5571165,18,29,1,2,34.77432325,50.12927325,41.855881416666655,59.94726833333334
Surakarta,2025-01-30 00:00:00,34.9506445,50.19921900000001,0,30,1,3,34.58090725,49.5571165,33.745741999999986,48.58983033333333
Surakarta,2025-01-30 06:00:00,17.7530525,26.4344635,6,30,1,3,34.9506445,50.19921900000001,34.76862499999999,49.96186958333334
Surakarta,2025-01-30 12:00:00,27.2730035,39.35627975,12,30,1,3,17.7530525,26.4344635,29.094868083333324,42.06359966666667
Surakarta,2025-01-30 18:00:00,33.35604475,48.07284925,18,30,1,3,27.2730035,39.35627975,26.65890016666666,38.66332075
Surakarta,2025-01-31 00:00:00,43.986972,63.6150055,0,31,1,4,33.35604475,48.07284925,26.12736691666666,37.95453083333333
Surakarta,2025-01-31 06:00:00,23.43748,35.08148475,6,31,1,4,43.986972,63.6150055,34.87200674999999,50.348044833333326
Surakarta,2025-01-31 12:00:00,36.85129025,52.464244,12,31,1,4,23.43748,35.08148475,33.593498916666654,48.92311316666667
Surakarta,2025-01-31 18:00:00,43.06764375,61.49789875,18,31,1,4,36.85129025,52.464244,34.758580749999986,50.38691141666667
Surakarta,2025-02-01 00:00:00,50.159656000000005,71.849089,0,1,2,5,43.06764375,61.49789875,34.45213799999999,49.68120916666667
Surakarta,2025-02-01 06:00:00,20.8187315,30.649402750000004,6,1,2,5,50.159656000000005,71.849089,43.359529999999985,61.937077249999994
Surakarta,2025-02-01 12:00:00,29.438013,41.95419525,12,1,2,5,20.8187315,30.649402750000004,38.01534374999999,54.665463499999994
Surakarta,2025-02-01 18:00:00,33.5872985,48.05031025,18,1,2,5,29.438013,41.95419525,33.47213349999999,48.15089566666666
Surakarta,2025-02-02 00:00:00,38.7070715,55.49924325,0,2,2,6,33.5872985,48.05031025,27.948014333333322,40.21796941666667
Surakarta,2025-02-02 06:00:00,20.407356,29.871599749999994,6,2,2,6,38.7070715,55.49924325,33.91079433333332,48.50124958333333
Surakarta,2025-02-02 12:00:00,32.630509749999995,46.25894675,12,2,2,6,20.407356,29.871599749999994,30.90057533333332,44.47371775
Surakarta,2025-02-02 18:00:00,39.51583975,56.214959,18,2,2,6,32.630509749999995,46.25894675,30.58164574999999,43.87659658333333
Surakarta,2025-02-03 00:00:00,46.89644575,66.65891275,0,3,2,0,39.51583975,56.214959,30.85123516666665,44.1151685
Surakarta,2025-02-03 06:00:00,25.250927,36.52857575000001,6,3,2,0,46.89644575,66.65891275,39.680931749999985,56.37760616666666
Surakarta,2025-02-03 12:00:00,32.8841455,47.056518,12,3,2,0,25.250927,36.52857575000001,37.22107083333332,53.13414916666667
Surakarta,2025-02-03 18:00:00,43.5262275,62.05502375,18,3,2,0,32.8841455,47.056518,35.01050608333332,50.0813355
Surakarta,2025-02-04 00:00:00,49.665430750000006,70.81473375,0,4,2,1,43.5262275,62.05502375,33.88709999999998,48.54670583333333
Surakarta,2025-02-04 06:00:00,28.01294825,40.4151025,6,4,2,1,49.665430750000006,70.81473375,42.02526791666666,59.97542516666666
Surakarta,2025-02-04 12:00:00,32.784299,47.283806,12,4,2,1,28.01294825,40.4151025,40.40153549999999,57.76161999999999
Surakarta,2025-02-04 18:00:00,46.18659975,65.823258,18,4,2,1,32.784299,47.283806,36.82089266666665,52.83788074999999
Surakarta,2025-02-05 00:00:00,44.3450005,63.12646349999999,0,5,2,2,46.18659975,65.823258,35.66128233333332,51.17405549999999
Surakarta,2025-02-05 06:00:00,23.40293275,34.187906,6,5,2,2,44.3450005,63.12646349999999,41.10529974999998,58.74450916666666
Surakarta,2025-02-05 12:00:00,31.61367975,45.34119575,12,5,2,2,23.40293275,34.187906,37.97817766666665,54.37920916666666
Surakarta,2025-02-05 18:00:00,34.83107525,49.74413125,18,5,2,2,31.61367975,45.34119575,33.12053766666665,47.55185508333332
Surakarta,2025-02-06 00:00:00,20.172706,28.85599325,0,6,2,3,34.83107525,49.74413125,29.949229249999984,43.091077666666656
Surakarta,2025-02-06 06:00:00,11.252041,16.49900125,6,6,2,3,20.172706,28.85599325,28.872486999999982,41.313773416666656
Surakarta,2025-02-06 12:00:00,23.68521725,33.8857545,12,6,2,3,11.252041,16.49900125,22.085274083333317,31.699708583333333
Surakarta,2025-02-06 18:00:00,32.069053499999995,45.982006250000005,18,6,2,3,23.68521725,33.8857545,18.369988083333322,26.413582999999992
Surakarta,2025-02-07 00:00:00,35.5956615,50.9553505,0,7,2,4,32.069053499999995,45.982006250000005,22.335437249999984,32.122254
Surakarta,2025-02-07 06:00:00,15.34402825,22.920233250000003,6,7,2,4,35.5956615,50.9553505,30.449977416666652,43.60770374999999
Surakarta,2025-02-07 12:00:00,33.60653975,47.90936775,12,7,2,4,15.34402825,22.920233250000003,27.669581083333313,39.952529999999996
Surakarta,2025-02-07 18:00:00,45.38100075,64.62408925,18,7,2,4,33.60653975,47.90936775,28.182076499999983,40.59498383333332
Surakarta,2025-02-08 00:00:00,61.175427000000006,87.1044115,0,8,2,5,45.38100075,64.62408925,31.443856249999985,45.151230083333324
Surakarta,2025-02-08 06:00:00,28.1312395,40.93197975,6,8,2,5,61.175427000000006,87.1044115,46.72098916666666,66.54595616666666
Surakarta,2025-02-08 12:00:00,40.55026175,57.522413750000005,12,8,2,5,28.1312395,40.93197975,44.895889083333316,64.22016016666666
Surakarta,2025-02-08 18:00:00,41.077683750000006,58.39319700000001,18,8,2,5,40.55026175,57.522413750000005,43.28564274999999,61.852935
Surakarta,2025-02-09 00:00:00,76.850568,109.534169,0,9,2,6,41.077683750000006,58.39319700000001,36.58639499999998,52.28253016666667
Surakarta,2025-02-09 06:00:00,35.696161,51.766733,6,9,2,6,76.850568,109.534169,52.826171166666654,75.14992658333334
Surakarta,2025-02-09 12:00:00,32.69394725,46.69934125,12,9,2,6,35.696161,51.766733,51.20813758333332,73.23136633333333
Surakarta,2025-02-09 18:00:00,44.75695775,63.7402595,18,9,2,6,32.69394725,46.69934125,48.413558749999986,69.33341441666666
Surakarta,2025-02-10 00:00:00,55.26197875,79.0535075,0,10,2,0,44.75695775,63.7402595,37.71568866666666,54.06877791666667
Surakarta,2025-02-10 06:00:00,21.652397250000003,31.63268025,6,10,2,0,55.26197875,79.0535075,44.23762791666666,63.16436941666666
Surakarta,2025-02-10 12:00:00,27.244567250000003,38.7305475,12,10,2,0,21.652397250000003,31.63268025,40.55711124999999,58.14214908333333
Surakarta,2025-02-10 18:00:00,38.51829475,54.73003799999999,18,10,2,0,27.244567250000003,38.7305475,34.71964774999999,49.80557841666666
Surakarta,2025-02-11 00:00:00,60.5244855,86.2315215,0,11,2,1,38.51829475,54.73003799999999,29.138419749999994,41.69775524999999
Surakarta,2025-02-11 06:00:00,17.20985675,24.9672495,6,11,2,1,60.5244855,86.2315215,42.09578249999999,59.897369
Surakarta,2025-02-11 12:00:00,32.070375,45.4294305,12,11,2,1,17.20985675,24.9672495,38.75087899999999,55.309603
Surakarta,2025-02-11 18:00:00,45.7604305,64.973505,18,11,2,1,32.070375,45.4294305,36.601572416666656,52.209400499999994
Surakarta,2025-02-12 00:00:00,49.82464950000001,71.00550374999999,0,12,2,2,45.7604305,64.973505,31.68022074999999,45.123394999999995
Surakarta,2025-02-12 06:00:00,15.0057815,22.013154,6,12,2,2,49.82464950000001,71.00550374999999,42.55181833333332,60.46947975
Surakarta,2025-02-12 12:00:00,24.14348825,34.37435225,12,12,2,2,15.0057815,22.013154,36.86362049999999,52.66405424999999
Surakarta,2025-02-12 18:00:00,41.1598935,58.5468315,18,12,2,2,24.14348825,34.37435225,29.657973083333328,42.46433666666666
Surakarta,2025-02-13 00:00:00,42.217550575,60.251721,0,13,2,3,41.1598935,58.5468315,26.769721083333327,38.31144591666666
Surakarta,2025-02-13 06:00:00,8.254971999999999,12.568051625,6,13,2,3,42.217550575,60.251721,35.84031077499999,51.05763491666667
Surakarta,2025-02-13 12:00:00,21.11677625,30.16481375,12,13,2,3,8.254971999999999,12.568051625,30.544138691666657,43.78886804166667
Surakarta,2025-02-13 18:00:00,40.6197955,57.6775675,18,13,2,3,21.11677625,30.16481375,23.863099608333325,34.32819545833334
Surakarta,2025-02-14 00:00:00,29.4954542,41.90366175,0,14,2,4,40.6197955,57.6775675,23.330514583333326,33.470144291666664
Surakarta,2025-02-14 06:00:00,9.2017274,13.61422625,6,14,2,4,29.4954542,41.90366175,30.41067531666666,43.248681000000005
Surakarta,2025-02-14 12:00:00,26.057449,37.1367425,12,14,2,4,9.2017274,13.61422625,26.438992366666657,37.731818499999996
Surakarta,2025-02-14 18:00:00,22.105027,31.6388765,18,14,2,4,26.057449,37.1367425,21.58487686666665,30.884876833333333
Surakarta,2025-02-15 00:00:00,50.20581325,71.38993425000001,0,15,2,5,22.105027,31.6388765,19.121401133333322,27.463281749999997
Surakarta,2025-02-15 06:00:00,23.07655225,33.370270250000004,6,15,2,5,50.20581325,71.38993425000001,32.78942974999999,46.72185108333334
Surakarta,2025-02-15 12:00:00,32.92846899999999,46.770793,12,15,2,5,23.07655225,33.370270250000004,31.79579749999998,45.46636033333334
Surakarta,2025-02-15 18:00:00,38.2299845,54.27230575,18,15,2,5,32.92846899999999,46.770793,35.40361149999998,50.510332500000004
Surakarta,2025-02-16 00:00:00,38.17285575,54.15586325,0,16,2,6,38.2299845,54.27230575,31.41166858333332,44.80445633333333
Surakarta,2025-02-16 06:00:00,12.510938,17.934013750000002,6,16,2,6,38.17285575,54.15586325,36.44376974999998,51.732987333333334
Surakarta,2025-02-16 12:00:00,25.35883675,36.01267925,12,16,2,6,12.510938,17.934013750000002,29.637926083333323,42.120727583333334
Surakarta,2025-02-16 18:00:00,33.766696249999995,47.96459037499999,18,16,2,6,25.35883675,36.01267925,25.347543499999986,36.034185416666666
Surakarta,2025-02-17 00:00:00,36.373423125,51.78935725,0,17,2,0,33.766696249999995,47.96459037499999,23.87882366666665,33.970427791666665
Surakarta,2025-02-17 06:00:00,11.85452445,17.113222875,6,17,2,0,36.373423125,51.78935725,31.83298537499999,45.255542291666664
Surakarta,2025-02-17 12:00:00,26.07656325,37.058768,12,17,2,0,11.85452445,17.113222875,27.331547941666653,38.9557235
Surakarta,2025-02-17 18:00:00,34.201946825,48.60712075,18,17,2,0,26.07656325,37.058768,24.76817027499999,35.320449375
Surakarta,2025-02-18 00:00:00,35.20281625,50.080841250000006,0,18,2,1,34.201946825,48.60712075,24.044344841666657,34.25970387500001
Surakarta,2025-02-18 06:00:00,10.118512,14.65400625,6,18,2,1,35.20281625,50.080841250000006,31.82710877499999,45.24891
Surakarta,2025-02-18 12:00:00,28.947035,41.0193625,12,18,2,1,10.118512,14.65400625,26.507758358333323,37.780656083333334
Surakarta,2025-02-18 18:00:00,24.4254185,34.69845825,18,18,2,1,28.947035,41.0193625,24.756121083333323,35.251403333333336
Surakarta,2025-02-19 00:00:00,56.40410375,80.20100575000001,0,19,2,2,24.4254185,34.69845825,21.163655166666654,30.123942333333332
Surakarta,2025-02-19 06:00:00,33.87602025,48.5089665,6,19,2,2,56.40410375,80.20100575000001,36.59218574999999,51.97294216666668
Surakarta,2025-02-19 12:00:00,38.50253475,54.7209565,12,19,2,2,33.87602025,48.5089665,38.235180833333324,54.46947683333334
Surakarta,2025-02-19 18:00:00,42.6237255,60.55847824999999,18,19,2,2,38.50253475,54.7209565,42.927552916666656,61.143642916666664
Surakarta,2025-02-20 00:00:00,41.9373685,59.66580875,0,20,2,3,42.6237255,60.55847824999999,38.33409349999999,54.59613375
Surakarta,2025-02-20 06:00:00,15.854084124999998,22.80137325,6,20,2,3,41.9373685,59.66580875,41.021209583333324,58.31508116666666
Surakarta,2025-02-20 12:00:00,27.03512795,38.38116025,12,20,2,3,15.854084124999998,22.80137325,33.47172604166665,47.67522008333333
Surakarta,2025-02-20 18:00:00,38.4306275,54.572183,18,20,2,3,27.03512795,38.38116025,28.27552685833332,40.28278074999999
Surakarta,2025-02-21 00:00:00,57.2452735,81.51249675,0,21,2,4,38.4306275,54.572183,27.106613191666654,38.5849055
Surakarta,2025-02-21 06:00:00,18.38512275,26.64757,6,21,2,4,57.2452735,81.51249675,40.903676316666655,58.155280000000005
Surakarta,2025-02-21 12:00:00,29.56426925,42.067200750000005,12,21,2,4,18.38512275,26.64757,38.02034124999999,54.244083249999996
Surakarta,2025-02-21 18:00:00,39.094928875,55.56350375,18,21,2,4,29.56426925,42.067200750000005,35.06488849999999,50.075755833333325
Surakarta,2025-02-22 00:00:00,34.29084935,48.6345745,0,22,2,5,39.094928875,55.56350375,29.01477362499999,41.4260915
Surakarta,2025-02-22 06:00:00,8.751584424999999,12.5704105,6,22,2,5,34.29084935,48.6345745,34.316682491666654,48.755092999999995
Surakarta,2025-02-22 12:00:00,23.349628175,33.1871775,12,22,2,5,8.751584424999999,12.5704105,27.379120883333325,38.922829583333325
Surakarta,2025-02-22 18:00:00,24.62441275,35.02509575,18,22,2,5,23.349628175,33.1871775,22.130687316666656,31.46405416666666
Surakarta,2025-02-23 00:00:00,57.37695125,81.55251375,0,23,2,6,24.62441275,35.02509575,18.908541783333323,26.927561249999997
Surakarta,2025-02-23 06:00:00,28.030897,40.15058125,6,23,2,6,57.37695125,81.55251375,35.11699739166665,49.92159566666667
Surakarta,2025-02-23 12:00:00,39.335476,55.62685575,12,23,2,6,28.030897,40.15058125,36.67742033333332,52.24273025
Surakarta,2025-02-23 18:00:00,41.8323365,59.258639,18,23,2,6,39.335476,55.62685575,41.581108083333326,59.10998358333333
Surakarta,2025-02-24 00:00:00,54.425072,77.08263225,0,24,2,0,41.8323365,59.258639,36.399569833333324,51.678692000000005
Surakarta,2025-02-24 06:00:00,26.10744325,37.35618775,6,24,2,0,54.425072,77.08263225,45.197628166666654,63.98937566666666
Surakarta,2025-02-24 12:00:00,30.064910250000004,42.5686155,12,24,2,0,26.10744325,37.35618775,40.78828391666666,57.89915299999999
Surakarta,2025-02-24 18:00:00,18.778336925,26.5800965,18,24,2,0,30.064910250000004,42.5686155,36.86580849999999,52.33581183333333
Surakarta,2025-02-25 00:00:00,29.444436000000003,41.67031875,0,25,2,1,18.778336925,26.5800965,24.983563474999993,35.50163324999999
Surakarta,2025-02-25 06:00:00,11.351176125,16.229194000000003,6,25,2,1,29.444436000000003,41.67031875,26.09589439166666,36.93967691666666
Surakarta,2025-02-25 12:00:00,20.93670975,29.59922095,12,25,2,1,11.351176125,16.229194000000003,19.85798301666666,28.15986975
Surakarta,2025-02-25 18:00:00,28.44535625,40.29834575,18,25,2,1,20.93670975,29.59922095,20.57744062499999,29.166244566666666
Surakarta,2025-02-26 00:00:00,33.754986175,47.903085625,0,26,2,2,28.44535625,40.29834575,20.24441404166666,28.70892023333333
Surakarta,2025-02-26 06:00:00,12.82728615,18.329388,6,26,2,2,33.754986175,47.903085625,27.712350724999993,39.26688410833333
Surakarta,2025-02-26 12:00:00,19.121614625,27.0788975,12,26,2,2,12.82728615,18.329388,25.009209524999992,35.510273125
Surakarta,2025-02-26 18:00:00,34.52135,48.92808675,18,26,2,2,19.121614625,27.0788975,21.90129564999999,31.103790375
Surakarta,2025-02-27 00:00:00,23.16926375,32.811726325,0,27,2,3,34.52135,48.92808675,22.15675025833332,31.44545741666666
Surakarta,2025-02-27 06:00:00,6.18123865,8.753715925,6,27,2,3,23.16926375,32.811726325,25.604076124999988,36.272903525
Surakarta,2025-02-27 12:00:00,31.78837445,44.86187825,12,27,2,3,6.18123865,8.753715925,21.290617466666657,30.16450966666666
Surakarta,2025-02-27 18:00:00,35.868738,50.689152750000005,18,27,2,3,31.78837445,44.86187825,20.379625616666658,28.809106833333328
Surakarta,2025-02-28 00:00:00,48.987914,69.331406,0,28,2,4,35.868738,50.689152750000005,24.61278369999999,34.768248975
Surakarta,2025-02-28 06:00:00,16.870359375000003,23.94500625,6,28,2,4,48.987914,69.331406,38.881675483333325,54.96081233333333
Surakarta,2025-02-28 12:00:00,30.776263325,43.4963844,12,28,2,4,16.870359375000003,23.94500625,33.909003791666656,47.988521666666664
Surakarta,2025-02-28 18:00:00,39.71666725,56.19810375,18,28,2,4,30.776263325,43.4963844,32.21151223333333,45.59093221666666
Surakarta,2025-03-01 00:00:00,50.11334275,70.9673305,0,1,3,5,39.71666725,56.19810375,29.121096649999988,41.213164799999994
Surakarta,2025-03-01 06:00:00,11.627974825,16.5221935,6,1,3,5,50.11334275,70.9673305,40.20209110833332,56.88727288333333
Surakarta,2025-03-01 12:00:00,23.001035975,32.641906750000004,12,1,3,5,11.627974825,16.5221935,33.81932827499999,47.89587591666666
Surakarta,2025-03-01 18:00:00,50.27972425,71.14442774999999,18,1,3,5,23.001035975,32.641906750000004,28.247451183333325,40.04381025
Surakarta,2025-03-02 00:00:00,58.042488250000005,82.28602175,0,2,3,6,50.27972425,71.14442774999999,28.302911683333324,40.10284266666667
Surakarta,2025-03-02 06:00:00,14.169359000000002,20.291736125,6,2,3,6,58.042488250000005,82.28602175,43.77441615833333,62.02411874999999
Surakarta,2025-03-02 12:00:00,21.59626435,30.89385825,12,2,3,6,14.169359000000002,20.291736125,40.830523833333324,57.907395208333334
Surakarta,2025-03-02 18:00:00,42.02846025,59.65591750000001,18,2,3,6,21.59626435,30.89385825,31.269370533333326,44.49053870833333
Surakarta,2025-03-03 00:00:00,77.08535925,109.5380625,0,3,3,0,42.02846025,59.65591750000001,25.931361199999987,36.947170625000005
Surakarta,2025-03-03 06:00:00,30.144761000000003,42.9765665,6,3,3,0,77.08535925,109.5380625,46.90336128333333,66.69594608333334
Surakarta,2025-03-03 12:00:00,33.5258935,47.78400025,12,3,3,0,30.144761000000003,42.9765665,49.752860166666665,70.7235155
Surakarta,2025-03-03 18:00:00,39.203513,55.67909525,18,3,3,0,33.5258935,47.78400025,46.918671249999996,66.76620974999999
Surakarta,2025-03-04 00:00:00,41.52241175,59.030128,0,4,3,1,39.203513,55.67909525,34.291389166666654,48.813220666666666
Surakarta,2025-03-04 06:00:00,21.50558475,30.688909,6,4,3,1,41.52241175,59.030128,38.08393941666666,54.164407833333335
Surakarta,2025-03-04 12:00:00,35.1008395,49.806118625,12,4,3,1,21.50558475,30.688909,34.07716983333333,48.46604408333334
Surakarta,2025-03-04 18:00:00,57.90229825,82.11648500000001,18,4,3,1,35.1008395,49.806118625,32.70961199999999,46.50838520833333
Surakarta,2025-03-05 00:00:00,46.04096725,65.4001,0,5,3,2,57.90229825,82.11648500000001,38.169574166666656,54.20383754166667
Surakarta,2025-03-05 06:00:00,19.88156825,28.355274,6,5,3,2,46.04096725,65.4001,46.34803499999999,65.77423454166667
Surakarta,2025-03-05 12:00:00,32.1614665,45.788013750000005,12,5,3,2,19.88156825,28.355274,41.27494458333332,58.623953
Surakarta,2025-03-05 18:00:00,53.9438645,76.64542025,18,5,3,2,32.1614665,45.788013750000005,32.69466733333332,46.514462583333334
Surakarta,2025-03-06 00:00:00,77.5072515,110.1825525,0,6,3,3,53.9438645,76.64542025,35.32896641666665,50.26290266666666
Surakarta,2025-03-06 06:00:00,25.340000250000003,36.38155025,6,6,3,3,77.5072515,110.1825525,54.53752749999999,77.53866216666667
Surakarta,2025-03-06 12:00:00,35.3469926,50.2390515,12,6,3,3,25.340000250000003,36.38155025,52.26370541666665,74.40317433333333
Surakarta,2025-03-06 18:00:00,32.350413925,45.973763325,18,6,3,3,35.3469926,50.2390515,46.06474811666666,65.60105141666666
Surakarta,2025-03-07 00:00:00,28.5861576,40.800728425,0,7,3,4,32.350413925,45.973763325,31.01246892499999,44.198121691666664
Surakarta,2025-03-07 06:00:00,7.507807649999999,11.1675435,6,7,3,4,28.5861576,40.800728425,32.094521374999985,45.67118108333333
Surakarta,2025-03-07 12:00:00,22.8107525,32.520575,12,7,3,4,7.507807649999999,11.1675435,22.81479305833332,32.647345083333335
Surakarta,2025-03-07 18:00:00,32.326909400000005,45.89639975,18,7,3,4,22.8107525,32.520575,19.634905916666654,28.162948974999995
Surakarta,2025-03-08 00:00:00,39.58643925,56.29453875,0,8,3,5,32.326909400000005,45.89639975,20.88182318333332,29.861506083333328
Surakarta,2025-03-08 06:00:00,16.38214575,23.5415885,6,8,3,5,39.58643925,56.29453875,31.574700383333322,44.90383783333332
Surakarta,2025-03-08 12:00:00,32.581638625,46.262102500000005,12,8,3,5,16.38214575,23.5415885,29.431831466666655,41.91084233333333
Surakarta,2025-03-08 18:00:00,37.80962725,53.753638,18,8,3,5,32.581638625,46.262102500000005,29.516741208333315,42.032743249999996
Surakarta,2025-03-09 00:00:00,44.27283775,62.88246374999999,0,9,3,6,37.80962725,53.753638,28.92447054166665,41.18577633333333
Surakarta,2025-03-09 06:00:00,22.9598245,32.840404,6,9,3,6,44.27283775,62.88246374999999,38.22136787499999,54.29940141666666
Surakarta,2025-03-09 12:00:00,42.186486,59.866011500000006,12,9,3,6,22.9598245,32.840404,35.01409649999999,49.82550191666666
Surakarta,2025-03-09 18:00:00,51.033794,72.3839545,18,9,3,6,42.186486,59.866011500000006,36.473049416666655,51.862959749999995
Surakarta,2025-03-10 00:00:00,64.76466350000001,91.93036025,0,10,3,0,51.033794,72.3839545,38.72670149999999,55.030123333333336
Surakarta,2025-03-10 06:00:00,25.29971275,36.11708575,6,10,3,0,64.76466350000001,91.93036025,52.661647833333326,74.72677541666667
Surakarta,2025-03-10 12:00:00,42.422443,60.10532100000001,12,10,3,0,25.29971275,36.11708575,47.03272341666666,66.81046683333334
Surakarta,2025-03-10 18:00:00,62.1500365,88.090019,18,10,3,0,42.422443,60.10532100000001,44.162273083333325,62.717589000000004
Surakarta,2025-03-11 00:00:00,26.91672275,38.19127375,0,11,3,1,62.1500365,88.090019,43.29073074999999,61.43747525
Surakarta,2025-03-11 06:00:00,6.695671525,9.528435075,6,11,3,1,26.91672275,38.19127375,43.829734083333314,62.128871249999996
Surakarta,2025-03-11 12:00:00,24.633124,34.867071,12,11,3,1,6.695671525,9.528435075,31.92081025833332,45.269909274999996
Surakarta,2025-03-11 18:00:00,44.93568875,63.6850925,18,11,3,1,24.633124,34.867071,19.41517275833332,27.528926608333325
Surakarta,2025-03-12 00:00:00,52.217046,74.136891,0,12,3,2,44.93568875,63.6850925,25.42149475833332,36.02686619166666
Surakarta,2025-03-12 06:00:00,26.05690975,37.2162965,6,12,3,2,52.217046,74.136891,40.59528624999999,57.563018166666666
Surakarta,2025-03-12 12:00:00,43.06974675,61.00964225,12,12,3,2,26.05690975,37.2162965,41.06988149999999,58.34609333333333
Surakarta,2025-03-12 18:00:00,53.09019025,75.22260225,18,12,3,2,43.06974675,61.00964225,40.44790083333333,57.454276583333325
Surakarta,2025-03-13 00:00:00,57.31334325,81.329858,0,13,3,3,53.09019025,75.22260225,40.73894891666666,57.81618033333333
Surakarta,2025-03-13 06:00:00,14.85622625,21.2585295,6,13,3,3,57.31334325,81.329858,51.15776008333332,72.52070083333332
Surakarta,2025-03-13 12:00:00,31.413208,44.4823335,12,13,3,3,14.85622625,21.2585295,41.75325324999999,59.27032991666666
Surakarta,2025-03-13 18:00:00,50.54062125,71.6774475,18,13,3,3,31.413208,44.4823335,34.52759249999999,49.023573666666664
Surakarta,2025-03-14 00:00:00,51.045588,72.435911375,0,14,3,4,50.54062125,71.6774475,32.27001849999999,45.8061035
Surakarta,2025-03-14 06:00:00,15.67715925,22.347052,6,14,3,4,51.045588,72.435911375,44.33313908333332,62.86523079166667
Surakarta,2025-03-14 12:00:00,31.4825004,44.614949675,12,14,3,4,15.67715925,22.347052,39.08778949999999,55.486803625
Surakarta,2025-03-14 18:00:00,36.577603,51.842079,18,14,3,4,31.4825004,44.614949675,32.735082549999994,46.465971016666664
Surakarta,2025-03-15 00:00:00,48.07532125,67.97193750000001,0,15,3,5,36.577603,51.842079,27.912420883333326,39.60136022499999
Surakarta,2025-03-15 06:00:00,16.47848075,22.95195175,6,15,3,5,48.07532125,67.97193750000001,38.71180821666666,54.80965539166666
Surakarta,2025-03-15 12:00:00,33.603257750000004,47.066294,12,15,3,5,16.47848075,22.95195175,33.71046833333333,47.588656083333326
Surakarta,2025-03-15 18:00:00,36.75594975,51.6536715,18,15,3,5,33.603257750000004,47.066294,32.71901991666666,45.99672775
Surakarta,2025-03-16 00:00:00,50.7816935,71.69592200000001,0,16,3,6,36.75594975,51.6536715,28.945896083333324,40.55730574999999
Surakarta,2025-03-16 06:00:00,22.54864725,31.91615825,6,16,3,6,50.7816935,71.69592200000001,40.380300333333324,56.80529583333333
Surakarta,2025-03-16 12:00:00,36.547163700000006,51.596714000000006,12,16,3,6,22.54864725,31.91615825,36.69543016666666,51.75525058333333
Surakarta,2025-03-16 18:00:00,53.04755725,74.9574705,18,16,3,6,36.547163700000006,51.596714000000006,36.62583481666666,51.73626475
Surakarta,2025-03-17 00:00:00,58.41405925,82.57995824999999,0,17,3,0,53.04755725,74.9574705,37.38112273333332,52.823447583333326
Surakarta,2025-03-17 06:00:00,29.45463925,41.90826525000001,6,17,3,0,58.41405925,82.57995824999999,49.336260066666654,69.71138091666667
Surakarta,2025-03-17 12:00:00,38.487116,54.380407250000005,12,17,3,0,29.45463925,41.90826525000001,46.97208524999999,66.481898
Surakarta,2025-03-17 18:00:00,41.66250325,59.02609249999999,18,17,3,0,38.487116,54.380407250000005,42.11860483333333,59.62287691666666
Surakarta,2025-03-18 00:00:00,42.95264975,61.05358325000001,0,18,3,1,41.66250325,59.02609249999999,36.53475283333332,51.771588333333334
Surakarta,2025-03-18 06:00:00,18.74963125,26.911038500000004,6,18,3,1,42.95264975,61.05358325000001,41.03408966666666,58.153361
Surakarta,2025-03-18 12:00:00,38.74637125,54.9437545,12,18,3,1,18.74963125,26.911038500000004,34.45492808333332,48.99690475
Surakarta,2025-03-18 18:00:00,33.86915625,48.33918825,18,18,3,1,38.74637125,54.9437545,33.482884083333325,47.636125416666665
Surakarta,2025-03-19 00:00:00,27.09839475,38.719462750000005,0,19,3,2,33.86915625,48.33918825,30.45505291666666,43.397993750000005
Surakarta,2025-03-19 06:00:00,11.3756185,16.718559,6,19,3,2,27.09839475,38.719462750000005,33.23797408333333,47.33413516666667
Surakarta,2025-03-19 12:00:00,40.31355250000001,57.330482,12,19,3,2,11.3756185,16.718559,24.114389833333323,34.59240333333333
Surakarta,2025-03-19 18:00:00,52.17327775,74.1757735,18,19,3,2,40.31355250000001,57.330482,26.262521916666657,37.589501250000005
Surakarta,2025-03-20 00:00:00,55.1524405,78.54930524999999,0,20,3,3,52.17327775,74.1757735,34.62081624999999,49.408271500000005
Surakarta,2025-03-20 06:00:00,14.212631,20.8336815,6,20,3,3,55.1524405,78.54930524999999,49.21309024999999,70.01852025
Surakarta,2025-03-20 12:00:00,28.260665,40.3131395,12,20,3,3,14.212631,20.8336815,40.51278308333332,57.85292008333332
Surakarta,2025-03-20 18:00:00,57.349893,81.45334975,18,20,3,3,28.260665,40.3131395,32.541912166666656,46.56537541666666
Surakarta,2025-03-21 00:00:00,59.82360625,85.1423465,0,21,3,4,57.349893,81.45334975,33.27439633333332,47.533390250000004
Surakarta,2025-03-21 06:00:00,29.5381425,42.57682925,6,21,3,4,59.82360625,85.1423465,48.47805474999999,68.96961191666666
Surakarta,2025-03-21 12:00:00,38.87913625,55.610926000000006,12,21,3,4,29.5381425,42.57682925,48.903880583333326,69.72417516666667
Surakarta,2025-03-21 18:00:00,42.22448525,60.48628525000001,18,21,3,4,38.87913625,55.610926000000006,42.74696166666666,61.11003391666667
Surakarta,2025-03-22 00:00:00,48.85737275,69.790076,0,22,3,5,42.22448525,60.48628525000001,36.88058799999999,52.89134683333334
Surakarta,2025-03-22 06:00:00,14.986127975000002,22.368595750000004,6,22,3,5,48.85737275,69.790076,43.32033141666667,61.96242908333334
Surakarta,2025-03-22 12:00:00,23.513095375,34.12264925,12,22,3,5,14.986127975000002,22.368595750000004,35.35599532499999,50.881652333333335
Surakarta,2025-03-22 18:00:00,34.89231025,49.9710495,18,22,3,5,23.513095375,34.12264925,29.118865366666657,42.09377366666667
Surakarta,2025-03-23 00:00:00,58.22766975,83.1305445,0,23,3,6,34.89231025,49.9710495,24.463844533333326,35.48743150000001
Surakarta,2025-03-23 06:00:00,19.55012875,28.6644305,6,23,3,6,58.22766975,83.1305445,38.877691791666656,55.741414416666665
Surakarta,2025-03-23 12:00:00,38.46403775,54.69721025,12,23,3,6,19.55012875,28.6644305,37.55670291666666,53.922008166666664
Surakarta,2025-03-23 18:00:00,47.52268925,67.69141675,18,23,3,6,38.46403775,54.69721025,38.74727874999999,55.49739508333332
Surakarta,2025-03-24 00:00:00,54.385964,77.59536,0,24,3,0,47.52268925,67.69141675,35.178951916666655,50.35101916666667
Surakarta,2025-03-24 06:00:00,24.21785425,35.173599,6,24,3,0,54.385964,77.59536,46.790896999999994,66.661329
Surakarta,2025-03-24 12:00:00,43.29802975,61.98780525,12,24,3,0,24.21785425,35.173599,42.04216916666666,60.15345858333333
Surakarta,2025-03-24 18:00:00,46.652530500000005,66.765097,18,24,3,0,43.29802975,61.98780525,40.63394933333333,58.25225475
Surakarta,2025-03-25 00:00:00,60.69080949999999,86.44292325,0,25,3,1,46.652530500000005,66.765097,38.05613816666666,54.642167083333334
Surakarta,2025-03-25 06:00:00,22.41381475,32.153821,6,25,3,1,60.69080949999999,86.44292325,50.213789916666656,71.73194183333334
Surakarta,2025-03-25 12:00:00,37.45958575,53.240172,12,25,3,1,22.41381475,32.153821,43.252384916666664,61.78728041666667
Surakarta,2025-03-25 18:00:00,51.95136075,73.809134,18,25,3,1,37.45958575,53.240172,40.18806999999999,57.278972083333336
Surakarta,2025-03-26 00:00:00,67.08273799999999,95.27116125,0,26,3,2,51.95136075,73.809134,37.27492041666665,53.067709
Surakarta,2025-03-26 06:00:00,27.74723375,39.9811595,6,26,3,2,67.08273799999999,95.27116125,52.16456149999999,74.10682241666667
Surakarta,2025-03-26 12:00:00,47.08363,66.89231075000001,12,26,3,2,27.74723375,39.9811595,48.92711083333332,69.68715158333333
Surakarta,2025-03-26 18:00:00,48.79970625,69.3842705,18,26,3,2,47.08363,66.89231075000001,47.30453391666666,67.38154383333334
Surakarta,2025-03-27 00:00:00,56.16132575,79.7806475,0,27,3,3,48.79970625,69.3842705,41.21018999999999,58.752580249999994
Surakarta,2025-03-27 06:00:00,28.394453,40.79805675,6,27,3,3,56.16132575,79.7806475,50.681554,72.01907625
Surakarta,2025-03-27 12:00:00,44.0619485,62.445508,12,27,3,3,28.394453,40.79805675,44.45182833333333,63.32099158333333
Surakarta,2025-03-27 18:00:00,52.281591250000005,74.17418225,18,27,3,3,44.0619485,62.445508,42.87257574999999,61.00807075
Surakarta,2025-03-28 00:00:00,44.70246,63.44140625000001,0,28,3,4,52.281591250000005,74.17418225,41.579330916666656,59.13924900000001
Surakarta,2025-03-28 06:00:00,26.95173875,38.76846175,6,28,3,4,44.70246,63.44140625000001,47.01533324999999,66.68703216666667
Surakarta,2025-03-28 12:00:00,38.376683,54.7665585,12,28,3,4,26.95173875,38.76846175,41.31192999999999,58.79468341666668
Surakarta,2025-03-28 18:00:00,36.140761875,51.56943,18,28,3,4,38.376683,54.7665585,36.676960583333326,52.32547550000001
Surakarta,2025-03-29 00:00:00,39.74076925,56.717169250000005,0,29,3,5,36.140761875,51.56943,33.82306120833332,48.36815008333334
Surakarta,2025-03-29 06:00:00,13.487422625,19.726045,6,29,3,5,39.74076925,56.717169250000005,38.08607137499999,54.35105258333334
Surakarta,2025-03-29 12:00:00,31.81423825,44.74799225,12,29,3,5,13.487422625,19.726045,29.78965124999999,42.670881416666674
Surakarta,2025-03-29 18:00:00,35.6285455,50.042047,18,29,3,5,31.81423825,44.74799225,28.34747670833332,40.39706883333334
Surakarta,2025-03-30 00:00:00,59.152938500000005,82.541533,0,30,3,6,35.6285455,50.042047,26.976735458333323,38.17202808333334
Surakarta,2025-03-30 06:00:00,20.84347275,28.55803425,6,30,3,6,59.152938500000005,82.541533,42.19857408333332,59.11052408333334
Surakarta,2025-03-30 12:00:00,41.910674750000005,57.14497375,12,30,3,6,20.84347275,28.55803425,38.54165224999999,53.71387141666667
Surakarta,2025-03-30 18:00:00,53.58714325,73.70286375,18,30,3,6,41.910674750000005,57.14497375,40.635695333333324,56.08151366666667
Surakarta,2025-03-31 00:00:00,50.291022,69.58018025,0,31,3,0,53.58714325,73.70286375,38.78043024999999,53.13529058333334
Surakarta,2025-03-31 06:00:00,14.836516,20.04193775,6,31,3,0,50.291022,69.58018025,48.596279999999986,66.80933925000001
Surakarta,2025-03-31 12:00:00,28.36769425,39.1386265,12,31,3,0,14.836516,20.04193775,39.57156041666666,54.44166058333334
Surakarta,2025-03-31 18:00:00,52.50366625,73.3979835,18,31,3,0,28.36769425,39.1386265,31.16507741666666,42.92024816666668
Surakarta,2025-04-01 00:00:00,70.578977,98.08081825,0,1,4,1,52.50366625,73.3979835,31.90262549999999,44.192849250000016
Surakarta,2025-04-01 06:00:00,23.557931,31.9963365,6,1,4,1,70.578977,98.08081825,50.48344583333332,70.20580941666667
Surakarta,2025-04-01 12:00:00,28.363367,38.70292175,12,1,4,1,23.557931,31.9963365,48.880191416666655,67.82504608333333
Surakarta,2025-04-01 18:00:00,52.24598025,72.48934200000001,18,1,4,1,28.363367,38.70292175,40.833424999999984,56.260025500000005
Surakarta,2025-04-02 00:00:00,49.490609,69.23437600000001,0,2,4,2,52.24598025,72.48934200000001,34.722426083333325,47.729533416666676
Surakarta,2025-04-02 06:00:00,14.11264325,19.51413275,6,2,4,2,49.490609,69.23437600000001,43.36665208333333,60.14221325000002
Surakarta,2025-04-02 12:00:00,37.695854825,52.7650743,12,2,4,2,14.11264325,19.51413275,38.616410833333326,53.74595025000002
Surakarta,2025-04-02 18:00:00,33.877256499999994,47.554863,18,2,4,2,37.695854825,52.7650743,33.76636902499999,47.171194350000015
Surakarta,2025-04-03 00:00:00,41.8364155,58.962997,0,3,4,3,33.877256499999994,47.554863,28.561918191666653,39.94469001666668
Surakarta,2025-04-03 06:00:00,14.54372975,20.340678500000003,6,3,4,3,41.8364155,58.962997,37.80317560833332,53.09431143333334
Surakarta,2025-04-03 12:00:00,27.422509075,38.60915915,12,3,4,3,14.54372975,20.340678500000003,30.085800583333324,42.28617950000001
Surakarta,2025-04-03 18:00:00,36.69185825,51.87450775,18,3,4,3,27.422509075,38.60915915,27.934218108333326,39.30427821666668
Surakarta,2025-04-04 00:00:00,23.231337,32.890909449999995,0,4,4,4,36.69185825,51.87450775,26.219365691666656,36.94144846666668
Surakarta,2025-04-04 06:00:00,1.201158285,1.69052325,6,4,4,4,23.231337,32.890909449999995,29.11523477499999,41.124858783333345
Surakarta,2025-04-04 12:00:00,32.550688300000004,45.61675875,12,4,4,4,1.201158285,1.69052325,20.374784511666657,28.818646816666675
Surakarta,2025-04-04 18:00:00,48.8922755,68.57447975000001,18,4,4,4,32.550688300000004,45.61675875,18.994394528333327,26.73273048333334
Surakarta,2025-04-05 00:00:00,61.360538000000005,86.3021785,0,5,4,5,48.8922755,68.57447975000001,27.548040694999994,38.62725391666668
Surakarta,2025-04-05 06:00:00,14.2677265,19.4897325,6,5,4,5,61.360538000000005,86.3021785,47.601167266666664,66.83113900000001
Surakarta,2025-04-05 12:00:00,31.887723250000004,44.42776375,12,5,4,5,14.2677265,19.4897325,41.506846666666654,58.122130250000005
Surakarta,2025-04-05 18:00:00,44.99702250000001,63.10506225,18,5,4,5,31.887723250000004,44.42776375,35.838662583333324,50.073224916666675
Surakarta,2025-04-06 00:00:00,43.0511585,60.605544,0,6,4,6,44.99702250000001,63.10506225,30.384157416666664,42.340852833333344
Surakarta,2025-04-06 06:00:00,9.437741275,13.2303625,6,6,4,6,43.0511585,60.605544,39.97863475,56.04612333333335
Surakarta,2025-04-06 12:00:00,32.961281625000005,46.15513587499999,12,6,4,6,9.437741275,13.2303625,32.49530742499999,45.646989583333344
Surakarta,2025-04-06 18:00:00,59.3972945,83.39565975,18,6,4,6,32.961281625000005,46.15513587499999,28.48339379999999,39.99701412500001
Surakarta,2025-04-07 00:00:00,48.67683825,68.53736175,0,7,4,0,59.3972945,83.39565975,33.932105799999995,47.593719375000006
Surakarta,2025-04-07 06:00:00,9.9286411,13.654556575,6,7,4,0,48.67683825,68.53736175,47.01180479166666,66.02938579166667
Surakarta,2025-04-07 12:00:00,20.106710875,27.820903,12,7,4,0,9.9286411,13.654556575,39.334257949999994,55.19585935833334
Surakarta,2025-04-07 18:00:00,47.3516775,66.35627875,18,7,4,0,20.106710875,27.820903,26.237396741666657,36.67094044166668
Surakarta,2025-04-08 00:00:00,44.778971250000005,62.7667305,0,8,4,1,47.3516775,66.35627875,25.795676491666658,35.94391277500001
Surakarta,2025-04-08 06:00:00,12.47579475,17.111688,6,8,4,1,44.778971250000005,62.7667305,37.412453208333325,52.31463741666668
Surakarta,2025-04-08 12:00:00,35.71162265,49.794778125,12,8,4,1,12.47579475,17.111688,34.86881449999999,48.744899083333344
Surakarta,2025-04-08 18:00:00,36.52030475,51.0537455,18,8,4,1,35.71162265,49.794778125,30.988796216666657,43.22439887500001
Surakarta,2025-04-09 00:00:00,56.6712965,79.23881625000001,0,9,4,2,36.52030475,51.0537455,28.235907383333323,39.320070541666674
Surakarta,2025-04-09 06:00:00,23.5703795,32.47873825,6,9,4,2,56.6712965,79.23881625000001,42.96774129999999,60.029113291666675
Surakarta,2025-04-09 12:00:00,34.26001175,47.46868849999999,12,9,4,2,23.5703795,32.47873825,38.92066024999999,54.25710000000001
Surakarta,2025-04-09 18:00:00,50.0256755,69.90251125,18,9,4,2,34.26001175,47.46868849999999,38.167229249999984,53.06208100000001
Surakarta,2025-04-10 00:00:00,71.3051225,99.8732025,0,10,4,3,50.0256755,69.90251125,35.95202224999999,49.94997933333334
Surakarta,2025-04-10 06:00:00,36.532015,50.7143345,6,10,4,3,71.3051225,99.8732025,51.86360324999998,72.41480075000001
Surakarta,2025-04-10 12:00:00,38.16855175,53.20555375,12,10,4,3,36.532015,50.7143345,52.620937666666656,73.49668275
Surakarta,2025-04-10 18:00:00,43.9477505,61.65322449999999,18,10,4,3,38.16855175,53.20555375,48.66856308333332,67.93103025
Surakarta,2025-04-11 00:00:00,47.05697175,66.05955625,0,11,4,4,43.9477505,61.65322449999999,39.54943908333332,55.19103758333333
Surakarta,2025-04-11 06:00:00,18.23292475,25.478812,6,11,4,4,47.05697175,66.05955625,43.057757999999986,60.30611150000001
Surakarta,2025-04-11 12:00:00,28.9908685,40.695796,12,11,4,4,18.23292475,25.478812,36.41254899999999,51.06386425
Surakarta,2025-04-11 18:00:00,40.85512725,57.473528,18,11,4,4,28.9908685,40.695796,31.426921666666658,44.078054750000014
Surakarta,2025-04-12 00:00:00,36.95004075,52.0197995,0,12,4,5,40.85512725,57.473528,29.35964016666666,41.21604533333335
Surakarta,2025-04-12 06:00:00,23.83778525,33.47256025,6,12,4,5,36.95004075,52.0197995,35.59867883333333,50.06304116666667
Surakarta,2025-04-12 12:00:00,40.11928925,56.5792095,12,12,4,5,23.83778525,33.47256025,33.88098441666666,47.65529591666668
Surakarta,2025-04-12 18:00:00,43.56991225,61.57017624999999,18,12,4,5,40.11928925,56.5792095,33.63570508333333,47.35718975000001
Surakarta,2025-04-13 00:00:00,47.19947725,66.764415,0,13,4,6,43.56991225,61.57017624999999,35.84232891666665,50.54064866666667
Surakarta,2025-04-13 06:00:00,20.851530500000003,29.592854000000003,6,13,4,6,47.19947725,66.764415,43.629559583333325,61.637933583333336
Surakarta,2025-04-13 12:00:00,35.9055434,50.8002815,12,13,4,6,20.851530500000003,29.592854000000003,37.20697333333332,52.64248175000001
Surakarta,2025-04-13 18:00:00,54.48941825,77.09491075,18,13,4,6,35.9055434,50.8002815,34.652183716666656,49.052516833333335
Surakarta,2025-04-14 00:00:00,56.72791225,80.37750374999999,0,14,4,0,54.48941825,77.09491075,37.08216404999999,52.49601541666667
Surakarta,2025-04-14 06:00:00,18.302245,26.01127875,6,14,4,0,56.72791225,80.37750374999999,49.04095796666666,69.424232
Surakarta,2025-04-14 12:00:00,40.371787350000005,56.993883,12,14,4,0,18.302245,26.01127875,43.17319183333333,61.16123108333334
Surakarta,2025-04-14 18:00:00,43.7379415,61.705348750000006,18,14,4,0,40.371787350000005,56.993883,38.46731486666666,54.46088850000001
Surakarta,2025-04-15 00:00:00,43.3097965,61.166476,0,15,4,1,43.7379415,61.705348750000006,34.13732461666665,48.23683683333334
Surakarta,2025-04-15 06:00:00,12.18694475,17.174159,6,15,4,1,43.3097965,61.166476,42.47317511666665,59.95523591666668
Surakarta,2025-04-15 12:00:00,29.802322499999995,41.8660305,12,15,4,1,12.18694475,17.174159,33.07822758333332,46.68199458333334
Surakarta,2025-04-15 18:00:00,50.993037750000006,71.81517975,18,15,4,1,29.802322499999995,41.8660305,28.433021249999985,40.06888850000001
Surakarta,2025-04-16 00:00:00,63.49000599999999,88.7962425,0,16,4,2,50.993037750000006,71.81517975,30.994101666666655,43.618456416666675
Surakarta,2025-04-16 06:00:00,25.12177875,34.38663025,6,16,4,2,63.49000599999999,88.7962425,48.095122083333315,67.49248425
Surakarta,2025-04-16 12:00:00,36.864435,49.7699075,12,16,4,2,25.12177875,34.38663025,46.534940833333316,64.99935083333334
Surakarta,2025-04-16 18:00:00,56.214616750000005,76.78107700000001,18,16,4,2,36.864435,49.7699075,41.82540658333331,57.65092675000002
Surakarta,2025-04-17 00:00:00,79.61040125,107.72634975,0,17,4,3,56.214616750000005,76.78107700000001,39.40027683333332,53.64587158333335
Surakarta,2025-04-17 06:00:00,39.75540625,52.24370625,6,17,4,3,79.61040125,107.72634975,57.56315099999998,78.09244475000001
Surakarta,2025-04-17 12:00:00,52.28835725,69.7808675,12,17,4,3,39.75540625,52.24370625,58.526808083333314,78.91704433333335
Surakarta,2025-04-17 18:00:00,63.51709075,86.567128,18,17,4,3,52.28835725,69.7808675,57.21805491666665,76.58364116666668
Surakarta,2025-04-18 00:00:00,74.15587825,101.482328,0,18,4,4,63.51709075,86.567128,51.853618083333316,69.53056725
Surakarta,2025-04-18 06:00:00,39.68676775,53.54954175,6,18,4,4,74.15587825,101.482328,63.32044208333332,85.94344116666667
Surakarta,2025-04-18 12:00:00,53.522428,73.08506025,12,18,4,4,39.68676775,53.54954175,59.11991224999999,80.53299925
Surakarta,2025-04-18 18:00:00,43.57534125,59.321223,18,18,4,4,53.522428,73.08506025,55.78835799999998,76.03897666666667
Surakarta,2025-04-19 00:00:00,45.32941525,61.704043250000005,0,19,4,5,43.57534125,59.321223,45.59484566666665,61.98527500000001
Surakarta,2025-04-19 06:00:00,19.4082615,26.05847225,6,19,4,5,45.32941525,61.704043250000005,47.47572816666665,64.70344216666668
Surakarta,2025-04-19 12:00:00,30.34334375,41.9204015,12,19,4,5,19.4082615,26.05847225,36.104339333333314,49.027912833333346
Surakarta,2025-04-19 18:00:00,26.871902,37.42451375,18,19,4,5,30.34334375,41.9204015,31.693673499999978,43.22763900000001
Surakarta,2025-04-20 00:00:00,33.673075,46.99373425,0,20,4,6,26.871902,37.42451375,25.541169083333312,35.134462500000005
Surakarta,2025-04-20 06:00:00,16.969323625,23.75824725,6,20,4,6,33.673075,46.99373425,30.296106916666645,42.11288316666668
Surakarta,2025-04-20 12:00:00,40.13946925,56.3873935,12,20,4,6,16.969323625,23.75824725,25.838100208333316,36.05883175000001
Surakarta,2025-04-20 18:00:00,57.1968435,80.61442674999999,18,20,4,6,40.13946925,56.3873935,30.26062262499998,42.37979166666668
Surakarta,2025-04-21 00:00:00,67.75559225,95.50081,0,21,4,0,57.1968435,80.61442674999999,38.10187879166665,53.58668916666667
Surakarta,2025-04-21 06:00:00,17.56527025,24.8646755,6,21,4,0,67.75559225,95.50081,55.03063499999998,77.50087675
Surakarta,2025-04-21 12:00:00,21.79569975,30.421631,12,21,4,0,17.56527025,24.8646755,47.50590199999999,66.99330408333334
Surakarta,2025-04-21 18:00:00,30.984097250000005,43.435193,18,21,4,0,21.79569975,30.421631,35.705520749999984,50.26237216666667
Surakarta,2025-04-22 00:00:00,21.273763025,30.06408585,0,22,4,1,30.984097250000005,43.435193,23.44835574999999,32.90716650000001
Surakarta,2025-04-22 06:00:00,7.521350825,10.8129255,6,22,4,1,21.273763025,30.06408585,24.684520008333322,34.640303283333346
Surakarta,2025-04-22 12:00:00,20.94068925,29.581827,12,22,4,1,7.521350825,10.8129255,19.926403699999987,28.10406811666667
Surakarta,2025-04-22 18:00:00,40.6865295,57.544268875,18,22,4,1,20.94068925,29.581827,16.578601033333317,23.486279450000012
Surakarta,2025-04-23 00:00:00,41.66221925,59.036041,0,23,4,2,40.6865295,57.544268875,23.04952319166665,32.64634045833335
Surakarta,2025-04-23 06:00:00,7.829726125,11.234817425,6,23,4,2,41.66221925,59.036041,34.429812666666656,48.72071229166667
Surakarta,2025-04-23 12:00:00,25.380728500000004,35.808966000000005,12,23,4,2,7.829726125,11.234817425,30.05949162499999,42.60504243333334
Surakarta,2025-04-23 18:00:00,43.023860075,60.8688425,18,23,4,2,25.380728500000004,35.808966000000005,24.95755795833332,35.359941475000014
Surakarta,2025-04-24 00:00:00,60.54727875,85.6733765,0,24,4,3,43.023860075,60.8688425,25.411438233333325,35.97087530833335
Surakarta,2025-04-24 06:00:00,16.497850000000003,23.3685,6,24,4,3,60.54727875,85.6733765,42.98395577499999,60.78372833333335
Surakarta,2025-04-24 12:00:00,24.452106,34.320805500000006,12,24,4,3,16.497850000000003,23.3685,40.02299627499999,56.63690633333334
Surakarta,2025-04-24 18:00:00,49.623393750000005,69.91342675,18,24,4,3,24.452106,34.320805500000006,33.83241158333332,47.78756066666668
Surakarta,2025-04-25 00:00:00,54.582415000000005,77.0546075,0,25,4,4,49.623393750000005,69.91342675,30.191116583333322,42.53424408333334
Surakarta,2025-04-25 06:00:00,16.456198,23.238215,6,25,4,4,54.582415000000005,77.0546075,42.88597158333332,60.42961325000001
Surakarta,2025-04-25 12:00:00,35.36024425,49.72878225,12,25,4,4,16.456198,23.238215,40.220668916666654,56.73541641666668
Surakarta,2025-04-25 18:00:00,63.379331,89.46659675000001,18,25,4,4,35.36024425,49.72878225,35.46628574999999,50.00720158333335
Surakarta,2025-04-26 00:00:00,47.529965875,67.071596,0,26,4,5,63.379331,89.46659675000001,38.39859108333332,54.14453133333334
Surakarta,2025-04-26 06:00:00,10.02268855,13.693807125,6,26,4,5,47.529965875,67.071596,48.75651370833332,68.75565833333336
Surakarta,2025-04-26 12:00:00,44.26095675,61.23119150000001,12,26,4,5,10.02268855,13.693807125,40.31066180833332,56.74399995833335
Surakarta,2025-04-26 18:00:00,66.28766875000001,92.54727975,18,26,4,5,44.26095675,61.23119150000001,33.93787039166665,47.332198208333345
Surakarta,2025-04-27 00:00:00,44.2721555,61.711374,0,27,4,6,66.28766875000001,92.54727975,40.190438016666654,55.82409279166668
Surakarta,2025-04-27 06:00:00,6.1365029,8.3529699,6,27,4,6,44.2721555,61.711374,51.606926999999985,71.82994841666668
Surakarta,2025-04-27 12:00:00,32.60004167500001,45.86843225,12,27,4,6,6.1365029,8.3529699,38.898775716666655,54.203874550000016
Surakarta,2025-04-27 18:00:00,46.080230750000005,65.07176,18,27,4,6,32.60004167500001,45.86843225,27.669566691666656,38.64425871666668
Surakarta,2025-04-28 00:00:00,57.84414674999999,81.3137155,0,28,4,0,46.080230750000005,65.07176,28.27225844166666,39.76438738333334
Surakarta,2025-04-28 06:00:00,16.62157,22.946949250000003,6,28,4,0,57.84414674999999,81.3137155,45.508139724999985,64.08463591666667
Surakarta,2025-04-28 12:00:00,31.997998375,44.01769575,12,28,4,0,16.62157,22.946949250000003,40.18198249999998,56.44414158333334
Surakarta,2025-04-28 18:00:00,56.52768275,79.13507750000001,18,28,4,0,31.997998375,44.01769575,35.48790504166666,49.42612016666667
Surakarta,2025-04-29 00:00:00,33.0023795,46.41856375,0,29,4,1,56.52768275,79.13507750000001,35.04908370833332,48.699907500000016
Surakarta,2025-04-29 06:00:00,9.120938625,13.229055125,6,29,4,1,33.0023795,46.41856375,40.50935354166665,56.52377900000001
Surakarta,2025-04-29 12:00:00,33.857006,48.28740425,12,29,4,1,9.120938625,13.229055125,32.88366695833332,46.260898791666676
Surakarta,2025-04-29 18:00:00,58.7801305,83.535667,18,29,4,1,33.857006,48.28740425,25.326774708333318,35.978341041666674
Surakarta,2025-04-30 00:00:00,46.16390375,65.7682905,0,30,4,2,58.7801305,83.535667,33.91935837499998,48.350708791666676
Surakarta,2025-04-30 06:00:00,18.537434625,27.212934,6,30,4,2,46.16390375,65.7682905,46.26701341666665,65.86378725000002
Surakarta,2025-04-30 12:00:00,49.9127135,69.89867475,12,30,4,2,18.537434625,27.212934,41.16048962499999,58.83896383333334
Surakarta,2025-04-30 18:00:00,73.60216425,103.2964275,18,30,4,2,49.9127135,69.89867475,38.20468395833332,54.29329975000001
Surakarta,2025-05-01 00:00:00,70.8482735,99.1083225,0,1,5,3,73.60216425,103.2964275,47.35077079166666,66.80267875
Surakarta,2025-05-01 06:00:00,18.55411825,25.791592750000003,6,1,5,3,70.8482735,99.1083225,64.78771708333333,90.76780825000002
Surakarta,2025-05-01 12:00:00,34.98126925,48.725383,12,1,5,3,18.55411825,25.791592750000003,54.33485199999999,76.06544758333334
Surakarta,2025-05-01 18:00:00,50.852746875,71.484009,18,1,5,3,34.98126925,48.725383,41.46122033333332,57.87509941666667
Surakarta,2025-05-02 00:00:00,72.81585125,102.380909,0,2,5,4,50.852746875,71.484009,34.79604479166665,48.666994916666674
Surakarta,2025-05-02 06:00:00,25.522524500000003,35.955338000000005,6,2,5,4,72.81585125,102.380909,52.883289124999976,74.19676700000001
Surakarta,2025-05-02 12:00:00,46.482142,64.97978675,12,2,5,4,25.522524500000003,35.955338000000005,49.73037420833331,69.94008533333334
Surakarta,2025-05-02 18:00:00,52.770131500000005,74.0918725,18,2,5,4,46.482142,64.97978675,48.27350591666664,67.77201125
Surakarta,2025-05-03 00:00:00,46.67526775,65.87447374999999,0,3,5,5,52.770131500000005,74.0918725,41.59159933333333,58.34233241666667
Surakarta,2025-05-03 06:00:00,20.6421475,29.13716925,6,3,5,5,46.67526775,65.87447374999999,48.642513749999985,68.31537766666666
Surakarta,2025-05-03 12:00:00,41.79881325,58.776038250000006,12,3,5,5,20.6421475,29.13716925,40.029182249999984,56.367838500000005
Surakarta,2025-05-03 18:00:00,59.62418525,84.22449499999999,18,3,5,5,41.79881325,58.776038250000006,36.37207616666665,51.26256041666667
Surakarta,2025-05-04 00:00:00,63.27641649999999,89.3966215,0,4,5,6,59.62418525,84.22449499999999,40.68838199999998,57.37923416666667
Surakarta,2025-05-04 06:00:00,27.36180725,38.45897775,6,4,5,6,63.27641649999999,89.3966215,54.89980499999998,77.46571825000001
Surakarta,2025-05-04 12:00:00,39.74167925,55.875204,12,4,5,6,27.36180725,38.45897775,50.08746966666664,70.69336475
Surakarta,2025-05-04 18:00:00,58.85385775,83.19551725,18,4,5,6,39.74167925,55.875204,43.45996766666665,61.24360108333334
Surakarta,2025-05-05 00:00:00,55.178503000000006,78.1108725,0,5,5,0,58.85385775,83.19551725,41.985781416666654,59.17656633333334
Surakarta,2025-05-05 06:00:00,21.35564575,30.42447375,6,5,5,0,55.178503000000006,78.1108725,51.25801333333332,72.39386458333334
Surakarta,2025-05-05 12:00:00,35.36416675,50.233694,12,5,5,0,21.35564575,30.42447375,45.12933549999999,63.91028783333334
Surakarta,2025-05-05 18:00:00,42.95202425,60.94569475,18,5,5,0,35.36416675,50.233694,37.29943849999999,52.923013416666684
Surakarta,2025-05-06 00:00:00,44.5817255,63.670768,0,6,5,1,42.95202425,60.94569475,33.22394558333332,47.201287500000014
Surakarta,2025-05-06 06:00:00,15.526523999999998,22.94444825,6,6,5,1,44.5817255,63.670768,40.96597216666665,58.28338558333334
Surakarta,2025-05-06 12:00:00,32.8685135,47.2794,12,6,5,1,15.526523999999998,22.94444825,34.353424583333315,49.18697033333334
Surakarta,2025-05-06 18:00:00,39.69375975,56.93345875,18,6,5,1,32.8685135,47.2794,30.992254333333317,44.63153875000001
Surakarta,2025-05-07 00:00:00,22.443089625,32.197931175,0,7,5,2,39.69375975,56.93345875,29.362932416666652,42.38576900000001
Surakarta,2025-05-07 06:00:00,9.2629335,14.2470355,6,7,5,2,22.443089625,32.197931175,31.668454291666652,45.47026330833334
Surakarta,2025-05-07 12:00:00,28.9084025,41.543557750000005,12,7,5,2,9.2629335,14.2470355,23.799927624999984,34.45947514166667
Surakarta,2025-05-07 18:00:00,41.85841325,59.6090215,18,7,5,2,28.9084025,41.543557750000005,20.204808541666655,29.32950814166668
Surakarta,2025-05-08 00:00:00,38.24641225,54.641531750000006,0,8,5,3,41.85841325,59.6090215,26.676583083333316,38.46653825000001
Surakarta,2025-05-08 06:00:00,14.4627845,21.3613305,6,8,5,3,38.24641225,54.641531750000006,36.33774266666665,51.93137033333335
Surakarta,2025-05-08 12:00:00,25.35597325,36.19064125,12,8,5,3,14.4627845,21.3613305,31.52253666666665,45.20396125000001
Surakarta,2025-05-08 18:00:00,37.64552025,53.58037975,18,8,5,3,25.35597325,36.19064125,26.021723333333323,37.397834500000016
Surakarta,2025-05-09 00:00:00,51.30556325,73.224101,0,9,5,4,37.64552025,53.58037975,25.821425999999985,37.04411716666667
Surakarta,2025-05-09 06:00:00,19.78878575,29.024136,6,9,5,4,51.30556325,73.224101,38.10235224999999,54.33170733333335
Surakarta,2025-05-09 12:00:00,37.96020574999999,53.9948815,12,9,5,4,19.78878575,29.024136,36.24662308333332,51.942872250000015
Surakarta,2025-05-09 18:00:00,47.32231675,67.26122525,18,9,5,4,37.96020574999999,53.9948815,36.351518249999984,52.08103950000001
Surakarta,2025-05-10 00:00:00,36.28827,51.54288275,0,10,5,5,47.32231675,67.26122525,35.023769416666646,50.09341425
Surakarta,2025-05-10 06:00:00,8.045091625,11.72324475,6,10,5,5,36.28827,51.54288275,40.52359749999998,57.59966316666668
Surakarta,2025-05-10 12:00:00,30.058089625,42.75335675,12,10,5,5,8.045091625,11.72324475,30.55189279166665,43.50911758333334
Surakarta,2025-05-10 18:00:00,36.96573,52.524228,18,10,5,5,30.058089625,42.75335675,24.797150416666653,35.339828083333344
Surakarta,2025-05-11 00:00:00,51.081657,72.64384325,0,11,5,6,36.96573,52.524228,25.022970416666652,35.66694316666668
Surakarta,2025-05-11 06:00:00,23.8580925,34.19967225,6,11,5,6,51.081657,72.64384325,39.36849220833332,55.97380933333335
Surakarta,2025-05-11 12:00:00,35.57533975,50.530616,12,11,5,6,23.8580925,34.19967225,37.30182649999998,53.122581166666684
Surakarta,2025-05-11 18:00:00,29.277146175,41.632802625,18,11,5,6,35.57533975,50.530616,36.83836308333332,52.45804383333334
Surakarta,2025-05-12 00:00:00,49.92182225,71.03460675000001,0,12,5,0,29.277146175,41.632802625,29.57019280833332,42.12103029166668
Surakarta,2025-05-12 06:00:00,18.46093775,26.795874,6,12,5,0,49.92182225,71.03460675000001,38.258102724999986,54.39934179166668
Surakarta,2025-05-12 12:00:00,33.37868275,47.21437,12,12,5,0,18.46093775,26.795874,32.55330205833332,46.48776112500002
Surakarta,2025-05-12 18:00:00,39.3397945,55.738099250000005,18,12,5,0,33.37868275,47.21437,33.920480916666655,48.34828358333335
Surakarta,2025-05-13 00:00:00,45.73874475,64.86140974999999,0,13,5,1,39.3397945,55.738099250000005,30.393138333333326,43.24944775000002
Surakarta,2025-05-13 06:00:00,21.7030305,30.99845,6,13,5,1,45.73874475,64.86140974999999,39.48574066666666,55.93795966666668
Surakarta,2025-05-13 12:00:00,37.587057,53.261344750000006,12,13,5,1,21.7030305,30.99845,35.59385658333333,50.53265300000001
Surakarta,2025-05-13 18:00:00,54.96966075,77.90171875,18,13,5,1,37.587057,53.261344750000006,35.009610749999986,49.70706816666668
Surakarta,2025-05-14 00:00:00,60.50817075,85.93173025,0,14,5,2,54.96966075,77.90171875,38.08658274999999,54.053837833333354
Surakarta,2025-05-14 06:00:00,26.169857500000003,37.34277325,6,14,5,2,60.50817075,85.93173025,51.02162949999999,72.36493125000003
Surakarta,2025-05-14 12:00:00,31.83288325,45.25566175,12,14,5,2,26.169857500000003,37.34277325,47.21589633333332,67.05874075000001
Surakarta,2025-05-14 18:00:00,37.986638000000006,53.880115,18,14,5,2,31.83288325,45.25566175,39.50363716666666,56.17672175000001
Surakarta,2025-05-15 00:00:00,56.56983125,80.26086225,0,15,5,3,37.986638000000006,53.880115,31.996459583333323,45.49285000000001
Surakarta,2025-05-15 06:00:00,24.2998225,34.53573075,6,15,5,3,56.56983125,80.26086225,42.12978416666666,59.798879666666686
Surakarta,2025-05-15 12:00:00,44.39184025,62.814707000000006,12,15,5,3,24.2998225,34.53573075,39.61876391666666,56.22556933333335
Surakarta,2025-05-15 18:00:00,41.564249,58.979141,18,15,5,3,44.39184025,62.814707000000006,41.75383133333332,59.203766666666674
Surakarta,2025-05-16 00:00:00,56.20790975,79.72312099999999,0,16,5,4,41.564249,58.979141,36.751970583333325,52.10985958333334
Surakarta,2025-05-16 06:00:00,30.12920075000001,42.8050265,6,16,5,4,56.20790975,79.72312099999999,47.38799966666665,67.172323
Surakarta,2025-05-16 12:00:00,52.6200375,74.52044275,12,16,5,4,30.12920075000001,42.8050265,42.633786499999985,60.502429500000005
Surakarta,2025-05-16 18:00:00,39.6115205,56.39819249999999,18,16,5,4,52.6200375,74.52044275,46.31904933333332,65.68286341666668
Surakarta,2025-05-17 00:00:00,34.429378,48.9549165,0,17,5,5,39.6115205,56.39819249999999,40.78691958333332,57.90788725000001
Surakarta,2025-05-17 06:00:00,14.644229125,20.896337000000003,6,17,5,5,34.429378,48.9549165,42.220311999999986,59.95785058333334
Surakarta,2025-05-17 12:00:00,39.81473725,56.5825645,12,17,5,5,14.644229125,20.896337000000003,29.561709208333316,42.08314866666668
Surakarta,2025-05-17 18:00:00,43.55669674999999,61.897196,18,17,5,5,39.81473725,56.5825645,29.629448124999985,42.14460600000001
Surakarta,2025-05-18 00:00:00,45.23997175,64.49249675,0,18,5,6,43.55669674999999,61.897196,32.671887708333315,46.45869916666668
Surakarta,2025-05-18 06:00:00,26.070992500000003,37.59183175,6,18,5,6,45.23997175,64.49249675,42.87046858333332,60.99075241666667
Surakarta,2025-05-18 12:00:00,54.700436,77.84821375,12,18,5,6,26.070992500000003,37.59183175,38.28922033333332,54.66050816666668
Surakarta,2025-05-18 18:00:00,52.62882075,74.83623525,18,18,5,6,54.700436,77.84821375,42.00380008333332,59.97751408333334
Surakarta,2025-05-19 00:00:00,36.1196725,51.50718575,0,19,5,0,52.62882075,74.83623525,44.46674974999999,63.42542691666667
Surakarta,2025-05-19 06:00:00,20.91240975,30.20826975,6,19,5,0,36.1196725,51.50718575,47.81630974999999,68.06387825000002
Surakarta,2025-05-19 12:00:00,35.2290645,50.53234975,12,19,5,0,20.91240975,30.20826975,36.55363433333332,52.183896916666676
Surakarta,2025-05-19 18:00:00,35.634798,50.7735655,18,19,5,0,35.2290645,50.53234975,30.75371558333332,44.08260175000001
Surakarta,2025-05-20 00:00:00,48.7611655,69.33441925,0,20,5,1,35.634798,50.7735655,30.592090749999986,43.838061666666675
Surakarta,2025-05-20 06:00:00,28.71320225,42.09712725,6,20,5,1,48.7611655,69.33441925,39.87500933333332,56.880111500000005
Surakarta,2025-05-20 12:00:00,45.6191035,65.32698575,12,20,5,1,28.71320225,42.09712725,37.703055249999984,54.068370666666674
Surakarta,2025-05-20 18:00:00,44.542304,63.74898625,18,20,5,1,45.6191035,65.32698575,41.03115708333332,58.91951075000001
Surakarta,2025-05-21 00:00:00,30.48697275,44.213749,0,21,5,2,44.542304,63.74898625,39.624869916666654,57.05769975000001
Surakarta,2025-05-21 06:00:00,18.998719,28.58348575,6,21,5,2,30.48697275,44.213749,40.21612674999998,57.76324033333335
Surakarta,2025-05-21 12:00:00,36.83788925,52.809468,12,21,5,2,18.998719,28.58348575,31.342665249999985,45.51540700000001
Surakarta,2025-05-21 18:00:00,39.66897575,56.42561975,18,21,5,2,36.83788925,52.809468,28.77452699999999,41.86890091666668
Surakarta,2025-05-22 00:00:00,49.77067575,70.76994275,0,22,5,3,39.66897575,56.42561975,31.835194666666656,45.939524500000005
Surakarta,2025-05-22 06:00:00,26.65342425,38.586904,6,22,5,3,49.77067575,70.76994275,42.09251358333332,60.00167683333334
Surakarta,2025-05-22 12:00:00,37.03496500000001,52.19408175,12,22,5,3,26.65342425,38.586904,38.697691916666656,55.26082216666668
Surakarta,2025-05-22 18:00:00,44.9459765,63.20306049999999,18,22,5,3,37.03496500000001,52.19408175,37.81968833333332,53.85030950000001
Surakarta,2025-05-23 00:00:00,41.531166,58.62659625,0,23,5,4,44.9459765,63.20306049999999,36.21145524999999,51.328015416666666
Surakarta,2025-05-23 06:00:00,25.9763625,36.48841575,6,23,5,4,41.531166,58.62659625,41.17070249999998,58.007912833333336
Surakarta,2025-05-23 12:00:00,45.1066165,63.291849250000006,12,23,5,4,25.9763625,36.48841575,37.48450166666665,52.77269083333334
Surakarta,2025-05-23 18:00:00,54.525571,76.70564625,18,23,5,4,45.1066165,63.291849250000006,37.538048333333315,52.80228708333334
Surakarta,2025-05-24 00:00:00,49.82519025,70.1344335,0,24,5,5,54.525571,76.70564625,41.869516666666655,58.82863708333334
Surakarta,2025-05-24 06:00:00,16.91049075,23.61818475,6,24,5,5,49.82519025,70.1344335,49.81912591666665,70.04397633333333
Surakarta,2025-05-24 12:00:00,43.1362825,60.6661955,12,24,5,5,16.91049075,23.61818475,40.42041733333332,56.81942150000001
Surakarta,2025-05-24 18:00:00,44.781643,63.256493,18,24,5,5,43.1362825,60.6661955,36.623987833333324,51.47293791666667
Surakarta,2025-05-25 00:00:00,55.02033725,77.848314,0,25,5,6,44.781643,63.256493,34.94280541666665,49.180291083333344
Surakarta,2025-05-25 06:00:00,18.7019395,26.53104025,6,25,5,6,55.02033725,77.848314,47.646087583333326,67.25700083333334
Surakarta,2025-05-25 12:00:00,31.51950525,44.536648500000005,12,25,5,6,18.7019395,26.53104025,39.501306583333324,55.87861575
Surakarta,2025-05-25 18:00:00,34.46882575,48.838729,18,25,5,6,31.51950525,44.536648500000005,35.080593999999984,49.63866758333334
Surakarta,2025-05-26 00:00:00,69.47357175,98.547274,0,26,5,0,34.46882575,48.838729,28.230090166666656,39.968805916666675
Surakarta,2025-05-26 06:00:00,30.9432265,44.06459175,6,26,5,0,69.47357175,98.547274,45.15396758333332,63.974217166666676
Surakarta,2025-05-26 12:00:00,51.79578075,73.15225125,12,26,5,0,30.9432265,44.06459175,44.96187466666665,63.81686491666667
Surakarta,2025-05-26 18:00:00,59.84895875,84.67077400000001,18,26,5,0,51.79578075,73.15225125,50.737526333333314,71.92137233333334
Surakarta,2025-05-27 00:00:00,58.931163375,83.525037,0,27,5,1,59.84895875,84.67077400000001,47.529321999999986,67.29587233333335
Surakarta,2025-05-27 06:00:00,14.8045275,21.05161925,6,27,5,1,58.931163375,83.525037,56.85863429166665,80.44935408333333
Surakarta,2025-05-27 12:00:00,37.20458525,52.4998995,12,27,5,1,14.8045275,21.05161925,44.52821654166666,63.082476750000005
Surakarta,2025-05-27 18:00:00,52.376776500000005,74.09982975,18,27,5,1,37.20458525,52.4998995,36.980092041666644,52.35885191666667
Surakarta,2025-05-28 00:00:00,49.39931775,70.02984075,0,28,5,2,52.376776500000005,74.09982975,34.79529641666665,49.21711616666666
Surakarta,2025-05-28 06:00:00,8.906113075,12.68176675,6,28,5,2,49.39931775,70.02984075,46.32689316666665,65.54319
Surakarta,2025-05-28 12:00:00,39.794201,56.161525625,12,28,5,2,8.906113075,12.68176675,36.89406910833332,52.270479083333335
Surakarta,2025-05-28 18:00:00,54.71258575,77.485708,18,28,5,2,39.794201,56.161525625,32.699877274999984,46.291044375000006
Surakarta,2025-05-29 00:00:00,65.22162725,92.5705305,0,29,5,3,54.71258575,77.485708,34.47096660833332,48.77633345833334
Surakarta,2025-05-29 06:00:00,13.00486475,18.74479925,6,29,5,3,65.22162725,92.5705305,53.24280466666665,75.405921375
Surakarta,2025-05-29 12:00:00,34.37435265,48.5047165,12,29,5,3,13.00486475,18.74479925,44.31302591666665,62.933679250000004
Surakarta,2025-05-29 18:00:00,54.48873725000001,77.11560175,18,29,5,3,34.37435265,48.5047165,37.53361488333332,53.273348750000004
Surakarta,2025-05-30 00:00:00,27.80007,39.41283796250001,0,30,5,4,54.48873725000001,77.11560175,33.95598488333332,48.12170583333333
Surakarta,2025-05-30 06:00:00,3.08938305,4.390699325,6,30,5,4,27.80007,39.41283796250001,38.88771996666666,55.01105207083333
Surakarta,2025-05-30 12:00:00,31.5919241,44.61173925000001,12,30,5,4,3.08938305,4.390699325,28.45939676666666,40.30637967916667
Surakarta,2025-05-30 18:00:00,48.206631,68.23552225,18,30,5,4,31.5919241,44.61173925000001,20.827125716666657,29.471758845833335
Surakarta,2025-05-31 00:00:00,71.15184500000001,100.778778,0,31,5,5,48.206631,68.23552225,27.629312716666657,39.079320275
Surakarta,2025-05-31 06:00:00,21.5141825,30.62876875,6,31,5,5,71.15184500000001,100.778778,50.31680003333332,71.20867983333333
Surakarta,2025-05-31 12:00:00,34.129585,48.08396200000001,12,31,5,5,21.5141825,30.62876875,46.957552833333324,66.54768966666667
Surakarta,2025-05-31 18:00:00,26.953784875,38.00698725,18,31,5,5,34.129585,48.08396200000001,42.265204166666656,59.83050291666667
Surakarta,2025-06-01 00:00:00,27.33858675,38.448206500000005,0,1,6,6,26.953784875,38.00698725,27.53251745833332,38.90657266666667
Surakarta,2025-06-01 06:00:00,18.80414375,26.41479575,6,1,6,6,27.33858675,38.448206500000005,29.473985541666654,41.51305191666667
Surakarta,2025-06-01 12:00:00,38.43635475000001,53.4329265,12,1,6,6,18.80414375,26.41479575,24.365505124999988,34.2899965
Surakarta,2025-06-01 18:00:00,62.72193875,87.85846675,18,1,6,6,38.43635475000001,53.4329265,28.193028416666664,39.43197625
Surakarta,2025-06-02 00:00:00,62.27051575000001,87.5153875,0,2,6,0,62.72193875,87.85846675,39.98747908333333,55.902063
Surakarta,2025-06-02 06:00:00,21.9484805,30.7734635,6,2,6,0,62.27051575000001,87.5153875,54.47626975,76.26892691666667
Surakarta,2025-06-02 12:00:00,40.18996,56.47669375,12,2,6,0,21.9484805,30.7734635,48.98031166666666,68.71577258333333
Surakarta,2025-06-02 18:00:00,63.822568,90.02130224999999,18,2,6,0,40.18996,56.47669375,41.46965208333332,58.25518158333333
Surakarta,2025-06-03 00:00:00,66.47614725,93.7666585,0,3,6,1,63.822568,90.02130224999999,41.98700283333332,59.0904865
Surakarta,2025-06-03 06:00:00,23.0419915,32.3435925,6,3,6,1,66.47614725,93.7666585,56.82955841666666,80.08821816666666
Surakarta,2025-06-03 12:00:00,58.24128399999999,81.69206575,12,3,6,1,23.0419915,32.3435925,51.11356891666666,72.04385108333334
Surakarta,2025-06-03 18:00:00,77.86077574999999,109.3908395,18,3,6,1,58.24128399999999,81.69206575,49.253140916666645,69.26743891666666
Surakarta,2025-06-04 00:00:00,69.01555525,96.964044,0,4,6,2,77.86077574999999,109.3908395,53.04801708333331,74.47549925
Surakarta,2025-06-04 06:00:00,28.02539725,39.06757175,6,4,6,2,69.01555525,96.964044,68.37253833333331,96.01564975000001
Surakarta,2025-06-04 12:00:00,35.57067875,48.944229,12,4,6,2,28.02539725,39.06757175,58.30057608333331,81.80748508333333
Surakarta,2025-06-04 18:00:00,38.6106365,53.43727575,18,4,6,2,35.57067875,48.944229,44.20387708333332,61.65861491666667
Surakarta,2025-06-05 00:00:00,28.88708675,40.2236815,0,5,6,3,38.6106365,53.43727575,34.06890416666665,47.14969216666666
Surakarta,2025-06-05 06:00:00,12.794544,17.862362375000004,6,5,6,3,28.88708675,40.2236815,34.356133999999976,47.53506208333334
Surakarta,2025-06-05 12:00:00,27.53250775,39.044039,12,5,6,3,12.794544,17.862362375000004,26.764089083333314,37.174439875
Surakarta,2025-06-05 18:00:00,41.75897975,59.291807,18,5,6,3,27.53250775,39.044039,23.07137949999998,32.37669429166667
Surakarta,2025-06-06 00:00:00,34.141464675,48.448669,0,6,6,4,41.75897975,59.291807,27.362010499999982,38.732736125
Surakarta,2025-06-06 06:00:00,9.2771301,13.229850999999998,6,6,6,4,34.141464675,48.448669,34.47765072499998,48.928171666666664
Surakarta,2025-06-06 12:00:00,32.79765785,46.474953325,12,6,6,4,9.2771301,13.229850999999998,28.392524841666646,40.32344233333333
Surakarta,2025-06-06 18:00:00,52.39272112500001,74.36398150000001,18,6,6,4,32.79765785,46.474953325,25.40541754166665,36.051157775
Surakarta,2025-06-07 00:00:00,27.4055762175,38.87407749250001,0,7,6,5,52.39272112500001,74.36398150000001,31.48916969166665,44.68959527500001
Surakarta,2025-06-07 06:00:00,1.8201831,2.63645465,6,7,6,5,27.4055762175,38.87407749250001,37.531985064166655,53.23767077250002
Surakarta,2025-06-07 12:00:00,22.62646625,32.18372075,12,7,6,5,1.8201831,2.63645465,27.206160147499983,38.62483788083335
Surakarta,2025-06-07 18:00:00,36.860911075,52.51217775,18,7,6,5,22.62646625,32.18372075,17.284075189166646,24.564750964166674
Surakarta,2025-06-08 00:00:00,30.142019,43.023646925,0,8,6,6,36.860911075,52.51217775,20.43585347499998,29.11078438333334
Surakarta,2025-06-08 06:00:00,7.819494375,11.987594875,6,8,6,6,30.142019,43.023646925,29.87646544166665,42.57318180833334
Surakarta,2025-06-08 12:00:00,39.28903275,56.5146365,12,8,6,6,7.819494375,11.987594875,24.940808149999977,35.841139850000005
Surakarta,2025-06-08 18:00:00,50.7349975,72.72120749999999,18,8,6,6,39.28903275,56.5146365,25.750182041666648,37.17529276666667
Surakarta,2025-06-09 00:00:00,72.7299615,104.534594,0,9,6,0,50.7349975,72.72120749999999,32.61450820833331,47.074479625
Surakarta,2025-06-09 06:00:00,24.39375625,36.5300825,6,9,6,0,72.7299615,104.534594,54.25133058333332,77.92347933333333
Surakarta,2025-06-09 12:00:00,42.9203915,61.238808250000005,12,9,6,0,24.39375625,36.5300825,49.28623841666664,71.26196133333333
Surakarta,2025-06-09 18:00:00,51.5802305,73.45602275,18,9,6,0,42.9203915,61.238808250000005,46.68136974999999,67.43449491666668
Surakarta,2025-06-10 00:00:00,37.66240225,53.891426,0,10,6,1,51.5802305,73.45602275,39.63145941666665,57.07497116666667
Surakarta,2025-06-10 06:00:00,20.112509000000003,29.7227695,6,10,6,1,37.66240225,53.891426,44.05434141666665,62.86208566666668
Surakarta,2025-06-10 12:00:00,39.137034750000005,56.00315875,12,10,6,1,20.112509000000003,29.7227695,36.45171391666665,52.35673941666668
Surakarta,2025-06-10 18:00:00,40.90904325,58.473802,18,10,6,1,39.137034750000005,56.00315875,32.30398199999998,46.539118083333335
Surakarta,2025-06-11 00:00:00,41.415944,59.3294085,0,11,6,2,40.90904325,58.473802,33.38619566666665,48.06657675
Surakarta,2025-06-11 06:00:00,16.13591415,24.05312225,6,11,6,2,41.415944,59.3294085,40.487340666666654,57.935456416666675
Surakarta,2025-06-11 12:00:00,27.49027325,39.68415275,12,11,6,2,16.13591415,24.05312225,32.82030046666665,47.285444250000005
Surakarta,2025-06-11 18:00:00,51.879325,73.61970325,18,11,6,2,27.49027325,39.68415275,28.347377133333314,41.02222783333334
Surakarta,2025-06-12 00:00:00,40.072976,57.1493515,0,12,6,3,51.879325,73.61970325,31.835170799999986,45.785659416666675
Surakarta,2025-06-12 06:00:00,15.11492075,22.2719905,6,12,6,3,40.072976,57.1493515,39.81419141666665,56.81773583333334
Surakarta,2025-06-12 12:00:00,38.15813525,54.51167375,12,12,6,3,15.11492075,22.2719905,35.68907391666665,51.01368175000001
Surakarta,2025-06-12 18:00:00,65.19380325,92.9861425,18,12,6,3,38.15813525,54.51167375,31.115343999999983,44.644338583333344
Surakarta,2025-06-13 00:00:00,61.9425005,88.7110915,0,13,6,4,65.19380325,92.9861425,39.48895308333332,56.58993558333335
Surakarta,2025-06-13 06:00:00,22.281597,32.75926025,6,13,6,4,61.9425005,88.7110915,55.09814633333332,78.73630258333334
Surakarta,2025-06-13 12:00:00,33.91772875,48.412005,12,13,6,4,22.281597,32.75926025,49.805966916666655,71.48549808333334
Surakarta,2025-06-13 18:00:00,32.886419,47.0023445,18,13,6,4,33.91772875,48.412005,39.380608749999986,56.627452250000005
Surakarta,2025-06-14 00:00:00,48.49512475,69.6711025,0,14,6,5,32.886419,47.0023445,29.695248249999988,42.72453658333334
Surakarta,2025-06-14 06:00:00,24.0561345,35.08034775,6,14,6,5,48.49512475,69.6711025,38.43309083333332,55.02848400000001
Surakarta,2025-06-14 12:00:00,44.08656175,62.3253985,12,14,6,5,24.0561345,35.08034775,35.14589274999999,50.58459825000002
Surakarta,2025-06-14 18:00:00,58.017151,82.14243499999999,18,14,6,5,44.08656175,62.3253985,38.879273666666656,55.69228291666668
Surakarta,2025-06-15 00:00:00,65.2090085,92.46446075,0,15,6,6,58.017151,82.14243499999999,42.053282416666654,59.84939375000001
Surakarta,2025-06-15 06:00:00,24.045164,34.446600499999995,6,15,6,6,65.2090085,92.46446075,55.77090708333333,78.97743141666668
Surakarta,2025-06-15 12:00:00,33.3258185,47.404456,12,15,6,6,24.045164,34.446600499999995,49.09044116666664,69.68449875
Surakarta,2025-06-15 18:00:00,42.039204000000005,59.51352625,18,15,6,6,33.3258185,47.404456,40.859996999999986,58.105172416666676
Surakarta,2025-06-16 00:00:00,42.71055325,60.85198875,0,16,6,0,42.039204000000005,59.51352625,33.136728833333315,47.12152758333334
Surakarta,2025-06-16 06:00:00,19.39196175,28.14852,6,16,6,0,42.71055325,60.85198875,39.358525249999985,55.923323666666676
Surakarta,2025-06-16 12:00:00,31.998411,45.800902750000006,12,16,6,0,19.39196175,28.14852,34.71390633333332,49.50467833333334
Surakarta,2025-06-16 18:00:00,53.37840025,76.155516,18,16,6,0,31.998411,45.800902750000006,31.36697533333332,44.93380383333334
Surakarta,2025-06-17 00:00:00,47.619252,68.0048805,0,17,6,1,53.37840025,76.155516,34.92292433333332,50.034979583333346
Surakarta,2025-06-17 06:00:00,12.1430335,17.9003905,6,17,6,1,47.619252,68.0048805,44.33202108333332,63.32043308333334
Surakarta,2025-06-17 12:00:00,30.448972750000003,43.79251025,12,17,6,1,12.1430335,17.9003905,37.713561916666656,54.020262333333335
Surakarta,2025-06-17 18:00:00,45.698642250000006,65.29558049999999,18,17,6,1,30.448972750000003,43.79251025,30.070419416666656,43.23259375000001
Surakarta,2025-06-18 00:00:00,56.38568775,80.91228625,0,18,6,2,45.698642250000006,65.29558049999999,29.430216166666657,42.32949375
Surakarta,2025-06-18 06:00:00,15.750942000000002,23.66482475,6,18,6,2,56.38568775,80.91228625,44.17776758333332,63.333459
Surakarta,2025-06-18 12:00:00,35.95448575,51.324093125,12,18,6,2,15.750942000000002,23.66482475,39.278423999999994,56.6242305
Surakarta,2025-06-18 18:00:00,59.8058695,85.11716700000001,18,18,6,2,35.95448575,51.324093125,36.03037183333333,51.967068041666664
Surakarta,2025-06-19 00:00:00,43.85506725,62.667026750000005,0,19,6,3,59.8058695,85.11716700000001,37.17043241666666,53.36869495833334
Surakarta,2025-06-19 06:00:00,14.667364125,22.0265975,6,19,6,3,43.85506725,62.667026750000005,46.53847416666665,66.36942895833333
Surakarta,2025-06-19 12:00:00,49.691834750000005,70.35396225000001,12,19,6,3,14.667364125,22.0265975,39.44276695833332,56.60359708333334
Surakarta,2025-06-19 18:00:00,72.272501,102.43047725,18,19,6,3,49.691834750000005,70.35396225000001,36.07142204166666,51.68252883333334
Surakarta,2025-06-20 00:00:00,73.631212,104.38128425,0,20,6,4,72.272501,102.43047725,45.54389995833333,64.93701233333333
Surakarta,2025-06-20 06:00:00,28.5430135,41.0210535,6,20,6,4,73.631212,104.38128425,65.19851591666666,92.38857458333332
Surakarta,2025-06-20 12:00:00,50.337972750000006,71.073828,12,20,6,4,28.5430135,41.0210535,58.14890883333333,82.61093833333332
Surakarta,2025-06-20 18:00:00,64.15976450000001,90.595393,18,20,6,4,50.337972750000006,71.073828,50.83739941666666,72.15872191666666
Surakarta,2025-06-21 00:00:00,57.102924,80.8546185,0,21,6,5,64.15976450000001,90.595393,47.68025024999999,67.56342483333334
Surakarta,2025-06-21 06:00:00,19.05129925,27.12300765,6,21,6,5,57.102924,80.8546185,57.20022041666666,80.84127983333333
Surakarta,2025-06-21 12:00:00,33.60196375,47.6052265,12,21,6,5,19.05129925,27.12300765,46.77132924999999,66.19100638333333
Surakarta,2025-06-21 18:00:00,33.3113235,47.25637825,18,21,6,5,33.60196375,47.6052265,36.58539566666666,51.86095088333334
Surakarta,2025-06-22 00:00:00,57.17223,81.298709,0,22,6,6,33.3113235,47.25637825,28.654862166666657,40.661537466666665
Surakarta,2025-06-22 06:00:00,28.63009725,41.47102625,6,22,6,6,57.17223,81.298709,41.36183908333333,58.72010458333333
Surakarta,2025-06-22 12:00:00,37.6409165,53.97521325,12,22,6,6,28.63009725,41.47102625,39.70455024999999,56.67537116666666
Surakarta,2025-06-22 18:00:00,49.16836325,70.09543774999999,18,22,6,6,37.6409165,53.97521325,41.14774791666665,58.91498283333334
Surakarta,2025-06-23 00:00:00,51.0428885,72.9724545,0,23,6,0,49.16836325,70.09543774999999,38.47979233333333,55.18055908333333
Surakarta,2025-06-23 06:00:00,23.02508025,34.104004999999994,6,23,6,0,51.0428885,72.9724545,45.95072274999999,65.68103516666666
Surakarta,2025-06-23 12:00:00,33.6842165,48.6410835,12,23,6,0,23.02508025,34.104004999999994,41.07877733333332,59.057299083333334
Surakarta,2025-06-23 18:00:00,45.30193175,64.98174725,18,23,6,0,33.6842165,48.6410835,35.917395083333325,51.90584766666666
Surakarta,2025-06-24 00:00:00,50.575238000000006,72.9313,0,24,6,1,45.30193175,64.98174725,34.00374283333333,49.24227858333333
Surakarta,2025-06-24 06:00:00,20.71885775,30.93879325,6,24,6,1,50.575238000000006,72.9313,43.18712874999999,62.184710249999995
Surakarta,2025-06-24 12:00:00,32.3846905,46.64656225,12,24,6,1,20.71885775,30.93879325,38.8653425,56.283946833333324
Surakarta,2025-06-24 18:00:00,45.700858,65.10310725000001,18,24,6,1,32.3846905,46.64656225,34.55959541666666,50.17221850000001
Surakarta,2025-06-25 00:00:00,78.82701575,112.1155715,0,25,6,2,45.700858,65.10310725000001,32.934802083333324,47.562820916666674
Surakarta,2025-06-25 06:00:00,35.941041500000004,52.90561925,6,25,6,2,78.82701575,112.1155715,52.30418808333332,74.62174700000001
Surakarta,2025-06-25 12:00:00,38.76129975,55.32984975,12,25,6,2,35.941041500000004,52.90561925,53.48963841666666,76.70809933333334
Surakarta,2025-06-25 18:00:00,39.35991775,56.01208325,18,25,6,2,38.76129975,55.32984975,51.17645233333332,73.45034683333334
Surakarta,2025-06-26 00:00:00,35.401171500000004,50.66254925,0,26,6,3,39.35991775,56.01208325,38.02075299999999,54.74918408333334
Surakarta,2025-06-26 06:00:00,12.936297375,20.06976275,6,26,6,3,35.401171500000004,50.66254925,37.84079633333332,54.001494083333334
Surakarta,2025-06-26 12:00:00,32.4103835,46.72642725,12,26,6,3,12.936297375,20.06976275,29.232462208333327,42.248131750000006
Surakarta,2025-06-26 18:00:00,46.70613275,67.0775645,18,26,6,3,32.4103835,46.72642725,26.91595079166666,39.15291308333334
Surakarta,2025-06-27 00:00:00,34.44421325,49.765789,0,27,6,4,46.70613275,67.0775645,30.684271208333325,44.62458483333333
Surakarta,2025-06-27 06:00:00,14.99154225,22.8334325,6,27,6,4,34.44421325,49.765789,37.853576499999996,54.52326025
Surakarta,2025-06-27 12:00:00,29.418345,43.2572735,12,27,6,4,14.99154225,22.8334325,32.04729608333332,46.55892866666667
Surakarta,2025-06-27 18:00:00,44.678331,64.07543774999999,18,27,6,4,29.418345,43.2572735,26.284700166666653,38.618831666666665
Surakarta,2025-06-28 00:00:00,59.60445975,85.9167235,0,28,6,5,44.678331,64.07543774999999,29.69607274999999,43.38871458333333
Surakarta,2025-06-28 06:00:00,24.87684,37.306506,6,28,6,5,59.60445975,85.9167235,44.567045249999985,64.41647825
Surakarta,2025-06-28 12:00:00,39.5730815,56.94329325,12,28,6,5,24.87684,37.306506,43.053210249999985,62.43288908333333
Surakarta,2025-06-28 18:00:00,41.2703405,58.683157,18,28,6,5,39.5730815,56.94329325,41.35146041666666,60.05550758333334
Surakarta,2025-06-29 00:00:00,28.02022425,40.26185275,0,29,6,6,41.2703405,58.683157,35.24008733333333,50.97765208333334
Surakarta,2025-06-29 06:00:00,20.3935715,29.91686175,6,29,6,6,28.02022425,40.26185275,36.28788208333332,51.96276766666667
Surakarta,2025-06-29 12:00:00,37.60453625,53.0727105,12,29,6,6,20.3935715,29.91686175,29.89471208333332,42.95395716666667
Surakarta,2025-06-29 18:00:00,59.57450425,83.51222075,18,29,6,6,37.60453625,53.0727105,28.672777333333325,41.08380833333333
Surakarta,2025-06-30 00:00:00,64.35217825000001,90.43836425,0,30,6,0,59.57450425,83.51222075,39.190870666666655,55.500597666666664
Surakarta,2025-06-30 06:00:00,28.97280625,41.142073,6,30,6,0,64.35217825000001,90.43836425,53.843739583333324,75.67443183333333
Surakarta,2025-06-30 12:00:00,50.31111475,70.3329015,12,30,6,0,28.97280625,41.142073,50.966496249999985,71.69755266666667
Surakarta,2025-06-30 18:00:00,72.70088625,102.3385885,18,30,6,0,50.31111475,70.3329015,47.87869974999999,67.30444625
Surakarta,2025-07-01 00:00:00,42.35155875,59.804307,0,1,7,1,72.70088625,102.3385885,50.66160241666665,71.27118766666666
Surakarta,2025-07-01 06:00:00,18.711717,26.37125325,6,1,7,1,42.35155875,59.804307,55.121186583333326,77.49193233333334
Surakarta,2025-07-01 12:00:00,28.53323575,39.90231775,12,1,7,1,18.711717,26.37125325,44.58805399999999,62.83804958333334
Surakarta,2025-07-01 18:00:00,40.7057285,56.99746425,18,1,7,1,28.53323575,39.90231775,29.865503833333324,42.02595933333333
Surakarta,2025-07-02 00:00:00,79.22949349999999,111.1334875,0,2,7,2,40.7057285,56.99746425,29.31689374999999,41.09034508333334
Surakarta,2025-07-02 06:00:00,29.15925275,41.0427675,6,2,7,2,79.22949349999999,111.1334875,49.48948591666666,69.34442316666667
Surakarta,2025-07-02 12:00:00,42.4063845,59.44150425,12,2,7,2,29.15925275,41.0427675,49.698158249999985,69.72457308333333
Surakarta,2025-07-02 18:00:00,66.58582650000001,93.6724415,18,2,7,2,42.4063845,59.44150425,50.26504358333332,70.53925308333334
Surakarta,2025-07-03 00:00:00,37.41752225,52.7019205,0,3,7,3,66.58582650000001,93.6724415,46.05048791666666,64.71890441666667
Surakarta,2025-07-03 06:00:00,22.674925,32.33478175,6,3,7,3,37.41752225,52.7019205,48.80324441666665,68.60528875000001
Surakarta,2025-07-03 12:00:00,36.73402275,51.783871000000005,12,3,7,3,22.674925,32.33478175,42.22609124999999,59.56971458333334
Surakarta,2025-07-03 18:00:00,39.894146500000005,55.96837125,18,3,7,3,36.73402275,51.783871000000005,32.27548999999999,45.60685775000001
Surakarta,2025-07-04 00:00:00,33.527229000000005,47.8016205,0,4,7,4,39.894146500000005,55.96837125,33.101031416666665,46.69567466666668
Surakarta,2025-07-04 06:00:00,18.57955575,27.6641005,6,4,7,4,33.527229000000005,47.8016205,36.71846608333333,51.851287583333345
Surakarta,2025-07-04 12:00:00,25.922986625,37.2319845,12,4,7,4,18.57955575,27.6641005,30.666977083333325,43.81136408333334
Surakarta,2025-07-04 18:00:00,34.4132045,48.46057625,18,4,7,4,25.922986625,37.2319845,26.00992379166666,37.56590183333334
Surakarta,2025-07-05 00:00:00,42.496935500000006,59.787225500000005,0,5,7,5,34.4132045,48.46057625,26.305248958333323,37.78555375000001
Surakarta,2025-07-05 06:00:00,23.55182025,33.4194115,6,5,7,5,42.496935500000006,59.787225500000005,34.277708874999995,48.49326208333334
Surakarta,2025-07-05 12:00:00,44.8565055,62.142533,12,5,7,5,23.55182025,33.4194115,33.48732008333332,47.22240441666668
Surakarta,2025-07-05 18:00:00,55.20666925,76.15705050000001,18,5,7,5,44.8565055,62.142533,36.96842041666665,51.78305666666668
Surakarta,2025-07-06 00:00:00,43.419731,60.0314255,0,6,7,6,55.20666925,76.15705050000001,41.20499833333332,57.23966500000001
Surakarta,2025-07-06 06:00:00,19.98739675,27.6982065,6,6,7,6,43.419731,60.0314255,47.82763524999999,66.11033633333335
Surakarta,2025-07-06 12:00:00,34.90896475,49.0384765,12,6,7,6,19.98739675,27.6982065,39.53793233333332,54.628894166666676
Surakarta,2025-07-06 18:00:00,47.15724375,66.39365275,18,6,7,6,34.90896475,49.0384765,32.772030833333325,45.58936950000001
Surakarta,2025-07-07 00:00:00,66.1024735,93.149425,0,7,7,0,47.15724375,66.39365275,34.01786841666666,47.710111916666676
Surakarta,2025-07-07 06:00:00,23.5655195,33.28466375,6,7,7,0,66.1024735,93.149425,49.38956066666666,69.52718475
Surakarta,2025-07-07 12:00:00,30.35694325,42.96953175,12,7,7,0,23.5655195,33.28466375,45.60841224999999,64.27591383333335
Surakarta,2025-07-07 18:00:00,42.0646135,59.3333035,18,7,7,0,30.35694325,42.96953175,40.00831208333333,56.4678735
Surakarta,2025-07-08 00:00:00,33.73645475,47.834647,0,8,7,1,42.0646135,59.3333035,31.995692083333328,45.195833000000015
Surakarta,2025-07-08 06:00:00,12.73801325,18.571029,6,8,7,1,33.73645475,47.834647,35.386003833333326,50.045827416666675
Surakarta,2025-07-08 12:00:00,28.16926775,40.5900665,12,8,7,1,12.73801325,18.571029,29.51302716666666,41.91299316666667
Surakarta,2025-07-08 18:00:00,34.479598,49.59576925,18,8,7,1,28.16926775,40.5900665,24.881245249999996,35.665247500000014
Surakarta,2025-07-09 00:00:00,16.59611825,24.260942,0,9,7,2,34.479598,49.59576925,25.128959666666663,36.252288250000014
Surakarta,2025-07-09 06:00:00,8.456368099999999,12.91840575,6,9,7,2,16.59611825,24.260942,26.41499466666666,38.14892591666668
Surakarta,2025-07-09 12:00:00,25.49319325,36.525648125,12,9,7,2,8.456368099999999,12.91840575,19.844028116666664,28.92503900000001
Surakarta,2025-07-09 18:00:00,37.213212,53.009331,18,9,7,2,25.49319325,36.525648125,16.848559866666662,24.568331958333342
Surakarta,2025-07-10 00:00:00,36.550361375,52.25091125,0,10,7,3,37.213212,53.009331,23.720924449999995,34.15112829166667
Surakarta,2025-07-10 06:00:00,10.445262500000002,15.600136125,6,10,7,3,36.550361375,52.25091125,33.08558887499999,47.261963458333334
Surakarta,2025-07-10 12:00:00,28.269170000000003,40.1929585,12,10,7,3,10.445262500000002,15.600136125,28.06961195833333,40.28679279166668
Surakarta,2025-07-10 18:00:00,40.23843425,57.2014335,18,10,7,3,28.269170000000003,40.1929585,25.088264624999997,36.01466862500001
Surakarta,2025-07-11 00:00:00,39.88108725,56.85683375,0,11,7,4,40.23843425,57.2014335,26.31762225,37.664842708333346
Surakarta,2025-07-11 06:00:00,10.407546825,15.125920250000002,6,11,7,4,39.88108725,56.85683375,36.12956383333333,51.41707525000001
Surakarta,2025-07-11 12:00:00,41.019974,58.226192,12,11,7,4,10.407546825,15.125920250000002,30.175689441666663,43.06139583333334
Surakarta,2025-07-11 18:00:00,74.71780475,106.0749925,18,11,7,4,41.019974,58.226192,30.436202691666665,43.40298200000001
Surakarta,2025-07-12 00:00:00,82.14041775,117.06032425,0,12,7,5,74.71780475,106.0749925,42.04844185833333,59.80903491666667
Surakarta,2025-07-12 06:00:00,33.150711750000006,47.9939785,6,12,7,5,82.14041775,117.06032425,65.95939883333334,93.78716958333332
Surakarta,2025-07-12 12:00:00,46.578918,65.76283325000001,12,12,7,5,33.150711750000006,47.9939785,63.33631141666667,90.37643175000001
Surakarta,2025-07-12 18:00:00,71.01647224999999,99.992746,18,12,7,5,46.578918,65.76283325000001,53.9566825,76.93904533333334
Surakarta,2025-07-13 00:00:00,67.56992824999999,94.95116075,0,13,7,6,71.01647224999999,99.992746,50.24870066666667,71.24985258333335
Surakarta,2025-07-13 06:00:00,27.15377425,38.80020925,6,13,7,6,67.56992824999999,94.95116075,61.721772833333326,86.90224666666667
Surakarta,2025-07-13 12:00:00,35.91571875,51.30641549999999,12,13,7,6,27.15377425,38.80020925,55.24672491666666,77.91470533333334
Surakarta,2025-07-13 18:00:00,41.37153675,58.899502,18,13,7,6,35.91571875,51.30641549999999,43.54647375,61.68592850000001
Surakarta,2025-07-14 00:00:00,34.7325225,49.932339,0,14,7,0,41.37153675,58.899502,34.813676583333326,49.668708916666674
Surakarta,2025-07-14 06:00:00,13.276974,19.62513325,6,14,7,0,34.7325225,49.932339,37.339926,53.37941883333334
Surakarta,2025-07-14 12:00:00,22.778294875,32.93962425,12,14,7,0,13.276974,19.62513325,29.793677749999997,42.81899141666668
Surakarta,2025-07-14 18:00:00,25.204087875,36.25444825,18,14,7,0,22.778294875,32.93962425,23.595930458333328,34.165698833333344
Surakarta,2025-07-15 00:00:00,44.43114675,64.21572725,0,15,7,1,25.204087875,36.25444825,20.419785583333326,29.60640191666668
Surakarta,2025-07-15 06:00:00,23.3911805,34.925222,6,15,7,1,44.43114675,64.21572725,30.80450983333333,44.469933250000004
Surakarta,2025-07-15 12:00:00,36.620918,52.385303,12,15,7,1,23.3911805,34.925222,31.008805041666665,45.131799166666674
Surakarta,2025-07-15 18:00:00,38.675295875,55.4896935,18,15,7,1,36.620918,52.385303,34.81441508333334,50.50875075000001
Surakarta,2025-07-16 00:00:00,27.15930225,39.0824085,0,16,7,2,38.675295875,55.4896935,32.895798125,47.60007283333334
Surakarta,2025-07-16 06:00:00,8.0017914,12.1423225,6,16,7,2,27.15930225,39.0824085,34.15183870833333,48.985801666666674
Surakarta,2025-07-16 12:00:00,22.538699875,32.65040475000001,12,16,7,2,8.0017914,12.1423225,24.61212984166666,35.57147483333334
Surakarta,2025-07-16 18:00:00,33.223215999999994,47.39445075,18,16,7,2,22.538699875,32.65040475000001,19.233264508333328,27.958378583333342
Surakarta,2025-07-17 00:00:00,42.52581225,60.390221,0,17,7,3,33.223215999999994,47.39445075,21.254569091666657,30.72905933333334
Surakarta,2025-07-17 06:00:00,21.270921,30.88939625,6,17,7,3,42.52581225,60.390221,32.762576041666655,46.81169216666667
Surakarta,2025-07-17 12:00:00,34.29977374999999,47.46596125,12,17,7,3,21.270921,30.88939625,32.33998308333333,46.22468933333334
Surakarta,2025-07-17 18:00:00,46.97483275,64.7131625,18,17,7,3,34.29977374999999,47.46596125,32.69883566666666,46.24852616666667
Surakarta,2025-07-18 00:00:00,53.19819275,72.58452750000001,0,18,7,4,46.97483275,64.7131625,34.18184249999999,47.68950666666667
Surakarta,2025-07-18 06:00:00,21.05628025,28.91488275,6,18,7,4,53.19819275,72.58452750000001,44.82426641666666,61.58788375
Surakarta,2025-07-18 12:00:00,40.91992775,56.4623415,12,18,7,4,21.05628025,28.91488275,40.409768583333324,55.40419091666667
Surakarta,2025-07-18 18:00:00,47.2823555,65.786366,18,18,7,4,40.91992775,56.4623415,38.39146691666666,52.653917250000006
Surakarta,2025-07-19 00:00:00,34.984339000000006,49.287110125,0,19,7,5,47.2823555,65.786366,36.41952116666666,50.387863416666676
Surakarta,2025-07-19 06:00:00,7.336438999999999,10.6335847,6,19,7,5,34.984339000000006,49.287110125,41.06220741666666,57.178605874999995
Surakarta,2025-07-19 12:00:00,30.022306250000003,42.189187,12,19,7,5,7.336438999999999,10.6335847,29.867711166666663,41.902353608333335
Surakarta,2025-07-19 18:00:00,45.3558755,63.423697,18,19,7,5,30.022306250000003,42.189187,24.114361416666664,34.036627275
Surakarta,2025-07-20 00:00:00,40.830656,57.0488505,0,20,7,6,45.3558755,63.423697,27.571540249999995,38.7488229
Surakarta,2025-07-20 06:00:00,13.177157,18.3553085,6,20,7,6,40.830656,57.0488505,38.736279249999995,54.22057816666668
Surakarta,2025-07-20 12:00:00,21.37232975,30.13133225,12,20,7,6,13.177157,18.3553085,33.12122949999999,46.275952
Surakarta,2025-07-20 18:00:00,37.015354375,52.419068,18,20,7,6,21.37232975,30.13133225,25.126714249999992,35.17849708333333
Surakarta,2025-07-21 00:00:00,23.62304475,33.491800725,0,21,7,0,37.015354375,52.419068,23.85494704166666,33.635236250000005
Surakarta,2025-07-21 06:00:00,5.51028735,7.8638321,6,21,7,0,23.62304475,33.491800725,27.33690962499999,38.68073365833334
Surakarta,2025-07-21 12:00:00,26.7443736,38.0397295,12,21,7,0,5.51028735,7.8638321,22.049562158333327,31.258233608333338
Surakarta,2025-07-21 18:00:00,45.42772465,64.55803775,18,21,7,0,26.7443736,38.0397295,18.625901899999988,26.465120775000003
Surakarta,2025-07-22 00:00:00,42.61738625,60.648176250000006,0,22,7,1,45.42772465,64.55803775,25.894128533333326,36.82053311666667
Surakarta,2025-07-22 06:00:00,16.01563325,22.9453575,6,22,7,1,42.61738625,60.648176250000006,38.26316149999999,54.4153145
Surakarta,2025-07-22 12:00:00,33.4787845,47.430177750000006,12,22,7,1,16.01563325,22.9453575,34.68691471666666,49.38385716666667
Surakarta,2025-07-22 18:00:00,54.083671,76.58991275,18,22,7,1,33.4787845,47.430177750000006,30.703934666666658,43.67457050000001
Surakarta,2025-07-23 00:00:00,75.2919225,106.6056525,0,23,7,2,54.083671,76.58991275,34.526029583333326,48.98848266666667
Surakarta,2025-07-23 06:00:00,28.00834425,39.88316175,6,23,7,2,75.2919225,106.6056525,54.284792666666654,76.87524766666667
Surakarta,2025-07-23 12:00:00,40.86831575,57.817544000000005,12,23,7,2,28.00834425,39.88316175,52.461312583333324,74.35957566666667
Surakarta,2025-07-23 18:00:00,62.7360065,88.82247249999999,18,23,7,2,40.86831575,57.817544000000005,48.05619416666665,68.10211941666667
Surakarta,2025-07-24 00:00:00,54.6305315,77.4865615,0,24,7,3,62.7360065,88.82247249999999,43.87088883333333,62.17439275
Surakarta,2025-07-24 06:00:00,20.0328715,28.6573825,6,24,7,3,54.6305315,77.4865615,52.74495124999999,74.70885933333334
Surakarta,2025-07-24 12:00:00,29.28288725,41.59244375,12,24,7,3,20.0328715,28.6573825,45.799803166666656,64.9888055
Surakarta,2025-07-24 18:00:00,35.8052715,50.74753075,18,24,7,3,29.28288725,41.59244375,34.64876341666666,49.24546258333333
Surakarta,2025-07-25 00:00:00,34.0028805,48.381537,0,25,7,4,35.8052715,50.74753075,28.37367674999999,40.33245233333333
Surakarta,2025-07-25 06:00:00,22.89988275,32.8623175,6,25,7,4,34.0028805,48.381537,33.03034641666666,46.9071705
Surakarta,2025-07-25 12:00:00,42.17565775,59.92274,12,25,7,4,22.89988275,32.8623175,30.902678249999994,43.99712841666667
Surakarta,2025-07-25 18:00:00,49.22419825,69.81903875,18,25,7,4,42.17565775,59.92274,33.02614033333332,47.055531499999994
Surakarta,2025-07-26 00:00:00,53.19582025,75.69792724999999,0,26,7,5,49.22419825,69.81903875,38.09991291666666,54.20136541666667
Surakarta,2025-07-26 06:00:00,27.30666875,39.01698125,6,26,7,5,53.19582025,75.69792724999999,48.19855874999999,68.47990199999998
Surakarta,2025-07-26 12:00:00,36.4540255,51.249117,12,26,7,5,27.30666875,39.01698125,43.24222908333332,61.511315749999994
Surakarta,2025-07-26 18:00:00,50.099472000000006,70.6996555,18,26,7,5,36.4540255,51.249117,38.98550483333332,55.32134183333333
Surakarta,2025-07-27 00:00:00,28.1063135,39.90550175,0,27,7,6,50.099472000000006,70.6996555,37.953388749999995,53.65525124999999
Surakarta,2025-07-27 06:00:00,16.019811,22.889651,6,27,7,6,28.1063135,39.90550175,38.219936999999994,53.95142475
Surakarta,2025-07-27 12:00:00,30.388491750000004,42.848340500000006,12,27,7,6,16.019811,22.889651,31.40853216666666,44.498269416666666
Surakarta,2025-07-27 18:00:00,31.5381925,44.9149975,18,27,7,6,30.388491750000004,42.848340500000006,24.838205416666657,35.21449775
Surakarta,2025-07-28 00:00:00,33.0972515,47.3256125,0,28,7,0,31.5381925,44.9149975,25.982165083333324,36.884329666666666
Surakarta,2025-07-28 06:00:00,12.45877,18.553351,6,28,7,0,33.0972515,47.3256125,31.674645249999987,45.02965016666666
Surakarta,2025-07-28 12:00:00,20.0683415,29.485137,12,28,7,0,12.45877,18.553351,25.69807133333332,36.931320333333325
Surakarta,2025-07-28 18:00:00,20.39023175,30.123232,18,28,7,0,20.0683415,29.485137,21.874787666666652,31.788033499999994
Surakarta,2025-07-29 00:00:00,14.04843875,22.0316565,0,29,7,1,20.39023175,30.123232,17.639114416666658,26.053906666666663
Surakarta,2025-07-29 06:00:00,13.62730025,22.44848925,6,29,7,1,14.04843875,22.0316565,18.16900399999999,27.21334183333333
Surakarta,2025-07-29 12:00:00,21.006485,32.599473499999995,12,29,7,1,13.62730025,22.44848925,16.02199024999999,24.86779258333333
Surakarta,2025-07-29 18:00:00,21.08431825,32.25463275,18,29,7,1,21.006485,32.599473499999995,16.227407999999993,25.69320641666666
Surakarta,2025-07-30 00:00:00,28.5996435,44.2164495,0,30,7,2,21.08431825,32.25463275,18.572701166666658,29.10086516666666
Surakarta,2025-07-30 06:00:00,22.95547575,36.25461825,6,30,7,2,28.5996435,44.2164495,23.563482249999993,36.35685191666666
Surakarta,2025-07-30 12:00:00,25.9051375,38.7574345,12,30,7,2,22.95547575,36.25461825,24.213145833333325,37.575233499999996
Surakarta,2025-07-30 18:00:00,25.94305175,38.18269075,18,30,7,2,25.9051375,38.7574345,25.820085583333324,39.74283408333333
Surakarta,2025-07-31 00:00:00,14.363394,21.428832,0,31,7,3,25.94305175,38.18269075,24.93455499999999,37.731581166666665
Surakarta,2025-07-31 06:00:00,12.55983775,19.06153125,6,31,7,3,14.363394,21.428832,22.070527749999986,32.78965241666666
Surakarta,2025-07-31 12:00:00,22.73407075,33.328206,12,31,7,3,12.55983775,19.06153125,17.62209449999999,26.224351333333328
Surakarta,2025-07-31 18:00:00,29.0588675,41.85704875,18,31,7,3,22.73407075,33.328206,16.552434166666657,24.60618975
Surakarta,2025-08-01 00:00:00,22.739925375,32.8574285,0,1,8,4,29.0588675,41.85704875,21.450925333333327,31.41559533333333
Surakarta,2025-08-01 06:00:00,12.570751375,18.62918,6,1,8,4,22.739925375,32.8574285,24.844287874999992,36.014227749999996
Surakarta,2025-08-01 12:00:00,33.20002375,47.382742,12,1,8,4,12.570751375,18.62918,21.456514749999993,31.114552416666665
Surakarta,2025-08-01 18:00:00,53.70850425,76.32445399999999,18,1,8,4,33.20002375,47.382742,22.836900166666656,32.95645016666666
Surakarta,2025-08-02 00:00:00,23.386945875,33.4090935,0,2,8,5,53.70850425,76.32445399999999,33.15975979166666,47.44545866666666
Surakarta,2025-08-02 06:00:00,11.439056,16.572357999999998,6,2,8,5,23.386945875,33.4090935,36.765157958333326,52.37209649999999
Surakarta,2025-08-02 12:00:00,20.500181,29.415958,12,2,8,5,11.439056,16.572357999999998,29.511502041666656,42.10196849999999
Surakarta,2025-08-02 18:00:00,40.305054,57.36512825,18,2,8,5,20.500181,29.415958,18.442060958333325,26.46580316666666
Surakarta,2025-08-03 00:00:00,31.675427,45.0684745,0,3,8,6,40.305054,57.36512825,24.081430333333326,34.45114808333333
Surakarta,2025-08-03 06:00:00,17.92483325,26.046109,6,3,8,6,31.675427,45.0684745,30.82688733333332,43.94985358333333
Surakarta,2025-08-03 12:00:00,24.66885025,35.2133615,12,3,8,6,17.92483325,26.046109,29.968438083333325,42.82657058333333
Surakarta,2025-08-03 18:00:00,28.78192625,40.4922385,18,3,8,6,24.66885025,35.2133615,24.75637016666666,35.44264833333333
Surakarta,2025-08-04 00:00:00,44.21778525,62.22450075,0,4,8,0,28.78192625,40.4922385,23.79186991666666,33.91723633333333
Surakarta,2025-08-04 06:00:00,23.00640725,32.930814,6,4,8,0,44.21778525,62.22450075,32.556187249999994,45.97670024999999
Surakarta,2025-08-04 12:00:00,33.84366175,47.540254,12,4,8,0,23.00640725,32.930814,32.00203958333333,45.21585108333333
Surakarta,2025-08-04 18:00:00,43.02791025,60.56106275,18,4,8,0,33.84366175,47.540254,33.68928474999999,47.56518958333333
Surakarta,2025-08-05 00:00:00,27.093022625,38.30623975,0,5,8,1,43.02791025,60.56106275,33.29265974999999,47.01071024999999
Surakarta,2025-08-05 06:00:00,20.69083375,29.68784,6,5,8,1,27.093022625,38.30623975,34.654864874999994,48.80251883333333
Surakarta,2025-08-05 12:00:00,23.436541125,33.71224025,12,5,8,1,20.69083375,29.68784,30.270588874999987,42.85171416666666
Surakarta,2025-08-05 18:00:00,27.7725005,39.69657275,18,5,8,1,23.436541125,33.71224025,23.74013249999999,33.90210666666666
Surakarta,2025-08-06 00:00:00,18.77191375,27.069376,0,6,8,2,27.7725005,39.69657275,23.96662512499999,34.365550999999996
Surakarta,2025-08-06 06:00:00,7.7666868,11.367319625,6,6,8,2,18.77191375,27.069376,23.326985124999993,33.49272966666666
Surakarta,2025-08-06 12:00:00,18.20626475,26.29019475,12,6,8,2,7.7666868,11.367319625,18.10370034999999,26.044422791666662
Surakarta,2025-08-06 18:00:00,41.778037825,59.616808500000005,18,6,8,2,18.20626475,26.29019475,14.914955099999991,21.575630124999993
Surakarta,2025-08-07 00:00:00,38.212363,54.732650750000005,0,7,8,3,41.778037825,59.616808500000005,22.58366312499999,32.424774291666665
Surakarta,2025-08-07 06:00:00,17.376180625,25.11040925,6,7,8,3,38.212363,54.732650750000005,32.732221858333325,46.87988466666667
Surakarta,2025-08-07 12:00:00,27.10305565,38.6121995,12,7,8,3,17.376180625,25.11040925,32.45552714999999,46.486622833333335
Surakarta,2025-08-07 18:00:00,41.341138375,58.843171,18,7,8,3,27.10305565,38.6121995,27.563866424999997,39.485086499999994
Surakarta,2025-08-08 00:00:00,28.74054375,41.079204,0,8,8,4,41.341138375,58.843171,28.606791549999997,40.85525991666666
Surakarta,2025-08-08 06:00:00,22.027336625,31.61790125,6,8,8,4,28.74054375,41.079204,32.39491259166666,46.17819149999999
Surakarta,2025-08-08 12:00:00,34.282663750000005,48.49181275,12,8,8,4,22.027336625,31.61790125,30.70300624999999,43.84675874999999
Surakarta,2025-08-08 18:00:00,58.76620375,83.25753125,18,8,8,4,34.282663750000005,48.49181275,28.350181374999995,40.39630599999999
Surakarta,2025-08-09 00:00:00,53.21839975,75.49641675000001,0,9,8,5,58.76620375,83.25753125,38.35873470833333,54.45574841666666
Surakarta,2025-08-09 06:00:00,25.174586,35.91560475,6,9,8,5,53.21839975,75.49641675000001,48.75575574999999,69.08192025
Surakarta,2025-08-09 12:00:00,29.305056250000003,41.4888745,12,9,8,5,25.174586,35.91560475,45.71972983333333,64.88985091666666
Surakarta,2025-08-09 18:00:00,54.9970315,77.854849,18,9,8,5,29.305056250000003,41.4888745,35.89934733333333,50.96696533333333
Surakarta,2025-08-10 00:00:00,54.08492075,76.79517625,0,10,8,6,54.9970315,77.854849,36.49222458333333,51.75310941666666
Surakarta,2025-08-10 06:00:00,26.53052825,38.08054325,6,10,8,6,54.08492075,76.79517625,46.129002833333324,65.37963325
Surakarta,2025-08-10 12:00:00,29.3293285,41.873022500000005,12,10,8,6,26.53052825,38.08054325,45.20416016666666,64.24352283333333
Surakarta,2025-08-10 18:00:00,39.84010275,56.46632025,18,10,8,6,29.3293285,41.873022500000005,36.64825916666666,52.24958066666665
Surakarta,2025-08-11 00:00:00,46.46977875,66.24350224999999,0,11,8,0,39.84010275,56.46632025,31.899986499999994,45.47329533333332
Surakarta,2025-08-11 06:00:00,25.289154,36.824417,6,11,8,0,46.46977875,66.24350224999999,38.54640333333333,54.86094833333332
Surakarta,2025-08-11 12:00:00,29.56514325,42.56571525,12,11,8,0,25.289154,36.824417,37.1996785,53.17807983333332
Surakarta,2025-08-11 18:00:00,39.580832750000006,56.21601,18,11,8,0,29.56514325,42.56571525,33.774691999999995,48.544544833333326
Surakarta,2025-08-12 00:00:00,46.196362,65.89817825,0,12,8,1,39.580832750000006,56.21601,31.478376666666662,45.20204741666665
Surakarta,2025-08-12 06:00:00,20.074594375,29.378952750000003,6,12,8,1,46.196362,65.89817825,38.447446,54.89330116666665
Surakarta,2025-08-12 12:00:00,30.51047775,44.03705125,12,12,8,1,20.074594375,29.378952750000003,35.28392970833333,50.49771366666666
Surakarta,2025-08-12 18:00:00,45.872752,65.29501225,18,12,8,1,30.51047775,44.03705125,32.260478041666666,46.43806075
Surakarta,2025-08-13 00:00:00,57.79196575,82.611165,0,13,8,2,45.872752,65.29501225,32.15260804166667,46.237005416666655
Surakarta,2025-08-13 06:00:00,24.20597375,35.59586,6,13,8,2,57.79196575,82.611165,44.72506516666667,63.98107616666666
Surakarta,2025-08-13 12:00:00,36.95396325,53.53712075,12,13,8,2,24.20597375,35.59586,42.62356383333333,61.16734575
Surakarta,2025-08-13 18:00:00,55.705045,79.8953875,18,13,8,2,36.95396325,53.53712075,39.650634249999996,57.24804858333332
Surakarta,2025-08-14 00:00:00,44.39272,65.038422,0,14,8,3,55.705045,79.8953875,38.954994,56.342789416666655
Surakarta,2025-08-14 06:00:00,19.27128325,30.65361,6,14,8,3,44.39272,65.038422,45.683909416666665,66.15697674999998
Surakarta,2025-08-14 12:00:00,21.08865275,31.71251675,12,14,8,3,19.27128325,30.65361,39.78968275,58.52913983333332
Surakarta,2025-08-14 18:00:00,27.8610485,40.35453525,18,14,8,3,21.08865275,31.71251675,28.25088533333333,42.468182916666656
Surakarta,2025-08-15 00:00:00,11.94973725,17.4532035,0,15,8,4,27.8610485,40.35453525,22.74032816666666,34.24022066666666
Surakarta,2025-08-15 06:00:00,11.18610275,16.88272275,6,15,8,4,11.94973725,17.4532035,20.29981283333333,29.840085166666654
Surakarta,2025-08-15 12:00:00,23.90649425,34.76927175,12,15,8,4,11.18610275,16.88272275,16.998962833333334,24.89682049999999
Surakarta,2025-08-15 18:00:00,38.06957274999999,54.62294525,18,15,8,4,23.90649425,34.76927175,15.680778083333331,23.03506599999999
Surakarta,2025-08-16 00:00:00,33.09861525,47.50120375,0,16,8,5,38.06957274999999,54.62294525,24.387389916666663,35.42497991666666
Surakarta,2025-08-16 06:00:00,16.968101625000003,25.09261775,6,16,8,5,33.09861525,47.50120375,31.691560749999997,45.63114024999999
Surakarta,2025-08-16 12:00:00,31.42105225,45.559717,12,16,8,5,16.968101625000003,25.09261775,29.37876320833333,42.40558891666666
Surakarta,2025-08-16 18:00:00,61.76350175,88.173579,18,16,8,5,31.42105225,45.559717,27.162589708333332,39.384512833333325
Surakarta,2025-08-17 00:00:00,51.4443175,73.62893925,0,17,8,6,61.76350175,88.173579,36.717551875,52.941971249999995
Surakarta,2025-08-17 06:00:00,22.83195525,33.428818500000006,6,17,8,6,51.4443175,73.62893925,48.20962383333333,69.12074508333332
Surakarta,2025-08-17 12:00:00,34.8795905,49.8939415,12,17,8,6,22.83195525,33.428818500000006,45.346591499999995,65.07711224999998
Surakarta,2025-08-17 18:00:00,53.5214745,76.218115,18,17,8,6,34.8795905,49.8939415,36.385287749999996,52.31723308333333
Surakarta,2025-08-18 00:00:00,58.03724475,82.872533,0,18,8,0,53.5214745,76.218115,37.07767341666666,53.180291666666655
Surakarta,2025-08-18 06:00:00,28.06442025,40.76815675,6,18,8,0,58.03724475,82.872533,48.81276991666667,69.66152983333332
Surakarta,2025-08-18 12:00:00,38.0321125,54.5068135,12,18,8,0,28.06442025,40.76815675,46.54104649999999,66.61960158333333
Surakarta,2025-08-18 18:00:00,49.542152,70.28850750000001,18,18,8,0,38.0321125,54.5068135,41.37792583333333,59.382501083333324
Surakarta,2025-08-19 00:00:00,64.0292225,91.14606175,0,19,8,1,49.542152,70.28850750000001,38.54622825,55.18782591666666
Surakarta,2025-08-19 06:00:00,37.3795505,53.879205000000006,6,19,8,1,64.0292225,91.14606175,50.534495666666665,71.98046091666666
Surakarta,2025-08-19 12:00:00,39.53402925,56.32335875,12,19,8,1,37.3795505,53.879205000000006,50.316975000000006,71.77125808333334
Surakarta,2025-08-19 18:00:00,36.68100125,52.1475845,18,19,8,1,39.53402925,56.32335875,46.98093408333333,67.11620849999998
Surakarta,2025-08-20 00:00:00,33.64834775,47.738012,0,20,8,2,36.68100125,52.1475845,37.86486033333333,54.11671608333332
Surakarta,2025-08-20 06:00:00,16.49627275,23.564894,6,20,8,2,33.64834775,47.738012,36.62112608333334,52.06965174999999
Surakarta,2025-08-20 12:00:00,26.937812125,38.177773625,12,20,8,2,16.49627275,23.564894,28.94187391666667,41.15016349999999
Surakarta,2025-08-20 18:00:00,45.08351,63.940178,18,20,8,2,26.937812125,38.177773625,25.69414420833333,36.49355987499999
Surakarta,2025-08-21 00:00:00,41.508770000000005,58.9319605,0,21,8,3,45.08351,63.940178,29.505864958333333,41.89428187499999
Surakarta,2025-08-21 06:00:00,11.035155,15.8119065,6,21,8,3,41.508770000000005,58.9319605,37.84336404166667,53.683304041666666
Surakarta,2025-08-21 12:00:00,27.841253,39.75247875,12,21,8,3,11.035155,15.8119065,32.542478333333335,46.22801499999999
Surakarta,2025-08-21 18:00:00,41.34453525,58.708594,18,21,8,3,27.841253,39.75247875,26.79505933333333,38.16544858333332
Surakarta,2025-08-22 00:00:00,61.87028225,87.72735800000001,0,22,8,4,41.34453525,58.708594,26.740314416666667,38.09099308333332
Surakarta,2025-08-22 06:00:00,29.371364,41.88552775,6,22,8,4,61.87028225,87.72735800000001,43.68535683333334,62.06281024999999
Surakarta,2025-08-22 12:00:00,39.962457750000006,56.7125075,12,22,8,4,29.371364,41.88552775,44.195393833333334,62.773826583333324
Surakarta,2025-08-22 18:00:00,58.71828525,83.19852999999999,18,22,8,4,39.962457750000006,56.7125075,43.734701333333334,62.10846441666666
Surakarta,2025-08-23 00:00:00,79.55466625000001,112.61840875,0,23,8,5,58.71828525,83.19852999999999,42.68403566666667,60.59885508333332
Surakarta,2025-08-23 06:00:00,41.4344185,58.7643865,6,23,8,5,79.55466625000001,112.61840875,59.41180308333333,84.17648208333333
Surakarta,2025-08-23 12:00:00,48.46853625,68.348527,12,23,8,5,41.4344185,58.7643865,59.902456666666666,84.86044174999999
Surakarta,2025-08-23 18:00:00,58.92769625,83.28186325,18,23,8,5,48.46853625,68.348527,56.48587366666666,79.91044074999999
Surakarta,2025-08-24 00:00:00,65.2359515,92.1846215,0,24,8,6,58.92769625,83.28186325,49.610217,70.13159225
Surakarta,2025-08-24 06:00:00,32.44525725,45.94318125,6,24,8,6,65.2359515,92.1846215,57.54406133333333,81.27167058333333
Surakarta,2025-08-24 12:00:00,51.41680575,72.469106,12,24,8,6,32.44525725,45.94318125,52.20296833333333,73.80322199999999
Surakarta,2025-08-24 18:00:00,62.13684825,87.7982405,18,24,8,6,51.41680575,72.469106,49.69933816666667,70.19896958333332
Surakarta,2025-08-25 00:00:00,33.027731,46.85071625,0,25,8,0,62.13684825,87.7982405,48.66630375,68.73684258333333
Surakarta,2025-08-25 06:00:00,8.704773675,12.523799,6,25,8,0,33.027731,46.85071625,48.86046166666667,69.03935424999999
Surakarta,2025-08-25 12:00:00,19.017391900000003,27.066505375,12,25,8,0,8.704773675,12.523799,34.62311764166667,49.057585249999995
Surakarta,2025-08-25 18:00:00,32.297634925,45.91993325,18,25,8,0,19.017391900000003,27.066505375,20.249965525000004,28.81367354166666
Surakarta,2025-08-26 00:00:00,22.88391,32.66717375,0,26,8,1,32.297634925,45.91993325,20.00660016666667,28.50341254166666
Surakarta,2025-08-26 06:00:00,9.874923975000002,14.332386,6,26,8,1,22.88391,32.66717375,24.73297894166667,35.21787079166666
Surakarta,2025-08-26 12:00:00,19.997770625,28.622878,12,26,8,1,9.874923975000002,14.332386,21.685489633333333,30.97316433333333
Surakarta,2025-08-26 18:00:00,29.36340575,42.4505515,18,26,8,1,19.997770625,28.622878,17.585534866666666,25.207479249999995
Surakarta,2025-08-27 00:00:00,21.429883500000003,31.80213075,0,27,8,2,29.36340575,42.4505515,19.745366783333335,28.468605166666663
Surakarta,2025-08-27 06:00:00,10.692702,17.79505975,6,27,8,2,21.429883500000003,31.80213075,23.597019958333334,34.29185341666666
Surakarta,2025-08-27 12:00:00,17.43274,27.76721425,12,27,8,2,10.692702,17.79505975,20.495330416666665,30.682580666666663
Surakarta,2025-08-27 18:00:00,15.667154875,24.8534775,18,27,8,2,17.43274,27.76721425,16.518441833333334,25.78813491666666
Surakarta,2025-08-28 00:00:00,12.99702025,20.0531075,0,28,8,3,15.667154875,24.8534775,14.597532291666667,23.471917166666657
Surakarta,2025-08-28 06:00:00,9.03168025,14.141051,6,28,8,3,12.99702025,20.0531075,15.365638375000001,24.224599749999992
Surakarta,2025-08-28 12:00:00,14.1282045,21.360961,12,28,8,3,9.03168025,14.141051,12.565285125,19.682545333333326
Surakarta,2025-08-28 18:00:00,19.5861955,28.716158250000003,18,28,8,3,14.1282045,21.360961,12.052301666666667,18.51837316666666
Surakarta,2025-08-29 00:00:00,32.783987,47.7035665,0,29,8,4,19.5861955,28.716158250000003,14.248693416666667,21.406056749999994
Surakarta,2025-08-29 06:00:00,19.600691,29.69812875,6,29,8,4,32.783987,47.7035665,22.166129,32.59356191666666
Surakarta,2025-08-29 12:00:00,24.340920500000003,35.7745195,12,29,8,4,19.600691,29.69812875,23.990291166666665,35.37261783333333
Surakarta,2025-08-29 18:00:00,22.72616925,33.007495250000005,18,29,8,4,24.340920500000003,35.7745195,25.5751995,37.725404916666655
Surakarta,2025-08-30 00:00:00,20.53843675,30.11814425,0,30,8,5,22.72616925,33.007495250000005,22.222593583333335,32.826714499999994
Surakarta,2025-08-30 06:00:00,14.510135,21.90699875,6,30,8,5,20.53843675,30.11814425,22.535175500000005,32.96671966666666
Surakarta,2025-08-30 12:00:00,25.088525,36.678955,12,30,8,5,14.510135,21.90699875,19.258247,28.344212749999997
Surakarta,2025-08-30 18:00:00,35.728192,51.101266,18,30,8,5,25.088525,36.678955,20.045698916666666,29.568032666666664
Surakarta,2025-08-31 00:00:00,40.7997045,58.44947175,0,31,8,6,35.728192,51.101266,25.10895066666667,36.562406583333335
Surakarta,2025-08-31 06:00:00,22.85816,32.940306,6,31,8,6,40.7997045,58.44947175,33.8721405,48.74323091666667
Surakarta,2025-08-31 12:00:00,35.2430335,49.43081,12,31,8,6,22.85816,32.940306,33.128685499999996,47.49701458333333
Surakarta,2025-08-31 18:00:00,66.4482235,93.2881225,18,31,8,6,35.2430335,49.43081,32.966966,46.94019591666666
