2026-05-23 07:10:15,954 - INFO - CAMS batch ingestion started
2026-05-23 07:10:17,586 - INFO - Skipping existing file: data/external/cams/cams_delhi_2024_09.nc
2026-05-23 07:10:17,590 - INFO - Skipping existing file: data/external/cams/cams_delhi_2024_10.nc
2026-05-23 07:10:17,592 - INFO - Skipping existing file: data/external/cams/cams_delhi_2024_11.nc
2026-05-23 07:10:17,596 - INFO - Skipping existing file: data/external/cams/cams_delhi_2024_12.nc
2026-05-23 07:10:17,602 - INFO - Skipping existing file: data/external/cams/cams_delhi_2025_01.nc
2026-05-23 07:10:17,605 - INFO - Skipping existing file: data/external/cams/cams_delhi_2025_02.nc
2026-05-23 07:10:17,607 - INFO - Skipping existing file: data/external/cams/cams_delhi_2025_03.nc
2026-05-23 07:10:17,610 - INFO - Skipping existing file: data/external/cams/cams_delhi_2025_04.nc
2026-05-23 07:10:17,614 - INFO - Skipping existing file: data/external/cams/cams_delhi_2025_05.nc
2026-05-23 07:10:17,620 - INFO - Skipping existing file: data/external/cams/cams_delhi_2025_06.nc
2026-05-23 07:10:17,622 - INFO - Skipping existing file: data/external/cams/cams_delhi_2025_07.nc
2026-05-23 07:10:17,624 - INFO - Skipping existing file: data/external/cams/cams_delhi_2025_08.nc
2026-05-23 07:10:17,627 - INFO - Skipping existing file: data/external/cams/cams_bangkok_2024_09.nc
2026-05-23 07:10:17,632 - INFO - Skipping existing file: data/external/cams/cams_bangkok_2024_10.nc
2026-05-23 07:10:17,636 - INFO - Skipping existing file: data/external/cams/cams_bangkok_2024_11.nc
2026-05-23 07:10:17,639 - INFO - Skipping existing file: data/external/cams/cams_bangkok_2024_12.nc
2026-05-23 07:10:17,642 - INFO - Skipping existing file: data/external/cams/cams_bangkok_2025_01.nc
2026-05-23 07:10:17,646 - INFO - Skipping existing file: data/external/cams/cams_bangkok_2025_02.nc
2026-05-23 07:10:17,652 - INFO - Skipping existing file: data/external/cams/cams_bangkok_2025_03.nc
2026-05-23 07:10:17,664 - INFO - Skipping existing file: data/external/cams/cams_bangkok_2025_04.nc
2026-05-23 07:10:17,671 - INFO - Skipping existing file: data/external/cams/cams_bangkok_2025_05.nc
2026-05-23 07:10:17,678 - INFO - Skipping existing file: data/external/cams/cams_bangkok_2025_06.nc
2026-05-23 07:10:17,686 - INFO - Skipping existing file: data/external/cams/cams_bangkok_2025_07.nc
2026-05-23 07:10:17,691 - INFO - Skipping existing file: data/external/cams/cams_bangkok_2025_08.nc
2026-05-23 07:10:17,695 - INFO - Skipping existing file: data/external/cams/cams_jakarta_2024_09.nc
2026-05-23 07:10:17,702 - INFO - Skipping existing file: data/external/cams/cams_jakarta_2024_10.nc
2026-05-23 07:10:17,706 - INFO - Skipping existing file: data/external/cams/cams_jakarta_2024_11.nc
2026-05-23 07:10:17,710 - INFO - Skipping existing file: data/external/cams/cams_jakarta_2024_12.nc
2026-05-23 07:10:17,717 - INFO - Skipping existing file: data/external/cams/cams_jakarta_2025_01.nc
2026-05-23 07:10:17,722 - INFO - Skipping existing file: data/external/cams/cams_jakarta_2025_02.nc
2026-05-23 07:10:17,728 - INFO - Skipping existing file: data/external/cams/cams_jakarta_2025_03.nc
2026-05-23 07:10:17,737 - INFO - Skipping existing file: data/external/cams/cams_jakarta_2025_04.nc
2026-05-23 07:10:17,746 - INFO - Skipping existing file: data/external/cams/cams_jakarta_2025_05.nc
2026-05-23 07:10:17,759 - INFO - Skipping existing file: data/external/cams/cams_jakarta_2025_06.nc
2026-05-23 07:10:17,772 - INFO - Skipping existing file: data/external/cams/cams_jakarta_2025_07.nc
2026-05-23 07:10:17,780 - INFO - Skipping existing file: data/external/cams/cams_jakarta_2025_08.nc
2026-05-23 07:10:17,788 - INFO - Skipping existing file: data/external/cams/cams_beijing_2024_09.nc
2026-05-23 07:10:17,794 - INFO - Skipping existing file: data/external/cams/cams_beijing_2024_10.nc
2026-05-23 07:10:17,802 - INFO - Skipping existing file: data/external/cams/cams_beijing_2024_11.nc
2026-05-23 07:10:17,809 - INFO - Skipping existing file: data/external/cams/cams_beijing_2024_12.nc
2026-05-23 07:10:17,818 - INFO - Skipping existing file: data/external/cams/cams_beijing_2025_01.nc
2026-05-23 07:10:17,824 - INFO - Skipping existing file: data/external/cams/cams_beijing_2025_02.nc
2026-05-23 07:10:17,831 - INFO - Skipping existing file: data/external/cams/cams_beijing_2025_03.nc
2026-05-23 07:10:17,839 - INFO - Skipping existing file: data/external/cams/cams_beijing_2025_04.nc
2026-05-23 07:10:17,842 - INFO - Skipping existing file: data/external/cams/cams_beijing_2025_05.nc
2026-05-23 07:10:17,848 - INFO - Skipping existing file: data/external/cams/cams_beijing_2025_06.nc
2026-05-23 07:10:17,854 - INFO - Skipping existing file: data/external/cams/cams_beijing_2025_07.nc
2026-05-23 07:10:17,858 - INFO - Skipping existing file: data/external/cams/cams_beijing_2025_08.nc
2026-05-23 07:10:17,866 - INFO - Skipping existing file: data/external/cams/cams_los_angeles_2024_09.nc
2026-05-23 07:10:17,874 - INFO - Skipping existing file: data/external/cams/cams_los_angeles_2024_10.nc
2026-05-23 07:10:17,880 - INFO - Skipping existing file: data/external/cams/cams_los_angeles_2024_11.nc
2026-05-23 07:10:17,886 - INFO - Skipping existing file: data/external/cams/cams_los_angeles_2024_12.nc
2026-05-23 07:10:17,889 - INFO - Skipping existing file: data/external/cams/cams_los_angeles_2025_01.nc
2026-05-23 07:10:17,893 - INFO - Skipping existing file: data/external/cams/cams_los_angeles_2025_02.nc
2026-05-23 07:10:17,899 - INFO - Skipping existing file: data/external/cams/cams_los_angeles_2025_03.nc
2026-05-23 07:10:17,905 - INFO - Skipping existing file: data/external/cams/cams_los_angeles_2025_04.nc
2026-05-23 07:10:17,908 - INFO - Skipping existing file: data/external/cams/cams_los_angeles_2025_05.nc
2026-05-23 07:10:17,915 - INFO - Skipping existing file: data/external/cams/cams_los_angeles_2025_06.nc
2026-05-23 07:10:17,920 - INFO - Skipping existing file: data/external/cams/cams_los_angeles_2025_07.nc
2026-05-23 07:10:17,923 - INFO - Skipping existing file: data/external/cams/cams_los_angeles_2025_08.nc
2026-05-23 07:10:17,924 - INFO - All CAMS downloads completed
2026-05-23 07:10:23,091 - INFO - CAMS parsing started
2026-05-23 07:10:23,107 - INFO - Parsing cams_bangkok_2024_09.nc
2026-05-23 07:10:23,461 - INFO - cams_bangkok_2024_09.nc parsed successfully
2026-05-23 07:10:23,462 - INFO - Parsing cams_bangkok_2024_10.nc
2026-05-23 07:10:23,538 - INFO - cams_bangkok_2024_10.nc parsed successfully
2026-05-23 07:10:23,539 - INFO - Parsing cams_bangkok_2024_11.nc
2026-05-23 07:10:23,614 - INFO - cams_bangkok_2024_11.nc parsed successfully
2026-05-23 07:10:23,615 - INFO - Parsing cams_bangkok_2024_12.nc
2026-05-23 07:10:23,690 - INFO - cams_bangkok_2024_12.nc parsed successfully
2026-05-23 07:10:23,690 - INFO - Parsing cams_bangkok_2025_01.nc
2026-05-23 07:10:23,760 - INFO - cams_bangkok_2025_01.nc parsed successfully
2026-05-23 07:10:23,761 - INFO - Parsing cams_bangkok_2025_02.nc
2026-05-23 07:10:23,825 - INFO - cams_bangkok_2025_02.nc parsed successfully
2026-05-23 07:10:23,826 - INFO - Parsing cams_bangkok_2025_03.nc
2026-05-23 07:10:23,906 - INFO - cams_bangkok_2025_03.nc parsed successfully
2026-05-23 07:10:23,907 - INFO - Parsing cams_bangkok_2025_04.nc
2026-05-23 07:10:23,987 - INFO - cams_bangkok_2025_04.nc parsed successfully
2026-05-23 07:10:23,988 - INFO - Parsing cams_bangkok_2025_05.nc
2026-05-23 07:10:24,053 - INFO - cams_bangkok_2025_05.nc parsed successfully
2026-05-23 07:10:24,054 - INFO - Parsing cams_bangkok_2025_06.nc
2026-05-23 07:10:24,119 - INFO - cams_bangkok_2025_06.nc parsed successfully
2026-05-23 07:10:24,120 - INFO - Parsing cams_bangkok_2025_07.nc
2026-05-23 07:10:24,187 - INFO - cams_bangkok_2025_07.nc parsed successfully
2026-05-23 07:10:24,188 - INFO - Parsing cams_bangkok_2025_08.nc
2026-05-23 07:10:24,250 - INFO - cams_bangkok_2025_08.nc parsed successfully
2026-05-23 07:10:24,251 - INFO - Parsing cams_beijing_2024_09.nc
2026-05-23 07:10:24,313 - INFO - cams_beijing_2024_09.nc parsed successfully
2026-05-23 07:10:24,314 - INFO - Parsing cams_beijing_2024_10.nc
2026-05-23 07:10:24,388 - INFO - cams_beijing_2024_10.nc parsed successfully
2026-05-23 07:10:24,389 - INFO - Parsing cams_beijing_2024_11.nc
2026-05-23 07:10:24,453 - INFO - cams_beijing_2024_11.nc parsed successfully
2026-05-23 07:10:24,453 - INFO - Parsing cams_beijing_2024_12.nc
2026-05-23 07:10:24,533 - INFO - cams_beijing_2024_12.nc parsed successfully
2026-05-23 07:10:24,535 - INFO - Parsing cams_beijing_2025_01.nc
2026-05-23 07:10:24,605 - INFO - cams_beijing_2025_01.nc parsed successfully
2026-05-23 07:10:24,606 - INFO - Parsing cams_beijing_2025_02.nc
2026-05-23 07:10:24,676 - INFO - cams_beijing_2025_02.nc parsed successfully
2026-05-23 07:10:24,676 - INFO - Parsing cams_beijing_2025_03.nc
2026-05-23 07:10:24,759 - INFO - cams_beijing_2025_03.nc parsed successfully
2026-05-23 07:10:24,760 - INFO - Parsing cams_beijing_2025_04.nc
2026-05-23 07:10:24,823 - INFO - cams_beijing_2025_04.nc parsed successfully
2026-05-23 07:10:24,823 - INFO - Parsing cams_beijing_2025_05.nc
2026-05-23 07:10:24,886 - INFO - cams_beijing_2025_05.nc parsed successfully
2026-05-23 07:10:24,887 - INFO - Parsing cams_beijing_2025_06.nc
2026-05-23 07:10:24,942 - INFO - cams_beijing_2025_06.nc parsed successfully
2026-05-23 07:10:24,943 - INFO - Parsing cams_beijing_2025_07.nc
2026-05-23 07:10:25,003 - INFO - cams_beijing_2025_07.nc parsed successfully
2026-05-23 07:10:25,004 - INFO - Parsing cams_beijing_2025_08.nc
2026-05-23 07:10:25,059 - INFO - cams_beijing_2025_08.nc parsed successfully
2026-05-23 07:10:25,059 - INFO - Parsing cams_delhi_2024_09.nc
2026-05-23 07:10:25,123 - INFO - cams_delhi_2024_09.nc parsed successfully
2026-05-23 07:10:25,124 - INFO - Parsing cams_delhi_2024_10.nc
2026-05-23 07:10:25,189 - INFO - cams_delhi_2024_10.nc parsed successfully
2026-05-23 07:10:25,190 - INFO - Parsing cams_delhi_2024_11.nc
2026-05-23 07:10:25,242 - INFO - cams_delhi_2024_11.nc parsed successfully
2026-05-23 07:10:25,242 - INFO - Parsing cams_delhi_2024_12.nc
2026-05-23 07:10:25,305 - INFO - cams_delhi_2024_12.nc parsed successfully
2026-05-23 07:10:25,305 - INFO - Parsing cams_delhi_2025_01.nc
2026-05-23 07:10:25,356 - INFO - cams_delhi_2025_01.nc parsed successfully
2026-05-23 07:10:25,357 - INFO - Parsing cams_delhi_2025_02.nc
2026-05-23 07:10:25,420 - INFO - cams_delhi_2025_02.nc parsed successfully
2026-05-23 07:10:25,420 - INFO - Parsing cams_delhi_2025_03.nc
2026-05-23 07:10:25,466 - INFO - cams_delhi_2025_03.nc parsed successfully
2026-05-23 07:10:25,467 - INFO - Parsing cams_delhi_2025_04.nc
2026-05-23 07:10:25,520 - INFO - cams_delhi_2025_04.nc parsed successfully
2026-05-23 07:10:25,521 - INFO - Parsing cams_delhi_2025_05.nc
2026-05-23 07:10:25,589 - INFO - cams_delhi_2025_05.nc parsed successfully
2026-05-23 07:10:25,590 - INFO - Parsing cams_delhi_2025_06.nc
2026-05-23 07:10:25,670 - INFO - cams_delhi_2025_06.nc parsed successfully
2026-05-23 07:10:25,671 - INFO - Parsing cams_delhi_2025_07.nc
2026-05-23 07:10:25,760 - INFO - cams_delhi_2025_07.nc parsed successfully
2026-05-23 07:10:25,761 - INFO - Parsing cams_delhi_2025_08.nc
2026-05-23 07:10:25,842 - INFO - cams_delhi_2025_08.nc parsed successfully
2026-05-23 07:10:25,842 - INFO - Parsing cams_jakarta_2024_09.nc
2026-05-23 07:10:25,905 - INFO - cams_jakarta_2024_09.nc parsed successfully
2026-05-23 07:10:25,906 - INFO - Parsing cams_jakarta_2024_10.nc
2026-05-23 07:10:25,960 - INFO - cams_jakarta_2024_10.nc parsed successfully
2026-05-23 07:10:25,960 - INFO - Parsing cams_jakarta_2024_11.nc
2026-05-23 07:10:26,020 - INFO - cams_jakarta_2024_11.nc parsed successfully
2026-05-23 07:10:26,020 - INFO - Parsing cams_jakarta_2024_12.nc
2026-05-23 07:10:26,072 - INFO - cams_jakarta_2024_12.nc parsed successfully
2026-05-23 07:10:26,072 - INFO - Parsing cams_jakarta_2025_01.nc
2026-05-23 07:10:26,131 - INFO - cams_jakarta_2025_01.nc parsed successfully
2026-05-23 07:10:26,131 - INFO - Parsing cams_jakarta_2025_02.nc
2026-05-23 07:10:26,187 - INFO - cams_jakarta_2025_02.nc parsed successfully
2026-05-23 07:10:26,189 - INFO - Parsing cams_jakarta_2025_03.nc
2026-05-23 07:10:26,254 - INFO - cams_jakarta_2025_03.nc parsed successfully
2026-05-23 07:10:26,255 - INFO - Parsing cams_jakarta_2025_04.nc
2026-05-23 07:10:26,309 - INFO - cams_jakarta_2025_04.nc parsed successfully
2026-05-23 07:10:26,309 - INFO - Parsing cams_jakarta_2025_05.nc
2026-05-23 07:10:26,370 - INFO - cams_jakarta_2025_05.nc parsed successfully
2026-05-23 07:10:26,371 - INFO - Parsing cams_jakarta_2025_06.nc
2026-05-23 07:10:26,423 - INFO - cams_jakarta_2025_06.nc parsed successfully
2026-05-23 07:10:26,424 - INFO - Parsing cams_jakarta_2025_07.nc
2026-05-23 07:10:26,477 - INFO - cams_jakarta_2025_07.nc parsed successfully
2026-05-23 07:10:26,478 - INFO - Parsing cams_jakarta_2025_08.nc
2026-05-23 07:10:26,528 - INFO - cams_jakarta_2025_08.nc parsed successfully
2026-05-23 07:10:26,529 - INFO - Parsing cams_los_angeles_2024_09.nc
2026-05-23 07:10:26,579 - INFO - cams_los_angeles_2024_09.nc parsed successfully
2026-05-23 07:10:26,580 - INFO - Parsing cams_los_angeles_2024_10.nc
2026-05-23 07:10:26,656 - INFO - cams_los_angeles_2024_10.nc parsed successfully
2026-05-23 07:10:26,657 - INFO - Parsing cams_los_angeles_2024_11.nc
2026-05-23 07:10:26,717 - INFO - cams_los_angeles_2024_11.nc parsed successfully
2026-05-23 07:10:26,718 - INFO - Parsing cams_los_angeles_2024_12.nc
2026-05-23 07:10:26,770 - INFO - cams_los_angeles_2024_12.nc parsed successfully
2026-05-23 07:10:26,771 - INFO - Parsing cams_los_angeles_2025_01.nc
2026-05-23 07:10:26,818 - INFO - cams_los_angeles_2025_01.nc parsed successfully
2026-05-23 07:10:26,819 - INFO - Parsing cams_los_angeles_2025_02.nc
2026-05-23 07:10:26,867 - INFO - cams_los_angeles_2025_02.nc parsed successfully
2026-05-23 07:10:26,868 - INFO - Parsing cams_los_angeles_2025_03.nc
2026-05-23 07:10:26,914 - INFO - cams_los_angeles_2025_03.nc parsed successfully
2026-05-23 07:10:26,915 - INFO - Parsing cams_los_angeles_2025_04.nc
2026-05-23 07:10:26,971 - INFO - cams_los_angeles_2025_04.nc parsed successfully
2026-05-23 07:10:26,972 - INFO - Parsing cams_los_angeles_2025_05.nc
2026-05-23 07:10:27,029 - INFO - cams_los_angeles_2025_05.nc parsed successfully
2026-05-23 07:10:27,030 - INFO - Parsing cams_los_angeles_2025_06.nc
2026-05-23 07:10:27,086 - INFO - cams_los_angeles_2025_06.nc parsed successfully
2026-05-23 07:10:27,087 - INFO - Parsing cams_los_angeles_2025_07.nc
2026-05-23 07:10:27,130 - INFO - cams_los_angeles_2025_07.nc parsed successfully
2026-05-23 07:10:27,131 - INFO - Parsing cams_los_angeles_2025_08.nc
2026-05-23 07:10:27,187 - INFO - cams_los_angeles_2025_08.nc parsed successfully
2026-05-23 07:10:27,582 - INFO - CAMS parsing completed with shape (34060, 6)
2026-05-23 07:10:27,584 - INFO - Saved parsed data to data/raw/cams_all_cities.csv
2026-05-23 07:10:31,260 - INFO - CAMS cleaning started
2026-05-23 07:10:31,261 - INFO - Loading raw CAMS data from data/raw/cams_all_cities.csv
2026-05-23 07:10:31,424 - INFO - CAMS cleaning completed with shape (7300, 4)
2026-05-23 07:10:31,424 - INFO - Cleaned data saved to data/processed/cams_clean.csv
2026-05-23 07:10:34,976 - INFO - CAMS feature engineering started
2026-05-23 07:10:34,978 - INFO - Loading cleaned CAMS data from data/processed/cams_clean.csv
2026-05-23 07:10:35,005 - INFO - Input data shape: (7300, 4)
2026-05-23 07:10:35,018 - INFO - Time-based features created
2026-05-23 07:10:35,027 - INFO - Rolling and lag features created
2026-05-23 07:10:35,035 - INFO - Missing values dropped: 5 rows removed
2026-05-23 07:10:35,177 - INFO - CAMS feature engineering completed with shape (7295, 12)
2026-05-23 07:10:35,177 - INFO - Feature dataset saved to data/processed/cams_feature_dataset.csv
2026-05-23 07:10:41,013 - INFO - Model training started
2026-05-23 07:10:41,018 - INFO - Loading feature dataset from data/processed/cams_feature_dataset.csv
2026-05-23 07:10:41,072 - INFO - Dataset loaded with shape (7295, 12)
2026-05-23 07:10:41,078 - INFO - Train shape: (5836, 9), Test shape: (1459, 9)
2026-05-23 07:10:41,079 - INFO - RandomForest model training started
2026-05-23 07:10:46,354 - INFO - Model training completed
2026-05-23 07:10:46,428 - INFO - MAE: 3.329624910829167e-08
2026-05-23 07:10:46,429 - INFO - MSE: 1.9379224622534396e-15
2026-05-23 07:10:46,430 - INFO - RMSE: 4.402184074131203e-08
2026-05-23 07:10:46,430 - INFO - R2: 0.8143926362335698
2026-05-23 07:10:47,228 - INFO - Model saved to models/trained_model.pkl
2026-05-23 07:10:51,255 - INFO - Load to PostgreSQL pipeline started
2026-05-23 07:10:51,728 - INFO - Loading feature dataset from data/processed/cams_feature_dataset.csv
2026-05-23 07:10:51,773 - INFO - Dataset loaded with shape (7295, 12)
2026-05-23 07:10:51,774 - INFO - Loading trained model from models/trained_model.pkl
2026-05-23 07:10:53,477 - INFO - Missing values dropped before inference: 0
2026-05-23 07:10:53,477 - INFO - Running PM2.5 prediction
2026-05-23 07:10:53,638 - INFO - Calculating anomaly threshold
2026-05-23 07:10:53,646 - INFO - Total anomalies detected: 296
2026-05-23 07:10:53,647 - WARNING - ALERT: 296 PM2.5 anomalies detected in CAMS batch data
2026-05-23 07:10:53,648 - INFO - Writing detailed CAMS data to PostgreSQL
2026-05-23 07:10:54,587 - INFO - Writing city summary data to PostgreSQL
2026-05-23 07:10:54,630 - INFO - CAMS final dataset inserted into PostgreSQL with shape (7295, 15)
2026-05-23 07:10:54,631 - INFO - Load to PostgreSQL pipeline completed
2026-05-23 07:50:32,741 - INFO - CAMS batch ingestion started
2026-05-23 07:50:34,280 - INFO - Skipping existing file: data/external/cams/cams_jakarta_2024_09.nc
2026-05-23 07:50:34,286 - INFO - Skipping existing file: data/external/cams/cams_jakarta_2024_10.nc
2026-05-23 07:50:34,289 - INFO - Skipping existing file: data/external/cams/cams_jakarta_2024_11.nc
2026-05-23 07:50:34,291 - INFO - Skipping existing file: data/external/cams/cams_jakarta_2024_12.nc
2026-05-23 07:50:34,296 - INFO - Skipping existing file: data/external/cams/cams_jakarta_2025_01.nc
2026-05-23 07:50:34,303 - INFO - Skipping existing file: data/external/cams/cams_jakarta_2025_02.nc
2026-05-23 07:50:34,306 - INFO - Skipping existing file: data/external/cams/cams_jakarta_2025_03.nc
2026-05-23 07:50:34,308 - INFO - Skipping existing file: data/external/cams/cams_jakarta_2025_04.nc
2026-05-23 07:50:34,311 - INFO - Skipping existing file: data/external/cams/cams_jakarta_2025_05.nc
2026-05-23 07:50:34,314 - INFO - Skipping existing file: data/external/cams/cams_jakarta_2025_06.nc
2026-05-23 07:50:34,317 - INFO - Skipping existing file: data/external/cams/cams_jakarta_2025_07.nc
2026-05-23 07:50:34,322 - INFO - Skipping existing file: data/external/cams/cams_jakarta_2025_08.nc
2026-05-23 07:50:34,324 - INFO - Downloading CAMS for Singapore 2024-09-01 -> 2024-09-30
2026-05-23 07:50:36,371 - INFO - Request ID is 48aa7056-2061-436b-acc9-b5a00fc53fc3
2026-05-23 07:50:36,658 - INFO - status has been updated to accepted
2026-05-23 07:50:58,985 - INFO - status has been updated to running
2026-05-23 07:51:10,626 - INFO - status has been updated to successful
2026-05-23 07:51:11,119 - INFO - Downloading https://object-store.os-api.cci2.ecmwf.int:443/cci2-prod-cache-3/2026-05-23/6b98e061fc6f313c4ac233c7ad639040.nc
2026-05-23 07:51:13,521 - INFO - Downloaded: data/external/cams/cams_singapore_2024_09.nc
2026-05-23 07:51:13,527 - INFO - Downloading CAMS for Singapore 2024-10-01 -> 2024-10-31
2026-05-23 07:51:14,077 - INFO - Request ID is 74a55413-e9b8-4dd8-8ec2-4e75c21168d8
2026-05-23 07:51:14,337 - INFO - status has been updated to accepted
2026-05-23 07:51:28,782 - INFO - status has been updated to running
2026-05-23 07:51:48,245 - INFO - status has been updated to successful
2026-05-23 07:51:48,876 - INFO - Downloading https://object-store.os-api.cci2.ecmwf.int:443/cci2-prod-cache-3/2026-05-23/e8d7db4e63c86bc3c1c3b3fe186477bb.nc
2026-05-23 07:51:50,595 - INFO - Downloaded: data/external/cams/cams_singapore_2024_10.nc
2026-05-23 07:51:50,600 - INFO - Downloading CAMS for Singapore 2024-11-01 -> 2024-11-30
2026-05-23 07:51:51,165 - INFO - Request ID is 4de82a21-9849-4e50-baa4-c2937d4ce442
2026-05-23 07:51:51,402 - INFO - status has been updated to accepted
2026-05-23 07:52:07,425 - INFO - status has been updated to running
2026-05-23 07:52:26,912 - INFO - status has been updated to successful
2026-05-23 07:52:27,389 - INFO - Downloading https://object-store.os-api.cci2.ecmwf.int:443/cci2-prod-cache-2/2026-05-23/d5cd11b586296233eccb319dd49c6b46.nc
2026-05-23 07:52:29,023 - INFO - Downloaded: data/external/cams/cams_singapore_2024_11.nc
2026-05-23 07:52:29,027 - INFO - Downloading CAMS for Singapore 2024-12-01 -> 2024-12-31
2026-05-23 07:52:29,660 - INFO - Request ID is 1502c20d-c78a-4263-84cb-7c493073ac51
2026-05-23 07:52:29,932 - INFO - status has been updated to accepted
2026-05-23 07:52:52,370 - INFO - status has been updated to running
2026-05-23 07:53:04,011 - INFO - status has been updated to successful
2026-05-23 07:53:04,504 - INFO - Downloading https://object-store.os-api.cci2.ecmwf.int:443/cci2-prod-cache-2/2026-05-23/6f0df12b6be58de38a4664df5cd973ce.nc
2026-05-23 07:53:06,153 - INFO - Downloaded: data/external/cams/cams_singapore_2024_12.nc
2026-05-23 07:53:06,157 - INFO - Downloading CAMS for Singapore 2025-01-01 -> 2025-01-31
2026-05-23 07:53:06,716 - INFO - Request ID is 9ffe0156-a0fe-40bd-9627-0e1b340308ed
2026-05-23 07:53:06,950 - INFO - status has been updated to accepted
2026-05-23 07:53:21,391 - INFO - status has been updated to running
2026-05-23 07:53:40,892 - INFO - status has been updated to successful
2026-05-23 07:53:41,351 - INFO - Downloading https://object-store.os-api.cci2.ecmwf.int:443/cci2-prod-cache-3/2026-05-23/58626e2d865a160b9f6c2496fa92cfb7.nc
2026-05-23 07:53:43,041 - INFO - Downloaded: data/external/cams/cams_singapore_2025_01.nc
2026-05-23 07:53:43,043 - INFO - Downloading CAMS for Singapore 2025-02-01 -> 2025-02-28
2026-05-23 07:53:43,665 - INFO - Request ID is 58ee0edf-6a59-4bdb-aa05-a0f5f0e90686
2026-05-23 07:53:43,908 - INFO - status has been updated to accepted
2026-05-23 07:54:07,018 - INFO - status has been updated to running
2026-05-23 07:54:18,670 - INFO - status has been updated to successful
2026-05-23 07:54:19,164 - INFO - Downloading https://object-store.os-api.cci2.ecmwf.int:443/cci2-prod-cache-3/2026-05-23/4effc003a892acb4823f2763a969efff.nc
2026-05-23 07:54:20,824 - INFO - Downloaded: data/external/cams/cams_singapore_2025_02.nc
2026-05-23 07:54:20,828 - INFO - Downloading CAMS for Singapore 2025-03-01 -> 2025-03-31
2026-05-23 07:54:21,420 - INFO - Request ID is 2bae6315-22a7-4745-9f90-5e34fe00715c
2026-05-23 07:54:21,687 - INFO - status has been updated to accepted
2026-05-23 07:54:37,798 - INFO - status has been updated to running
2026-05-23 07:54:45,639 - INFO - status has been updated to successful
2026-05-23 07:54:46,916 - INFO - Downloading https://object-store.os-api.cci2.ecmwf.int:443/cci2-prod-cache-3/2026-05-23/c0361f309d29fc89167a60947eda571e.nc
2026-05-23 07:54:48,592 - INFO - Downloaded: data/external/cams/cams_singapore_2025_03.nc
2026-05-23 07:54:48,595 - INFO - Downloading CAMS for Singapore 2025-04-01 -> 2025-04-30
2026-05-23 07:54:49,163 - INFO - Request ID is 72f245d9-86fc-4004-a4f4-8715faf418ab
2026-05-23 07:54:49,402 - INFO - status has been updated to accepted
2026-05-23 07:55:03,843 - INFO - status has been updated to running
2026-05-23 07:55:40,739 - INFO - status has been updated to successful
2026-05-23 07:55:41,241 - INFO - Downloading https://object-store.os-api.cci2.ecmwf.int:443/cci2-prod-cache-3/2026-05-23/fa42597c9b9b5a225790b7e22ed1e7f6.nc
2026-05-23 07:55:42,960 - INFO - Downloaded: data/external/cams/cams_singapore_2025_04.nc
2026-05-23 07:55:42,968 - INFO - Downloading CAMS for Singapore 2025-05-01 -> 2025-05-31
2026-05-23 07:55:43,566 - INFO - Request ID is 11007cd2-bb23-42a7-a24c-f2c7b066ca29
2026-05-23 07:55:43,814 - INFO - status has been updated to accepted
2026-05-23 07:55:58,269 - INFO - status has been updated to running
2026-05-23 07:56:17,958 - INFO - status has been updated to successful
2026-05-23 07:56:18,451 - INFO - Downloading https://object-store.os-api.cci2.ecmwf.int:443/cci2-prod-cache-1/2026-05-23/f3f77c32fe309ffdb63674c01903bb85.nc
2026-05-23 07:56:20,064 - INFO - Downloaded: data/external/cams/cams_singapore_2025_05.nc
2026-05-23 07:56:20,071 - INFO - Downloading CAMS for Singapore 2025-06-01 -> 2025-06-30
2026-05-23 07:56:20,671 - INFO - Request ID is 94dfb846-758a-4a1d-9dd1-941250b3d9a0
2026-05-23 07:56:20,925 - INFO - status has been updated to accepted
2026-05-23 07:56:35,487 - INFO - status has been updated to running
2026-05-23 07:56:55,055 - INFO - status has been updated to successful
2026-05-23 07:56:55,564 - INFO - Downloading https://object-store.os-api.cci2.ecmwf.int:443/cci2-prod-cache-1/2026-05-23/b1a55730f553f41ba5e90bd564e0b37a.nc
2026-05-23 07:56:57,178 - INFO - Downloaded: data/external/cams/cams_singapore_2025_06.nc
2026-05-23 07:56:57,181 - INFO - Downloading CAMS for Singapore 2025-07-01 -> 2025-07-31
2026-05-23 07:56:57,988 - INFO - Request ID is c73caf94-07f5-4ce3-badd-63fadb3a2b8b
2026-05-23 07:56:58,373 - INFO - status has been updated to accepted
2026-05-23 07:57:07,578 - INFO - status has been updated to running
2026-05-23 07:57:33,217 - INFO - status has been updated to successful
2026-05-23 07:57:36,926 - INFO - Downloading https://object-store.os-api.cci2.ecmwf.int:443/cci2-prod-cache-3/2026-05-23/5b1dd353b2bade9c7da5c7889c78d66b.nc
2026-05-23 07:57:38,654 - INFO - Downloaded: data/external/cams/cams_singapore_2025_07.nc
2026-05-23 07:57:38,656 - INFO - Downloading CAMS for Singapore 2025-08-01 -> 2025-08-31
2026-05-23 07:57:40,874 - INFO - Request ID is 1a06e495-4317-408a-bf57-b78e23179473
2026-05-23 07:57:41,450 - INFO - status has been updated to accepted
2026-05-23 07:57:56,072 - INFO - status has been updated to running
2026-05-23 07:58:15,562 - INFO - status has been updated to successful
2026-05-23 07:58:16,082 - INFO - Downloading https://object-store.os-api.cci2.ecmwf.int:443/cci2-prod-cache-3/2026-05-23/108c1fb19524b5601d139ba5ad8de835.nc
2026-05-23 07:58:17,733 - INFO - Downloaded: data/external/cams/cams_singapore_2025_08.nc
2026-05-23 07:58:17,739 - INFO - Downloading CAMS for Kuala Lumpur 2024-09-01 -> 2024-09-30
2026-05-23 07:58:19,622 - INFO - Request ID is 39881925-ca0d-4413-a008-fbeff7e7a3b4
2026-05-23 07:58:19,879 - INFO - status has been updated to accepted
2026-05-23 07:58:42,255 - INFO - status has been updated to running
2026-05-23 07:58:53,905 - INFO - status has been updated to successful
2026-05-23 07:58:55,613 - INFO - Downloading https://object-store.os-api.cci2.ecmwf.int:443/cci2-prod-cache-1/2026-05-23/5ce5d0677cab353e5bf5484a3b1ffdbf.nc
2026-05-23 07:58:57,299 - INFO - Downloaded: data/external/cams/cams_kuala_lumpur_2024_09.nc
2026-05-23 07:58:57,303 - INFO - Downloading CAMS for Kuala Lumpur 2024-10-01 -> 2024-10-31
2026-05-23 07:58:58,980 - INFO - Request ID is 1f98f4b6-a1d9-432d-ae34-b91f7266b818
2026-05-23 07:58:59,233 - INFO - status has been updated to accepted
2026-05-23 07:59:21,650 - INFO - status has been updated to running
2026-05-23 07:59:33,296 - INFO - status has been updated to successful
2026-05-23 07:59:33,800 - INFO - Downloading https://object-store.os-api.cci2.ecmwf.int:443/cci2-prod-cache-1/2026-05-23/48bbba0c9bfdfaed749a618f7a46b6f2.nc
2026-05-23 07:59:35,408 - INFO - Downloaded: data/external/cams/cams_kuala_lumpur_2024_10.nc
2026-05-23 07:59:35,413 - INFO - Downloading CAMS for Kuala Lumpur 2024-11-01 -> 2024-11-30
2026-05-23 07:59:36,010 - INFO - Request ID is 08e50974-2d49-4091-9e18-2e9cb2d7d8ac
2026-05-23 07:59:36,277 - INFO - status has been updated to accepted
2026-05-23 07:59:52,237 - INFO - status has been updated to running
2026-05-23 08:00:11,761 - INFO - status has been updated to successful
2026-05-23 08:00:12,288 - INFO - Downloading https://object-store.os-api.cci2.ecmwf.int:443/cci2-prod-cache-2/2026-05-23/bf260e37f87a0b2fab1b526a25d0c858.nc
2026-05-23 08:00:13,952 - INFO - Downloaded: data/external/cams/cams_kuala_lumpur_2024_11.nc
2026-05-23 08:00:13,957 - INFO - Downloading CAMS for Kuala Lumpur 2024-12-01 -> 2024-12-31
2026-05-23 08:00:14,991 - INFO - Request ID is ccaff667-504c-4baf-aada-a4c310a391eb
2026-05-23 08:00:15,258 - INFO - status has been updated to accepted
2026-05-23 08:00:39,890 - INFO - status has been updated to running
2026-05-23 08:00:52,222 - INFO - status has been updated to successful
2026-05-23 08:00:53,093 - INFO - Downloading https://object-store.os-api.cci2.ecmwf.int:443/cci2-prod-cache-3/2026-05-23/1eeb44fe9bfb8a37369ea565023a2398.nc
2026-05-23 08:00:54,738 - INFO - Downloaded: data/external/cams/cams_kuala_lumpur_2024_12.nc
2026-05-23 08:00:54,763 - INFO - Downloading CAMS for Kuala Lumpur 2025-01-01 -> 2025-01-31
2026-05-23 08:00:58,315 - INFO - Request ID is 9f87911b-874c-4ce2-8c1e-8d17e6923d05
2026-05-23 08:00:58,610 - INFO - status has been updated to accepted
2026-05-23 08:01:14,890 - INFO - status has been updated to running
2026-05-23 08:01:34,499 - INFO - status has been updated to successful
2026-05-23 08:01:34,994 - INFO - Downloading https://object-store.os-api.cci2.ecmwf.int:443/cci2-prod-cache-1/2026-05-23/cec8c656a830c6d8318e729228ae33a6.nc
2026-05-23 08:01:36,714 - INFO - Downloaded: data/external/cams/cams_kuala_lumpur_2025_01.nc
2026-05-23 08:01:36,718 - INFO - Downloading CAMS for Kuala Lumpur 2025-02-01 -> 2025-02-28
2026-05-23 08:01:37,399 - INFO - Request ID is d2da2ac1-46cd-49bd-b826-ed083124f6cd
2026-05-23 08:01:37,674 - INFO - status has been updated to accepted
2026-05-23 08:02:01,254 - INFO - status has been updated to running
2026-05-23 08:02:12,919 - INFO - status has been updated to successful
2026-05-23 08:02:13,487 - INFO - Downloading https://object-store.os-api.cci2.ecmwf.int:443/cci2-prod-cache-1/2026-05-23/1c8c8feffd26ba1128ddd749d1f40a95.nc
2026-05-23 08:02:15,076 - INFO - Downloaded: data/external/cams/cams_kuala_lumpur_2025_02.nc
2026-05-23 08:02:15,078 - INFO - Downloading CAMS for Kuala Lumpur 2025-03-01 -> 2025-03-31
2026-05-23 08:02:15,634 - INFO - Request ID is b4c9bbfc-ecf6-48b5-bd27-13227c880dc2
2026-05-23 08:02:15,907 - INFO - status has been updated to accepted
2026-05-23 08:02:31,094 - INFO - status has been updated to running
2026-05-23 08:02:50,655 - INFO - status has been updated to successful
2026-05-23 08:02:51,195 - INFO - Downloading https://object-store.os-api.cci2.ecmwf.int:443/cci2-prod-cache-2/2026-05-23/e14d4487bd6f1ca844eaa58fa5363abb.nc
2026-05-23 08:02:52,806 - INFO - Downloaded: data/external/cams/cams_kuala_lumpur_2025_03.nc
2026-05-23 08:02:52,808 - INFO - Downloading CAMS for Kuala Lumpur 2025-04-01 -> 2025-04-30
2026-05-23 08:02:53,392 - INFO - Request ID is 4042ecab-a4dc-4088-b182-95f11557b105
2026-05-23 08:02:53,984 - INFO - status has been updated to accepted
2026-05-23 08:03:16,350 - INFO - status has been updated to running
2026-05-23 08:03:45,329 - INFO - status has been updated to successful
2026-05-23 08:03:45,812 - INFO - Downloading https://object-store.os-api.cci2.ecmwf.int:443/cci2-prod-cache-2/2026-05-23/11214519a352ec49b9854890eb1e1b4e.nc
2026-05-23 08:03:47,480 - INFO - Downloaded: data/external/cams/cams_kuala_lumpur_2025_04.nc
2026-05-23 08:03:47,483 - INFO - Downloading CAMS for Kuala Lumpur 2025-05-01 -> 2025-05-31
2026-05-23 08:03:47,917 - INFO - CAMS batch ingestion started
2026-05-23 08:03:48,077 - INFO - Request ID is e713cf6e-9c14-4252-a40c-6280571a5afa
2026-05-23 08:03:48,329 - INFO - status has been updated to accepted
2026-05-23 08:03:49,278 - INFO - Skipping existing file: data/external/cams/cams_jakarta_2024_09.nc
2026-05-23 08:03:49,282 - INFO - Skipping existing file: data/external/cams/cams_jakarta_2024_10.nc
2026-05-23 08:03:49,284 - INFO - Skipping existing file: data/external/cams/cams_jakarta_2024_11.nc
2026-05-23 08:03:49,286 - INFO - Skipping existing file: data/external/cams/cams_jakarta_2024_12.nc
2026-05-23 08:03:49,289 - INFO - Skipping existing file: data/external/cams/cams_jakarta_2025_01.nc
2026-05-23 08:03:49,292 - INFO - Skipping existing file: data/external/cams/cams_jakarta_2025_02.nc
2026-05-23 08:03:49,295 - INFO - Skipping existing file: data/external/cams/cams_jakarta_2025_03.nc
2026-05-23 08:03:49,297 - INFO - Skipping existing file: data/external/cams/cams_jakarta_2025_04.nc
2026-05-23 08:03:49,300 - INFO - Skipping existing file: data/external/cams/cams_jakarta_2025_05.nc
2026-05-23 08:03:49,302 - INFO - Skipping existing file: data/external/cams/cams_jakarta_2025_06.nc
2026-05-23 08:03:49,304 - INFO - Skipping existing file: data/external/cams/cams_jakarta_2025_07.nc
2026-05-23 08:03:49,309 - INFO - Skipping existing file: data/external/cams/cams_jakarta_2025_08.nc
2026-05-23 08:03:49,311 - INFO - Skipping existing file: data/external/cams/cams_singapore_2024_09.nc
2026-05-23 08:03:49,313 - INFO - Skipping existing file: data/external/cams/cams_singapore_2024_10.nc
2026-05-23 08:03:49,315 - INFO - Skipping existing file: data/external/cams/cams_singapore_2024_11.nc
2026-05-23 08:03:49,316 - INFO - Skipping existing file: data/external/cams/cams_singapore_2024_12.nc
2026-05-23 08:03:49,318 - INFO - Skipping existing file: data/external/cams/cams_singapore_2025_01.nc
2026-05-23 08:03:49,319 - INFO - Skipping existing file: data/external/cams/cams_singapore_2025_02.nc
2026-05-23 08:03:49,321 - INFO - Skipping existing file: data/external/cams/cams_singapore_2025_03.nc
2026-05-23 08:03:49,325 - INFO - Skipping existing file: data/external/cams/cams_singapore_2025_04.nc
2026-05-23 08:03:49,327 - INFO - Skipping existing file: data/external/cams/cams_singapore_2025_05.nc
2026-05-23 08:03:49,329 - INFO - Skipping existing file: data/external/cams/cams_singapore_2025_06.nc
2026-05-23 08:03:49,330 - INFO - Skipping existing file: data/external/cams/cams_singapore_2025_07.nc
2026-05-23 08:03:49,332 - INFO - Skipping existing file: data/external/cams/cams_singapore_2025_08.nc
2026-05-23 08:03:49,333 - INFO - Skipping existing file: data/external/cams/cams_kuala_lumpur_2024_09.nc
2026-05-23 08:03:49,336 - INFO - Skipping existing file: data/external/cams/cams_kuala_lumpur_2024_10.nc
2026-05-23 08:03:49,337 - INFO - Skipping existing file: data/external/cams/cams_kuala_lumpur_2024_11.nc
2026-05-23 08:03:49,339 - INFO - Skipping existing file: data/external/cams/cams_kuala_lumpur_2024_12.nc
2026-05-23 08:03:49,342 - INFO - Skipping existing file: data/external/cams/cams_kuala_lumpur_2025_01.nc
2026-05-23 08:03:49,344 - INFO - Skipping existing file: data/external/cams/cams_kuala_lumpur_2025_02.nc
2026-05-23 08:03:49,346 - INFO - Skipping existing file: data/external/cams/cams_kuala_lumpur_2025_03.nc
2026-05-23 08:03:49,347 - INFO - Skipping existing file: data/external/cams/cams_kuala_lumpur_2025_04.nc
2026-05-23 08:03:49,348 - INFO - Downloading CAMS for Kuala Lumpur 2025-05-01 -> 2025-05-31
2026-05-23 08:03:50,249 - INFO - Request ID is 555551b6-a3eb-4776-aa60-104383cb3bf4
2026-05-23 08:03:50,480 - INFO - status has been updated to accepted
2026-05-23 08:04:10,647 - INFO - status has been updated to running
2026-05-23 08:04:12,866 - INFO - status has been updated to running
2026-05-23 08:04:40,046 - INFO - status has been updated to successful
2026-05-23 08:04:40,592 - INFO - Downloading https://object-store.os-api.cci2.ecmwf.int:443/cci2-prod-cache-2/2026-05-23/7ae485b04a55841919b263324b025ad0.nc
2026-05-23 08:04:42,155 - INFO - Downloaded: data/external/cams/cams_kuala_lumpur_2025_05.nc
2026-05-23 08:04:42,157 - INFO - Downloading CAMS for Kuala Lumpur 2025-06-01 -> 2025-06-30
2026-05-23 08:04:42,771 - INFO - Request ID is 2089693d-19bf-4581-8df8-f6fe3e0db6a6
2026-05-23 08:04:42,998 - INFO - status has been updated to accepted
2026-05-23 08:04:57,730 - INFO - status has been updated to running
2026-05-23 08:04:57,801 - INFO - CAMS batch ingestion started
2026-05-23 08:04:58,549 - INFO - Skipping existing file: data/external/cams/cams_jakarta_2024_09.nc
2026-05-23 08:04:58,551 - INFO - Skipping existing file: data/external/cams/cams_jakarta_2024_10.nc
2026-05-23 08:04:58,552 - INFO - Skipping existing file: data/external/cams/cams_jakarta_2024_11.nc
2026-05-23 08:04:58,554 - INFO - Skipping existing file: data/external/cams/cams_jakarta_2024_12.nc
2026-05-23 08:04:58,555 - INFO - Skipping existing file: data/external/cams/cams_jakarta_2025_01.nc
2026-05-23 08:04:58,557 - INFO - Skipping existing file: data/external/cams/cams_jakarta_2025_02.nc
2026-05-23 08:04:58,559 - INFO - Skipping existing file: data/external/cams/cams_jakarta_2025_03.nc
2026-05-23 08:04:58,563 - INFO - Skipping existing file: data/external/cams/cams_jakarta_2025_04.nc
2026-05-23 08:04:58,569 - INFO - Skipping existing file: data/external/cams/cams_jakarta_2025_05.nc
2026-05-23 08:04:58,570 - INFO - Skipping existing file: data/external/cams/cams_jakarta_2025_06.nc
2026-05-23 08:04:58,572 - INFO - Skipping existing file: data/external/cams/cams_jakarta_2025_07.nc
2026-05-23 08:04:58,575 - INFO - Skipping existing file: data/external/cams/cams_jakarta_2025_08.nc
2026-05-23 08:04:58,580 - INFO - Skipping existing file: data/external/cams/cams_singapore_2024_09.nc
2026-05-23 08:04:58,583 - INFO - Skipping existing file: data/external/cams/cams_singapore_2024_10.nc
2026-05-23 08:04:58,585 - INFO - Skipping existing file: data/external/cams/cams_singapore_2024_11.nc
2026-05-23 08:04:58,586 - INFO - Skipping existing file: data/external/cams/cams_singapore_2024_12.nc
2026-05-23 08:04:58,588 - INFO - Skipping existing file: data/external/cams/cams_singapore_2025_01.nc
2026-05-23 08:04:58,590 - INFO - Skipping existing file: data/external/cams/cams_singapore_2025_02.nc
2026-05-23 08:04:58,592 - INFO - Skipping existing file: data/external/cams/cams_singapore_2025_03.nc
2026-05-23 08:04:58,595 - INFO - Skipping existing file: data/external/cams/cams_singapore_2025_04.nc
2026-05-23 08:04:58,598 - INFO - Skipping existing file: data/external/cams/cams_singapore_2025_05.nc
2026-05-23 08:04:58,600 - INFO - Skipping existing file: data/external/cams/cams_singapore_2025_06.nc
2026-05-23 08:04:58,602 - INFO - Skipping existing file: data/external/cams/cams_singapore_2025_07.nc
2026-05-23 08:04:58,603 - INFO - Skipping existing file: data/external/cams/cams_singapore_2025_08.nc
2026-05-23 08:04:58,605 - INFO - Skipping existing file: data/external/cams/cams_kuala_lumpur_2024_09.nc
2026-05-23 08:04:58,607 - INFO - Skipping existing file: data/external/cams/cams_kuala_lumpur_2024_10.nc
2026-05-23 08:04:58,610 - INFO - Skipping existing file: data/external/cams/cams_kuala_lumpur_2024_11.nc
2026-05-23 08:04:58,613 - INFO - Skipping existing file: data/external/cams/cams_kuala_lumpur_2024_12.nc
2026-05-23 08:04:58,615 - INFO - Skipping existing file: data/external/cams/cams_kuala_lumpur_2025_01.nc
2026-05-23 08:04:58,617 - INFO - Skipping existing file: data/external/cams/cams_kuala_lumpur_2025_02.nc
2026-05-23 08:04:58,619 - INFO - Skipping existing file: data/external/cams/cams_kuala_lumpur_2025_03.nc
2026-05-23 08:04:58,621 - INFO - Skipping existing file: data/external/cams/cams_kuala_lumpur_2025_04.nc
2026-05-23 08:04:58,622 - INFO - Skipping existing file: data/external/cams/cams_kuala_lumpur_2025_05.nc
2026-05-23 08:04:58,624 - INFO - Downloading CAMS for Kuala Lumpur 2025-06-01 -> 2025-06-30
2026-05-23 08:04:59,343 - INFO - Request ID is f3a986d3-5674-48cd-a131-765d58310a76
2026-05-23 08:04:59,596 - INFO - status has been updated to accepted
2026-05-23 08:05:17,230 - INFO - status has been updated to successful
2026-05-23 08:05:17,721 - INFO - Downloading https://object-store.os-api.cci2.ecmwf.int:443/cci2-prod-cache-2/2026-05-23/664e7c06e0b462446bb21eb2bd8f414e.nc
2026-05-23 08:05:19,371 - INFO - Downloaded: data/external/cams/cams_kuala_lumpur_2025_06.nc
2026-05-23 08:05:19,372 - INFO - Downloading CAMS for Kuala Lumpur 2025-07-01 -> 2025-07-31
2026-05-23 08:05:19,979 - INFO - Request ID is 27bec874-8a01-41e3-8be3-14a9d32d12f2
2026-05-23 08:05:20,223 - INFO - status has been updated to accepted
2026-05-23 08:05:34,283 - INFO - status has been updated to successful
2026-05-23 08:05:34,810 - INFO - Downloading https://object-store.os-api.cci2.ecmwf.int:443/cci2-prod-cache-2/2026-05-23/664e7c06e0b462446bb21eb2bd8f414e.nc
2026-05-23 08:05:34,950 - INFO - status has been updated to running
2026-05-23 08:05:36,499 - INFO - Downloaded: data/external/cams/cams_kuala_lumpur_2025_06.nc
2026-05-23 08:05:36,500 - INFO - Downloading CAMS for Kuala Lumpur 2025-07-01 -> 2025-07-31
2026-05-23 08:06:41,068 - INFO - CAMS batch ingestion started
2026-05-23 08:06:41,957 - INFO - Skipping existing file: data/external/cams/cams_jakarta_2024_09.nc
2026-05-23 08:06:41,960 - INFO - Skipping existing file: data/external/cams/cams_jakarta_2024_10.nc
2026-05-23 08:06:41,962 - INFO - Skipping existing file: data/external/cams/cams_jakarta_2024_11.nc
2026-05-23 08:06:41,964 - INFO - Skipping existing file: data/external/cams/cams_jakarta_2024_12.nc
2026-05-23 08:06:41,966 - INFO - Skipping existing file: data/external/cams/cams_jakarta_2025_01.nc
2026-05-23 08:06:41,968 - INFO - Skipping existing file: data/external/cams/cams_jakarta_2025_02.nc
2026-05-23 08:06:41,969 - INFO - Skipping existing file: data/external/cams/cams_jakarta_2025_03.nc
2026-05-23 08:06:41,971 - INFO - Skipping existing file: data/external/cams/cams_jakarta_2025_04.nc
2026-05-23 08:06:41,973 - INFO - Skipping existing file: data/external/cams/cams_jakarta_2025_05.nc
2026-05-23 08:06:41,975 - INFO - Skipping existing file: data/external/cams/cams_jakarta_2025_06.nc
2026-05-23 08:06:41,977 - INFO - Skipping existing file: data/external/cams/cams_jakarta_2025_07.nc
2026-05-23 08:06:41,979 - INFO - Skipping existing file: data/external/cams/cams_jakarta_2025_08.nc
2026-05-23 08:06:41,981 - INFO - Skipping existing file: data/external/cams/cams_singapore_2024_09.nc
2026-05-23 08:06:41,983 - INFO - Skipping existing file: data/external/cams/cams_singapore_2024_10.nc
2026-05-23 08:06:41,985 - INFO - Skipping existing file: data/external/cams/cams_singapore_2024_11.nc
2026-05-23 08:06:41,986 - INFO - Skipping existing file: data/external/cams/cams_singapore_2024_12.nc
2026-05-23 08:06:41,988 - INFO - Skipping existing file: data/external/cams/cams_singapore_2025_01.nc
2026-05-23 08:06:41,991 - INFO - Skipping existing file: data/external/cams/cams_singapore_2025_02.nc
2026-05-23 08:06:41,993 - INFO - Skipping existing file: data/external/cams/cams_singapore_2025_03.nc
2026-05-23 08:06:41,996 - INFO - Skipping existing file: data/external/cams/cams_singapore_2025_04.nc
2026-05-23 08:06:41,999 - INFO - Skipping existing file: data/external/cams/cams_singapore_2025_05.nc
2026-05-23 08:06:42,001 - INFO - Skipping existing file: data/external/cams/cams_singapore_2025_06.nc
2026-05-23 08:06:42,003 - INFO - Skipping existing file: data/external/cams/cams_singapore_2025_07.nc
2026-05-23 08:06:42,005 - INFO - Skipping existing file: data/external/cams/cams_singapore_2025_08.nc
2026-05-23 08:06:42,011 - INFO - Skipping existing file: data/external/cams/cams_kuala_lumpur_2024_09.nc
2026-05-23 08:06:42,023 - INFO - Skipping existing file: data/external/cams/cams_kuala_lumpur_2024_10.nc
2026-05-23 08:06:42,036 - INFO - Skipping existing file: data/external/cams/cams_kuala_lumpur_2024_11.nc
2026-05-23 08:06:42,040 - INFO - Skipping existing file: data/external/cams/cams_kuala_lumpur_2024_12.nc
2026-05-23 08:06:42,043 - INFO - Skipping existing file: data/external/cams/cams_kuala_lumpur_2025_01.nc
2026-05-23 08:06:42,047 - INFO - Skipping existing file: data/external/cams/cams_kuala_lumpur_2025_02.nc
2026-05-23 08:06:42,050 - INFO - Skipping existing file: data/external/cams/cams_kuala_lumpur_2025_03.nc
2026-05-23 08:06:42,053 - INFO - Skipping existing file: data/external/cams/cams_kuala_lumpur_2025_04.nc
2026-05-23 08:06:42,058 - INFO - Skipping existing file: data/external/cams/cams_kuala_lumpur_2025_05.nc
2026-05-23 08:06:42,064 - INFO - Skipping existing file: data/external/cams/cams_kuala_lumpur_2025_06.nc
2026-05-23 08:06:42,066 - INFO - Downloading CAMS for Kuala Lumpur 2025-07-01 -> 2025-07-31
2026-05-23 08:06:42,675 - INFO - Request ID is 31934885-7f84-4735-b5d1-c549a8e8c16c
2026-05-23 08:06:43,062 - INFO - status has been updated to accepted
2026-05-23 08:06:57,839 - INFO - status has been updated to running
2026-05-23 08:07:05,716 - INFO - status has been updated to successful
2026-05-23 08:07:06,277 - INFO - Downloading https://object-store.os-api.cci2.ecmwf.int:443/cci2-prod-cache-1/2026-05-23/9cf5b6ee7ae2fdfd3acbac9ca425e284.nc
2026-05-23 08:07:08,028 - INFO - Downloaded: data/external/cams/cams_kuala_lumpur_2025_07.nc
2026-05-23 08:07:08,030 - INFO - Downloading CAMS for Kuala Lumpur 2025-08-01 -> 2025-08-31
2026-05-23 08:07:08,781 - INFO - Request ID is 6b686dc2-d566-4d31-9e3b-993c5294fdc9
2026-05-23 08:07:09,054 - INFO - status has been updated to accepted
2026-05-23 08:07:31,441 - INFO - status has been updated to running
2026-05-23 08:07:43,089 - INFO - status has been updated to successful
2026-05-23 08:07:43,732 - INFO - Downloading https://object-store.os-api.cci2.ecmwf.int:443/cci2-prod-cache-3/2026-05-23/261017ae1bb4f04de6b2eae5a44fe80d.nc
2026-05-23 08:07:45,319 - INFO - Downloaded: data/external/cams/cams_kuala_lumpur_2025_08.nc
2026-05-23 08:07:45,319 - INFO - All CAMS downloads completed
2026-05-23 08:07:48,904 - INFO - CAMS parsing started
2026-05-23 08:07:48,907 - INFO - Parsing cams_bangkok_2024_09.nc
2026-05-23 08:07:49,072 - INFO - cams_bangkok_2024_09.nc parsed successfully
2026-05-23 08:07:49,072 - INFO - Parsing cams_bangkok_2024_10.nc
2026-05-23 08:07:49,104 - INFO - cams_bangkok_2024_10.nc parsed successfully
2026-05-23 08:07:49,104 - INFO - Parsing cams_bangkok_2024_11.nc
2026-05-23 08:07:49,136 - INFO - cams_bangkok_2024_11.nc parsed successfully
2026-05-23 08:07:49,137 - INFO - Parsing cams_bangkok_2024_12.nc
2026-05-23 08:07:49,166 - INFO - cams_bangkok_2024_12.nc parsed successfully
2026-05-23 08:07:49,166 - INFO - Parsing cams_bangkok_2025_01.nc
2026-05-23 08:07:49,202 - INFO - cams_bangkok_2025_01.nc parsed successfully
2026-05-23 08:07:49,202 - INFO - Parsing cams_bangkok_2025_02.nc
2026-05-23 08:07:49,228 - INFO - cams_bangkok_2025_02.nc parsed successfully
2026-05-23 08:07:49,229 - INFO - Parsing cams_bangkok_2025_03.nc
2026-05-23 08:07:49,254 - INFO - cams_bangkok_2025_03.nc parsed successfully
2026-05-23 08:07:49,255 - INFO - Parsing cams_bangkok_2025_04.nc
2026-05-23 08:07:49,275 - INFO - cams_bangkok_2025_04.nc parsed successfully
2026-05-23 08:07:49,276 - INFO - Parsing cams_bangkok_2025_05.nc
2026-05-23 08:07:49,299 - INFO - cams_bangkok_2025_05.nc parsed successfully
2026-05-23 08:07:49,299 - INFO - Parsing cams_bangkok_2025_06.nc
2026-05-23 08:07:49,319 - INFO - cams_bangkok_2025_06.nc parsed successfully
2026-05-23 08:07:49,320 - INFO - Parsing cams_bangkok_2025_07.nc
2026-05-23 08:07:49,339 - INFO - cams_bangkok_2025_07.nc parsed successfully
2026-05-23 08:07:49,339 - INFO - Parsing cams_bangkok_2025_08.nc
2026-05-23 08:07:49,366 - INFO - cams_bangkok_2025_08.nc parsed successfully
2026-05-23 08:07:49,366 - INFO - Parsing cams_beijing_2024_09.nc
2026-05-23 08:07:49,388 - INFO - cams_beijing_2024_09.nc parsed successfully
2026-05-23 08:07:49,398 - INFO - Parsing cams_beijing_2024_10.nc
2026-05-23 08:07:49,432 - INFO - cams_beijing_2024_10.nc parsed successfully
2026-05-23 08:07:49,432 - INFO - Parsing cams_beijing_2024_11.nc
2026-05-23 08:07:49,451 - INFO - cams_beijing_2024_11.nc parsed successfully
2026-05-23 08:07:49,451 - INFO - Parsing cams_beijing_2024_12.nc
2026-05-23 08:07:49,471 - INFO - cams_beijing_2024_12.nc parsed successfully
2026-05-23 08:07:49,471 - INFO - Parsing cams_beijing_2025_01.nc
2026-05-23 08:07:49,494 - INFO - cams_beijing_2025_01.nc parsed successfully
2026-05-23 08:07:49,494 - INFO - Parsing cams_beijing_2025_02.nc
2026-05-23 08:07:49,518 - INFO - cams_beijing_2025_02.nc parsed successfully
2026-05-23 08:07:49,519 - INFO - Parsing cams_beijing_2025_03.nc
2026-05-23 08:07:49,547 - INFO - cams_beijing_2025_03.nc parsed successfully
2026-05-23 08:07:49,547 - INFO - Parsing cams_beijing_2025_04.nc
2026-05-23 08:07:49,581 - INFO - cams_beijing_2025_04.nc parsed successfully
2026-05-23 08:07:49,582 - INFO - Parsing cams_beijing_2025_05.nc
2026-05-23 08:07:49,603 - INFO - cams_beijing_2025_05.nc parsed successfully
2026-05-23 08:07:49,604 - INFO - Parsing cams_beijing_2025_06.nc
2026-05-23 08:07:49,623 - INFO - cams_beijing_2025_06.nc parsed successfully
2026-05-23 08:07:49,629 - INFO - Parsing cams_beijing_2025_07.nc
2026-05-23 08:07:49,665 - INFO - cams_beijing_2025_07.nc parsed successfully
2026-05-23 08:07:49,666 - INFO - Parsing cams_beijing_2025_08.nc
2026-05-23 08:07:49,684 - INFO - cams_beijing_2025_08.nc parsed successfully
2026-05-23 08:07:49,684 - INFO - Parsing cams_delhi_2024_09.nc
2026-05-23 08:07:49,703 - INFO - cams_delhi_2024_09.nc parsed successfully
2026-05-23 08:07:49,704 - INFO - Parsing cams_delhi_2024_10.nc
2026-05-23 08:07:49,722 - INFO - cams_delhi_2024_10.nc parsed successfully
2026-05-23 08:07:49,723 - INFO - Parsing cams_delhi_2024_11.nc
2026-05-23 08:07:49,742 - INFO - cams_delhi_2024_11.nc parsed successfully
2026-05-23 08:07:49,743 - INFO - Parsing cams_delhi_2024_12.nc
2026-05-23 08:07:49,765 - INFO - cams_delhi_2024_12.nc parsed successfully
2026-05-23 08:07:49,766 - INFO - Parsing cams_delhi_2025_01.nc
2026-05-23 08:07:49,785 - INFO - cams_delhi_2025_01.nc parsed successfully
2026-05-23 08:07:49,786 - INFO - Parsing cams_delhi_2025_02.nc
2026-05-23 08:07:49,807 - INFO - cams_delhi_2025_02.nc parsed successfully
2026-05-23 08:07:49,807 - INFO - Parsing cams_delhi_2025_03.nc
2026-05-23 08:07:49,829 - INFO - cams_delhi_2025_03.nc parsed successfully
2026-05-23 08:07:49,830 - INFO - Parsing cams_delhi_2025_04.nc
2026-05-23 08:07:49,853 - INFO - cams_delhi_2025_04.nc parsed successfully
2026-05-23 08:07:49,853 - INFO - Parsing cams_delhi_2025_05.nc
2026-05-23 08:07:49,881 - INFO - cams_delhi_2025_05.nc parsed successfully
2026-05-23 08:07:49,881 - INFO - Parsing cams_delhi_2025_06.nc
2026-05-23 08:07:49,907 - INFO - cams_delhi_2025_06.nc parsed successfully
2026-05-23 08:07:49,907 - INFO - Parsing cams_delhi_2025_07.nc
2026-05-23 08:07:49,932 - INFO - cams_delhi_2025_07.nc parsed successfully
2026-05-23 08:07:49,932 - INFO - Parsing cams_delhi_2025_08.nc
2026-05-23 08:07:49,951 - INFO - cams_delhi_2025_08.nc parsed successfully
2026-05-23 08:07:49,951 - INFO - Parsing cams_jakarta_2024_09.nc
2026-05-23 08:07:49,971 - INFO - cams_jakarta_2024_09.nc parsed successfully
2026-05-23 08:07:49,971 - INFO - Parsing cams_jakarta_2024_10.nc
2026-05-23 08:07:49,992 - INFO - cams_jakarta_2024_10.nc parsed successfully
2026-05-23 08:07:49,992 - INFO - Parsing cams_jakarta_2024_11.nc
2026-05-23 08:07:50,015 - INFO - cams_jakarta_2024_11.nc parsed successfully
2026-05-23 08:07:50,015 - INFO - Parsing cams_jakarta_2024_12.nc
2026-05-23 08:07:50,035 - INFO - cams_jakarta_2024_12.nc parsed successfully
2026-05-23 08:07:50,035 - INFO - Parsing cams_jakarta_2025_01.nc
2026-05-23 08:07:50,058 - INFO - cams_jakarta_2025_01.nc parsed successfully
2026-05-23 08:07:50,058 - INFO - Parsing cams_jakarta_2025_02.nc
2026-05-23 08:07:50,080 - INFO - cams_jakarta_2025_02.nc parsed successfully
2026-05-23 08:07:50,080 - INFO - Parsing cams_jakarta_2025_03.nc
2026-05-23 08:07:50,130 - INFO - cams_jakarta_2025_03.nc parsed successfully
2026-05-23 08:07:50,131 - INFO - Parsing cams_jakarta_2025_04.nc
2026-05-23 08:07:50,150 - INFO - cams_jakarta_2025_04.nc parsed successfully
2026-05-23 08:07:50,151 - INFO - Parsing cams_jakarta_2025_05.nc
2026-05-23 08:07:50,170 - INFO - cams_jakarta_2025_05.nc parsed successfully
2026-05-23 08:07:50,170 - INFO - Parsing cams_jakarta_2025_06.nc
2026-05-23 08:07:50,189 - INFO - cams_jakarta_2025_06.nc parsed successfully
2026-05-23 08:07:50,190 - INFO - Parsing cams_jakarta_2025_07.nc
2026-05-23 08:07:50,210 - INFO - cams_jakarta_2025_07.nc parsed successfully
2026-05-23 08:07:50,210 - INFO - Parsing cams_jakarta_2025_08.nc
2026-05-23 08:07:50,231 - INFO - cams_jakarta_2025_08.nc parsed successfully
2026-05-23 08:07:50,232 - INFO - Parsing cams_kuala_lumpur_2024_09.nc
2026-05-23 08:07:50,253 - INFO - cams_kuala_lumpur_2024_09.nc parsed successfully
2026-05-23 08:07:50,253 - INFO - Parsing cams_kuala_lumpur_2024_10.nc
2026-05-23 08:07:50,274 - INFO - cams_kuala_lumpur_2024_10.nc parsed successfully
2026-05-23 08:07:50,274 - INFO - Parsing cams_kuala_lumpur_2024_11.nc
2026-05-23 08:07:50,312 - INFO - cams_kuala_lumpur_2024_11.nc parsed successfully
2026-05-23 08:07:50,313 - INFO - Parsing cams_kuala_lumpur_2024_12.nc
2026-05-23 08:07:50,342 - INFO - cams_kuala_lumpur_2024_12.nc parsed successfully
2026-05-23 08:07:50,343 - INFO - Parsing cams_kuala_lumpur_2025_01.nc
2026-05-23 08:07:50,368 - INFO - cams_kuala_lumpur_2025_01.nc parsed successfully
2026-05-23 08:07:50,368 - INFO - Parsing cams_kuala_lumpur_2025_02.nc
2026-05-23 08:07:50,388 - INFO - cams_kuala_lumpur_2025_02.nc parsed successfully
2026-05-23 08:07:50,388 - INFO - Parsing cams_kuala_lumpur_2025_03.nc
2026-05-23 08:07:50,408 - INFO - cams_kuala_lumpur_2025_03.nc parsed successfully
2026-05-23 08:07:50,408 - INFO - Parsing cams_kuala_lumpur_2025_04.nc
2026-05-23 08:07:50,430 - INFO - cams_kuala_lumpur_2025_04.nc parsed successfully
2026-05-23 08:07:50,430 - INFO - Parsing cams_kuala_lumpur_2025_05.nc
2026-05-23 08:07:50,450 - INFO - cams_kuala_lumpur_2025_05.nc parsed successfully
2026-05-23 08:07:50,450 - INFO - Parsing cams_kuala_lumpur_2025_06.nc
2026-05-23 08:07:50,469 - INFO - cams_kuala_lumpur_2025_06.nc parsed successfully
2026-05-23 08:07:50,469 - INFO - Parsing cams_kuala_lumpur_2025_07.nc
2026-05-23 08:07:50,488 - INFO - cams_kuala_lumpur_2025_07.nc parsed successfully
2026-05-23 08:07:50,488 - INFO - Parsing cams_kuala_lumpur_2025_08.nc
2026-05-23 08:07:50,510 - INFO - cams_kuala_lumpur_2025_08.nc parsed successfully
2026-05-23 08:07:50,511 - INFO - Parsing cams_los_angeles_2024_09.nc
2026-05-23 08:07:50,537 - INFO - cams_los_angeles_2024_09.nc parsed successfully
2026-05-23 08:07:50,537 - INFO - Parsing cams_los_angeles_2024_10.nc
2026-05-23 08:07:50,556 - INFO - cams_los_angeles_2024_10.nc parsed successfully
2026-05-23 08:07:50,556 - INFO - Parsing cams_los_angeles_2024_11.nc
2026-05-23 08:07:50,596 - INFO - cams_los_angeles_2024_11.nc parsed successfully
2026-05-23 08:07:50,597 - INFO - Parsing cams_los_angeles_2024_12.nc
2026-05-23 08:07:50,615 - INFO - cams_los_angeles_2024_12.nc parsed successfully
2026-05-23 08:07:50,616 - INFO - Parsing cams_los_angeles_2025_01.nc
2026-05-23 08:07:50,635 - INFO - cams_los_angeles_2025_01.nc parsed successfully
2026-05-23 08:07:50,635 - INFO - Parsing cams_los_angeles_2025_02.nc
2026-05-23 08:07:50,660 - INFO - cams_los_angeles_2025_02.nc parsed successfully
2026-05-23 08:07:50,660 - INFO - Parsing cams_los_angeles_2025_03.nc
2026-05-23 08:07:50,682 - INFO - cams_los_angeles_2025_03.nc parsed successfully
2026-05-23 08:07:50,683 - INFO - Parsing cams_los_angeles_2025_04.nc
2026-05-23 08:07:50,703 - INFO - cams_los_angeles_2025_04.nc parsed successfully
2026-05-23 08:07:50,703 - INFO - Parsing cams_los_angeles_2025_05.nc
2026-05-23 08:07:50,722 - INFO - cams_los_angeles_2025_05.nc parsed successfully
2026-05-23 08:07:50,723 - INFO - Parsing cams_los_angeles_2025_06.nc
2026-05-23 08:07:50,744 - INFO - cams_los_angeles_2025_06.nc parsed successfully
2026-05-23 08:07:50,744 - INFO - Parsing cams_los_angeles_2025_07.nc
2026-05-23 08:07:50,769 - INFO - cams_los_angeles_2025_07.nc parsed successfully
2026-05-23 08:07:50,769 - INFO - Parsing cams_los_angeles_2025_08.nc
2026-05-23 08:07:50,790 - INFO - cams_los_angeles_2025_08.nc parsed successfully
2026-05-23 08:07:50,790 - INFO - Parsing cams_singapore_2024_09.nc
2026-05-23 08:07:50,846 - INFO - cams_singapore_2024_09.nc parsed successfully
2026-05-23 08:07:50,847 - INFO - Parsing cams_singapore_2024_10.nc
2026-05-23 08:07:50,868 - INFO - cams_singapore_2024_10.nc parsed successfully
2026-05-23 08:07:50,868 - INFO - Parsing cams_singapore_2024_11.nc
2026-05-23 08:07:50,888 - INFO - cams_singapore_2024_11.nc parsed successfully
2026-05-23 08:07:50,888 - INFO - Parsing cams_singapore_2024_12.nc
2026-05-23 08:07:50,910 - INFO - cams_singapore_2024_12.nc parsed successfully
2026-05-23 08:07:50,910 - INFO - Parsing cams_singapore_2025_01.nc
2026-05-23 08:07:50,935 - INFO - cams_singapore_2025_01.nc parsed successfully
2026-05-23 08:07:50,936 - INFO - Parsing cams_singapore_2025_02.nc
2026-05-23 08:07:50,961 - INFO - cams_singapore_2025_02.nc parsed successfully
2026-05-23 08:07:50,962 - INFO - Parsing cams_singapore_2025_03.nc
2026-05-23 08:07:50,987 - INFO - cams_singapore_2025_03.nc parsed successfully
2026-05-23 08:07:50,987 - INFO - Parsing cams_singapore_2025_04.nc
2026-05-23 08:07:51,009 - INFO - cams_singapore_2025_04.nc parsed successfully
2026-05-23 08:07:51,010 - INFO - Parsing cams_singapore_2025_05.nc
2026-05-23 08:07:51,032 - INFO - cams_singapore_2025_05.nc parsed successfully
2026-05-23 08:07:51,032 - INFO - Parsing cams_singapore_2025_06.nc
2026-05-23 08:07:51,081 - INFO - cams_singapore_2025_06.nc parsed successfully
2026-05-23 08:07:51,082 - INFO - Parsing cams_singapore_2025_07.nc
2026-05-23 08:07:51,116 - INFO - cams_singapore_2025_07.nc parsed successfully
2026-05-23 08:07:51,116 - INFO - Parsing cams_singapore_2025_08.nc
2026-05-23 08:07:51,139 - INFO - cams_singapore_2025_08.nc parsed successfully
2026-05-23 08:07:51,366 - INFO - CAMS parsing completed with shape (45740, 6)
2026-05-23 08:07:51,366 - INFO - Saved parsed data to data/raw/cams_all_cities.csv
2026-05-23 08:07:54,080 - INFO - CAMS cleaning started
2026-05-23 08:07:54,081 - INFO - Loading raw CAMS data from data/raw/cams_all_cities.csv
2026-05-23 08:07:54,294 - INFO - CAMS cleaning completed with shape (10220, 4)
2026-05-23 08:07:54,294 - INFO - Cleaned data saved to data/processed/cams_clean.csv
2026-05-23 08:07:56,976 - INFO - CAMS feature engineering started
2026-05-23 08:07:56,985 - INFO - Loading cleaned CAMS data from data/processed/cams_clean.csv
2026-05-23 08:07:57,012 - INFO - Input data shape: (10220, 4)
2026-05-23 08:07:57,024 - INFO - Time-based features created
2026-05-23 08:07:57,042 - INFO - Rolling and lag features created
2026-05-23 08:07:57,050 - INFO - Missing values dropped: 7 rows removed
2026-05-23 08:07:57,255 - INFO - CAMS feature engineering completed with shape (10213, 12)
2026-05-23 08:07:57,256 - INFO - Feature dataset saved to data/processed/cams_feature_dataset.csv
2026-05-23 08:08:00,847 - INFO - Model training started
2026-05-23 08:08:00,852 - INFO - Loading feature dataset from data/processed/cams_feature_dataset.csv
2026-05-23 08:08:00,905 - INFO - Dataset loaded with shape (10213, 12)
2026-05-23 08:08:00,911 - INFO - Train shape: (8170, 9), Test shape: (2043, 9)
2026-05-23 08:08:00,914 - INFO - RandomForest model training started
2026-05-23 08:08:05,866 - INFO - Model training completed
2026-05-23 08:08:05,921 - INFO - MAE: 2.8327610660133786e-08
2026-05-23 08:08:05,922 - INFO - MSE: 1.4817206817997244e-15
2026-05-23 08:08:05,922 - INFO - RMSE: 3.8493125123841586e-08
2026-05-23 08:08:05,922 - INFO - R2: 0.8242290556132357
2026-05-23 08:08:06,279 - INFO - Model saved to models/trained_model.pkl
2026-05-23 08:08:08,839 - INFO - Load to PostgreSQL pipeline started
2026-05-23 08:08:09,196 - INFO - Loading feature dataset from data/processed/cams_feature_dataset.csv
2026-05-23 08:08:09,230 - INFO - Dataset loaded with shape (10213, 12)
2026-05-23 08:08:09,231 - INFO - Loading trained model from models/trained_model.pkl
2026-05-23 08:08:10,119 - INFO - Missing values dropped before inference: 0
2026-05-23 08:08:10,119 - INFO - Running PM2.5 prediction
2026-05-23 08:08:10,290 - INFO - Calculating anomaly threshold
2026-05-23 08:08:10,295 - INFO - Total anomalies detected: 394
2026-05-23 08:08:10,298 - WARNING - ALERT: 394 PM2.5 anomalies detected in CAMS batch data
2026-05-23 08:08:10,303 - INFO - Writing detailed CAMS data to PostgreSQL
2026-05-23 08:08:11,208 - INFO - Writing city summary data to PostgreSQL
2026-05-23 08:08:11,251 - INFO - CAMS final dataset inserted into PostgreSQL with shape (10213, 15)
2026-05-23 08:08:11,251 - INFO - Load to PostgreSQL pipeline completed
2026-05-23 08:09:00,356 - INFO - Load to PostgreSQL pipeline started
2026-05-23 08:09:00,546 - INFO - Loading feature dataset from data/processed/cams_feature_dataset.csv
2026-05-23 08:09:00,578 - INFO - Dataset loaded with shape (10213, 12)
2026-05-23 08:09:00,579 - INFO - Loading trained model from models/trained_model.pkl
2026-05-23 08:09:01,502 - INFO - Missing values dropped before inference: 0
2026-05-23 08:09:01,502 - INFO - Running PM2.5 prediction
2026-05-23 08:09:01,663 - INFO - Calculating anomaly threshold
2026-05-23 08:09:01,668 - INFO - Total anomalies detected: 394
2026-05-23 08:09:01,669 - WARNING - ALERT: 394 PM2.5 anomalies detected in CAMS batch data
2026-05-23 08:09:01,669 - INFO - Writing detailed CAMS data to PostgreSQL
2026-05-23 08:09:02,400 - INFO - Writing city summary data to PostgreSQL
2026-05-23 08:09:02,424 - INFO - CAMS final dataset inserted into PostgreSQL with shape (10213, 15)
2026-05-23 08:09:02,424 - INFO - Load to PostgreSQL pipeline completed
2026-05-23 08:27:37,652 - INFO - CAMS batch ingestion started
2026-05-23 08:27:39,233 - INFO - Skipping existing file: data/external/cams/cams_jakarta_2024_09.nc
2026-05-23 08:27:39,236 - INFO - Skipping existing file: data/external/cams/cams_jakarta_2024_10.nc
2026-05-23 08:27:39,240 - INFO - Skipping existing file: data/external/cams/cams_jakarta_2024_11.nc
2026-05-23 08:27:39,245 - INFO - Skipping existing file: data/external/cams/cams_jakarta_2024_12.nc
2026-05-23 08:27:39,248 - INFO - Skipping existing file: data/external/cams/cams_jakarta_2025_01.nc
2026-05-23 08:27:39,251 - INFO - Skipping existing file: data/external/cams/cams_jakarta_2025_02.nc
2026-05-23 08:27:39,254 - INFO - Skipping existing file: data/external/cams/cams_jakarta_2025_03.nc
2026-05-23 08:27:39,258 - INFO - Skipping existing file: data/external/cams/cams_jakarta_2025_04.nc
2026-05-23 08:27:39,262 - INFO - Skipping existing file: data/external/cams/cams_jakarta_2025_05.nc
2026-05-23 08:27:39,264 - INFO - Skipping existing file: data/external/cams/cams_jakarta_2025_06.nc
2026-05-23 08:27:39,266 - INFO - Skipping existing file: data/external/cams/cams_jakarta_2025_07.nc
2026-05-23 08:27:39,269 - INFO - Skipping existing file: data/external/cams/cams_jakarta_2025_08.nc
2026-05-23 08:27:39,273 - INFO - Skipping existing file: data/external/cams/cams_singapore_2024_09.nc
2026-05-23 08:27:39,277 - INFO - Skipping existing file: data/external/cams/cams_singapore_2024_10.nc
2026-05-23 08:27:39,280 - INFO - Skipping existing file: data/external/cams/cams_singapore_2024_11.nc
2026-05-23 08:27:39,283 - INFO - Skipping existing file: data/external/cams/cams_singapore_2024_12.nc
2026-05-23 08:27:39,285 - INFO - Skipping existing file: data/external/cams/cams_singapore_2025_01.nc
2026-05-23 08:27:39,288 - INFO - Skipping existing file: data/external/cams/cams_singapore_2025_02.nc
2026-05-23 08:27:39,292 - INFO - Skipping existing file: data/external/cams/cams_singapore_2025_03.nc
2026-05-23 08:27:39,295 - INFO - Skipping existing file: data/external/cams/cams_singapore_2025_04.nc
2026-05-23 08:27:39,297 - INFO - Skipping existing file: data/external/cams/cams_singapore_2025_05.nc
2026-05-23 08:27:39,299 - INFO - Skipping existing file: data/external/cams/cams_singapore_2025_06.nc
2026-05-23 08:27:39,301 - INFO - Skipping existing file: data/external/cams/cams_singapore_2025_07.nc
2026-05-23 08:27:39,304 - INFO - Skipping existing file: data/external/cams/cams_singapore_2025_08.nc
2026-05-23 08:27:39,307 - INFO - Skipping existing file: data/external/cams/cams_kuala_lumpur_2024_09.nc
2026-05-23 08:27:39,310 - INFO - Skipping existing file: data/external/cams/cams_kuala_lumpur_2024_10.nc
2026-05-23 08:27:39,312 - INFO - Skipping existing file: data/external/cams/cams_kuala_lumpur_2024_11.nc
2026-05-23 08:27:39,314 - INFO - Skipping existing file: data/external/cams/cams_kuala_lumpur_2024_12.nc
2026-05-23 08:27:39,316 - INFO - Skipping existing file: data/external/cams/cams_kuala_lumpur_2025_01.nc
2026-05-23 08:27:39,318 - INFO - Skipping existing file: data/external/cams/cams_kuala_lumpur_2025_02.nc
2026-05-23 08:27:39,321 - INFO - Skipping existing file: data/external/cams/cams_kuala_lumpur_2025_03.nc
2026-05-23 08:27:39,324 - INFO - Skipping existing file: data/external/cams/cams_kuala_lumpur_2025_04.nc
2026-05-23 08:27:39,328 - INFO - Skipping existing file: data/external/cams/cams_kuala_lumpur_2025_05.nc
2026-05-23 08:27:39,331 - INFO - Skipping existing file: data/external/cams/cams_kuala_lumpur_2025_06.nc
2026-05-23 08:27:39,334 - INFO - Skipping existing file: data/external/cams/cams_kuala_lumpur_2025_07.nc
2026-05-23 08:27:39,336 - INFO - Skipping existing file: data/external/cams/cams_kuala_lumpur_2025_08.nc
2026-05-23 08:27:39,336 - INFO - All CAMS downloads completed
2026-05-23 08:27:42,731 - INFO - CAMS parsing started
2026-05-23 08:27:42,734 - INFO - Parsing cams_bangkok_2024_09.nc
2026-05-23 08:27:42,936 - INFO - cams_bangkok_2024_09.nc parsed successfully
2026-05-23 08:27:42,936 - INFO - Parsing cams_bangkok_2024_10.nc
2026-05-23 08:27:42,962 - INFO - cams_bangkok_2024_10.nc parsed successfully
2026-05-23 08:27:42,962 - INFO - Parsing cams_bangkok_2024_11.nc
2026-05-23 08:27:42,986 - INFO - cams_bangkok_2024_11.nc parsed successfully
2026-05-23 08:27:42,986 - INFO - Parsing cams_bangkok_2024_12.nc
2026-05-23 08:27:43,016 - INFO - cams_bangkok_2024_12.nc parsed successfully
2026-05-23 08:27:43,016 - INFO - Parsing cams_bangkok_2025_01.nc
2026-05-23 08:27:43,050 - INFO - cams_bangkok_2025_01.nc parsed successfully
2026-05-23 08:27:43,050 - INFO - Parsing cams_bangkok_2025_02.nc
2026-05-23 08:27:43,091 - INFO - cams_bangkok_2025_02.nc parsed successfully
2026-05-23 08:27:43,092 - INFO - Parsing cams_bangkok_2025_03.nc
2026-05-23 08:27:43,113 - INFO - cams_bangkok_2025_03.nc parsed successfully
2026-05-23 08:27:43,114 - INFO - Parsing cams_bangkok_2025_04.nc
2026-05-23 08:27:43,146 - INFO - cams_bangkok_2025_04.nc parsed successfully
2026-05-23 08:27:43,148 - INFO - Parsing cams_bangkok_2025_05.nc
2026-05-23 08:27:43,183 - INFO - cams_bangkok_2025_05.nc parsed successfully
2026-05-23 08:27:43,184 - INFO - Parsing cams_bangkok_2025_06.nc
2026-05-23 08:27:43,213 - INFO - cams_bangkok_2025_06.nc parsed successfully
2026-05-23 08:27:43,213 - INFO - Parsing cams_bangkok_2025_07.nc
2026-05-23 08:27:43,242 - INFO - cams_bangkok_2025_07.nc parsed successfully
2026-05-23 08:27:43,243 - INFO - Parsing cams_bangkok_2025_08.nc
2026-05-23 08:27:43,272 - INFO - cams_bangkok_2025_08.nc parsed successfully
2026-05-23 08:27:43,272 - INFO - Parsing cams_beijing_2024_09.nc
2026-05-23 08:27:43,301 - INFO - cams_beijing_2024_09.nc parsed successfully
2026-05-23 08:27:43,301 - INFO - Parsing cams_beijing_2024_10.nc
2026-05-23 08:27:43,328 - INFO - cams_beijing_2024_10.nc parsed successfully
2026-05-23 08:27:43,328 - INFO - Parsing cams_beijing_2024_11.nc
2026-05-23 08:27:43,356 - INFO - cams_beijing_2024_11.nc parsed successfully
2026-05-23 08:27:43,357 - INFO - Parsing cams_beijing_2024_12.nc
2026-05-23 08:27:43,382 - INFO - cams_beijing_2024_12.nc parsed successfully
2026-05-23 08:27:43,382 - INFO - Parsing cams_beijing_2025_01.nc
2026-05-23 08:27:43,409 - INFO - cams_beijing_2025_01.nc parsed successfully
2026-05-23 08:27:43,410 - INFO - Parsing cams_beijing_2025_02.nc
2026-05-23 08:27:43,431 - INFO - cams_beijing_2025_02.nc parsed successfully
2026-05-23 08:27:43,432 - INFO - Parsing cams_beijing_2025_03.nc
2026-05-23 08:27:43,454 - INFO - cams_beijing_2025_03.nc parsed successfully
2026-05-23 08:27:43,455 - INFO - Parsing cams_beijing_2025_04.nc
2026-05-23 08:27:43,478 - INFO - cams_beijing_2025_04.nc parsed successfully
2026-05-23 08:27:43,478 - INFO - Parsing cams_beijing_2025_05.nc
2026-05-23 08:27:43,499 - INFO - cams_beijing_2025_05.nc parsed successfully
2026-05-23 08:27:43,500 - INFO - Parsing cams_beijing_2025_06.nc
2026-05-23 08:27:43,527 - INFO - cams_beijing_2025_06.nc parsed successfully
2026-05-23 08:27:43,529 - INFO - Parsing cams_beijing_2025_07.nc
2026-05-23 08:27:43,567 - INFO - cams_beijing_2025_07.nc parsed successfully
2026-05-23 08:27:43,567 - INFO - Parsing cams_beijing_2025_08.nc
2026-05-23 08:27:43,597 - INFO - cams_beijing_2025_08.nc parsed successfully
2026-05-23 08:27:43,598 - INFO - Parsing cams_delhi_2024_09.nc
2026-05-23 08:27:43,623 - INFO - cams_delhi_2024_09.nc parsed successfully
2026-05-23 08:27:43,624 - INFO - Parsing cams_delhi_2024_10.nc
2026-05-23 08:27:43,654 - INFO - cams_delhi_2024_10.nc parsed successfully
2026-05-23 08:27:43,656 - INFO - Parsing cams_delhi_2024_11.nc
2026-05-23 08:27:43,694 - INFO - cams_delhi_2024_11.nc parsed successfully
2026-05-23 08:27:43,694 - INFO - Parsing cams_delhi_2024_12.nc
2026-05-23 08:27:43,719 - INFO - cams_delhi_2024_12.nc parsed successfully
2026-05-23 08:27:43,719 - INFO - Parsing cams_delhi_2025_01.nc
2026-05-23 08:27:43,746 - INFO - cams_delhi_2025_01.nc parsed successfully
2026-05-23 08:27:43,746 - INFO - Parsing cams_delhi_2025_02.nc
2026-05-23 08:27:43,775 - INFO - cams_delhi_2025_02.nc parsed successfully
2026-05-23 08:27:43,775 - INFO - Parsing cams_delhi_2025_03.nc
2026-05-23 08:27:43,798 - INFO - cams_delhi_2025_03.nc parsed successfully
2026-05-23 08:27:43,799 - INFO - Parsing cams_delhi_2025_04.nc
2026-05-23 08:27:43,823 - INFO - cams_delhi_2025_04.nc parsed successfully
2026-05-23 08:27:43,824 - INFO - Parsing cams_delhi_2025_05.nc
2026-05-23 08:27:43,848 - INFO - cams_delhi_2025_05.nc parsed successfully
2026-05-23 08:27:43,849 - INFO - Parsing cams_delhi_2025_06.nc
2026-05-23 08:27:43,879 - INFO - cams_delhi_2025_06.nc parsed successfully
2026-05-23 08:27:43,880 - INFO - Parsing cams_delhi_2025_07.nc
2026-05-23 08:27:43,907 - INFO - cams_delhi_2025_07.nc parsed successfully
2026-05-23 08:27:43,907 - INFO - Parsing cams_delhi_2025_08.nc
2026-05-23 08:27:43,929 - INFO - cams_delhi_2025_08.nc parsed successfully
2026-05-23 08:27:43,929 - INFO - Parsing cams_jakarta_2024_09.nc
2026-05-23 08:27:43,951 - INFO - cams_jakarta_2024_09.nc parsed successfully
2026-05-23 08:27:43,951 - INFO - Parsing cams_jakarta_2024_10.nc
2026-05-23 08:27:43,977 - INFO - cams_jakarta_2024_10.nc parsed successfully
2026-05-23 08:27:43,977 - INFO - Parsing cams_jakarta_2024_11.nc
2026-05-23 08:27:44,017 - INFO - cams_jakarta_2024_11.nc parsed successfully
2026-05-23 08:27:44,017 - INFO - Parsing cams_jakarta_2024_12.nc
2026-05-23 08:27:44,043 - INFO - cams_jakarta_2024_12.nc parsed successfully
2026-05-23 08:27:44,043 - INFO - Parsing cams_jakarta_2025_01.nc
2026-05-23 08:27:44,067 - INFO - cams_jakarta_2025_01.nc parsed successfully
2026-05-23 08:27:44,067 - INFO - Parsing cams_jakarta_2025_02.nc
2026-05-23 08:27:44,093 - INFO - cams_jakarta_2025_02.nc parsed successfully
2026-05-23 08:27:44,093 - INFO - Parsing cams_jakarta_2025_03.nc
2026-05-23 08:27:44,115 - INFO - cams_jakarta_2025_03.nc parsed successfully
2026-05-23 08:27:44,116 - INFO - Parsing cams_jakarta_2025_04.nc
2026-05-23 08:27:44,138 - INFO - cams_jakarta_2025_04.nc parsed successfully
2026-05-23 08:27:44,139 - INFO - Parsing cams_jakarta_2025_05.nc
2026-05-23 08:27:44,164 - INFO - cams_jakarta_2025_05.nc parsed successfully
2026-05-23 08:27:44,164 - INFO - Parsing cams_jakarta_2025_06.nc
2026-05-23 08:27:44,186 - INFO - cams_jakarta_2025_06.nc parsed successfully
2026-05-23 08:27:44,187 - INFO - Parsing cams_jakarta_2025_07.nc
2026-05-23 08:27:44,209 - INFO - cams_jakarta_2025_07.nc parsed successfully
2026-05-23 08:27:44,210 - INFO - Parsing cams_jakarta_2025_08.nc
2026-05-23 08:27:44,242 - INFO - cams_jakarta_2025_08.nc parsed successfully
2026-05-23 08:27:44,244 - INFO - Parsing cams_kuala_lumpur_2024_09.nc
2026-05-23 08:27:44,276 - INFO - cams_kuala_lumpur_2024_09.nc parsed successfully
2026-05-23 08:27:44,277 - INFO - Parsing cams_kuala_lumpur_2024_10.nc
2026-05-23 08:27:44,303 - INFO - cams_kuala_lumpur_2024_10.nc parsed successfully
2026-05-23 08:27:44,303 - INFO - Parsing cams_kuala_lumpur_2024_11.nc
2026-05-23 08:27:44,327 - INFO - cams_kuala_lumpur_2024_11.nc parsed successfully
2026-05-23 08:27:44,327 - INFO - Parsing cams_kuala_lumpur_2024_12.nc
2026-05-23 08:27:44,348 - INFO - cams_kuala_lumpur_2024_12.nc parsed successfully
2026-05-23 08:27:44,349 - INFO - Parsing cams_kuala_lumpur_2025_01.nc
2026-05-23 08:27:44,391 - INFO - cams_kuala_lumpur_2025_01.nc parsed successfully
2026-05-23 08:27:44,392 - INFO - Parsing cams_kuala_lumpur_2025_02.nc
2026-05-23 08:27:44,413 - INFO - cams_kuala_lumpur_2025_02.nc parsed successfully
2026-05-23 08:27:44,413 - INFO - Parsing cams_kuala_lumpur_2025_03.nc
2026-05-23 08:27:44,434 - INFO - cams_kuala_lumpur_2025_03.nc parsed successfully
2026-05-23 08:27:44,434 - INFO - Parsing cams_kuala_lumpur_2025_04.nc
2026-05-23 08:27:44,459 - INFO - cams_kuala_lumpur_2025_04.nc parsed successfully
2026-05-23 08:27:44,459 - INFO - Parsing cams_kuala_lumpur_2025_05.nc
2026-05-23 08:27:44,489 - INFO - cams_kuala_lumpur_2025_05.nc parsed successfully
2026-05-23 08:27:44,490 - INFO - Parsing cams_kuala_lumpur_2025_06.nc
2026-05-23 08:27:44,515 - INFO - cams_kuala_lumpur_2025_06.nc parsed successfully
2026-05-23 08:27:44,516 - INFO - Parsing cams_kuala_lumpur_2025_07.nc
2026-05-23 08:27:44,542 - INFO - cams_kuala_lumpur_2025_07.nc parsed successfully
2026-05-23 08:27:44,542 - INFO - Parsing cams_kuala_lumpur_2025_08.nc
2026-05-23 08:27:44,564 - INFO - cams_kuala_lumpur_2025_08.nc parsed successfully
2026-05-23 08:27:44,564 - INFO - Parsing cams_los_angeles_2024_09.nc
2026-05-23 08:27:44,588 - INFO - cams_los_angeles_2024_09.nc parsed successfully
2026-05-23 08:27:44,589 - INFO - Parsing cams_los_angeles_2024_10.nc
2026-05-23 08:27:44,611 - INFO - cams_los_angeles_2024_10.nc parsed successfully
2026-05-23 08:27:44,611 - INFO - Parsing cams_los_angeles_2024_11.nc
2026-05-23 08:27:44,634 - INFO - cams_los_angeles_2024_11.nc parsed successfully
2026-05-23 08:27:44,634 - INFO - Parsing cams_los_angeles_2024_12.nc
2026-05-23 08:27:44,658 - INFO - cams_los_angeles_2024_12.nc parsed successfully
2026-05-23 08:27:44,658 - INFO - Parsing cams_los_angeles_2025_01.nc
2026-05-23 08:27:44,678 - INFO - cams_los_angeles_2025_01.nc parsed successfully
2026-05-23 08:27:44,678 - INFO - Parsing cams_los_angeles_2025_02.nc
2026-05-23 08:27:44,731 - INFO - cams_los_angeles_2025_02.nc parsed successfully
2026-05-23 08:27:44,731 - INFO - Parsing cams_los_angeles_2025_03.nc
2026-05-23 08:27:44,760 - INFO - cams_los_angeles_2025_03.nc parsed successfully
2026-05-23 08:27:44,760 - INFO - Parsing cams_los_angeles_2025_04.nc
2026-05-23 08:27:44,797 - INFO - cams_los_angeles_2025_04.nc parsed successfully
2026-05-23 08:27:44,797 - INFO - Parsing cams_los_angeles_2025_05.nc
2026-05-23 08:27:44,825 - INFO - cams_los_angeles_2025_05.nc parsed successfully
2026-05-23 08:27:44,825 - INFO - Parsing cams_los_angeles_2025_06.nc
2026-05-23 08:27:44,847 - INFO - cams_los_angeles_2025_06.nc parsed successfully
2026-05-23 08:27:44,848 - INFO - Parsing cams_los_angeles_2025_07.nc
2026-05-23 08:27:44,872 - INFO - cams_los_angeles_2025_07.nc parsed successfully
2026-05-23 08:27:44,873 - INFO - Parsing cams_los_angeles_2025_08.nc
2026-05-23 08:27:44,896 - INFO - cams_los_angeles_2025_08.nc parsed successfully
2026-05-23 08:27:44,896 - INFO - Parsing cams_singapore_2024_09.nc
2026-05-23 08:27:44,920 - INFO - cams_singapore_2024_09.nc parsed successfully
2026-05-23 08:27:44,920 - INFO - Parsing cams_singapore_2024_10.nc
2026-05-23 08:27:44,961 - INFO - cams_singapore_2024_10.nc parsed successfully
2026-05-23 08:27:44,961 - INFO - Parsing cams_singapore_2024_11.nc
2026-05-23 08:27:44,981 - INFO - cams_singapore_2024_11.nc parsed successfully
2026-05-23 08:27:44,982 - INFO - Parsing cams_singapore_2024_12.nc
2026-05-23 08:27:45,013 - INFO - cams_singapore_2024_12.nc parsed successfully
2026-05-23 08:27:45,014 - INFO - Parsing cams_singapore_2025_01.nc
2026-05-23 08:27:45,042 - INFO - cams_singapore_2025_01.nc parsed successfully
2026-05-23 08:27:45,042 - INFO - Parsing cams_singapore_2025_02.nc
2026-05-23 08:27:45,069 - INFO - cams_singapore_2025_02.nc parsed successfully
2026-05-23 08:27:45,069 - INFO - Parsing cams_singapore_2025_03.nc
2026-05-23 08:27:45,093 - INFO - cams_singapore_2025_03.nc parsed successfully
2026-05-23 08:27:45,094 - INFO - Parsing cams_singapore_2025_04.nc
2026-05-23 08:27:45,117 - INFO - cams_singapore_2025_04.nc parsed successfully
2026-05-23 08:27:45,117 - INFO - Parsing cams_singapore_2025_05.nc
2026-05-23 08:27:45,141 - INFO - cams_singapore_2025_05.nc parsed successfully
2026-05-23 08:27:45,141 - INFO - Parsing cams_singapore_2025_06.nc
2026-05-23 08:27:45,176 - INFO - cams_singapore_2025_06.nc parsed successfully
2026-05-23 08:27:45,177 - INFO - Parsing cams_singapore_2025_07.nc
2026-05-23 08:27:45,212 - INFO - cams_singapore_2025_07.nc parsed successfully
2026-05-23 08:27:45,212 - INFO - Parsing cams_singapore_2025_08.nc
2026-05-23 08:27:45,243 - INFO - cams_singapore_2025_08.nc parsed successfully
2026-05-23 08:27:45,492 - INFO - CAMS parsing completed with shape (45740, 6)
2026-05-23 08:27:45,492 - INFO - Saved parsed data to data/raw/cams_all_cities.csv
2026-05-23 08:27:48,217 - INFO - CAMS cleaning started
2026-05-23 08:27:48,218 - INFO - Loading raw CAMS data from data/raw/cams_all_cities.csv
2026-05-23 08:27:48,363 - INFO - CAMS cleaning completed with shape (10220, 4)
2026-05-23 08:27:48,363 - INFO - Cleaned data saved to data/processed/cams_clean.csv
2026-05-23 08:27:51,111 - INFO - CAMS feature engineering started
2026-05-23 08:27:51,113 - INFO - Loading cleaned CAMS data from data/processed/cams_clean.csv
2026-05-23 08:27:51,134 - INFO - Input data shape: (10220, 4)
2026-05-23 08:27:51,143 - INFO - Time-based features created
2026-05-23 08:27:51,153 - INFO - Rolling and lag features created
2026-05-23 08:27:51,158 - INFO - Missing values dropped: 7 rows removed
2026-05-23 08:27:51,256 - INFO - CAMS feature engineering completed with shape (10213, 12)
2026-05-23 08:27:51,256 - INFO - Feature dataset saved to data/processed/cams_feature_dataset.csv
2026-05-23 08:27:54,412 - INFO - Model training started
2026-05-23 08:27:54,413 - INFO - Loading feature dataset from data/processed/cams_feature_dataset.csv
2026-05-23 08:27:54,440 - INFO - Dataset loaded with shape (10213, 12)
2026-05-23 08:27:54,444 - INFO - Train shape: (8170, 9), Test shape: (2043, 9)
2026-05-23 08:27:54,444 - INFO - RandomForest model training started
2026-05-23 08:27:59,142 - INFO - Model training completed
2026-05-23 08:27:59,193 - INFO - MAE: 2.8327610660133786e-08
2026-05-23 08:27:59,193 - INFO - MSE: 1.4817206817997244e-15
2026-05-23 08:27:59,193 - INFO - RMSE: 3.8493125123841586e-08
2026-05-23 08:27:59,194 - INFO - R2: 0.8242290556132357
2026-05-23 08:27:59,439 - INFO - Model saved to models/trained_model.pkl
2026-05-23 08:28:02,596 - INFO - Load to PostgreSQL pipeline started
2026-05-23 08:28:02,807 - INFO - Loading feature dataset from data/processed/cams_feature_dataset.csv
2026-05-23 08:28:02,844 - INFO - Dataset loaded with shape (10213, 12)
2026-05-23 08:28:02,845 - INFO - Loading trained model from models/trained_model.pkl
2026-05-23 08:28:03,610 - INFO - Missing values dropped before inference: 0
2026-05-23 08:28:03,610 - INFO - Running PM2.5 prediction
2026-05-23 08:28:03,758 - INFO - Calculating anomaly threshold
2026-05-23 08:28:03,762 - INFO - Total anomalies detected: 394
2026-05-23 08:28:03,763 - WARNING - ALERT: 394 PM2.5 anomalies detected in CAMS batch data
2026-05-23 08:28:03,765 - INFO - Writing detailed CAMS data to PostgreSQL
2026-05-23 08:28:04,752 - INFO - Writing city summary data to PostgreSQL
2026-05-23 08:28:04,771 - INFO - CAMS final dataset inserted into PostgreSQL with shape (10213, 15)
2026-05-23 08:28:04,771 - INFO - Load to PostgreSQL pipeline completed
2026-06-01 17:40:23,376 - INFO - CAMS batch ingestion started
2026-06-01 17:40:24,934 - INFO - Skipping existing file: data/external/cams/cams_jakarta_2024_09.nc
2026-06-01 17:40:24,937 - INFO - Skipping existing file: data/external/cams/cams_jakarta_2024_10.nc
2026-06-01 17:40:24,939 - INFO - Skipping existing file: data/external/cams/cams_jakarta_2024_11.nc
2026-06-01 17:40:24,941 - INFO - Skipping existing file: data/external/cams/cams_jakarta_2024_12.nc
2026-06-01 17:40:24,943 - INFO - Skipping existing file: data/external/cams/cams_jakarta_2025_01.nc
2026-06-01 17:40:24,946 - INFO - Skipping existing file: data/external/cams/cams_jakarta_2025_02.nc
2026-06-01 17:40:24,948 - INFO - Skipping existing file: data/external/cams/cams_jakarta_2025_03.nc
2026-06-01 17:40:24,950 - INFO - Skipping existing file: data/external/cams/cams_jakarta_2025_04.nc
2026-06-01 17:40:24,951 - INFO - Skipping existing file: data/external/cams/cams_jakarta_2025_05.nc
2026-06-01 17:40:24,953 - INFO - Skipping existing file: data/external/cams/cams_jakarta_2025_06.nc
2026-06-01 17:40:24,954 - INFO - Skipping existing file: data/external/cams/cams_jakarta_2025_07.nc
2026-06-01 17:40:24,955 - INFO - Skipping existing file: data/external/cams/cams_jakarta_2025_08.nc
2026-06-01 17:40:24,957 - INFO - Skipping existing file: data/external/cams/cams_singapore_2024_09.nc
2026-06-01 17:40:24,958 - INFO - Skipping existing file: data/external/cams/cams_singapore_2024_10.nc
2026-06-01 17:40:24,961 - INFO - Skipping existing file: data/external/cams/cams_singapore_2024_11.nc
2026-06-01 17:40:24,963 - INFO - Skipping existing file: data/external/cams/cams_singapore_2024_12.nc
2026-06-01 17:40:24,965 - INFO - Skipping existing file: data/external/cams/cams_singapore_2025_01.nc
2026-06-01 17:40:24,966 - INFO - Skipping existing file: data/external/cams/cams_singapore_2025_02.nc
2026-06-01 17:40:24,968 - INFO - Skipping existing file: data/external/cams/cams_singapore_2025_03.nc
2026-06-01 17:40:24,969 - INFO - Skipping existing file: data/external/cams/cams_singapore_2025_04.nc
2026-06-01 17:40:24,970 - INFO - Skipping existing file: data/external/cams/cams_singapore_2025_05.nc
2026-06-01 17:40:24,972 - INFO - Skipping existing file: data/external/cams/cams_singapore_2025_06.nc
2026-06-01 17:40:24,974 - INFO - Skipping existing file: data/external/cams/cams_singapore_2025_07.nc
2026-06-01 17:40:24,975 - INFO - Skipping existing file: data/external/cams/cams_singapore_2025_08.nc
2026-06-01 17:40:24,977 - INFO - Skipping existing file: data/external/cams/cams_kuala_lumpur_2024_09.nc
2026-06-01 17:40:24,979 - INFO - Skipping existing file: data/external/cams/cams_kuala_lumpur_2024_10.nc
2026-06-01 17:40:24,981 - INFO - Skipping existing file: data/external/cams/cams_kuala_lumpur_2024_11.nc
2026-06-01 17:40:24,983 - INFO - Skipping existing file: data/external/cams/cams_kuala_lumpur_2024_12.nc
2026-06-01 17:40:24,984 - INFO - Skipping existing file: data/external/cams/cams_kuala_lumpur_2025_01.nc
2026-06-01 17:40:24,986 - INFO - Skipping existing file: data/external/cams/cams_kuala_lumpur_2025_02.nc
2026-06-01 17:40:24,988 - INFO - Skipping existing file: data/external/cams/cams_kuala_lumpur_2025_03.nc
2026-06-01 17:40:24,990 - INFO - Skipping existing file: data/external/cams/cams_kuala_lumpur_2025_04.nc
2026-06-01 17:40:24,992 - INFO - Skipping existing file: data/external/cams/cams_kuala_lumpur_2025_05.nc
2026-06-01 17:40:24,993 - INFO - Skipping existing file: data/external/cams/cams_kuala_lumpur_2025_06.nc
2026-06-01 17:40:24,995 - INFO - Skipping existing file: data/external/cams/cams_kuala_lumpur_2025_07.nc
2026-06-01 17:40:24,998 - INFO - Skipping existing file: data/external/cams/cams_kuala_lumpur_2025_08.nc
2026-06-01 17:40:24,998 - INFO - All CAMS downloads completed
2026-06-01 17:40:27,733 - INFO - CAMS parsing started
2026-06-01 17:40:27,740 - INFO - Parsing cams_bangkok_2024_09.nc
2026-06-01 17:40:27,917 - INFO - cams_bangkok_2024_09.nc parsed successfully
2026-06-01 17:40:27,917 - INFO - Parsing cams_bangkok_2024_10.nc
2026-06-01 17:40:27,934 - INFO - cams_bangkok_2024_10.nc parsed successfully
2026-06-01 17:40:27,934 - INFO - Parsing cams_bangkok_2024_11.nc
2026-06-01 17:40:27,949 - INFO - cams_bangkok_2024_11.nc parsed successfully
2026-06-01 17:40:27,949 - INFO - Parsing cams_bangkok_2024_12.nc
2026-06-01 17:40:27,965 - INFO - cams_bangkok_2024_12.nc parsed successfully
2026-06-01 17:40:27,965 - INFO - Parsing cams_bangkok_2025_01.nc
2026-06-01 17:40:27,982 - INFO - cams_bangkok_2025_01.nc parsed successfully
2026-06-01 17:40:27,982 - INFO - Parsing cams_bangkok_2025_02.nc
2026-06-01 17:40:27,997 - INFO - cams_bangkok_2025_02.nc parsed successfully
2026-06-01 17:40:27,997 - INFO - Parsing cams_bangkok_2025_03.nc
2026-06-01 17:40:28,011 - INFO - cams_bangkok_2025_03.nc parsed successfully
2026-06-01 17:40:28,011 - INFO - Parsing cams_bangkok_2025_04.nc
2026-06-01 17:40:28,025 - INFO - cams_bangkok_2025_04.nc parsed successfully
2026-06-01 17:40:28,026 - INFO - Parsing cams_bangkok_2025_05.nc
2026-06-01 17:40:28,058 - INFO - cams_bangkok_2025_05.nc parsed successfully
2026-06-01 17:40:28,058 - INFO - Parsing cams_bangkok_2025_06.nc
2026-06-01 17:40:28,072 - INFO - cams_bangkok_2025_06.nc parsed successfully
2026-06-01 17:40:28,072 - INFO - Parsing cams_bangkok_2025_07.nc
2026-06-01 17:40:28,087 - INFO - cams_bangkok_2025_07.nc parsed successfully
2026-06-01 17:40:28,087 - INFO - Parsing cams_bangkok_2025_08.nc
2026-06-01 17:40:28,105 - INFO - cams_bangkok_2025_08.nc parsed successfully
2026-06-01 17:40:28,105 - INFO - Parsing cams_beijing_2024_09.nc
2026-06-01 17:40:28,134 - INFO - cams_beijing_2024_09.nc parsed successfully
2026-06-01 17:40:28,134 - INFO - Parsing cams_beijing_2024_10.nc
2026-06-01 17:40:28,154 - INFO - cams_beijing_2024_10.nc parsed successfully
2026-06-01 17:40:28,154 - INFO - Parsing cams_beijing_2024_11.nc
2026-06-01 17:40:28,173 - INFO - cams_beijing_2024_11.nc parsed successfully
2026-06-01 17:40:28,174 - INFO - Parsing cams_beijing_2024_12.nc
2026-06-01 17:40:28,206 - INFO - cams_beijing_2024_12.nc parsed successfully
2026-06-01 17:40:28,207 - INFO - Parsing cams_beijing_2025_01.nc
2026-06-01 17:40:28,228 - INFO - cams_beijing_2025_01.nc parsed successfully
2026-06-01 17:40:28,229 - INFO - Parsing cams_beijing_2025_02.nc
2026-06-01 17:40:28,248 - INFO - cams_beijing_2025_02.nc parsed successfully
2026-06-01 17:40:28,249 - INFO - Parsing cams_beijing_2025_03.nc
2026-06-01 17:40:28,270 - INFO - cams_beijing_2025_03.nc parsed successfully
2026-06-01 17:40:28,270 - INFO - Parsing cams_beijing_2025_04.nc
2026-06-01 17:40:28,296 - INFO - cams_beijing_2025_04.nc parsed successfully
2026-06-01 17:40:28,296 - INFO - Parsing cams_beijing_2025_05.nc
2026-06-01 17:40:28,316 - INFO - cams_beijing_2025_05.nc parsed successfully
2026-06-01 17:40:28,316 - INFO - Parsing cams_beijing_2025_06.nc
2026-06-01 17:40:28,338 - INFO - cams_beijing_2025_06.nc parsed successfully
2026-06-01 17:40:28,338 - INFO - Parsing cams_beijing_2025_07.nc
2026-06-01 17:40:28,357 - INFO - cams_beijing_2025_07.nc parsed successfully
2026-06-01 17:40:28,357 - INFO - Parsing cams_beijing_2025_08.nc
2026-06-01 17:40:28,378 - INFO - cams_beijing_2025_08.nc parsed successfully
2026-06-01 17:40:28,378 - INFO - Parsing cams_delhi_2024_09.nc
2026-06-01 17:40:28,395 - INFO - cams_delhi_2024_09.nc parsed successfully
2026-06-01 17:40:28,396 - INFO - Parsing cams_delhi_2024_10.nc
2026-06-01 17:40:28,418 - INFO - cams_delhi_2024_10.nc parsed successfully
2026-06-01 17:40:28,418 - INFO - Parsing cams_delhi_2024_11.nc
2026-06-01 17:40:28,433 - INFO - cams_delhi_2024_11.nc parsed successfully
2026-06-01 17:40:28,433 - INFO - Parsing cams_delhi_2024_12.nc
2026-06-01 17:40:28,449 - INFO - cams_delhi_2024_12.nc parsed successfully
2026-06-01 17:40:28,449 - INFO - Parsing cams_delhi_2025_01.nc
2026-06-01 17:40:28,467 - INFO - cams_delhi_2025_01.nc parsed successfully
2026-06-01 17:40:28,468 - INFO - Parsing cams_delhi_2025_02.nc
2026-06-01 17:40:28,489 - INFO - cams_delhi_2025_02.nc parsed successfully
2026-06-01 17:40:28,490 - INFO - Parsing cams_delhi_2025_03.nc
2026-06-01 17:40:28,508 - INFO - cams_delhi_2025_03.nc parsed successfully
2026-06-01 17:40:28,508 - INFO - Parsing cams_delhi_2025_04.nc
2026-06-01 17:40:28,525 - INFO - cams_delhi_2025_04.nc parsed successfully
2026-06-01 17:40:28,525 - INFO - Parsing cams_delhi_2025_05.nc
2026-06-01 17:40:28,541 - INFO - cams_delhi_2025_05.nc parsed successfully
2026-06-01 17:40:28,542 - INFO - Parsing cams_delhi_2025_06.nc
2026-06-01 17:40:28,562 - INFO - cams_delhi_2025_06.nc parsed successfully
2026-06-01 17:40:28,562 - INFO - Parsing cams_delhi_2025_07.nc
2026-06-01 17:40:28,581 - INFO - cams_delhi_2025_07.nc parsed successfully
2026-06-01 17:40:28,581 - INFO - Parsing cams_delhi_2025_08.nc
2026-06-01 17:40:28,610 - INFO - cams_delhi_2025_08.nc parsed successfully
2026-06-01 17:40:28,611 - INFO - Parsing cams_jakarta_2024_09.nc
2026-06-01 17:40:28,630 - INFO - cams_jakarta_2024_09.nc parsed successfully
2026-06-01 17:40:28,631 - INFO - Parsing cams_jakarta_2024_10.nc
2026-06-01 17:40:28,649 - INFO - cams_jakarta_2024_10.nc parsed successfully
2026-06-01 17:40:28,650 - INFO - Parsing cams_jakarta_2024_11.nc
2026-06-01 17:40:28,667 - INFO - cams_jakarta_2024_11.nc parsed successfully
2026-06-01 17:40:28,667 - INFO - Parsing cams_jakarta_2024_12.nc
2026-06-01 17:40:28,696 - INFO - cams_jakarta_2024_12.nc parsed successfully
2026-06-01 17:40:28,696 - INFO - Parsing cams_jakarta_2025_01.nc
2026-06-01 17:40:28,732 - INFO - cams_jakarta_2025_01.nc parsed successfully
2026-06-01 17:40:28,732 - INFO - Parsing cams_jakarta_2025_02.nc
2026-06-01 17:40:28,758 - INFO - cams_jakarta_2025_02.nc parsed successfully
2026-06-01 17:40:28,758 - INFO - Parsing cams_jakarta_2025_03.nc
2026-06-01 17:40:28,778 - INFO - cams_jakarta_2025_03.nc parsed successfully
2026-06-01 17:40:28,778 - INFO - Parsing cams_jakarta_2025_04.nc
2026-06-01 17:40:28,804 - INFO - cams_jakarta_2025_04.nc parsed successfully
2026-06-01 17:40:28,804 - INFO - Parsing cams_jakarta_2025_05.nc
2026-06-01 17:40:28,838 - INFO - cams_jakarta_2025_05.nc parsed successfully
2026-06-01 17:40:28,838 - INFO - Parsing cams_jakarta_2025_06.nc
2026-06-01 17:40:28,894 - INFO - cams_jakarta_2025_06.nc parsed successfully
2026-06-01 17:40:28,894 - INFO - Parsing cams_jakarta_2025_07.nc
2026-06-01 17:40:28,929 - INFO - cams_jakarta_2025_07.nc parsed successfully
2026-06-01 17:40:28,930 - INFO - Parsing cams_jakarta_2025_08.nc
2026-06-01 17:40:28,966 - INFO - cams_jakarta_2025_08.nc parsed successfully
2026-06-01 17:40:28,967 - INFO - Parsing cams_kuala_lumpur_2024_09.nc
2026-06-01 17:40:28,994 - INFO - cams_kuala_lumpur_2024_09.nc parsed successfully
2026-06-01 17:40:28,995 - INFO - Parsing cams_kuala_lumpur_2024_10.nc
2026-06-01 17:40:29,049 - INFO - cams_kuala_lumpur_2024_10.nc parsed successfully
2026-06-01 17:40:29,049 - INFO - Parsing cams_kuala_lumpur_2024_11.nc
2026-06-01 17:40:29,067 - INFO - cams_kuala_lumpur_2024_11.nc parsed successfully
2026-06-01 17:40:29,067 - INFO - Parsing cams_kuala_lumpur_2024_12.nc
2026-06-01 17:40:29,086 - INFO - cams_kuala_lumpur_2024_12.nc parsed successfully
2026-06-01 17:40:29,086 - INFO - Parsing cams_kuala_lumpur_2025_01.nc
2026-06-01 17:40:29,112 - INFO - cams_kuala_lumpur_2025_01.nc parsed successfully
2026-06-01 17:40:29,112 - INFO - Parsing cams_kuala_lumpur_2025_02.nc
2026-06-01 17:40:29,168 - INFO - cams_kuala_lumpur_2025_02.nc parsed successfully
2026-06-01 17:40:29,169 - INFO - Parsing cams_kuala_lumpur_2025_03.nc
2026-06-01 17:40:29,195 - INFO - cams_kuala_lumpur_2025_03.nc parsed successfully
2026-06-01 17:40:29,195 - INFO - Parsing cams_kuala_lumpur_2025_04.nc
2026-06-01 17:40:29,221 - INFO - cams_kuala_lumpur_2025_04.nc parsed successfully
2026-06-01 17:40:29,221 - INFO - Parsing cams_kuala_lumpur_2025_05.nc
2026-06-01 17:40:29,246 - INFO - cams_kuala_lumpur_2025_05.nc parsed successfully
2026-06-01 17:40:29,247 - INFO - Parsing cams_kuala_lumpur_2025_06.nc
2026-06-01 17:40:29,267 - INFO - cams_kuala_lumpur_2025_06.nc parsed successfully
2026-06-01 17:40:29,268 - INFO - Parsing cams_kuala_lumpur_2025_07.nc
2026-06-01 17:40:29,288 - INFO - cams_kuala_lumpur_2025_07.nc parsed successfully
2026-06-01 17:40:29,289 - INFO - Parsing cams_kuala_lumpur_2025_08.nc
2026-06-01 17:40:29,314 - INFO - cams_kuala_lumpur_2025_08.nc parsed successfully
2026-06-01 17:40:29,314 - INFO - Parsing cams_los_angeles_2024_09.nc
2026-06-01 17:40:29,355 - INFO - cams_los_angeles_2024_09.nc parsed successfully
2026-06-01 17:40:29,355 - INFO - Parsing cams_los_angeles_2024_10.nc
2026-06-01 17:40:29,398 - INFO - cams_los_angeles_2024_10.nc parsed successfully
2026-06-01 17:40:29,398 - INFO - Parsing cams_los_angeles_2024_11.nc
2026-06-01 17:40:29,445 - INFO - cams_los_angeles_2024_11.nc parsed successfully
2026-06-01 17:40:29,446 - INFO - Parsing cams_los_angeles_2024_12.nc
2026-06-01 17:40:29,467 - INFO - cams_los_angeles_2024_12.nc parsed successfully
2026-06-01 17:40:29,467 - INFO - Parsing cams_los_angeles_2025_01.nc
2026-06-01 17:40:29,489 - INFO - cams_los_angeles_2025_01.nc parsed successfully
2026-06-01 17:40:29,489 - INFO - Parsing cams_los_angeles_2025_02.nc
2026-06-01 17:40:29,508 - INFO - cams_los_angeles_2025_02.nc parsed successfully
2026-06-01 17:40:29,508 - INFO - Parsing cams_los_angeles_2025_03.nc
2026-06-01 17:40:29,572 - INFO - cams_los_angeles_2025_03.nc parsed successfully
2026-06-01 17:40:29,573 - INFO - Parsing cams_los_angeles_2025_04.nc
2026-06-01 17:40:29,603 - INFO - cams_los_angeles_2025_04.nc parsed successfully
2026-06-01 17:40:29,606 - INFO - Parsing cams_los_angeles_2025_05.nc
2026-06-01 17:40:29,625 - INFO - cams_los_angeles_2025_05.nc parsed successfully
2026-06-01 17:40:29,625 - INFO - Parsing cams_los_angeles_2025_06.nc
2026-06-01 17:40:29,643 - INFO - cams_los_angeles_2025_06.nc parsed successfully
2026-06-01 17:40:29,643 - INFO - Parsing cams_los_angeles_2025_07.nc
2026-06-01 17:40:29,665 - INFO - cams_los_angeles_2025_07.nc parsed successfully
2026-06-01 17:40:29,666 - INFO - Parsing cams_los_angeles_2025_08.nc
2026-06-01 17:40:29,705 - INFO - cams_los_angeles_2025_08.nc parsed successfully
2026-06-01 17:40:29,713 - INFO - Parsing cams_singapore_2024_09.nc
2026-06-01 17:40:29,757 - INFO - cams_singapore_2024_09.nc parsed successfully
2026-06-01 17:40:29,758 - INFO - Parsing cams_singapore_2024_10.nc
2026-06-01 17:40:29,780 - INFO - cams_singapore_2024_10.nc parsed successfully
2026-06-01 17:40:29,781 - INFO - Parsing cams_singapore_2024_11.nc
2026-06-01 17:40:29,802 - INFO - cams_singapore_2024_11.nc parsed successfully
2026-06-01 17:40:29,803 - INFO - Parsing cams_singapore_2024_12.nc
2026-06-01 17:40:29,826 - INFO - cams_singapore_2024_12.nc parsed successfully
2026-06-01 17:40:29,827 - INFO - Parsing cams_singapore_2025_01.nc
2026-06-01 17:40:29,851 - INFO - cams_singapore_2025_01.nc parsed successfully
2026-06-01 17:40:29,852 - INFO - Parsing cams_singapore_2025_02.nc
2026-06-01 17:40:29,877 - INFO - cams_singapore_2025_02.nc parsed successfully
2026-06-01 17:40:29,877 - INFO - Parsing cams_singapore_2025_03.nc
2026-06-01 17:40:29,898 - INFO - cams_singapore_2025_03.nc parsed successfully
2026-06-01 17:40:29,899 - INFO - Parsing cams_singapore_2025_04.nc
2026-06-01 17:40:29,918 - INFO - cams_singapore_2025_04.nc parsed successfully
2026-06-01 17:40:29,918 - INFO - Parsing cams_singapore_2025_05.nc
2026-06-01 17:40:29,936 - INFO - cams_singapore_2025_05.nc parsed successfully
2026-06-01 17:40:29,936 - INFO - Parsing cams_singapore_2025_06.nc
2026-06-01 17:40:29,954 - INFO - cams_singapore_2025_06.nc parsed successfully
2026-06-01 17:40:29,955 - INFO - Parsing cams_singapore_2025_07.nc
2026-06-01 17:40:29,974 - INFO - cams_singapore_2025_07.nc parsed successfully
2026-06-01 17:40:29,975 - INFO - Parsing cams_singapore_2025_08.nc
2026-06-01 17:40:30,001 - INFO - cams_singapore_2025_08.nc parsed successfully
2026-06-01 17:40:30,269 - INFO - CAMS parsing completed with shape (45740, 6)
2026-06-01 17:40:30,270 - INFO - Saved parsed data to data/raw/cams_all_cities.csv
2026-06-01 17:40:32,290 - INFO - CAMS cleaning started
2026-06-01 17:40:32,290 - INFO - Loading raw CAMS data from data/raw/cams_all_cities.csv
2026-06-01 17:40:32,412 - INFO - CAMS cleaning completed with shape (10220, 4)
2026-06-01 17:40:32,412 - INFO - Cleaned data saved to data/processed/cams_clean.csv
2026-06-01 17:40:34,715 - INFO - CAMS feature engineering started
2026-06-01 17:40:34,717 - INFO - Loading cleaned CAMS data from data/processed/cams_clean.csv
2026-06-01 17:40:34,736 - INFO - Input data shape: (10220, 4)
2026-06-01 17:40:34,746 - INFO - Time-based features created
2026-06-01 17:40:34,755 - INFO - Rolling and lag features created
2026-06-01 17:40:34,759 - INFO - Missing values dropped: 7 rows removed
2026-06-01 17:40:34,894 - INFO - CAMS feature engineering completed with shape (10213, 12)
2026-06-01 17:40:34,894 - INFO - Feature dataset saved to data/processed/cams_feature_dataset.csv
2026-06-01 17:40:37,971 - INFO - Model training started
2026-06-01 17:40:37,972 - INFO - Loading feature dataset from data/processed/cams_feature_dataset.csv
2026-06-01 17:40:37,995 - INFO - Dataset loaded with shape (10213, 12)
2026-06-01 17:40:38,000 - INFO - Train shape: (8170, 9), Test shape: (2043, 9)
2026-06-01 17:40:38,001 - INFO - RandomForest model training started
2026-06-01 17:40:42,503 - INFO - Model training completed
2026-06-01 17:40:42,546 - INFO - MAE: 2.8327610660133786e-08
2026-06-01 17:40:42,546 - INFO - MSE: 1.4817206817997244e-15
2026-06-01 17:40:42,547 - INFO - RMSE: 3.8493125123841586e-08
2026-06-01 17:40:42,547 - INFO - R2: 0.8242290556132357
2026-06-01 17:40:43,015 - INFO - Model saved to models/trained_model.pkl
2026-06-01 17:40:45,498 - INFO - Load to PostgreSQL pipeline started
2026-06-01 17:40:45,835 - INFO - Loading feature dataset from data/processed/cams_feature_dataset.csv
2026-06-01 17:40:45,880 - INFO - Dataset loaded with shape (10213, 12)
2026-06-01 17:40:45,883 - INFO - Loading trained model from models/trained_model.pkl
2026-06-01 17:40:46,860 - INFO - Missing values dropped before inference: 0
2026-06-01 17:40:46,860 - INFO - Running PM2.5 prediction
2026-06-01 17:40:46,990 - INFO - Calculating anomaly threshold
2026-06-01 17:40:46,996 - INFO - Total anomalies detected: 394
2026-06-01 17:40:46,997 - WARNING - ALERT: 394 PM2.5 anomalies detected in CAMS batch data
2026-06-01 17:40:46,997 - INFO - Writing detailed CAMS data to PostgreSQL
2026-06-01 17:40:47,800 - INFO - Writing city summary data to PostgreSQL
2026-06-01 17:40:47,825 - INFO - CAMS final dataset inserted into PostgreSQL with shape (10213, 15)
2026-06-01 17:40:47,826 - INFO - Load to PostgreSQL pipeline completed
2026-06-01 18:33:53,105 - INFO - CAMS batch ingestion started
2026-06-01 18:33:54,241 - INFO - Skipping existing file: data/external/cams/cams_jakarta_2024_09.nc
2026-06-01 18:33:54,242 - INFO - Skipping existing file: data/external/cams/cams_jakarta_2024_10.nc
2026-06-01 18:33:54,244 - INFO - Skipping existing file: data/external/cams/cams_jakarta_2024_11.nc
2026-06-01 18:33:54,245 - INFO - Skipping existing file: data/external/cams/cams_jakarta_2024_12.nc
2026-06-01 18:33:54,247 - INFO - Skipping existing file: data/external/cams/cams_jakarta_2025_01.nc
2026-06-01 18:33:54,248 - INFO - Skipping existing file: data/external/cams/cams_jakarta_2025_02.nc
2026-06-01 18:33:54,249 - INFO - Skipping existing file: data/external/cams/cams_jakarta_2025_03.nc
2026-06-01 18:33:54,252 - INFO - Skipping existing file: data/external/cams/cams_jakarta_2025_04.nc
2026-06-01 18:33:54,255 - INFO - Skipping existing file: data/external/cams/cams_jakarta_2025_05.nc
2026-06-01 18:33:54,257 - INFO - Skipping existing file: data/external/cams/cams_jakarta_2025_06.nc
2026-06-01 18:33:54,258 - INFO - Skipping existing file: data/external/cams/cams_jakarta_2025_07.nc
2026-06-01 18:33:54,259 - INFO - Skipping existing file: data/external/cams/cams_jakarta_2025_08.nc
2026-06-01 18:33:54,260 - INFO - Downloading CAMS for Surakarta 2024-09-01 -> 2024-09-30
2026-06-01 18:33:54,759 - INFO - Request ID is ce89d2f9-3532-49df-ac2b-571b08df3ac7
2026-06-01 18:33:54,982 - INFO - status has been updated to accepted
2026-06-01 18:34:17,102 - INFO - status has been updated to running
2026-06-01 18:34:28,709 - INFO - status has been updated to successful
2026-06-01 18:34:29,512 - INFO - Downloading https://object-store.os-api.cci2.ecmwf.int:443/cci2-prod-cache-1/2026-06-01/550ad008d24ed458e32dabd0247d0c9b.nc
2026-06-01 18:34:31,241 - INFO - Downloaded: data/external/cams/cams_surakarta_2024_09.nc
2026-06-01 18:34:31,247 - INFO - Downloading CAMS for Surakarta 2024-10-01 -> 2024-10-31
2026-06-01 18:34:31,732 - INFO - Request ID is 0b07bad1-f173-4d47-9450-55e984ed99da
2026-06-01 18:34:31,978 - INFO - status has been updated to accepted
2026-06-01 18:34:55,346 - INFO - status has been updated to running
2026-06-01 18:35:07,780 - INFO - status has been updated to successful
2026-06-01 18:35:10,710 - INFO - Downloading https://object-store.os-api.cci2.ecmwf.int:443/cci2-prod-cache-3/2026-06-01/194b4d28d2c2d957e273abd71072ffd0.nc
2026-06-01 18:35:12,296 - INFO - Downloaded: data/external/cams/cams_surakarta_2024_10.nc
2026-06-01 18:35:12,297 - INFO - Downloading CAMS for Surakarta 2024-11-01 -> 2024-11-30
2026-06-01 18:35:14,333 - INFO - Request ID is 7ae5992e-85fc-41a8-99b7-15f399fe0c96
2026-06-01 18:35:14,677 - INFO - status has been updated to accepted
2026-06-01 18:35:28,921 - INFO - status has been updated to running
2026-06-01 18:35:36,718 - INFO - status has been updated to successful
2026-06-01 18:35:37,146 - INFO - Downloading https://object-store.os-api.cci2.ecmwf.int:443/cci2-prod-cache-3/2026-06-01/e3400f1feecf23491516a7030a5cd0c1.nc
2026-06-01 18:35:38,689 - INFO - Downloaded: data/external/cams/cams_surakarta_2024_11.nc
2026-06-01 18:35:38,691 - INFO - Downloading CAMS for Surakarta 2024-12-01 -> 2024-12-31
2026-06-01 18:35:40,759 - INFO - Request ID is 7c6b7e99-8aa9-4cc1-9c49-d677761da56c
2026-06-01 18:35:40,978 - INFO - status has been updated to accepted
2026-06-01 18:35:50,877 - INFO - status has been updated to running
2026-06-01 18:35:56,164 - INFO - status has been updated to successful
2026-06-01 18:35:56,573 - INFO - Downloading https://object-store.os-api.cci2.ecmwf.int:443/cci2-prod-cache-2/2026-06-01/1391866746e2fdf7b9c8f890fd5f465b.nc
2026-06-01 18:35:58,159 - INFO - Downloaded: data/external/cams/cams_surakarta_2024_12.nc
2026-06-01 18:35:58,160 - INFO - Downloading CAMS for Surakarta 2025-01-01 -> 2025-01-31
2026-06-01 18:35:58,660 - INFO - Request ID is 343343ba-452e-4bc9-b188-836ea94bfa70
2026-06-01 18:35:58,870 - INFO - status has been updated to accepted
2026-06-01 18:36:20,921 - INFO - status has been updated to running
2026-06-01 18:36:32,532 - INFO - status has been updated to successful
2026-06-01 18:36:35,496 - INFO - Downloading https://object-store.os-api.cci2.ecmwf.int:443/cci2-prod-cache-2/2026-06-01/616e8bf2899fc6246f104d50b708395c.nc
2026-06-01 18:36:37,109 - INFO - Downloaded: data/external/cams/cams_surakarta_2025_01.nc
2026-06-01 18:36:37,111 - INFO - Downloading CAMS for Surakarta 2025-02-01 -> 2025-02-28
2026-06-01 18:36:37,944 - INFO - Request ID is c0729000-68d0-4b75-a832-bbbe87be09e5
2026-06-01 18:36:38,147 - INFO - status has been updated to accepted
2026-06-01 18:37:00,204 - INFO - status has been updated to running
2026-06-01 18:37:11,842 - INFO - status has been updated to successful
2026-06-01 18:37:12,358 - INFO - Downloading https://object-store.os-api.cci2.ecmwf.int:443/cci2-prod-cache-1/2026-06-01/d07dbf644a53461b8a44de84c796642f.nc
2026-06-01 18:37:13,774 - INFO - Downloaded: data/external/cams/cams_surakarta_2025_02.nc
2026-06-01 18:37:13,775 - INFO - Downloading CAMS for Surakarta 2025-03-01 -> 2025-03-31
2026-06-01 18:37:14,271 - INFO - Request ID is 454484c3-8afe-4e93-a8a3-9788250f8bbf
2026-06-01 18:37:14,619 - INFO - status has been updated to accepted
2026-06-01 18:37:28,959 - INFO - status has been updated to running
2026-06-01 18:37:48,435 - INFO - status has been updated to successful
2026-06-01 18:37:50,519 - INFO - Downloading https://object-store.os-api.cci2.ecmwf.int:443/cci2-prod-cache-1/2026-06-01/d5bffe04d8f0f4c9264636c93f9c8f28.nc
2026-06-01 18:37:51,959 - INFO - Downloaded: data/external/cams/cams_surakarta_2025_03.nc
2026-06-01 18:37:51,960 - INFO - Downloading CAMS for Surakarta 2025-04-01 -> 2025-04-30
2026-06-01 18:37:52,535 - INFO - Request ID is f02cec75-500a-41f5-862e-c9ac293e3ed9
2026-06-01 18:37:52,740 - INFO - status has been updated to accepted
2026-06-01 18:38:06,972 - INFO - status has been updated to running
2026-06-01 18:38:26,400 - INFO - status has been updated to successful
2026-06-01 18:38:26,853 - INFO - Downloading https://object-store.os-api.cci2.ecmwf.int:443/cci2-prod-cache-1/2026-06-01/54a6608530c032c74381980a7e65c1b4.nc
2026-06-01 18:38:28,461 - INFO - Downloaded: data/external/cams/cams_surakarta_2025_04.nc
2026-06-01 18:38:28,462 - INFO - Downloading CAMS for Surakarta 2025-05-01 -> 2025-05-31
2026-06-01 18:38:30,150 - INFO - Request ID is 24b14b0a-ac92-4151-856f-4be99027e8d1
2026-06-01 18:38:30,370 - INFO - status has been updated to accepted
2026-06-01 18:38:52,471 - INFO - status has been updated to running
2026-06-01 18:39:21,384 - INFO - status has been updated to successful
2026-06-01 18:39:22,264 - INFO - Downloading https://object-store.os-api.cci2.ecmwf.int:443/cci2-prod-cache-2/2026-06-01/23e8d53ad4df8a4b7fb0c4cbeccb70ad.nc
2026-06-01 18:39:23,890 - INFO - Downloaded: data/external/cams/cams_surakarta_2025_05.nc
2026-06-01 18:39:23,916 - INFO - Downloading CAMS for Surakarta 2025-06-01 -> 2025-06-30
2026-06-01 18:39:27,536 - INFO - Request ID is c1e67af0-64eb-44ae-9dd1-41f0de9c9f3c
2026-06-01 18:39:27,835 - INFO - status has been updated to accepted
2026-06-01 18:39:52,011 - INFO - status has been updated to running
2026-06-01 18:40:03,611 - INFO - status has been updated to successful
2026-06-01 18:40:04,039 - INFO - Downloading https://object-store.os-api.cci2.ecmwf.int:443/cci2-prod-cache-3/2026-06-01/4cb4df59ff93912e7065f17820b837ea.nc
2026-06-01 18:40:05,677 - INFO - Downloaded: data/external/cams/cams_surakarta_2025_06.nc
2026-06-01 18:40:05,678 - INFO - Downloading CAMS for Surakarta 2025-07-01 -> 2025-07-31
2026-06-01 18:40:08,909 - INFO - Request ID is 312f0147-4ab2-4d33-a386-354d93f5282d
2026-06-01 18:40:09,132 - INFO - status has been updated to accepted
2026-06-01 18:40:31,269 - INFO - status has been updated to running
2026-06-01 18:40:42,885 - INFO - status has been updated to successful
2026-06-01 18:40:45,513 - INFO - Downloading https://object-store.os-api.cci2.ecmwf.int:443/cci2-prod-cache-3/2026-06-01/5a2bac6a61c699cf92b779cbf26082db.nc
2026-06-01 18:40:47,018 - INFO - Downloaded: data/external/cams/cams_surakarta_2025_07.nc
2026-06-01 18:40:47,020 - INFO - Downloading CAMS for Surakarta 2025-08-01 -> 2025-08-31
2026-06-01 18:40:47,582 - INFO - Request ID is ce5b1cb3-9aa7-44d9-97ad-5091beb7cee9
2026-06-01 18:40:47,795 - INFO - status has been updated to accepted
2026-06-01 18:41:04,481 - INFO - status has been updated to running
2026-06-01 18:41:27,950 - INFO - status has been updated to successful
2026-06-01 18:41:28,443 - INFO - Downloading https://object-store.os-api.cci2.ecmwf.int:443/cci2-prod-cache-1/2026-06-01/40c84dd7a0cd19f76d7f73b917295c13.nc
2026-06-01 18:41:30,056 - INFO - Downloaded: data/external/cams/cams_surakarta_2025_08.nc
2026-06-01 18:41:30,061 - INFO - Skipping existing file: data/external/cams/cams_kuala_lumpur_2024_09.nc
2026-06-01 18:41:30,065 - INFO - Skipping existing file: data/external/cams/cams_kuala_lumpur_2024_10.nc
2026-06-01 18:41:30,069 - INFO - Skipping existing file: data/external/cams/cams_kuala_lumpur_2024_11.nc
2026-06-01 18:41:30,073 - INFO - Skipping existing file: data/external/cams/cams_kuala_lumpur_2024_12.nc
2026-06-01 18:41:30,077 - INFO - Skipping existing file: data/external/cams/cams_kuala_lumpur_2025_01.nc
2026-06-01 18:41:30,081 - INFO - Skipping existing file: data/external/cams/cams_kuala_lumpur_2025_02.nc
2026-06-01 18:41:30,085 - INFO - Skipping existing file: data/external/cams/cams_kuala_lumpur_2025_03.nc
2026-06-01 18:41:30,088 - INFO - Skipping existing file: data/external/cams/cams_kuala_lumpur_2025_04.nc
2026-06-01 18:41:30,090 - INFO - Skipping existing file: data/external/cams/cams_kuala_lumpur_2025_05.nc
2026-06-01 18:41:30,092 - INFO - Skipping existing file: data/external/cams/cams_kuala_lumpur_2025_06.nc
2026-06-01 18:41:30,098 - INFO - Skipping existing file: data/external/cams/cams_kuala_lumpur_2025_07.nc
2026-06-01 18:41:30,100 - INFO - Skipping existing file: data/external/cams/cams_kuala_lumpur_2025_08.nc
2026-06-01 18:41:30,105 - INFO - Skipping existing file: data/external/cams/cams_singapore_2024_09.nc
2026-06-01 18:41:30,109 - INFO - Skipping existing file: data/external/cams/cams_singapore_2024_10.nc
2026-06-01 18:41:30,116 - INFO - Skipping existing file: data/external/cams/cams_singapore_2024_11.nc
2026-06-01 18:41:30,122 - INFO - Skipping existing file: data/external/cams/cams_singapore_2024_12.nc
2026-06-01 18:41:30,125 - INFO - Skipping existing file: data/external/cams/cams_singapore_2025_01.nc
2026-06-01 18:41:30,130 - INFO - Skipping existing file: data/external/cams/cams_singapore_2025_02.nc
2026-06-01 18:41:30,133 - INFO - Skipping existing file: data/external/cams/cams_singapore_2025_03.nc
2026-06-01 18:41:30,136 - INFO - Skipping existing file: data/external/cams/cams_singapore_2025_04.nc
2026-06-01 18:41:30,137 - INFO - Skipping existing file: data/external/cams/cams_singapore_2025_05.nc
2026-06-01 18:41:30,139 - INFO - Skipping existing file: data/external/cams/cams_singapore_2025_06.nc
2026-06-01 18:41:30,142 - INFO - Skipping existing file: data/external/cams/cams_singapore_2025_07.nc
2026-06-01 18:41:30,144 - INFO - Skipping existing file: data/external/cams/cams_singapore_2025_08.nc
2026-06-01 18:41:30,145 - INFO - All CAMS downloads completed
2026-06-01 18:41:34,400 - INFO - CAMS parsing started
2026-06-01 18:41:34,404 - INFO - Parsing cams_bangkok_2024_09.nc
2026-06-01 18:41:34,587 - INFO - cams_bangkok_2024_09.nc parsed successfully
2026-06-01 18:41:34,587 - INFO - Parsing cams_bangkok_2024_10.nc
2026-06-01 18:41:34,613 - INFO - cams_bangkok_2024_10.nc parsed successfully
2026-06-01 18:41:34,613 - INFO - Parsing cams_bangkok_2024_11.nc
2026-06-01 18:41:34,636 - INFO - cams_bangkok_2024_11.nc parsed successfully
2026-06-01 18:41:34,636 - INFO - Parsing cams_bangkok_2024_12.nc
2026-06-01 18:41:34,659 - INFO - cams_bangkok_2024_12.nc parsed successfully
2026-06-01 18:41:34,660 - INFO - Parsing cams_bangkok_2025_01.nc
2026-06-01 18:41:34,688 - INFO - cams_bangkok_2025_01.nc parsed successfully
2026-06-01 18:41:34,689 - INFO - Parsing cams_bangkok_2025_02.nc
2026-06-01 18:41:34,729 - INFO - cams_bangkok_2025_02.nc parsed successfully
2026-06-01 18:41:34,730 - INFO - Parsing cams_bangkok_2025_03.nc
2026-06-01 18:41:34,767 - INFO - cams_bangkok_2025_03.nc parsed successfully
2026-06-01 18:41:34,768 - INFO - Parsing cams_bangkok_2025_04.nc
2026-06-01 18:41:34,807 - INFO - cams_bangkok_2025_04.nc parsed successfully
2026-06-01 18:41:34,807 - INFO - Parsing cams_bangkok_2025_05.nc
2026-06-01 18:41:34,845 - INFO - cams_bangkok_2025_05.nc parsed successfully
2026-06-01 18:41:34,847 - INFO - Parsing cams_bangkok_2025_06.nc
2026-06-01 18:41:34,881 - INFO - cams_bangkok_2025_06.nc parsed successfully
2026-06-01 18:41:34,882 - INFO - Parsing cams_bangkok_2025_07.nc
2026-06-01 18:41:34,915 - INFO - cams_bangkok_2025_07.nc parsed successfully
2026-06-01 18:41:34,916 - INFO - Parsing cams_bangkok_2025_08.nc
2026-06-01 18:41:34,958 - INFO - cams_bangkok_2025_08.nc parsed successfully
2026-06-01 18:41:34,959 - INFO - Parsing cams_beijing_2024_09.nc
2026-06-01 18:41:35,003 - INFO - cams_beijing_2024_09.nc parsed successfully
2026-06-01 18:41:35,004 - INFO - Parsing cams_beijing_2024_10.nc
2026-06-01 18:41:35,039 - INFO - cams_beijing_2024_10.nc parsed successfully
2026-06-01 18:41:35,040 - INFO - Parsing cams_beijing_2024_11.nc
2026-06-01 18:41:35,082 - INFO - cams_beijing_2024_11.nc parsed successfully
2026-06-01 18:41:35,083 - INFO - Parsing cams_beijing_2024_12.nc
2026-06-01 18:41:35,119 - INFO - cams_beijing_2024_12.nc parsed successfully
2026-06-01 18:41:35,121 - INFO - Parsing cams_beijing_2025_01.nc
2026-06-01 18:41:35,160 - INFO - cams_beijing_2025_01.nc parsed successfully
2026-06-01 18:41:35,161 - INFO - Parsing cams_beijing_2025_02.nc
2026-06-01 18:41:35,204 - INFO - cams_beijing_2025_02.nc parsed successfully
2026-06-01 18:41:35,205 - INFO - Parsing cams_beijing_2025_03.nc
2026-06-01 18:41:35,256 - INFO - cams_beijing_2025_03.nc parsed successfully
2026-06-01 18:41:35,257 - INFO - Parsing cams_beijing_2025_04.nc
2026-06-01 18:41:35,288 - INFO - cams_beijing_2025_04.nc parsed successfully
2026-06-01 18:41:35,288 - INFO - Parsing cams_beijing_2025_05.nc
2026-06-01 18:41:35,313 - INFO - cams_beijing_2025_05.nc parsed successfully
2026-06-01 18:41:35,313 - INFO - Parsing cams_beijing_2025_06.nc
2026-06-01 18:41:35,335 - INFO - cams_beijing_2025_06.nc parsed successfully
2026-06-01 18:41:35,336 - INFO - Parsing cams_beijing_2025_07.nc
2026-06-01 18:41:35,359 - INFO - cams_beijing_2025_07.nc parsed successfully
2026-06-01 18:41:35,359 - INFO - Parsing cams_beijing_2025_08.nc
2026-06-01 18:41:35,384 - INFO - cams_beijing_2025_08.nc parsed successfully
2026-06-01 18:41:35,384 - INFO - Parsing cams_delhi_2024_09.nc
2026-06-01 18:41:35,411 - INFO - cams_delhi_2024_09.nc parsed successfully
2026-06-01 18:41:35,412 - INFO - Parsing cams_delhi_2024_10.nc
2026-06-01 18:41:35,437 - INFO - cams_delhi_2024_10.nc parsed successfully
2026-06-01 18:41:35,437 - INFO - Parsing cams_delhi_2024_11.nc
2026-06-01 18:41:35,463 - INFO - cams_delhi_2024_11.nc parsed successfully
2026-06-01 18:41:35,463 - INFO - Parsing cams_delhi_2024_12.nc
2026-06-01 18:41:35,485 - INFO - cams_delhi_2024_12.nc parsed successfully
2026-06-01 18:41:35,485 - INFO - Parsing cams_delhi_2025_01.nc
2026-06-01 18:41:35,508 - INFO - cams_delhi_2025_01.nc parsed successfully
2026-06-01 18:41:35,509 - INFO - Parsing cams_delhi_2025_02.nc
2026-06-01 18:41:35,533 - INFO - cams_delhi_2025_02.nc parsed successfully
2026-06-01 18:41:35,533 - INFO - Parsing cams_delhi_2025_03.nc
2026-06-01 18:41:35,555 - INFO - cams_delhi_2025_03.nc parsed successfully
2026-06-01 18:41:35,555 - INFO - Parsing cams_delhi_2025_04.nc
2026-06-01 18:41:35,579 - INFO - cams_delhi_2025_04.nc parsed successfully
2026-06-01 18:41:35,579 - INFO - Parsing cams_delhi_2025_05.nc
2026-06-01 18:41:35,603 - INFO - cams_delhi_2025_05.nc parsed successfully
2026-06-01 18:41:35,604 - INFO - Parsing cams_delhi_2025_06.nc
2026-06-01 18:41:35,630 - INFO - cams_delhi_2025_06.nc parsed successfully
2026-06-01 18:41:35,631 - INFO - Parsing cams_delhi_2025_07.nc
2026-06-01 18:41:35,663 - INFO - cams_delhi_2025_07.nc parsed successfully
2026-06-01 18:41:35,663 - INFO - Parsing cams_delhi_2025_08.nc
2026-06-01 18:41:35,688 - INFO - cams_delhi_2025_08.nc parsed successfully
2026-06-01 18:41:35,689 - INFO - Parsing cams_jakarta_2024_09.nc
2026-06-01 18:41:35,720 - INFO - cams_jakarta_2024_09.nc parsed successfully
2026-06-01 18:41:35,721 - INFO - Parsing cams_jakarta_2024_10.nc
2026-06-01 18:41:35,755 - INFO - cams_jakarta_2024_10.nc parsed successfully
2026-06-01 18:41:35,755 - INFO - Parsing cams_jakarta_2024_11.nc
2026-06-01 18:41:35,783 - INFO - cams_jakarta_2024_11.nc parsed successfully
2026-06-01 18:41:35,784 - INFO - Parsing cams_jakarta_2024_12.nc
2026-06-01 18:41:35,805 - INFO - cams_jakarta_2024_12.nc parsed successfully
2026-06-01 18:41:35,805 - INFO - Parsing cams_jakarta_2025_01.nc
2026-06-01 18:41:35,827 - INFO - cams_jakarta_2025_01.nc parsed successfully
2026-06-01 18:41:35,827 - INFO - Parsing cams_jakarta_2025_02.nc
2026-06-01 18:41:35,856 - INFO - cams_jakarta_2025_02.nc parsed successfully
2026-06-01 18:41:35,857 - INFO - Parsing cams_jakarta_2025_03.nc
2026-06-01 18:41:35,898 - INFO - cams_jakarta_2025_03.nc parsed successfully
2026-06-01 18:41:35,899 - INFO - Parsing cams_jakarta_2025_04.nc
2026-06-01 18:41:35,929 - INFO - cams_jakarta_2025_04.nc parsed successfully
2026-06-01 18:41:35,930 - INFO - Parsing cams_jakarta_2025_05.nc
2026-06-01 18:41:35,955 - INFO - cams_jakarta_2025_05.nc parsed successfully
2026-06-01 18:41:35,955 - INFO - Parsing cams_jakarta_2025_06.nc
2026-06-01 18:41:35,977 - INFO - cams_jakarta_2025_06.nc parsed successfully
2026-06-01 18:41:35,977 - INFO - Parsing cams_jakarta_2025_07.nc
2026-06-01 18:41:36,003 - INFO - cams_jakarta_2025_07.nc parsed successfully
2026-06-01 18:41:36,003 - INFO - Parsing cams_jakarta_2025_08.nc
2026-06-01 18:41:36,030 - INFO - cams_jakarta_2025_08.nc parsed successfully
2026-06-01 18:41:36,032 - INFO - Parsing cams_kuala_lumpur_2024_09.nc
2026-06-01 18:41:36,073 - INFO - cams_kuala_lumpur_2024_09.nc parsed successfully
2026-06-01 18:41:36,073 - INFO - Parsing cams_kuala_lumpur_2024_10.nc
2026-06-01 18:41:36,100 - INFO - cams_kuala_lumpur_2024_10.nc parsed successfully
2026-06-01 18:41:36,100 - INFO - Parsing cams_kuala_lumpur_2024_11.nc
2026-06-01 18:41:36,126 - INFO - cams_kuala_lumpur_2024_11.nc parsed successfully
2026-06-01 18:41:36,127 - INFO - Parsing cams_kuala_lumpur_2024_12.nc
2026-06-01 18:41:36,152 - INFO - cams_kuala_lumpur_2024_12.nc parsed successfully
2026-06-01 18:41:36,152 - INFO - Parsing cams_kuala_lumpur_2025_01.nc
2026-06-01 18:41:36,174 - INFO - cams_kuala_lumpur_2025_01.nc parsed successfully
2026-06-01 18:41:36,174 - INFO - Parsing cams_kuala_lumpur_2025_02.nc
2026-06-01 18:41:36,198 - INFO - cams_kuala_lumpur_2025_02.nc parsed successfully
2026-06-01 18:41:36,199 - INFO - Parsing cams_kuala_lumpur_2025_03.nc
2026-06-01 18:41:36,225 - INFO - cams_kuala_lumpur_2025_03.nc parsed successfully
2026-06-01 18:41:36,225 - INFO - Parsing cams_kuala_lumpur_2025_04.nc
2026-06-01 18:41:36,247 - INFO - cams_kuala_lumpur_2025_04.nc parsed successfully
2026-06-01 18:41:36,247 - INFO - Parsing cams_kuala_lumpur_2025_05.nc
2026-06-01 18:41:36,268 - INFO - cams_kuala_lumpur_2025_05.nc parsed successfully
2026-06-01 18:41:36,269 - INFO - Parsing cams_kuala_lumpur_2025_06.nc
2026-06-01 18:41:36,291 - INFO - cams_kuala_lumpur_2025_06.nc parsed successfully
2026-06-01 18:41:36,292 - INFO - Parsing cams_kuala_lumpur_2025_07.nc
2026-06-01 18:41:36,322 - INFO - cams_kuala_lumpur_2025_07.nc parsed successfully
2026-06-01 18:41:36,324 - INFO - Parsing cams_kuala_lumpur_2025_08.nc
2026-06-01 18:41:36,369 - INFO - cams_kuala_lumpur_2025_08.nc parsed successfully
2026-06-01 18:41:36,370 - INFO - Parsing cams_los_angeles_2024_09.nc
2026-06-01 18:41:36,392 - INFO - cams_los_angeles_2024_09.nc parsed successfully
2026-06-01 18:41:36,393 - INFO - Parsing cams_los_angeles_2024_10.nc
2026-06-01 18:41:36,416 - INFO - cams_los_angeles_2024_10.nc parsed successfully
2026-06-01 18:41:36,417 - INFO - Parsing cams_los_angeles_2024_11.nc
2026-06-01 18:41:36,438 - INFO - cams_los_angeles_2024_11.nc parsed successfully
2026-06-01 18:41:36,439 - INFO - Parsing cams_los_angeles_2024_12.nc
2026-06-01 18:41:36,465 - INFO - cams_los_angeles_2024_12.nc parsed successfully
2026-06-01 18:41:36,467 - INFO - Parsing cams_los_angeles_2025_01.nc
2026-06-01 18:41:36,504 - INFO - cams_los_angeles_2025_01.nc parsed successfully
2026-06-01 18:41:36,505 - INFO - Parsing cams_los_angeles_2025_02.nc
2026-06-01 18:41:36,534 - INFO - cams_los_angeles_2025_02.nc parsed successfully
2026-06-01 18:41:36,534 - INFO - Parsing cams_los_angeles_2025_03.nc
2026-06-01 18:41:36,591 - INFO - cams_los_angeles_2025_03.nc parsed successfully
2026-06-01 18:41:36,592 - INFO - Parsing cams_los_angeles_2025_04.nc
2026-06-01 18:41:36,628 - INFO - cams_los_angeles_2025_04.nc parsed successfully
2026-06-01 18:41:36,631 - INFO - Parsing cams_los_angeles_2025_05.nc
2026-06-01 18:41:36,664 - INFO - cams_los_angeles_2025_05.nc parsed successfully
2026-06-01 18:41:36,664 - INFO - Parsing cams_los_angeles_2025_06.nc
2026-06-01 18:41:36,697 - INFO - cams_los_angeles_2025_06.nc parsed successfully
2026-06-01 18:41:36,697 - INFO - Parsing cams_los_angeles_2025_07.nc
2026-06-01 18:41:36,735 - INFO - cams_los_angeles_2025_07.nc parsed successfully
2026-06-01 18:41:36,735 - INFO - Parsing cams_los_angeles_2025_08.nc
2026-06-01 18:41:36,756 - INFO - cams_los_angeles_2025_08.nc parsed successfully
2026-06-01 18:41:36,756 - INFO - Parsing cams_singapore_2024_09.nc
2026-06-01 18:41:36,778 - INFO - cams_singapore_2024_09.nc parsed successfully
2026-06-01 18:41:36,779 - INFO - Parsing cams_singapore_2024_10.nc
2026-06-01 18:41:36,804 - INFO - cams_singapore_2024_10.nc parsed successfully
2026-06-01 18:41:36,804 - INFO - Parsing cams_singapore_2024_11.nc
2026-06-01 18:41:36,830 - INFO - cams_singapore_2024_11.nc parsed successfully
2026-06-01 18:41:36,830 - INFO - Parsing cams_singapore_2024_12.nc
2026-06-01 18:41:36,854 - INFO - cams_singapore_2024_12.nc parsed successfully
2026-06-01 18:41:36,855 - INFO - Parsing cams_singapore_2025_01.nc
2026-06-01 18:41:36,913 - INFO - cams_singapore_2025_01.nc parsed successfully
2026-06-01 18:41:36,914 - INFO - Parsing cams_singapore_2025_02.nc
2026-06-01 18:41:36,936 - INFO - cams_singapore_2025_02.nc parsed successfully
2026-06-01 18:41:36,937 - INFO - Parsing cams_singapore_2025_03.nc
2026-06-01 18:41:36,965 - INFO - cams_singapore_2025_03.nc parsed successfully
2026-06-01 18:41:36,965 - INFO - Parsing cams_singapore_2025_04.nc
2026-06-01 18:41:36,990 - INFO - cams_singapore_2025_04.nc parsed successfully
2026-06-01 18:41:36,990 - INFO - Parsing cams_singapore_2025_05.nc
2026-06-01 18:41:37,012 - INFO - cams_singapore_2025_05.nc parsed successfully
2026-06-01 18:41:37,013 - INFO - Parsing cams_singapore_2025_06.nc
2026-06-01 18:41:37,036 - INFO - cams_singapore_2025_06.nc parsed successfully
2026-06-01 18:41:37,037 - INFO - Parsing cams_singapore_2025_07.nc
2026-06-01 18:41:37,069 - INFO - cams_singapore_2025_07.nc parsed successfully
2026-06-01 18:41:37,069 - INFO - Parsing cams_singapore_2025_08.nc
2026-06-01 18:41:37,092 - INFO - cams_singapore_2025_08.nc parsed successfully
2026-06-01 18:41:37,092 - INFO - Parsing cams_surakarta_2024_09.nc
2026-06-01 18:41:37,120 - INFO - cams_surakarta_2024_09.nc parsed successfully
2026-06-01 18:41:37,120 - INFO - Parsing cams_surakarta_2024_10.nc
2026-06-01 18:41:37,143 - INFO - cams_surakarta_2024_10.nc parsed successfully
2026-06-01 18:41:37,143 - INFO - Parsing cams_surakarta_2024_11.nc
2026-06-01 18:41:37,166 - INFO - cams_surakarta_2024_11.nc parsed successfully
2026-06-01 18:41:37,166 - INFO - Parsing cams_surakarta_2024_12.nc
2026-06-01 18:41:37,190 - INFO - cams_surakarta_2024_12.nc parsed successfully
2026-06-01 18:41:37,191 - INFO - Parsing cams_surakarta_2025_01.nc
2026-06-01 18:41:37,214 - INFO - cams_surakarta_2025_01.nc parsed successfully
2026-06-01 18:41:37,214 - INFO - Parsing cams_surakarta_2025_02.nc
2026-06-01 18:41:37,237 - INFO - cams_surakarta_2025_02.nc parsed successfully
2026-06-01 18:41:37,237 - INFO - Parsing cams_surakarta_2025_03.nc
2026-06-01 18:41:37,264 - INFO - cams_surakarta_2025_03.nc parsed successfully
2026-06-01 18:41:37,265 - INFO - Parsing cams_surakarta_2025_04.nc
2026-06-01 18:41:37,305 - INFO - cams_surakarta_2025_04.nc parsed successfully
2026-06-01 18:41:37,305 - INFO - Parsing cams_surakarta_2025_05.nc
2026-06-01 18:41:37,333 - INFO - cams_surakarta_2025_05.nc parsed successfully
2026-06-01 18:41:37,333 - INFO - Parsing cams_surakarta_2025_06.nc
2026-06-01 18:41:37,361 - INFO - cams_surakarta_2025_06.nc parsed successfully
2026-06-01 18:41:37,362 - INFO - Parsing cams_surakarta_2025_07.nc
2026-06-01 18:41:37,390 - INFO - cams_surakarta_2025_07.nc parsed successfully
2026-06-01 18:41:37,390 - INFO - Parsing cams_surakarta_2025_08.nc
2026-06-01 18:41:37,417 - INFO - cams_surakarta_2025_08.nc parsed successfully
2026-06-01 18:41:37,719 - INFO - CAMS parsing completed with shape (51580, 6)
2026-06-01 18:41:37,719 - INFO - Saved parsed data to data/raw/cams_all_cities.csv
2026-06-01 18:41:40,572 - INFO - CAMS cleaning started
2026-06-01 18:41:40,572 - INFO - Loading raw CAMS data from data/raw/cams_all_cities.csv
2026-06-01 18:41:40,762 - INFO - CAMS cleaning completed with shape (11680, 4)
2026-06-01 18:41:40,762 - INFO - Cleaned data saved to data/processed/cams_clean.csv
2026-06-01 18:41:44,392 - INFO - CAMS feature engineering started
2026-06-01 18:41:44,398 - INFO - Loading cleaned CAMS data from data/processed/cams_clean.csv
2026-06-01 18:41:44,420 - INFO - Input data shape: (11680, 4)
2026-06-01 18:41:44,434 - INFO - Time-based features created
2026-06-01 18:41:44,448 - INFO - Rolling and lag features created
2026-06-01 18:41:44,454 - INFO - Missing values dropped: 8 rows removed
2026-06-01 18:41:44,562 - INFO - CAMS feature engineering completed with shape (11672, 12)
2026-06-01 18:41:44,562 - INFO - Feature dataset saved to data/processed/cams_feature_dataset.csv
2026-06-01 18:41:52,512 - INFO - Model training started
2026-06-01 18:41:52,514 - INFO - Loading feature dataset from data/processed/cams_feature_dataset.csv
2026-06-01 18:41:52,555 - INFO - Dataset loaded with shape (11672, 12)
2026-06-01 18:41:52,561 - INFO - Train shape: (9337, 9), Test shape: (2335, 9)
2026-06-01 18:41:52,563 - INFO - RandomForest model training started
2026-06-01 18:42:01,971 - INFO - Model training completed
2026-06-01 18:42:02,068 - INFO - Model metrics saved to models/model_metrics.json
2026-06-01 18:42:02,068 - INFO - MAE: 0.9673944885382783
2026-06-01 18:42:02,069 - INFO - MSE: 8.686068146471799
2026-06-01 18:42:02,069 - INFO - RMSE: 2.9472136241663582
2026-06-01 18:42:02,069 - INFO - R2: 0.9986104794579402
2026-06-01 18:42:02,953 - INFO - Model saved to models/trained_model.pkl
2026-06-01 18:42:06,121 - INFO - Load to PostgreSQL pipeline started
2026-06-01 18:42:06,366 - ERROR - Load to PostgreSQL pipeline failed
2026-06-01 18:42:06,366 - ERROR - (psycopg2.OperationalError) connection to server at "postgres_db" (172.19.0.2), port 5555 failed: Connection refused
	Is the server running on that host and accepting TCP/IP connections?

(Background on this error at: https://sqlalche.me/e/20/e3q8)
Traceback (most recent call last):
  File "/usr/local/lib/python3.11/site-packages/sqlalchemy/engine/base.py", line 143, in __init__
    self._dbapi_connection = engine.raw_connection()
                             ^^^^^^^^^^^^^^^^^^^^^^^
  File "/usr/local/lib/python3.11/site-packages/sqlalchemy/engine/base.py", line 3317, in raw_connection
    return self.pool.connect()
           ^^^^^^^^^^^^^^^^^^^
  File "/usr/local/lib/python3.11/site-packages/sqlalchemy/pool/base.py", line 448, in connect
    return _ConnectionFairy._checkout(self)
           ^^^^^^^^^^^^^^^^^^^^^^^^^^^^^^^^
  File "/usr/local/lib/python3.11/site-packages/sqlalchemy/pool/base.py", line 1272, in _checkout
    fairy = _ConnectionRecord.checkout(pool)
            ^^^^^^^^^^^^^^^^^^^^^^^^^^^^^^^^
  File "/usr/local/lib/python3.11/site-packages/sqlalchemy/pool/base.py", line 712, in checkout
    rec = pool._do_get()
          ^^^^^^^^^^^^^^
  File "/usr/local/lib/python3.11/site-packages/sqlalchemy/pool/impl.py", line 177, in _do_get
    with util.safe_reraise():
  File "/usr/local/lib/python3.11/site-packages/sqlalchemy/util/langhelpers.py", line 121, in __exit__
    raise exc_value.with_traceback(exc_tb)
  File "/usr/local/lib/python3.11/site-packages/sqlalchemy/pool/impl.py", line 175, in _do_get
    return self._create_connection()
           ^^^^^^^^^^^^^^^^^^^^^^^^^
  File "/usr/local/lib/python3.11/site-packages/sqlalchemy/pool/base.py", line 389, in _create_connection
    return _ConnectionRecord(self)
           ^^^^^^^^^^^^^^^^^^^^^^^
  File "/usr/local/lib/python3.11/site-packages/sqlalchemy/pool/base.py", line 674, in __init__
    self.__connect()
  File "/usr/local/lib/python3.11/site-packages/sqlalchemy/pool/base.py", line 900, in __connect
    with util.safe_reraise():
  File "/usr/local/lib/python3.11/site-packages/sqlalchemy/util/langhelpers.py", line 121, in __exit__
    raise exc_value.with_traceback(exc_tb)
  File "/usr/local/lib/python3.11/site-packages/sqlalchemy/pool/base.py", line 896, in __connect
    self.dbapi_connection = connection = pool._invoke_creator(self)
                                         ^^^^^^^^^^^^^^^^^^^^^^^^^^
  File "/usr/local/lib/python3.11/site-packages/sqlalchemy/engine/create.py", line 667, in connect
    return dialect.connect(*cargs_tup, **cparams)
           ^^^^^^^^^^^^^^^^^^^^^^^^^^^^^^^^^^^^^^
  File "/usr/local/lib/python3.11/site-packages/sqlalchemy/engine/default.py", line 630, in connect
    return self.loaded_dbapi.connect(*cargs, **cparams)  # type: ignore[no-any-return]  # NOQA: E501
           ^^^^^^^^^^^^^^^^^^^^^^^^^^^^^^^^^^^^^^^^^^^^
  File "/usr/local/lib/python3.11/site-packages/psycopg2/__init__.py", line 122, in connect
    conn = _connect(dsn, connection_factory=connection_factory, **kwasync)
           ^^^^^^^^^^^^^^^^^^^^^^^^^^^^^^^^^^^^^^^^^^^^^^^^^^^^^^^^^^^^^^^
psycopg2.OperationalError: connection to server at "postgres_db" (172.19.0.2), port 5555 failed: Connection refused
	Is the server running on that host and accepting TCP/IP connections?


The above exception was the direct cause of the following exception:

Traceback (most recent call last):
  File "/app/batch/main.py", line 24, in <module>
    from database.db_connection import engine
  File "/app/database/db_connection.py", line 27, in <module>
    with engine.connect() as conn:
         ^^^^^^^^^^^^^^^^
  File "/usr/local/lib/python3.11/site-packages/sqlalchemy/engine/base.py", line 3293, in connect
    return self._connection_cls(self)
           ^^^^^^^^^^^^^^^^^^^^^^^^^^
  File "/usr/local/lib/python3.11/site-packages/sqlalchemy/engine/base.py", line 145, in __init__
    Connection._handle_dbapi_exception_noconnection(
  File "/usr/local/lib/python3.11/site-packages/sqlalchemy/engine/base.py", line 2448, in _handle_dbapi_exception_noconnection
    raise sqlalchemy_exception.with_traceback(exc_info[2]) from e
  File "/usr/local/lib/python3.11/site-packages/sqlalchemy/engine/base.py", line 143, in __init__
    self._dbapi_connection = engine.raw_connection()
                             ^^^^^^^^^^^^^^^^^^^^^^^
  File "/usr/local/lib/python3.11/site-packages/sqlalchemy/engine/base.py", line 3317, in raw_connection
    return self.pool.connect()
           ^^^^^^^^^^^^^^^^^^^
  File "/usr/local/lib/python3.11/site-packages/sqlalchemy/pool/base.py", line 448, in connect
    return _ConnectionFairy._checkout(self)
           ^^^^^^^^^^^^^^^^^^^^^^^^^^^^^^^^
  File "/usr/local/lib/python3.11/site-packages/sqlalchemy/pool/base.py", line 1272, in _checkout
    fairy = _ConnectionRecord.checkout(pool)
            ^^^^^^^^^^^^^^^^^^^^^^^^^^^^^^^^
  File "/usr/local/lib/python3.11/site-packages/sqlalchemy/pool/base.py", line 712, in checkout
    rec = pool._do_get()
          ^^^^^^^^^^^^^^
  File "/usr/local/lib/python3.11/site-packages/sqlalchemy/pool/impl.py", line 177, in _do_get
    with util.safe_reraise():
  File "/usr/local/lib/python3.11/site-packages/sqlalchemy/util/langhelpers.py", line 121, in __exit__
    raise exc_value.with_traceback(exc_tb)
  File "/usr/local/lib/python3.11/site-packages/sqlalchemy/pool/impl.py", line 175, in _do_get
    return self._create_connection()
           ^^^^^^^^^^^^^^^^^^^^^^^^^
  File "/usr/local/lib/python3.11/site-packages/sqlalchemy/pool/base.py", line 389, in _create_connection
    return _ConnectionRecord(self)
           ^^^^^^^^^^^^^^^^^^^^^^^
  File "/usr/local/lib/python3.11/site-packages/sqlalchemy/pool/base.py", line 674, in __init__
    self.__connect()
  File "/usr/local/lib/python3.11/site-packages/sqlalchemy/pool/base.py", line 900, in __connect
    with util.safe_reraise():
  File "/usr/local/lib/python3.11/site-packages/sqlalchemy/util/langhelpers.py", line 121, in __exit__
    raise exc_value.with_traceback(exc_tb)
  File "/usr/local/lib/python3.11/site-packages/sqlalchemy/pool/base.py", line 896, in __connect
    self.dbapi_connection = connection = pool._invoke_creator(self)
                                         ^^^^^^^^^^^^^^^^^^^^^^^^^^
  File "/usr/local/lib/python3.11/site-packages/sqlalchemy/engine/create.py", line 667, in connect
    return dialect.connect(*cargs_tup, **cparams)
           ^^^^^^^^^^^^^^^^^^^^^^^^^^^^^^^^^^^^^^
  File "/usr/local/lib/python3.11/site-packages/sqlalchemy/engine/default.py", line 630, in connect
    return self.loaded_dbapi.connect(*cargs, **cparams)  # type: ignore[no-any-return]  # NOQA: E501
           ^^^^^^^^^^^^^^^^^^^^^^^^^^^^^^^^^^^^^^^^^^^^
  File "/usr/local/lib/python3.11/site-packages/psycopg2/__init__.py", line 122, in connect
    conn = _connect(dsn, connection_factory=connection_factory, **kwasync)
           ^^^^^^^^^^^^^^^^^^^^^^^^^^^^^^^^^^^^^^^^^^^^^^^^^^^^^^^^^^^^^^^
sqlalchemy.exc.OperationalError: (psycopg2.OperationalError) connection to server at "postgres_db" (172.19.0.2), port 5555 failed: Connection refused
	Is the server running on that host and accepting TCP/IP connections?

(Background on this error at: https://sqlalche.me/e/20/e3q8)
2026-06-01 18:48:02,246 - INFO - Load to PostgreSQL pipeline started
2026-06-01 18:48:02,495 - INFO - Loading feature dataset from data/processed/cams_feature_dataset.csv
2026-06-01 18:48:02,556 - INFO - Dataset loaded with shape (11672, 12)
2026-06-01 18:48:02,557 - INFO - Loading trained model from models/trained_model.pkl
2026-06-01 18:48:27,453 - INFO - CAMS batch ingestion started
2026-06-01 18:48:28,595 - INFO - Skipping existing file: data/external/cams/cams_jakarta_2024_09.nc
2026-06-01 18:48:28,596 - INFO - Skipping existing file: data/external/cams/cams_jakarta_2024_10.nc
2026-06-01 18:48:28,598 - INFO - Skipping existing file: data/external/cams/cams_jakarta_2024_11.nc
2026-06-01 18:48:28,599 - INFO - Skipping existing file: data/external/cams/cams_jakarta_2024_12.nc
2026-06-01 18:48:28,601 - INFO - Skipping existing file: data/external/cams/cams_jakarta_2025_01.nc
2026-06-01 18:48:28,608 - INFO - Skipping existing file: data/external/cams/cams_jakarta_2025_02.nc
2026-06-01 18:48:28,610 - INFO - Skipping existing file: data/external/cams/cams_jakarta_2025_03.nc
2026-06-01 18:48:28,611 - INFO - Skipping existing file: data/external/cams/cams_jakarta_2025_04.nc
2026-06-01 18:48:28,612 - INFO - Skipping existing file: data/external/cams/cams_jakarta_2025_05.nc
2026-06-01 18:48:28,614 - INFO - Skipping existing file: data/external/cams/cams_jakarta_2025_06.nc
2026-06-01 18:48:28,615 - INFO - Skipping existing file: data/external/cams/cams_jakarta_2025_07.nc
2026-06-01 18:48:28,617 - INFO - Skipping existing file: data/external/cams/cams_jakarta_2025_08.nc
2026-06-01 18:48:28,618 - INFO - Skipping existing file: data/external/cams/cams_surakarta_2024_09.nc
2026-06-01 18:48:28,620 - INFO - Skipping existing file: data/external/cams/cams_surakarta_2024_10.nc
2026-06-01 18:48:28,625 - INFO - Skipping existing file: data/external/cams/cams_surakarta_2024_11.nc
2026-06-01 18:48:28,627 - INFO - Skipping existing file: data/external/cams/cams_surakarta_2024_12.nc
2026-06-01 18:48:28,628 - INFO - Skipping existing file: data/external/cams/cams_surakarta_2025_01.nc
2026-06-01 18:48:28,630 - INFO - Skipping existing file: data/external/cams/cams_surakarta_2025_02.nc
2026-06-01 18:48:28,632 - INFO - Skipping existing file: data/external/cams/cams_surakarta_2025_03.nc
2026-06-01 18:48:28,633 - INFO - Skipping existing file: data/external/cams/cams_surakarta_2025_04.nc
2026-06-01 18:48:28,635 - INFO - Skipping existing file: data/external/cams/cams_surakarta_2025_05.nc
2026-06-01 18:48:28,637 - INFO - Skipping existing file: data/external/cams/cams_surakarta_2025_06.nc
2026-06-01 18:48:28,640 - INFO - Skipping existing file: data/external/cams/cams_surakarta_2025_07.nc
2026-06-01 18:48:28,642 - INFO - Skipping existing file: data/external/cams/cams_surakarta_2025_08.nc
2026-06-01 18:48:28,652 - INFO - Skipping existing file: data/external/cams/cams_kuala_lumpur_2024_09.nc
2026-06-01 18:48:28,659 - INFO - Skipping existing file: data/external/cams/cams_kuala_lumpur_2024_10.nc
2026-06-01 18:48:28,664 - INFO - Skipping existing file: data/external/cams/cams_kuala_lumpur_2024_11.nc
2026-06-01 18:48:28,667 - INFO - Skipping existing file: data/external/cams/cams_kuala_lumpur_2024_12.nc
2026-06-01 18:48:28,670 - INFO - Skipping existing file: data/external/cams/cams_kuala_lumpur_2025_01.nc
2026-06-01 18:48:28,675 - INFO - Skipping existing file: data/external/cams/cams_kuala_lumpur_2025_02.nc
2026-06-01 18:48:28,680 - INFO - Skipping existing file: data/external/cams/cams_kuala_lumpur_2025_03.nc
2026-06-01 18:48:28,682 - INFO - Skipping existing file: data/external/cams/cams_kuala_lumpur_2025_04.nc
2026-06-01 18:48:28,685 - INFO - Skipping existing file: data/external/cams/cams_kuala_lumpur_2025_05.nc
2026-06-01 18:48:28,688 - INFO - Skipping existing file: data/external/cams/cams_kuala_lumpur_2025_06.nc
2026-06-01 18:48:28,692 - INFO - Skipping existing file: data/external/cams/cams_kuala_lumpur_2025_07.nc
2026-06-01 18:48:28,695 - INFO - Skipping existing file: data/external/cams/cams_kuala_lumpur_2025_08.nc
2026-06-01 18:48:28,697 - INFO - Skipping existing file: data/external/cams/cams_singapore_2024_09.nc
2026-06-01 18:48:28,698 - INFO - Skipping existing file: data/external/cams/cams_singapore_2024_10.nc
2026-06-01 18:48:28,700 - INFO - Skipping existing file: data/external/cams/cams_singapore_2024_11.nc
2026-06-01 18:48:28,701 - INFO - Skipping existing file: data/external/cams/cams_singapore_2024_12.nc
2026-06-01 18:48:28,703 - INFO - Skipping existing file: data/external/cams/cams_singapore_2025_01.nc
2026-06-01 18:48:28,710 - INFO - Skipping existing file: data/external/cams/cams_singapore_2025_02.nc
2026-06-01 18:48:28,712 - INFO - Skipping existing file: data/external/cams/cams_singapore_2025_03.nc
2026-06-01 18:48:28,713 - INFO - Skipping existing file: data/external/cams/cams_singapore_2025_04.nc
2026-06-01 18:48:28,715 - INFO - Skipping existing file: data/external/cams/cams_singapore_2025_05.nc
2026-06-01 18:48:28,716 - INFO - Skipping existing file: data/external/cams/cams_singapore_2025_06.nc
2026-06-01 18:48:28,717 - INFO - Skipping existing file: data/external/cams/cams_singapore_2025_07.nc
2026-06-01 18:48:28,720 - INFO - Skipping existing file: data/external/cams/cams_singapore_2025_08.nc
2026-06-01 18:48:28,720 - INFO - All CAMS downloads completed
2026-06-01 18:48:31,687 - INFO - CAMS parsing started
2026-06-01 18:48:31,690 - INFO - Parsing cams_bangkok_2024_09.nc
2026-06-01 18:48:31,872 - INFO - cams_bangkok_2024_09.nc parsed successfully
2026-06-01 18:48:31,872 - INFO - Parsing cams_bangkok_2024_10.nc
2026-06-01 18:48:31,891 - INFO - cams_bangkok_2024_10.nc parsed successfully
2026-06-01 18:48:31,891 - INFO - Parsing cams_bangkok_2024_11.nc
2026-06-01 18:48:31,911 - INFO - cams_bangkok_2024_11.nc parsed successfully
2026-06-01 18:48:31,912 - INFO - Parsing cams_bangkok_2024_12.nc
2026-06-01 18:48:31,936 - INFO - cams_bangkok_2024_12.nc parsed successfully
2026-06-01 18:48:31,936 - INFO - Parsing cams_bangkok_2025_01.nc
2026-06-01 18:48:31,963 - INFO - cams_bangkok_2025_01.nc parsed successfully
2026-06-01 18:48:31,963 - INFO - Parsing cams_bangkok_2025_02.nc
2026-06-01 18:48:31,981 - INFO - cams_bangkok_2025_02.nc parsed successfully
2026-06-01 18:48:31,981 - INFO - Parsing cams_bangkok_2025_03.nc
2026-06-01 18:48:32,000 - INFO - cams_bangkok_2025_03.nc parsed successfully
2026-06-01 18:48:32,000 - INFO - Parsing cams_bangkok_2025_04.nc
2026-06-01 18:48:32,024 - INFO - cams_bangkok_2025_04.nc parsed successfully
2026-06-01 18:48:32,025 - INFO - Parsing cams_bangkok_2025_05.nc
2026-06-01 18:48:32,049 - INFO - cams_bangkok_2025_05.nc parsed successfully
2026-06-01 18:48:32,049 - INFO - Parsing cams_bangkok_2025_06.nc
2026-06-01 18:48:32,070 - INFO - cams_bangkok_2025_06.nc parsed successfully
2026-06-01 18:48:32,070 - INFO - Parsing cams_bangkok_2025_07.nc
2026-06-01 18:48:32,088 - INFO - cams_bangkok_2025_07.nc parsed successfully
2026-06-01 18:48:32,088 - INFO - Parsing cams_bangkok_2025_08.nc
2026-06-01 18:48:32,104 - INFO - cams_bangkok_2025_08.nc parsed successfully
2026-06-01 18:48:32,104 - INFO - Parsing cams_beijing_2024_09.nc
2026-06-01 18:48:32,121 - INFO - cams_beijing_2024_09.nc parsed successfully
2026-06-01 18:48:32,121 - INFO - Parsing cams_beijing_2024_10.nc
2026-06-01 18:48:32,139 - INFO - cams_beijing_2024_10.nc parsed successfully
2026-06-01 18:48:32,140 - INFO - Parsing cams_beijing_2024_11.nc
2026-06-01 18:48:32,163 - INFO - cams_beijing_2024_11.nc parsed successfully
2026-06-01 18:48:32,164 - INFO - Parsing cams_beijing_2024_12.nc
2026-06-01 18:48:32,194 - INFO - cams_beijing_2024_12.nc parsed successfully
2026-06-01 18:48:32,195 - INFO - Parsing cams_beijing_2025_01.nc
2026-06-01 18:48:32,213 - INFO - cams_beijing_2025_01.nc parsed successfully
2026-06-01 18:48:32,213 - INFO - Parsing cams_beijing_2025_02.nc
2026-06-01 18:48:32,231 - INFO - cams_beijing_2025_02.nc parsed successfully
2026-06-01 18:48:32,231 - INFO - Parsing cams_beijing_2025_03.nc
2026-06-01 18:48:32,250 - INFO - cams_beijing_2025_03.nc parsed successfully
2026-06-01 18:48:32,250 - INFO - Parsing cams_beijing_2025_04.nc
2026-06-01 18:48:32,268 - INFO - cams_beijing_2025_04.nc parsed successfully
2026-06-01 18:48:32,269 - INFO - Parsing cams_beijing_2025_05.nc
2026-06-01 18:48:32,287 - INFO - cams_beijing_2025_05.nc parsed successfully
2026-06-01 18:48:32,287 - INFO - Parsing cams_beijing_2025_06.nc
2026-06-01 18:48:32,303 - INFO - cams_beijing_2025_06.nc parsed successfully
2026-06-01 18:48:32,303 - INFO - Parsing cams_beijing_2025_07.nc
2026-06-01 18:48:32,318 - INFO - cams_beijing_2025_07.nc parsed successfully
2026-06-01 18:48:32,318 - INFO - Parsing cams_beijing_2025_08.nc
2026-06-01 18:48:32,336 - INFO - cams_beijing_2025_08.nc parsed successfully
2026-06-01 18:48:32,336 - INFO - Parsing cams_delhi_2024_09.nc
2026-06-01 18:48:32,359 - INFO - cams_delhi_2024_09.nc parsed successfully
2026-06-01 18:48:32,359 - INFO - Parsing cams_delhi_2024_10.nc
2026-06-01 18:48:32,381 - INFO - cams_delhi_2024_10.nc parsed successfully
2026-06-01 18:48:32,381 - INFO - Parsing cams_delhi_2024_11.nc
2026-06-01 18:48:32,402 - INFO - cams_delhi_2024_11.nc parsed successfully
2026-06-01 18:48:32,402 - INFO - Parsing cams_delhi_2024_12.nc
2026-06-01 18:48:32,419 - INFO - cams_delhi_2024_12.nc parsed successfully
2026-06-01 18:48:32,419 - INFO - Parsing cams_delhi_2025_01.nc
2026-06-01 18:48:32,437 - INFO - cams_delhi_2025_01.nc parsed successfully
2026-06-01 18:48:32,451 - INFO - Parsing cams_delhi_2025_02.nc
2026-06-01 18:48:32,504 - INFO - cams_delhi_2025_02.nc parsed successfully
2026-06-01 18:48:32,505 - INFO - Parsing cams_delhi_2025_03.nc
2026-06-01 18:48:32,543 - INFO - cams_delhi_2025_03.nc parsed successfully
2026-06-01 18:48:32,543 - INFO - Parsing cams_delhi_2025_04.nc
2026-06-01 18:48:32,573 - INFO - cams_delhi_2025_04.nc parsed successfully
2026-06-01 18:48:32,574 - INFO - Parsing cams_delhi_2025_05.nc
2026-06-01 18:48:32,613 - INFO - cams_delhi_2025_05.nc parsed successfully
2026-06-01 18:48:32,614 - INFO - Parsing cams_delhi_2025_06.nc
2026-06-01 18:48:32,636 - INFO - cams_delhi_2025_06.nc parsed successfully
2026-06-01 18:48:32,637 - INFO - Parsing cams_delhi_2025_07.nc
2026-06-01 18:48:32,656 - INFO - cams_delhi_2025_07.nc parsed successfully
2026-06-01 18:48:32,656 - INFO - Parsing cams_delhi_2025_08.nc
2026-06-01 18:48:32,673 - INFO - cams_delhi_2025_08.nc parsed successfully
2026-06-01 18:48:32,673 - INFO - Parsing cams_jakarta_2024_09.nc
2026-06-01 18:48:32,690 - INFO - cams_jakarta_2024_09.nc parsed successfully
2026-06-01 18:48:32,690 - INFO - Parsing cams_jakarta_2024_10.nc
2026-06-01 18:48:32,707 - INFO - cams_jakarta_2024_10.nc parsed successfully
2026-06-01 18:48:32,707 - INFO - Parsing cams_jakarta_2024_11.nc
2026-06-01 18:48:32,722 - INFO - cams_jakarta_2024_11.nc parsed successfully
2026-06-01 18:48:32,722 - INFO - Parsing cams_jakarta_2024_12.nc
2026-06-01 18:48:32,740 - INFO - cams_jakarta_2024_12.nc parsed successfully
2026-06-01 18:48:32,740 - INFO - Parsing cams_jakarta_2025_01.nc
2026-06-01 18:48:32,760 - INFO - cams_jakarta_2025_01.nc parsed successfully
2026-06-01 18:48:32,761 - INFO - Parsing cams_jakarta_2025_02.nc
2026-06-01 18:48:32,778 - INFO - cams_jakarta_2025_02.nc parsed successfully
2026-06-01 18:48:32,779 - INFO - Parsing cams_jakarta_2025_03.nc
2026-06-01 18:48:32,794 - INFO - cams_jakarta_2025_03.nc parsed successfully
2026-06-01 18:48:32,794 - INFO - Parsing cams_jakarta_2025_04.nc
2026-06-01 18:48:32,813 - INFO - cams_jakarta_2025_04.nc parsed successfully
2026-06-01 18:48:32,814 - INFO - Parsing cams_jakarta_2025_05.nc
2026-06-01 18:48:32,851 - INFO - cams_jakarta_2025_05.nc parsed successfully
2026-06-01 18:48:32,852 - INFO - Parsing cams_jakarta_2025_06.nc
2026-06-01 18:48:32,873 - INFO - cams_jakarta_2025_06.nc parsed successfully
2026-06-01 18:48:32,873 - INFO - Parsing cams_jakarta_2025_07.nc
2026-06-01 18:48:32,892 - INFO - cams_jakarta_2025_07.nc parsed successfully
2026-06-01 18:48:32,892 - INFO - Parsing cams_jakarta_2025_08.nc
2026-06-01 18:48:32,907 - INFO - cams_jakarta_2025_08.nc parsed successfully
2026-06-01 18:48:32,908 - INFO - Parsing cams_kuala_lumpur_2024_09.nc
2026-06-01 18:48:32,924 - INFO - cams_kuala_lumpur_2024_09.nc parsed successfully
2026-06-01 18:48:32,924 - INFO - Parsing cams_kuala_lumpur_2024_10.nc
2026-06-01 18:48:32,944 - INFO - cams_kuala_lumpur_2024_10.nc parsed successfully
2026-06-01 18:48:32,944 - INFO - Parsing cams_kuala_lumpur_2024_11.nc
2026-06-01 18:48:32,967 - INFO - cams_kuala_lumpur_2024_11.nc parsed successfully
2026-06-01 18:48:32,967 - INFO - Parsing cams_kuala_lumpur_2024_12.nc
2026-06-01 18:48:32,999 - INFO - cams_kuala_lumpur_2024_12.nc parsed successfully
2026-06-01 18:48:32,999 - INFO - Parsing cams_kuala_lumpur_2025_01.nc
2026-06-01 18:48:33,048 - INFO - cams_kuala_lumpur_2025_01.nc parsed successfully
2026-06-01 18:48:33,049 - INFO - Parsing cams_kuala_lumpur_2025_02.nc
2026-06-01 18:48:33,090 - INFO - cams_kuala_lumpur_2025_02.nc parsed successfully
2026-06-01 18:48:33,090 - INFO - Parsing cams_kuala_lumpur_2025_03.nc
2026-06-01 18:48:33,113 - INFO - cams_kuala_lumpur_2025_03.nc parsed successfully
2026-06-01 18:48:33,113 - INFO - Parsing cams_kuala_lumpur_2025_04.nc
2026-06-01 18:48:33,139 - INFO - cams_kuala_lumpur_2025_04.nc parsed successfully
2026-06-01 18:48:33,140 - INFO - Parsing cams_kuala_lumpur_2025_05.nc
2026-06-01 18:48:33,162 - INFO - cams_kuala_lumpur_2025_05.nc parsed successfully
2026-06-01 18:48:33,162 - INFO - Parsing cams_kuala_lumpur_2025_06.nc
2026-06-01 18:48:33,181 - INFO - cams_kuala_lumpur_2025_06.nc parsed successfully
2026-06-01 18:48:33,181 - INFO - Parsing cams_kuala_lumpur_2025_07.nc
2026-06-01 18:48:33,198 - INFO - cams_kuala_lumpur_2025_07.nc parsed successfully
2026-06-01 18:48:33,198 - INFO - Parsing cams_kuala_lumpur_2025_08.nc
2026-06-01 18:48:33,219 - INFO - cams_kuala_lumpur_2025_08.nc parsed successfully
2026-06-01 18:48:33,219 - INFO - Parsing cams_los_angeles_2024_09.nc
2026-06-01 18:48:33,323 - INFO - cams_los_angeles_2024_09.nc parsed successfully
2026-06-01 18:48:33,324 - INFO - Parsing cams_los_angeles_2024_10.nc
2026-06-01 18:48:33,363 - INFO - cams_los_angeles_2024_10.nc parsed successfully
2026-06-01 18:48:33,364 - INFO - Parsing cams_los_angeles_2024_11.nc
2026-06-01 18:48:33,390 - INFO - cams_los_angeles_2024_11.nc parsed successfully
2026-06-01 18:48:33,390 - INFO - Parsing cams_los_angeles_2024_12.nc
2026-06-01 18:48:33,423 - INFO - cams_los_angeles_2024_12.nc parsed successfully
2026-06-01 18:48:33,423 - INFO - Parsing cams_los_angeles_2025_01.nc
2026-06-01 18:48:33,470 - INFO - cams_los_angeles_2025_01.nc parsed successfully
2026-06-01 18:48:33,471 - INFO - Parsing cams_los_angeles_2025_02.nc
2026-06-01 18:48:33,516 - INFO - cams_los_angeles_2025_02.nc parsed successfully
2026-06-01 18:48:33,516 - INFO - Parsing cams_los_angeles_2025_03.nc
2026-06-01 18:48:33,641 - INFO - cams_los_angeles_2025_03.nc parsed successfully
2026-06-01 18:48:33,642 - INFO - Parsing cams_los_angeles_2025_04.nc
2026-06-01 18:48:33,703 - INFO - cams_los_angeles_2025_04.nc parsed successfully
2026-06-01 18:48:33,704 - INFO - Parsing cams_los_angeles_2025_05.nc
2026-06-01 18:48:33,752 - INFO - cams_los_angeles_2025_05.nc parsed successfully
2026-06-01 18:48:33,754 - INFO - Parsing cams_los_angeles_2025_06.nc
2026-06-01 18:48:33,787 - INFO - cams_los_angeles_2025_06.nc parsed successfully
2026-06-01 18:48:33,788 - INFO - Parsing cams_los_angeles_2025_07.nc
2026-06-01 18:48:33,825 - INFO - cams_los_angeles_2025_07.nc parsed successfully
2026-06-01 18:48:33,826 - INFO - Parsing cams_los_angeles_2025_08.nc
2026-06-01 18:48:33,856 - INFO - cams_los_angeles_2025_08.nc parsed successfully
2026-06-01 18:48:33,857 - INFO - Parsing cams_singapore_2024_09.nc
2026-06-01 18:48:33,884 - INFO - cams_singapore_2024_09.nc parsed successfully
2026-06-01 18:48:33,886 - INFO - Parsing cams_singapore_2024_10.nc
2026-06-01 18:48:33,925 - INFO - cams_singapore_2024_10.nc parsed successfully
2026-06-01 18:48:33,925 - INFO - Parsing cams_singapore_2024_11.nc
2026-06-01 18:48:33,959 - INFO - cams_singapore_2024_11.nc parsed successfully
2026-06-01 18:48:33,959 - INFO - Parsing cams_singapore_2024_12.nc
2026-06-01 18:48:33,994 - INFO - cams_singapore_2024_12.nc parsed successfully
2026-06-01 18:48:33,994 - INFO - Parsing cams_singapore_2025_01.nc
2026-06-01 18:48:34,027 - INFO - cams_singapore_2025_01.nc parsed successfully
2026-06-01 18:48:34,028 - INFO - Parsing cams_singapore_2025_02.nc
2026-06-01 18:48:34,060 - INFO - cams_singapore_2025_02.nc parsed successfully
2026-06-01 18:48:34,060 - INFO - Parsing cams_singapore_2025_03.nc
2026-06-01 18:48:34,090 - INFO - cams_singapore_2025_03.nc parsed successfully
2026-06-01 18:48:34,090 - INFO - Parsing cams_singapore_2025_04.nc
2026-06-01 18:48:34,116 - INFO - cams_singapore_2025_04.nc parsed successfully
2026-06-01 18:48:34,116 - INFO - Parsing cams_singapore_2025_05.nc
2026-06-01 18:48:34,141 - INFO - cams_singapore_2025_05.nc parsed successfully
2026-06-01 18:48:34,141 - INFO - Parsing cams_singapore_2025_06.nc
2026-06-01 18:48:34,166 - INFO - cams_singapore_2025_06.nc parsed successfully
2026-06-01 18:48:34,166 - INFO - Parsing cams_singapore_2025_07.nc
2026-06-01 18:48:34,189 - INFO - cams_singapore_2025_07.nc parsed successfully
2026-06-01 18:48:34,189 - INFO - Parsing cams_singapore_2025_08.nc
2026-06-01 18:48:34,249 - INFO - cams_singapore_2025_08.nc parsed successfully
2026-06-01 18:48:34,250 - INFO - Parsing cams_surakarta_2024_09.nc
2026-06-01 18:48:34,282 - INFO - cams_surakarta_2024_09.nc parsed successfully
2026-06-01 18:48:34,284 - INFO - Parsing cams_surakarta_2024_10.nc
2026-06-01 18:48:34,312 - INFO - cams_surakarta_2024_10.nc parsed successfully
2026-06-01 18:48:34,312 - INFO - Parsing cams_surakarta_2024_11.nc
2026-06-01 18:48:34,345 - INFO - cams_surakarta_2024_11.nc parsed successfully
2026-06-01 18:48:34,345 - INFO - Parsing cams_surakarta_2024_12.nc
2026-06-01 18:48:34,374 - INFO - cams_surakarta_2024_12.nc parsed successfully
2026-06-01 18:48:34,375 - INFO - Parsing cams_surakarta_2025_01.nc
2026-06-01 18:48:34,402 - INFO - cams_surakarta_2025_01.nc parsed successfully
2026-06-01 18:48:34,403 - INFO - Parsing cams_surakarta_2025_02.nc
2026-06-01 18:48:34,431 - INFO - cams_surakarta_2025_02.nc parsed successfully
2026-06-01 18:48:34,432 - INFO - Parsing cams_surakarta_2025_03.nc
2026-06-01 18:48:34,458 - INFO - cams_surakarta_2025_03.nc parsed successfully
2026-06-01 18:48:34,458 - INFO - Parsing cams_surakarta_2025_04.nc
2026-06-01 18:48:34,488 - INFO - cams_surakarta_2025_04.nc parsed successfully
2026-06-01 18:48:34,488 - INFO - Parsing cams_surakarta_2025_05.nc
2026-06-01 18:48:34,512 - INFO - cams_surakarta_2025_05.nc parsed successfully
2026-06-01 18:48:34,512 - INFO - Parsing cams_surakarta_2025_06.nc
2026-06-01 18:48:34,536 - INFO - cams_surakarta_2025_06.nc parsed successfully
2026-06-01 18:48:34,537 - INFO - Parsing cams_surakarta_2025_07.nc
2026-06-01 18:48:34,591 - INFO - cams_surakarta_2025_07.nc parsed successfully
2026-06-01 18:48:34,592 - INFO - Parsing cams_surakarta_2025_08.nc
2026-06-01 18:48:34,614 - INFO - cams_surakarta_2025_08.nc parsed successfully
2026-06-01 18:48:34,986 - INFO - CAMS parsing completed with shape (51580, 6)
2026-06-01 18:48:34,986 - INFO - Saved parsed data to data/raw/cams_all_cities.csv
2026-06-01 18:48:37,660 - INFO - CAMS cleaning started
2026-06-01 18:48:37,661 - INFO - Loading raw CAMS data from data/raw/cams_all_cities.csv
2026-06-01 18:48:37,909 - INFO - CAMS cleaning completed with shape (11680, 4)
2026-06-01 18:48:37,910 - INFO - Cleaned data saved to data/processed/cams_clean.csv
2026-06-01 18:48:40,036 - INFO - CAMS feature engineering started
2026-06-01 18:48:40,038 - INFO - Loading cleaned CAMS data from data/processed/cams_clean.csv
2026-06-01 18:48:40,060 - INFO - Input data shape: (11680, 4)
2026-06-01 18:48:40,069 - INFO - Time-based features created
2026-06-01 18:48:40,078 - INFO - Rolling and lag features created
2026-06-01 18:48:40,082 - INFO - Missing values dropped: 8 rows removed
2026-06-01 18:48:40,176 - INFO - CAMS feature engineering completed with shape (11672, 12)
2026-06-01 18:48:40,176 - INFO - Feature dataset saved to data/processed/cams_feature_dataset.csv
2026-06-01 18:48:42,707 - INFO - Model training started
2026-06-01 18:48:42,709 - INFO - Loading feature dataset from data/processed/cams_feature_dataset.csv
2026-06-01 18:48:42,740 - INFO - Dataset loaded with shape (11672, 12)
2026-06-01 18:48:42,744 - INFO - Train shape: (9337, 9), Test shape: (2335, 9)
2026-06-01 18:48:42,745 - INFO - RandomForest model training started
2026-06-01 18:48:51,360 - INFO - Model training completed
2026-06-01 18:48:51,443 - INFO - Model metrics saved to models/model_metrics.json
2026-06-01 18:48:51,443 - INFO - MAE: 0.9673944885382783
2026-06-01 18:48:51,443 - INFO - MSE: 8.686068146471799
2026-06-01 18:48:51,443 - INFO - RMSE: 2.9472136241663582
2026-06-01 18:48:51,443 - INFO - R2: 0.9986104794579402
2026-06-01 18:48:52,035 - INFO - Model saved to models/trained_model.pkl
2026-06-01 18:48:54,633 - INFO - Load to PostgreSQL pipeline started
2026-06-01 18:48:54,823 - INFO - Loading feature dataset from data/processed/cams_feature_dataset.csv
2026-06-01 18:48:54,884 - INFO - Dataset loaded with shape (11672, 12)
2026-06-01 18:48:54,884 - INFO - Loading trained model from models/trained_model.pkl
2026-06-01 18:48:56,132 - INFO - Missing values dropped before inference: 0
2026-06-01 18:48:56,133 - INFO - Running PM2.5 prediction
2026-06-01 18:48:56,405 - INFO - Calculating anomaly threshold
2026-06-01 18:48:56,413 - INFO - Total anomalies detected: 450
2026-06-01 18:48:56,437 - WARNING - BATCH ALERT: PM2.5 anomalies detected
Total anomalies: 450
- Bangkok: 74 anomalies
- Beijing: 49 anomalies
- Delhi: 94 anomalies
- Jakarta: 52 anomalies
- Kuala Lumpur: 47 anomalies
- Los Angeles: 27 anomalies
- Singapore: 51 anomalies
- Surakarta: 56 anomalies
2026-06-01 18:48:58,147 - INFO - Writing city summary data to PostgreSQL
2026-06-01 18:48:58,161 - INFO - CAMS final dataset inserted into PostgreSQL with shape (11672, 15)
2026-06-01 18:48:58,161 - INFO - Load to PostgreSQL pipeline completed
2026-06-01 19:05:38,644 - INFO - CAMS batch ingestion started
2026-06-01 19:05:39,849 - INFO - Downloading CAMS for Jakarta 2024-09-01 -> 2024-09-30
2026-06-01 19:05:41,829 - INFO - Request ID is 5014b6e1-ecb7-4c8a-9bc1-0bf8511f8efd
2026-06-01 19:05:44,922 - INFO - status has been updated to accepted
2026-06-01 19:05:59,241 - INFO - status has been updated to running
2026-06-01 19:06:07,056 - INFO - status has been updated to successful
2026-06-01 19:06:09,010 - INFO - Downloading https://object-store.os-api.cci2.ecmwf.int:443/cci2-prod-cache-1/2026-06-01/ffaaf936ed8f4d76b02ca49470a82784.nc
2026-06-01 19:06:10,782 - INFO - Downloaded: data/external/cams/cams_jakarta_2024_09.nc
2026-06-01 19:06:10,784 - INFO - Downloading CAMS for Jakarta 2024-10-01 -> 2024-10-31
2026-06-01 19:06:11,267 - INFO - Request ID is 3f5a5a08-17d7-4e5b-bbb0-da02f5616885
2026-06-01 19:06:11,941 - INFO - status has been updated to accepted
2026-06-01 19:06:22,245 - INFO - status has been updated to running
2026-06-01 19:06:37,273 - INFO - status has been updated to successful
2026-06-01 19:06:37,691 - INFO - Downloading https://object-store.os-api.cci2.ecmwf.int:443/cci2-prod-cache-3/2026-06-01/467b46ec886004e8caa9cc532e5e8cdb.nc
2026-06-01 19:06:39,099 - INFO - Downloaded: data/external/cams/cams_jakarta_2024_10.nc
2026-06-01 19:06:39,101 - INFO - Downloading CAMS for Jakarta 2024-11-01 -> 2024-11-30
2026-06-01 19:06:39,592 - INFO - Request ID is 6422c8c6-9ad5-4d50-a41d-b4915fcd8edf
2026-06-01 19:06:40,664 - INFO - status has been updated to accepted
2026-06-01 19:06:55,665 - INFO - status has been updated to running
2026-06-01 19:07:08,763 - INFO - status has been updated to successful
2026-06-01 19:07:09,173 - INFO - Downloading https://object-store.os-api.cci2.ecmwf.int:443/cci2-prod-cache-3/2026-06-01/9b3c8f40aafc7a56841059a926963910.nc
2026-06-01 19:07:10,744 - INFO - Downloaded: data/external/cams/cams_jakarta_2024_11.nc
2026-06-01 19:07:10,745 - INFO - Downloading CAMS for Jakarta 2024-12-01 -> 2024-12-31
2026-06-01 19:07:11,271 - INFO - Request ID is e5d25d6a-9f22-4532-9d92-f10708bf45db
2026-06-01 19:07:11,489 - INFO - status has been updated to accepted
2026-06-01 19:07:33,906 - INFO - status has been updated to running
2026-06-01 19:07:45,504 - INFO - status has been updated to successful
2026-06-01 19:07:45,909 - INFO - Downloading https://object-store.os-api.cci2.ecmwf.int:443/cci2-prod-cache-1/2026-06-01/ce13e86c9a8a7872fbef2020ac172e2c.nc
2026-06-01 19:07:47,260 - INFO - Downloaded: data/external/cams/cams_jakarta_2024_12.nc
2026-06-01 19:07:47,261 - INFO - Downloading CAMS for Jakarta 2025-01-01 -> 2025-01-31
2026-06-01 19:07:47,756 - INFO - Request ID is a9263e0e-7302-419a-a89e-8153a06afb6d
2026-06-01 19:07:47,960 - INFO - status has been updated to accepted
2026-06-01 19:08:10,071 - INFO - status has been updated to running
2026-06-01 19:08:21,693 - INFO - status has been updated to successful
2026-06-01 19:08:22,144 - INFO - Downloading https://object-store.os-api.cci2.ecmwf.int:443/cci2-prod-cache-3/2026-06-01/cf4262845368604a983a213f69c4460e.nc
2026-06-01 19:08:24,810 - INFO - Downloaded: data/external/cams/cams_jakarta_2025_01.nc
2026-06-01 19:08:24,813 - INFO - Downloading CAMS for Jakarta 2025-02-01 -> 2025-02-28
2026-06-01 19:08:25,312 - INFO - Request ID is affd5770-ac6e-4f7f-9c7e-a0daf1d0e29b
2026-06-01 19:08:26,608 - INFO - status has been updated to accepted
2026-06-01 19:08:48,664 - INFO - status has been updated to running
2026-06-01 19:09:17,577 - INFO - status has been updated to successful
2026-06-01 19:09:18,002 - INFO - Downloading https://object-store.os-api.cci2.ecmwf.int:443/cci2-prod-cache-3/2026-06-01/59cfbb02f2f666a19235c16224e3fee5.nc
2026-06-01 19:09:19,474 - INFO - Downloaded: data/external/cams/cams_jakarta_2025_02.nc
2026-06-01 19:09:19,475 - INFO - Downloading CAMS for Jakarta 2025-03-01 -> 2025-03-31
2026-06-01 19:09:20,018 - INFO - Request ID is 6381d672-e01e-455e-b357-571db3895b67
2026-06-01 19:09:20,263 - INFO - status has been updated to accepted
2026-06-01 19:09:34,585 - INFO - status has been updated to running
2026-06-01 19:09:54,276 - INFO - status has been updated to successful
2026-06-01 19:09:54,717 - INFO - Downloading https://object-store.os-api.cci2.ecmwf.int:443/cci2-prod-cache-2/2026-06-01/976d8766a293c7d9843b88146167e4ac.nc
2026-06-01 19:09:56,314 - INFO - Downloaded: data/external/cams/cams_jakarta_2025_03.nc
2026-06-01 19:09:56,315 - INFO - Downloading CAMS for Jakarta 2025-04-01 -> 2025-04-30
2026-06-01 19:09:56,820 - INFO - Request ID is dca0dd1f-e7b8-4394-bdf6-9a38e7728eef
2026-06-01 19:09:57,032 - INFO - status has been updated to accepted
2026-06-01 19:10:30,704 - INFO - status has been updated to successful
2026-06-01 19:10:31,350 - INFO - Downloading https://object-store.os-api.cci2.ecmwf.int:443/cci2-prod-cache-2/2026-06-01/fa9e92dac4aadb11b5e46e4a6e3a34f5.nc
2026-06-01 19:10:32,769 - INFO - Downloaded: data/external/cams/cams_jakarta_2025_04.nc
2026-06-01 19:10:32,771 - INFO - Downloading CAMS for Jakarta 2025-05-01 -> 2025-05-31
2026-06-01 19:10:33,274 - INFO - Request ID is 2804d80a-0fe8-4efe-989a-d8df73669e38
2026-06-01 19:10:33,511 - INFO - status has been updated to accepted
2026-06-01 19:10:47,811 - INFO - status has been updated to running
2026-06-01 19:11:07,261 - INFO - status has been updated to successful
2026-06-01 19:11:07,791 - INFO - Downloading https://object-store.os-api.cci2.ecmwf.int:443/cci2-prod-cache-3/2026-06-01/57d883fbd5eb40912b48d05f4b35a4df.nc
2026-06-01 19:11:09,360 - INFO - Downloaded: data/external/cams/cams_jakarta_2025_05.nc
2026-06-01 19:11:09,365 - INFO - Downloading CAMS for Jakarta 2025-06-01 -> 2025-06-30
2026-06-01 19:11:11,833 - INFO - Request ID is 97e540aa-7eef-41d1-acaf-5f4ed8fed3b9
2026-06-01 19:11:12,040 - INFO - status has been updated to accepted
2026-06-01 19:11:29,194 - INFO - status has been updated to running
2026-06-01 19:11:48,636 - INFO - status has been updated to successful
2026-06-01 19:11:51,188 - INFO - Downloading https://object-store.os-api.cci2.ecmwf.int:443/cci2-prod-cache-1/2026-06-01/d8df4ff6c3b84f2eb453d69629e673c7.nc
2026-06-01 19:11:53,192 - INFO - Downloaded: data/external/cams/cams_jakarta_2025_06.nc
2026-06-01 19:11:53,194 - INFO - Downloading CAMS for Jakarta 2025-07-01 -> 2025-07-31
2026-06-01 19:11:53,670 - INFO - Request ID is 808e0496-d415-4d10-a62a-c249e6aaff9d
2026-06-01 19:11:54,000 - INFO - status has been updated to accepted
2026-06-01 19:12:29,944 - INFO - status has been updated to running
2026-06-01 19:12:47,253 - INFO - status has been updated to successful
2026-06-01 19:12:50,060 - INFO - Downloading https://object-store.os-api.cci2.ecmwf.int:443/cci2-prod-cache-1/2026-06-01/ef300fec749ee2c2df70765aa1ecf702.nc
2026-06-01 19:12:51,616 - INFO - Downloaded: data/external/cams/cams_jakarta_2025_07.nc
2026-06-01 19:12:51,617 - INFO - Downloading CAMS for Jakarta 2025-08-01 -> 2025-08-31
2026-06-01 19:12:52,141 - INFO - Request ID is f486d1f9-f8b0-4871-bd00-5114bbd7c306
2026-06-01 19:12:52,365 - INFO - status has been updated to accepted
2026-06-01 19:13:07,707 - INFO - status has been updated to running
2026-06-01 19:13:15,520 - INFO - status has been updated to successful
2026-06-01 19:13:17,746 - INFO - Downloading https://object-store.os-api.cci2.ecmwf.int:443/cci2-prod-cache-3/2026-06-01/42b8f047bd8b5550e484e5b1daa4c9de.nc
2026-06-01 19:13:19,278 - INFO - Downloaded: data/external/cams/cams_jakarta_2025_08.nc
2026-06-01 19:13:19,280 - INFO - Downloading CAMS for Surakarta 2024-09-01 -> 2024-09-30
2026-06-01 19:13:19,845 - INFO - Request ID is 8b0b8486-2edd-4435-a2fc-64ee26070830
2026-06-01 19:13:20,592 - INFO - status has been updated to accepted
2026-06-01 19:13:30,372 - INFO - status has been updated to running
2026-06-01 19:13:35,643 - INFO - status has been updated to successful
2026-06-01 19:13:36,084 - INFO - Downloading https://object-store.os-api.cci2.ecmwf.int:443/cci2-prod-cache-1/2026-06-01/550ad008d24ed458e32dabd0247d0c9b.nc
2026-06-01 19:13:37,628 - INFO - Downloaded: data/external/cams/cams_surakarta_2024_09.nc
2026-06-01 19:13:37,629 - INFO - Downloading CAMS for Surakarta 2024-10-01 -> 2024-10-31
2026-06-01 19:13:39,135 - INFO - Request ID is 005302d3-2c5e-4d57-a1df-9596bc8b79d7
2026-06-01 19:13:39,715 - INFO - status has been updated to accepted
2026-06-01 19:13:53,987 - INFO - status has been updated to running
2026-06-01 19:14:01,788 - INFO - status has been updated to successful
2026-06-01 19:14:02,424 - INFO - Downloading https://object-store.os-api.cci2.ecmwf.int:443/cci2-prod-cache-3/2026-06-01/194b4d28d2c2d957e273abd71072ffd0.nc
2026-06-01 19:14:04,005 - INFO - Downloaded: data/external/cams/cams_surakarta_2024_10.nc
2026-06-01 19:14:04,006 - INFO - Downloading CAMS for Surakarta 2024-11-01 -> 2024-11-30
2026-06-01 19:14:06,504 - INFO - Request ID is 8b1c8edb-afe9-40e1-adb0-ecb923f886f8
2026-06-01 19:14:06,730 - INFO - status has been updated to accepted
2026-06-01 19:14:21,770 - INFO - status has been updated to running
2026-06-01 19:14:29,976 - INFO - status has been updated to successful
2026-06-01 19:14:30,394 - INFO - Downloading https://object-store.os-api.cci2.ecmwf.int:443/cci2-prod-cache-3/2026-06-01/e3400f1feecf23491516a7030a5cd0c1.nc
2026-06-01 19:14:31,998 - INFO - Downloaded: data/external/cams/cams_surakarta_2024_11.nc
2026-06-01 19:14:32,000 - INFO - Downloading CAMS for Surakarta 2024-12-01 -> 2024-12-31
2026-06-01 19:14:32,487 - INFO - Request ID is 03967bf5-685f-481d-991f-b1e97765c5e5
2026-06-01 19:14:32,699 - INFO - status has been updated to accepted
2026-06-01 19:14:54,811 - INFO - status has been updated to successful
2026-06-01 19:14:55,798 - INFO - Downloading https://object-store.os-api.cci2.ecmwf.int:443/cci2-prod-cache-2/2026-06-01/1391866746e2fdf7b9c8f890fd5f465b.nc
2026-06-01 19:14:57,410 - INFO - Downloaded: data/external/cams/cams_surakarta_2024_12.nc
2026-06-01 19:14:57,411 - INFO - Downloading CAMS for Surakarta 2025-01-01 -> 2025-01-31
2026-06-01 19:14:57,917 - INFO - Request ID is e891189c-a16d-4bd4-9ac9-1d6d1a4552cc
2026-06-01 19:14:58,146 - INFO - status has been updated to accepted
2026-06-01 19:15:12,503 - INFO - status has been updated to running
2026-06-01 19:15:20,496 - INFO - status has been updated to successful
2026-06-01 19:15:20,969 - INFO - Downloading https://object-store.os-api.cci2.ecmwf.int:443/cci2-prod-cache-2/2026-06-01/616e8bf2899fc6246f104d50b708395c.nc
2026-06-01 19:15:22,381 - INFO - Downloaded: data/external/cams/cams_surakarta_2025_01.nc
2026-06-01 19:15:22,382 - INFO - Downloading CAMS for Surakarta 2025-02-01 -> 2025-02-28
2026-06-01 19:15:22,945 - INFO - Request ID is d1e73e7a-a564-49d0-a1ec-b05a9b1201c7
2026-06-01 19:15:23,160 - INFO - status has been updated to accepted
2026-06-01 19:15:45,454 - INFO - status has been updated to successful
2026-06-01 19:15:47,184 - INFO - Downloading https://object-store.os-api.cci2.ecmwf.int:443/cci2-prod-cache-1/2026-06-01/d07dbf644a53461b8a44de84c796642f.nc
2026-06-01 19:15:48,589 - INFO - Downloaded: data/external/cams/cams_surakarta_2025_02.nc
2026-06-01 19:15:48,590 - INFO - Downloading CAMS for Surakarta 2025-03-01 -> 2025-03-31
2026-06-01 19:15:49,069 - INFO - Request ID is 575b9086-7949-49aa-9bd6-277af81a94a8
2026-06-01 19:15:49,298 - INFO - status has been updated to accepted
2026-06-01 19:16:06,356 - INFO - status has been updated to running
2026-06-01 19:16:14,817 - INFO - status has been updated to successful
2026-06-01 19:16:16,683 - INFO - Downloading https://object-store.os-api.cci2.ecmwf.int:443/cci2-prod-cache-1/2026-06-01/d5bffe04d8f0f4c9264636c93f9c8f28.nc
2026-06-01 19:16:18,533 - INFO - Downloaded: data/external/cams/cams_surakarta_2025_03.nc
2026-06-01 19:16:18,535 - INFO - Downloading CAMS for Surakarta 2025-04-01 -> 2025-04-30
2026-06-01 19:16:21,009 - INFO - Request ID is d83a9c5c-fc05-4814-ad86-5feaf50fda1c
2026-06-01 19:16:21,219 - INFO - status has been updated to accepted
2026-06-01 19:16:35,487 - INFO - status has been updated to running
2026-06-01 19:16:43,286 - INFO - status has been updated to successful
2026-06-01 19:16:43,703 - INFO - Downloading https://object-store.os-api.cci2.ecmwf.int:443/cci2-prod-cache-1/2026-06-01/54a6608530c032c74381980a7e65c1b4.nc
2026-06-01 19:16:45,165 - INFO - Downloaded: data/external/cams/cams_surakarta_2025_04.nc
2026-06-01 19:16:45,166 - INFO - Downloading CAMS for Surakarta 2025-05-01 -> 2025-05-31
2026-06-01 19:16:45,726 - INFO - Request ID is 74997af5-a34c-4999-9499-da293cfaafe7
2026-06-01 19:16:45,931 - INFO - status has been updated to accepted
2026-06-01 19:17:11,865 - INFO - status has been updated to successful
2026-06-01 19:17:12,828 - INFO - Downloading https://object-store.os-api.cci2.ecmwf.int:443/cci2-prod-cache-2/2026-06-01/23e8d53ad4df8a4b7fb0c4cbeccb70ad.nc
2026-06-01 19:17:14,312 - INFO - Downloaded: data/external/cams/cams_surakarta_2025_05.nc
2026-06-01 19:17:14,314 - INFO - Downloading CAMS for Surakarta 2025-06-01 -> 2025-06-30
2026-06-01 19:17:14,797 - INFO - Request ID is ca5c8115-07a1-43d7-a307-f436a8aee99c
2026-06-01 19:17:15,004 - INFO - status has been updated to accepted
2026-06-01 19:17:30,187 - INFO - status has been updated to running
2026-06-01 19:17:37,997 - INFO - status has been updated to successful
2026-06-01 19:17:39,869 - INFO - Downloading https://object-store.os-api.cci2.ecmwf.int:443/cci2-prod-cache-3/2026-06-01/4cb4df59ff93912e7065f17820b837ea.nc
2026-06-01 19:17:41,467 - INFO - Downloaded: data/external/cams/cams_surakarta_2025_06.nc
2026-06-01 19:17:41,468 - INFO - Downloading CAMS for Surakarta 2025-07-01 -> 2025-07-31
2026-06-01 19:17:42,000 - INFO - Request ID is b229b8c3-25b4-4a7f-8974-de88aff79958
2026-06-01 19:17:42,211 - INFO - status has been updated to accepted
2026-06-01 19:18:05,171 - INFO - status has been updated to running
2026-06-01 19:18:16,773 - INFO - status has been updated to successful
2026-06-01 19:18:17,219 - INFO - Downloading https://object-store.os-api.cci2.ecmwf.int:443/cci2-prod-cache-3/2026-06-01/5a2bac6a61c699cf92b779cbf26082db.nc
2026-06-01 19:18:18,647 - INFO - Downloaded: data/external/cams/cams_surakarta_2025_07.nc
2026-06-01 19:18:18,649 - INFO - Downloading CAMS for Surakarta 2025-08-01 -> 2025-08-31
2026-06-01 19:18:19,335 - INFO - Request ID is 27f37c6b-0443-47b8-b2f6-e4876c0cffcd
2026-06-01 19:18:19,560 - INFO - status has been updated to accepted
2026-06-01 19:18:44,249 - INFO - status has been updated to successful
2026-06-01 19:18:45,131 - INFO - Downloading https://object-store.os-api.cci2.ecmwf.int:443/cci2-prod-cache-1/2026-06-01/40c84dd7a0cd19f76d7f73b917295c13.nc
2026-06-01 19:18:46,603 - INFO - Downloaded: data/external/cams/cams_surakarta_2025_08.nc
2026-06-01 19:18:46,606 - INFO - Downloading CAMS for Kuala Lumpur 2024-09-01 -> 2024-09-30
2026-06-01 19:18:47,104 - INFO - Request ID is 9921fd18-eaa6-4982-8925-390d7bdbc3b4
2026-06-01 19:18:47,347 - INFO - status has been updated to accepted
2026-06-01 19:19:10,135 - INFO - status has been updated to running
2026-06-01 19:19:21,751 - INFO - status has been updated to successful
2026-06-01 19:19:22,384 - INFO - Downloading https://object-store.os-api.cci2.ecmwf.int:443/cci2-prod-cache-3/2026-06-01/10511e76cbdd961582f95b2102a6df8c.nc
2026-06-01 19:19:23,995 - INFO - Downloaded: data/external/cams/cams_kuala_lumpur_2024_09.nc
2026-06-01 19:19:23,998 - INFO - Downloading CAMS for Kuala Lumpur 2024-10-01 -> 2024-10-31
2026-06-01 19:19:24,504 - INFO - Request ID is a65a28c2-ee37-4c18-bd11-4887ea32501d
2026-06-01 19:19:24,724 - INFO - status has been updated to accepted
2026-06-01 19:19:38,974 - INFO - status has been updated to running
2026-06-01 19:19:46,784 - INFO - status has been updated to successful
2026-06-01 19:19:47,209 - INFO - Downloading https://object-store.os-api.cci2.ecmwf.int:443/cci2-prod-cache-3/2026-06-01/871125e9bfa91862404fc2c97ab3cceb.nc
2026-06-01 19:19:48,821 - INFO - Downloaded: data/external/cams/cams_kuala_lumpur_2024_10.nc
2026-06-01 19:19:48,822 - INFO - Downloading CAMS for Kuala Lumpur 2024-11-01 -> 2024-11-30
2026-06-01 19:19:50,334 - INFO - Request ID is 89d044c2-e98a-4bd9-81bc-ccdfe750085b
2026-06-01 19:19:50,556 - INFO - status has been updated to accepted
2026-06-01 19:20:25,804 - INFO - status has been updated to running
2026-06-01 19:20:43,107 - INFO - status has been updated to successful
2026-06-01 19:20:43,520 - INFO - Downloading https://object-store.os-api.cci2.ecmwf.int:443/cci2-prod-cache-3/2026-06-01/e09c4e2d384fb6deac7fedf4829b3767.nc
2026-06-01 19:20:44,902 - INFO - Downloaded: data/external/cams/cams_kuala_lumpur_2024_11.nc
2026-06-01 19:20:44,905 - INFO - Downloading CAMS for Kuala Lumpur 2024-12-01 -> 2024-12-31
2026-06-01 19:20:45,676 - INFO - Request ID is af7cdf3b-1413-469a-9970-e30c9917b230
2026-06-01 19:20:46,556 - INFO - status has been updated to accepted
2026-06-01 19:20:58,838 - INFO - status has been updated to successful
2026-06-01 19:20:59,263 - INFO - Downloading https://object-store.os-api.cci2.ecmwf.int:443/cci2-prod-cache-1/2026-06-01/36350f239df6d2159825825f4c584eee.nc
2026-06-01 19:21:00,648 - INFO - Downloaded: data/external/cams/cams_kuala_lumpur_2024_12.nc
2026-06-01 19:21:00,649 - INFO - Downloading CAMS for Kuala Lumpur 2025-01-01 -> 2025-01-31
2026-06-01 19:21:02,017 - INFO - Request ID is de77492f-26ad-4c10-b6d4-17b72a11b2d0
2026-06-01 19:21:02,231 - INFO - status has been updated to accepted
2026-06-01 19:21:11,228 - INFO - status has been updated to running
2026-06-01 19:21:24,336 - INFO - status has been updated to successful
2026-06-01 19:21:24,751 - INFO - Downloading https://object-store.os-api.cci2.ecmwf.int:443/cci2-prod-cache-2/2026-06-01/b981401e0a776b0a5e2dd77c3a9963eb.nc
2026-06-01 19:21:26,334 - INFO - Downloaded: data/external/cams/cams_kuala_lumpur_2025_01.nc
2026-06-01 19:21:26,336 - INFO - Downloading CAMS for Kuala Lumpur 2025-02-01 -> 2025-02-28
2026-06-01 19:21:27,217 - INFO - Request ID is 28d52a25-0fcc-48b4-9bac-b3b2f69d58a3
2026-06-01 19:21:27,432 - INFO - status has been updated to accepted
2026-06-01 19:21:41,748 - INFO - status has been updated to running
2026-06-01 19:22:01,170 - INFO - status has been updated to successful
2026-06-01 19:22:05,678 - INFO - Downloading https://object-store.os-api.cci2.ecmwf.int:443/cci2-prod-cache-2/2026-06-01/35d309a95a17bbaa0b88e61fed2781bd.nc
2026-06-01 19:22:07,281 - INFO - Downloaded: data/external/cams/cams_kuala_lumpur_2025_02.nc
2026-06-01 19:22:07,283 - INFO - Downloading CAMS for Kuala Lumpur 2025-03-01 -> 2025-03-31
2026-06-01 19:22:08,923 - INFO - Request ID is 79662df1-6d9a-4da2-87cc-9f45df479b6e
2026-06-01 19:22:09,141 - INFO - status has been updated to accepted
2026-06-01 19:22:32,029 - INFO - status has been updated to running
2026-06-01 19:23:00,948 - INFO - status has been updated to successful
2026-06-01 19:23:01,403 - INFO - Downloading https://object-store.os-api.cci2.ecmwf.int:443/cci2-prod-cache-2/2026-06-01/10133292f8e1ef9217c30a2c6c4c01c9.nc
2026-06-01 19:23:03,589 - INFO - Downloaded: data/external/cams/cams_kuala_lumpur_2025_03.nc
2026-06-01 19:23:03,590 - INFO - Downloading CAMS for Kuala Lumpur 2025-04-01 -> 2025-04-30
2026-06-01 19:23:04,153 - INFO - Request ID is b040b28f-18ef-445e-a8db-a1c0aaa4787d
2026-06-01 19:23:04,367 - INFO - status has been updated to accepted
2026-06-01 19:23:27,470 - INFO - status has been updated to running
2026-06-01 19:23:39,100 - INFO - status has been updated to successful
2026-06-01 19:23:39,545 - INFO - Downloading https://object-store.os-api.cci2.ecmwf.int:443/cci2-prod-cache-3/2026-06-01/74b3444abc91bf158423c6363aa868b7.nc
2026-06-01 19:23:41,045 - INFO - Downloaded: data/external/cams/cams_kuala_lumpur_2025_04.nc
2026-06-01 19:23:41,047 - INFO - Downloading CAMS for Kuala Lumpur 2025-05-01 -> 2025-05-31
2026-06-01 19:23:42,120 - INFO - Request ID is df731c9c-3b0f-46b9-a993-8876ff0ad4e9
2026-06-01 19:23:42,340 - INFO - status has been updated to accepted
2026-06-01 19:23:57,963 - INFO - status has been updated to running
2026-06-01 19:24:18,771 - INFO - status has been updated to successful
2026-06-01 19:24:20,007 - INFO - Downloading https://object-store.os-api.cci2.ecmwf.int:443/cci2-prod-cache-1/2026-06-01/e2a80c2d5e272a920cc580e64f1c3121.nc
2026-06-01 19:24:21,460 - INFO - Downloaded: data/external/cams/cams_kuala_lumpur_2025_05.nc
2026-06-01 19:24:21,461 - INFO - Downloading CAMS for Kuala Lumpur 2025-06-01 -> 2025-06-30
2026-06-01 19:24:22,772 - INFO - Request ID is 0d3bcf25-3db1-4c02-a2f8-a34c8f2810dd
2026-06-01 19:24:22,980 - INFO - status has been updated to accepted
2026-06-01 19:24:45,291 - INFO - status has been updated to running
2026-06-01 19:24:56,912 - INFO - status has been updated to successful
2026-06-01 19:24:58,160 - INFO - Downloading https://object-store.os-api.cci2.ecmwf.int:443/cci2-prod-cache-2/2026-06-01/bda761ab95ae1cad91e81c8437e094ad.nc
2026-06-01 19:25:01,614 - INFO - Downloaded: data/external/cams/cams_kuala_lumpur_2025_06.nc
2026-06-01 19:25:01,615 - INFO - Downloading CAMS for Kuala Lumpur 2025-07-01 -> 2025-07-31
2026-06-01 19:25:02,094 - INFO - Request ID is 6dc89c95-c66c-4592-aa54-afadae9ba303
2026-06-01 19:25:02,552 - INFO - status has been updated to accepted
2026-06-01 19:25:19,675 - INFO - status has been updated to running
2026-06-01 19:25:27,501 - INFO - status has been updated to successful
2026-06-01 19:25:27,926 - INFO - Downloading https://object-store.os-api.cci2.ecmwf.int:443/cci2-prod-cache-1/2026-06-01/e16b66f6b5d7c120e0d9c1c76290a343.nc
2026-06-01 19:25:29,533 - INFO - Downloaded: data/external/cams/cams_kuala_lumpur_2025_07.nc
2026-06-01 19:25:29,535 - INFO - Downloading CAMS for Kuala Lumpur 2025-08-01 -> 2025-08-31
2026-06-01 19:25:30,041 - INFO - Request ID is 2ffdb59b-1f8d-4c40-ab5a-e53c645b09fa
2026-06-01 19:25:30,274 - INFO - status has been updated to accepted
2026-06-01 19:25:44,610 - INFO - status has been updated to running
2026-06-01 19:26:04,019 - INFO - status has been updated to successful
2026-06-01 19:26:04,448 - INFO - Downloading https://object-store.os-api.cci2.ecmwf.int:443/cci2-prod-cache-2/2026-06-01/c7de8c094a33679388bb8c02e5fda448.nc
2026-06-01 19:26:06,119 - INFO - Downloaded: data/external/cams/cams_kuala_lumpur_2025_08.nc
2026-06-01 19:26:06,120 - INFO - Downloading CAMS for Singapore 2024-09-01 -> 2024-09-30
2026-06-01 19:26:06,619 - INFO - Request ID is 5fcbbaae-de0d-4fec-a350-a6da1960dc08
2026-06-01 19:26:06,844 - INFO - status has been updated to accepted
2026-06-01 19:26:30,669 - INFO - status has been updated to running
2026-06-01 19:26:42,286 - INFO - status has been updated to successful
2026-06-01 19:26:42,714 - INFO - Downloading https://object-store.os-api.cci2.ecmwf.int:443/cci2-prod-cache-2/2026-06-01/2aae9d51a30a073f93430d4e3f218523.nc
2026-06-01 19:26:44,473 - INFO - Downloaded: data/external/cams/cams_singapore_2024_09.nc
2026-06-01 19:26:44,475 - INFO - Downloading CAMS for Singapore 2024-10-01 -> 2024-10-31
2026-06-01 19:26:44,967 - INFO - Request ID is c290937d-ff19-41ed-be4a-e31526297e86
2026-06-01 19:26:45,178 - INFO - status has been updated to accepted
2026-06-01 19:27:07,448 - INFO - status has been updated to running
2026-06-01 19:27:20,096 - INFO - status has been updated to successful
2026-06-01 19:27:20,522 - INFO - Downloading https://object-store.os-api.cci2.ecmwf.int:443/cci2-prod-cache-3/2026-06-01/15e9cecd15931c8f107d99a9d4eb219a.nc
2026-06-01 19:27:21,983 - INFO - Downloaded: data/external/cams/cams_singapore_2024_10.nc
2026-06-01 19:27:21,985 - INFO - Downloading CAMS for Singapore 2024-11-01 -> 2024-11-30
2026-06-01 19:27:22,454 - INFO - Request ID is 72a98864-70c3-4c7b-adbc-5799b3ad8d35
2026-06-01 19:27:22,677 - INFO - status has been updated to accepted
2026-06-01 19:27:37,299 - INFO - status has been updated to running
2026-06-01 19:27:57,189 - INFO - status has been updated to successful
2026-06-01 19:27:57,628 - INFO - Downloading https://object-store.os-api.cci2.ecmwf.int:443/cci2-prod-cache-1/2026-06-01/9a3ad4653ac51cf46c5a07732610eeda.nc
2026-06-01 19:27:59,394 - INFO - Downloaded: data/external/cams/cams_singapore_2024_11.nc
2026-06-01 19:27:59,395 - INFO - Downloading CAMS for Singapore 2024-12-01 -> 2024-12-31
2026-06-01 19:28:00,561 - INFO - Request ID is c30a2252-e8bd-46f1-8559-04ef04604137
2026-06-01 19:28:00,797 - INFO - status has been updated to accepted
2026-06-01 19:28:23,040 - INFO - status has been updated to successful
2026-06-01 19:28:23,452 - INFO - Downloading https://object-store.os-api.cci2.ecmwf.int:443/cci2-prod-cache-3/2026-06-01/caf5c01c75bac74ea263fad4f0a9f85.nc
2026-06-01 19:28:25,036 - INFO - Downloaded: data/external/cams/cams_singapore_2024_12.nc
2026-06-01 19:28:25,038 - INFO - Downloading CAMS for Singapore 2025-01-01 -> 2025-01-31
2026-06-01 19:28:25,862 - INFO - Request ID is 4de0878f-8ca2-47d7-8688-bbf3c037ebb5
2026-06-01 19:28:26,103 - INFO - status has been updated to accepted
2026-06-01 19:28:42,165 - INFO - status has been updated to running
2026-06-01 19:29:01,613 - INFO - status has been updated to successful
2026-06-01 19:29:02,065 - INFO - Downloading https://object-store.os-api.cci2.ecmwf.int:443/cci2-prod-cache-2/2026-06-01/4471b660d4b847c48b01986131c08eb1.nc
2026-06-01 19:29:03,471 - INFO - Downloaded: data/external/cams/cams_singapore_2025_01.nc
2026-06-01 19:29:03,472 - INFO - Downloading CAMS for Singapore 2025-02-01 -> 2025-02-28
2026-06-01 19:29:03,997 - INFO - Request ID is 1cb49820-6e1c-4652-96f4-261214c2ea51
2026-06-01 19:29:04,208 - INFO - status has been updated to accepted
2026-06-01 19:29:15,117 - INFO - status has been updated to running
2026-06-01 19:29:28,203 - INFO - status has been updated to successful
2026-06-01 19:29:28,650 - INFO - Downloading https://object-store.os-api.cci2.ecmwf.int:443/cci2-prod-cache-2/2026-06-01/54a43a5e701bb40d011f9770e84fadbc.nc
2026-06-01 19:29:30,011 - INFO - Downloaded: data/external/cams/cams_singapore_2025_02.nc
2026-06-01 19:29:30,013 - INFO - Downloading CAMS for Singapore 2025-03-01 -> 2025-03-31
2026-06-01 19:29:30,531 - INFO - Request ID is 24b36143-a3f4-4965-bf30-a041636c28ec
2026-06-01 19:29:30,901 - INFO - status has been updated to accepted
2026-06-01 19:29:45,404 - INFO - status has been updated to running
2026-06-01 19:30:05,366 - INFO - status has been updated to successful
2026-06-01 19:30:06,855 - INFO - Downloading https://object-store.os-api.cci2.ecmwf.int:443/cci2-prod-cache-2/2026-06-01/3a49d2d8f0a3d25e0ec31f8fff13e7d7.nc
2026-06-01 19:30:08,411 - INFO - Downloaded: data/external/cams/cams_singapore_2025_03.nc
2026-06-01 19:30:08,413 - INFO - Downloading CAMS for Singapore 2025-04-01 -> 2025-04-30
2026-06-01 19:30:09,384 - INFO - Request ID is 29ba20bc-88a8-4bf0-9361-b01253d3b3d3
2026-06-01 19:30:09,592 - INFO - status has been updated to accepted
2026-06-01 19:30:32,994 - INFO - status has been updated to running
2026-06-01 19:30:44,606 - INFO - status has been updated to successful
2026-06-01 19:30:45,046 - INFO - Downloading https://object-store.os-api.cci2.ecmwf.int:443/cci2-prod-cache-1/2026-06-01/ba2960114846c8baeb8e178aedd0af67.nc
2026-06-01 19:30:46,639 - INFO - Downloaded: data/external/cams/cams_singapore_2025_04.nc
2026-06-01 19:30:46,640 - INFO - Downloading CAMS for Singapore 2025-05-01 -> 2025-05-31
2026-06-01 19:30:47,161 - INFO - Request ID is 0051f8cf-3a8b-4f41-b026-dccab3e74f56
2026-06-01 19:30:47,383 - INFO - status has been updated to accepted
2026-06-01 19:31:00,581 - INFO - status has been updated to running
2026-06-01 19:31:13,895 - INFO - status has been updated to successful
2026-06-01 19:31:15,028 - INFO - Downloading https://object-store.os-api.cci2.ecmwf.int:443/cci2-prod-cache-2/2026-06-01/e70f5eeeb4ef57b90a9b02d5528b5e26.nc
2026-06-01 19:31:16,600 - INFO - Downloaded: data/external/cams/cams_singapore_2025_05.nc
2026-06-01 19:31:16,601 - INFO - Downloading CAMS for Singapore 2025-06-01 -> 2025-06-30
2026-06-01 19:31:17,195 - INFO - Request ID is 6098bba8-859a-499e-aac2-54c3ebaae97d
2026-06-01 19:31:17,415 - INFO - status has been updated to accepted
2026-06-01 19:31:32,495 - INFO - status has been updated to running
2026-06-01 19:31:51,889 - INFO - status has been updated to successful
2026-06-01 19:31:52,332 - INFO - Downloading https://object-store.os-api.cci2.ecmwf.int:443/cci2-prod-cache-3/2026-06-01/8998745c44b0e70e94868e0db150db44.nc
2026-06-01 19:31:53,806 - INFO - Downloaded: data/external/cams/cams_singapore_2025_06.nc
2026-06-01 19:31:53,809 - INFO - Downloading CAMS for Singapore 2025-07-01 -> 2025-07-31
2026-06-01 19:31:56,141 - INFO - Request ID is f64e78fe-76f8-4445-9ec0-5cc356609737
2026-06-01 19:31:56,388 - INFO - status has been updated to accepted
2026-06-01 19:32:32,161 - INFO - status has been updated to successful
2026-06-01 19:32:32,604 - INFO - Downloading https://object-store.os-api.cci2.ecmwf.int:443/cci2-prod-cache-2/2026-06-01/3891b3890cb59592560533fe2ba8a165.nc
2026-06-01 19:32:34,010 - INFO - Downloaded: data/external/cams/cams_singapore_2025_07.nc
2026-06-01 19:32:34,012 - INFO - Downloading CAMS for Singapore 2025-08-01 -> 2025-08-31
2026-06-01 19:32:35,471 - INFO - Request ID is 4877a078-f034-47c9-9737-07c75edee19b
2026-06-01 19:32:35,686 - INFO - status has been updated to accepted
2026-06-01 19:32:51,847 - INFO - status has been updated to running
2026-06-01 19:33:14,142 - INFO - status has been updated to successful
2026-06-01 19:33:14,569 - INFO - Downloading https://object-store.os-api.cci2.ecmwf.int:443/cci2-prod-cache-1/2026-06-01/289ff8edf47006e9a9901affd09e3370.nc
2026-06-01 19:33:16,171 - INFO - Downloaded: data/external/cams/cams_singapore_2025_08.nc
2026-06-01 19:33:16,172 - INFO - All CAMS downloads completed
2026-06-01 19:33:20,093 - INFO - CAMS parsing started
2026-06-01 19:33:20,097 - INFO - Parsing cams_jakarta_2024_09.nc
2026-06-01 19:33:20,264 - INFO - cams_jakarta_2024_09.nc parsed successfully
2026-06-01 19:33:20,265 - INFO - Parsing cams_jakarta_2024_10.nc
2026-06-01 19:33:20,287 - INFO - cams_jakarta_2024_10.nc parsed successfully
2026-06-01 19:33:20,287 - INFO - Parsing cams_jakarta_2024_11.nc
2026-06-01 19:33:20,311 - INFO - cams_jakarta_2024_11.nc parsed successfully
2026-06-01 19:33:20,312 - INFO - Parsing cams_jakarta_2024_12.nc
2026-06-01 19:33:20,336 - INFO - cams_jakarta_2024_12.nc parsed successfully
2026-06-01 19:33:20,336 - INFO - Parsing cams_jakarta_2025_01.nc
2026-06-01 19:33:20,360 - INFO - cams_jakarta_2025_01.nc parsed successfully
2026-06-01 19:33:20,361 - INFO - Parsing cams_jakarta_2025_02.nc
2026-06-01 19:33:20,385 - INFO - cams_jakarta_2025_02.nc parsed successfully
2026-06-01 19:33:20,385 - INFO - Parsing cams_jakarta_2025_03.nc
2026-06-01 19:33:20,405 - INFO - cams_jakarta_2025_03.nc parsed successfully
2026-06-01 19:33:20,405 - INFO - Parsing cams_jakarta_2025_04.nc
2026-06-01 19:33:20,429 - INFO - cams_jakarta_2025_04.nc parsed successfully
2026-06-01 19:33:20,429 - INFO - Parsing cams_jakarta_2025_05.nc
2026-06-01 19:33:20,450 - INFO - cams_jakarta_2025_05.nc parsed successfully
2026-06-01 19:33:20,450 - INFO - Parsing cams_jakarta_2025_06.nc
2026-06-01 19:33:20,471 - INFO - cams_jakarta_2025_06.nc parsed successfully
2026-06-01 19:33:20,471 - INFO - Parsing cams_jakarta_2025_07.nc
2026-06-01 19:33:20,489 - INFO - cams_jakarta_2025_07.nc parsed successfully
2026-06-01 19:33:20,490 - INFO - Parsing cams_jakarta_2025_08.nc
2026-06-01 19:33:20,521 - INFO - cams_jakarta_2025_08.nc parsed successfully
2026-06-01 19:33:20,521 - INFO - Parsing cams_kuala_lumpur_2024_09.nc
2026-06-01 19:33:20,543 - INFO - cams_kuala_lumpur_2024_09.nc parsed successfully
2026-06-01 19:33:20,543 - INFO - Parsing cams_kuala_lumpur_2024_10.nc
2026-06-01 19:33:20,563 - INFO - cams_kuala_lumpur_2024_10.nc parsed successfully
2026-06-01 19:33:20,563 - INFO - Parsing cams_kuala_lumpur_2024_11.nc
2026-06-01 19:33:20,582 - INFO - cams_kuala_lumpur_2024_11.nc parsed successfully
2026-06-01 19:33:20,582 - INFO - Parsing cams_kuala_lumpur_2024_12.nc
2026-06-01 19:33:20,601 - INFO - cams_kuala_lumpur_2024_12.nc parsed successfully
2026-06-01 19:33:20,601 - INFO - Parsing cams_kuala_lumpur_2025_01.nc
2026-06-01 19:33:20,621 - INFO - cams_kuala_lumpur_2025_01.nc parsed successfully
2026-06-01 19:33:20,621 - INFO - Parsing cams_kuala_lumpur_2025_02.nc
2026-06-01 19:33:20,641 - INFO - cams_kuala_lumpur_2025_02.nc parsed successfully
2026-06-01 19:33:20,642 - INFO - Parsing cams_kuala_lumpur_2025_03.nc
2026-06-01 19:33:20,661 - INFO - cams_kuala_lumpur_2025_03.nc parsed successfully
2026-06-01 19:33:20,661 - INFO - Parsing cams_kuala_lumpur_2025_04.nc
2026-06-01 19:33:20,680 - INFO - cams_kuala_lumpur_2025_04.nc parsed successfully
2026-06-01 19:33:20,680 - INFO - Parsing cams_kuala_lumpur_2025_05.nc
2026-06-01 19:33:20,698 - INFO - cams_kuala_lumpur_2025_05.nc parsed successfully
2026-06-01 19:33:20,698 - INFO - Parsing cams_kuala_lumpur_2025_06.nc
2026-06-01 19:33:20,718 - INFO - cams_kuala_lumpur_2025_06.nc parsed successfully
2026-06-01 19:33:20,719 - INFO - Parsing cams_kuala_lumpur_2025_07.nc
2026-06-01 19:33:20,740 - INFO - cams_kuala_lumpur_2025_07.nc parsed successfully
2026-06-01 19:33:20,742 - INFO - Parsing cams_kuala_lumpur_2025_08.nc
2026-06-01 19:33:20,764 - INFO - cams_kuala_lumpur_2025_08.nc parsed successfully
2026-06-01 19:33:20,765 - INFO - Parsing cams_singapore_2024_09.nc
2026-06-01 19:33:20,790 - INFO - cams_singapore_2024_09.nc parsed successfully
2026-06-01 19:33:20,790 - INFO - Parsing cams_singapore_2024_10.nc
2026-06-01 19:33:20,816 - INFO - cams_singapore_2024_10.nc parsed successfully
2026-06-01 19:33:20,816 - INFO - Parsing cams_singapore_2024_11.nc
2026-06-01 19:33:20,836 - INFO - cams_singapore_2024_11.nc parsed successfully
2026-06-01 19:33:20,836 - INFO - Parsing cams_singapore_2024_12.nc
2026-06-01 19:33:20,855 - INFO - cams_singapore_2024_12.nc parsed successfully
2026-06-01 19:33:20,856 - INFO - Parsing cams_singapore_2025_01.nc
2026-06-01 19:33:20,886 - INFO - cams_singapore_2025_01.nc parsed successfully
2026-06-01 19:33:20,886 - INFO - Parsing cams_singapore_2025_02.nc
2026-06-01 19:33:20,906 - INFO - cams_singapore_2025_02.nc parsed successfully
2026-06-01 19:33:20,906 - INFO - Parsing cams_singapore_2025_03.nc
2026-06-01 19:33:20,938 - INFO - cams_singapore_2025_03.nc parsed successfully
2026-06-01 19:33:20,939 - INFO - Parsing cams_singapore_2025_04.nc
2026-06-01 19:33:20,966 - INFO - cams_singapore_2025_04.nc parsed successfully
2026-06-01 19:33:20,966 - INFO - Parsing cams_singapore_2025_05.nc
2026-06-01 19:33:20,989 - INFO - cams_singapore_2025_05.nc parsed successfully
2026-06-01 19:33:20,989 - INFO - Parsing cams_singapore_2025_06.nc
2026-06-01 19:33:21,010 - INFO - cams_singapore_2025_06.nc parsed successfully
2026-06-01 19:33:21,011 - INFO - Parsing cams_singapore_2025_07.nc
2026-06-01 19:33:21,033 - INFO - cams_singapore_2025_07.nc parsed successfully
2026-06-01 19:33:21,033 - INFO - Parsing cams_singapore_2025_08.nc
2026-06-01 19:33:21,069 - INFO - cams_singapore_2025_08.nc parsed successfully
2026-06-01 19:33:21,070 - INFO - Parsing cams_surakarta_2024_09.nc
2026-06-01 19:33:21,094 - INFO - cams_surakarta_2024_09.nc parsed successfully
2026-06-01 19:33:21,095 - INFO - Parsing cams_surakarta_2024_10.nc
2026-06-01 19:33:21,114 - INFO - cams_surakarta_2024_10.nc parsed successfully
2026-06-01 19:33:21,114 - INFO - Parsing cams_surakarta_2024_11.nc
2026-06-01 19:33:21,132 - INFO - cams_surakarta_2024_11.nc parsed successfully
2026-06-01 19:33:21,132 - INFO - Parsing cams_surakarta_2024_12.nc
2026-06-01 19:33:21,151 - INFO - cams_surakarta_2024_12.nc parsed successfully
2026-06-01 19:33:21,152 - INFO - Parsing cams_surakarta_2025_01.nc
2026-06-01 19:33:21,170 - INFO - cams_surakarta_2025_01.nc parsed successfully
2026-06-01 19:33:21,170 - INFO - Parsing cams_surakarta_2025_02.nc
2026-06-01 19:33:21,189 - INFO - cams_surakarta_2025_02.nc parsed successfully
2026-06-01 19:33:21,189 - INFO - Parsing cams_surakarta_2025_03.nc
2026-06-01 19:33:21,208 - INFO - cams_surakarta_2025_03.nc parsed successfully
2026-06-01 19:33:21,208 - INFO - Parsing cams_surakarta_2025_04.nc
2026-06-01 19:33:21,225 - INFO - cams_surakarta_2025_04.nc parsed successfully
2026-06-01 19:33:21,226 - INFO - Parsing cams_surakarta_2025_05.nc
2026-06-01 19:33:21,247 - INFO - cams_surakarta_2025_05.nc parsed successfully
2026-06-01 19:33:21,248 - INFO - Parsing cams_surakarta_2025_06.nc
2026-06-01 19:33:21,266 - INFO - cams_surakarta_2025_06.nc parsed successfully
2026-06-01 19:33:21,266 - INFO - Parsing cams_surakarta_2025_07.nc
2026-06-01 19:33:21,284 - INFO - cams_surakarta_2025_07.nc parsed successfully
2026-06-01 19:33:21,285 - INFO - Parsing cams_surakarta_2025_08.nc
2026-06-01 19:33:21,303 - INFO - cams_surakarta_2025_08.nc parsed successfully
2026-06-01 19:33:21,418 - INFO - CAMS parsing completed with shape (23360, 6)
2026-06-01 19:33:21,419 - INFO - Saved parsed data to data/raw/cams_all_cities.csv
2026-06-01 19:33:23,866 - INFO - CAMS cleaning started
2026-06-01 19:33:23,866 - INFO - Loading raw CAMS data from data/raw/cams_all_cities.csv
2026-06-01 19:33:23,984 - INFO - CAMS cleaning completed with shape (5840, 4)
2026-06-01 19:33:23,985 - INFO - Cleaned data saved to data/processed/cams_clean.csv
2026-06-01 19:33:26,468 - INFO - CAMS feature engineering started
2026-06-01 19:33:26,471 - INFO - Loading cleaned CAMS data from data/processed/cams_clean.csv
2026-06-01 19:33:26,490 - INFO - Input data shape: (5840, 4)
2026-06-01 19:33:26,500 - INFO - Time-based features created
2026-06-01 19:33:26,508 - INFO - Rolling and lag features created
2026-06-01 19:33:26,512 - INFO - Missing values dropped: 4 rows removed
2026-06-01 19:33:26,570 - INFO - CAMS feature engineering completed with shape (5836, 12)
2026-06-01 19:33:26,570 - INFO - Feature dataset saved to data/processed/cams_feature_dataset.csv
2026-06-01 19:33:30,461 - INFO - Model training started
2026-06-01 19:33:30,462 - INFO - Loading feature dataset from data/processed/cams_feature_dataset.csv
2026-06-01 19:33:30,481 - INFO - Dataset loaded with shape (5836, 12)
2026-06-01 19:33:30,484 - INFO - Train shape: (4668, 9), Test shape: (1168, 9)
2026-06-01 19:33:30,485 - INFO - RandomForest model training started
2026-06-01 19:33:34,336 - INFO - Model training completed
2026-06-01 19:33:34,379 - INFO - Model metrics saved to models/model_metrics.json
2026-06-01 19:33:34,379 - INFO - MAE: 0.34828956608858047
2026-06-01 19:33:34,379 - INFO - MSE: 0.29432010970781614
2026-06-01 19:33:34,379 - INFO - RMSE: 0.5425127737738681
2026-06-01 19:33:34,379 - INFO - R2: 0.9995544684155178
2026-06-01 19:33:34,733 - INFO - Model saved to models/trained_model.pkl
2026-06-01 19:33:37,324 - INFO - Load to PostgreSQL pipeline started
2026-06-01 19:33:37,598 - INFO - Loading feature dataset from data/processed/cams_feature_dataset.csv
2026-06-01 19:33:37,653 - INFO - Dataset loaded with shape (5836, 12)
2026-06-01 19:33:37,653 - INFO - Loading trained model from models/trained_model.pkl
2026-06-01 19:33:38,624 - INFO - Missing values dropped before inference: 0
2026-06-01 19:33:38,625 - INFO - Running PM2.5 prediction
2026-06-01 19:33:38,764 - INFO - Calculating anomaly threshold
2026-06-01 19:33:38,770 - INFO - Total anomalies detected: 206
2026-06-01 19:33:38,773 - WARNING - BATCH ALERT: PM2.5 anomalies detected
Total anomalies: 206
- Jakarta: 52 anomalies
- Kuala Lumpur: 47 anomalies
- Singapore: 51 anomalies
- Surakarta: 56 anomalies
2026-06-01 19:33:40,185 - INFO - Writing city summary data to PostgreSQL
2026-06-01 19:33:40,219 - INFO - CAMS final dataset inserted into PostgreSQL with shape (5836, 15)
2026-06-01 19:33:40,220 - INFO - Load to PostgreSQL pipeline completed
2026-06-01 19:36:03,309 - INFO - CAMS batch ingestion started
2026-06-01 19:36:04,664 - INFO - Skipping existing file: data/external/cams/cams_jakarta_2024_09.nc
2026-06-01 19:36:04,667 - INFO - Skipping existing file: data/external/cams/cams_jakarta_2024_10.nc
2026-06-01 19:36:04,668 - INFO - Skipping existing file: data/external/cams/cams_jakarta_2024_11.nc
2026-06-01 19:36:04,671 - INFO - Skipping existing file: data/external/cams/cams_jakarta_2024_12.nc
2026-06-01 19:36:04,673 - INFO - Skipping existing file: data/external/cams/cams_jakarta_2025_01.nc
2026-06-01 19:36:04,675 - INFO - Skipping existing file: data/external/cams/cams_jakarta_2025_02.nc
2026-06-01 19:36:04,677 - INFO - Skipping existing file: data/external/cams/cams_jakarta_2025_03.nc
2026-06-01 19:36:04,678 - INFO - Skipping existing file: data/external/cams/cams_jakarta_2025_04.nc
2026-06-01 19:36:04,679 - INFO - Skipping existing file: data/external/cams/cams_jakarta_2025_05.nc
2026-06-01 19:36:04,681 - INFO - Skipping existing file: data/external/cams/cams_jakarta_2025_06.nc
2026-06-01 19:36:04,682 - INFO - Skipping existing file: data/external/cams/cams_jakarta_2025_07.nc
2026-06-01 19:36:04,683 - INFO - Skipping existing file: data/external/cams/cams_jakarta_2025_08.nc
2026-06-01 19:36:04,685 - INFO - Skipping existing file: data/external/cams/cams_surakarta_2024_09.nc
2026-06-01 19:36:04,686 - INFO - Skipping existing file: data/external/cams/cams_surakarta_2024_10.nc
2026-06-01 19:36:04,688 - INFO - Skipping existing file: data/external/cams/cams_surakarta_2024_11.nc
2026-06-01 19:36:04,691 - INFO - Skipping existing file: data/external/cams/cams_surakarta_2024_12.nc
2026-06-01 19:36:04,692 - INFO - Skipping existing file: data/external/cams/cams_surakarta_2025_01.nc
2026-06-01 19:36:04,694 - INFO - Skipping existing file: data/external/cams/cams_surakarta_2025_02.nc
2026-06-01 19:36:04,695 - INFO - Skipping existing file: data/external/cams/cams_surakarta_2025_03.nc
2026-06-01 19:36:04,696 - INFO - Skipping existing file: data/external/cams/cams_surakarta_2025_04.nc
2026-06-01 19:36:04,698 - INFO - Skipping existing file: data/external/cams/cams_surakarta_2025_05.nc
2026-06-01 19:36:04,699 - INFO - Skipping existing file: data/external/cams/cams_surakarta_2025_06.nc
2026-06-01 19:36:04,700 - INFO - Skipping existing file: data/external/cams/cams_surakarta_2025_07.nc
2026-06-01 19:36:04,702 - INFO - Skipping existing file: data/external/cams/cams_surakarta_2025_08.nc
2026-06-01 19:36:04,704 - INFO - Skipping existing file: data/external/cams/cams_kuala_lumpur_2024_09.nc
2026-06-01 19:36:04,706 - INFO - Skipping existing file: data/external/cams/cams_kuala_lumpur_2024_10.nc
2026-06-01 19:36:04,708 - INFO - Skipping existing file: data/external/cams/cams_kuala_lumpur_2024_11.nc
2026-06-01 19:36:04,709 - INFO - Skipping existing file: data/external/cams/cams_kuala_lumpur_2024_12.nc
2026-06-01 19:36:04,711 - INFO - Skipping existing file: data/external/cams/cams_kuala_lumpur_2025_01.nc
2026-06-01 19:36:04,712 - INFO - Skipping existing file: data/external/cams/cams_kuala_lumpur_2025_02.nc
2026-06-01 19:36:04,713 - INFO - Skipping existing file: data/external/cams/cams_kuala_lumpur_2025_03.nc
2026-06-01 19:36:04,714 - INFO - Skipping existing file: data/external/cams/cams_kuala_lumpur_2025_04.nc
2026-06-01 19:36:04,716 - INFO - Skipping existing file: data/external/cams/cams_kuala_lumpur_2025_05.nc
2026-06-01 19:36:04,717 - INFO - Skipping existing file: data/external/cams/cams_kuala_lumpur_2025_06.nc
2026-06-01 19:36:04,719 - INFO - Skipping existing file: data/external/cams/cams_kuala_lumpur_2025_07.nc
2026-06-01 19:36:04,721 - INFO - Skipping existing file: data/external/cams/cams_kuala_lumpur_2025_08.nc
2026-06-01 19:36:04,724 - INFO - Skipping existing file: data/external/cams/cams_singapore_2024_09.nc
2026-06-01 19:36:04,726 - INFO - Skipping existing file: data/external/cams/cams_singapore_2024_10.nc
2026-06-01 19:36:04,727 - INFO - Skipping existing file: data/external/cams/cams_singapore_2024_11.nc
2026-06-01 19:36:04,728 - INFO - Skipping existing file: data/external/cams/cams_singapore_2024_12.nc
2026-06-01 19:36:04,730 - INFO - Skipping existing file: data/external/cams/cams_singapore_2025_01.nc
2026-06-01 19:36:04,731 - INFO - Skipping existing file: data/external/cams/cams_singapore_2025_02.nc
2026-06-01 19:36:04,733 - INFO - Skipping existing file: data/external/cams/cams_singapore_2025_03.nc
2026-06-01 19:36:04,734 - INFO - Skipping existing file: data/external/cams/cams_singapore_2025_04.nc
2026-06-01 19:36:04,735 - INFO - Skipping existing file: data/external/cams/cams_singapore_2025_05.nc
2026-06-01 19:36:04,737 - INFO - Skipping existing file: data/external/cams/cams_singapore_2025_06.nc
2026-06-01 19:36:04,743 - INFO - Skipping existing file: data/external/cams/cams_singapore_2025_07.nc
2026-06-01 19:36:04,745 - INFO - Skipping existing file: data/external/cams/cams_singapore_2025_08.nc
2026-06-01 19:36:04,746 - INFO - All CAMS downloads completed
2026-06-01 19:36:08,164 - INFO - CAMS parsing started
2026-06-01 19:36:08,182 - INFO - Parsing cams_jakarta_2024_09.nc
2026-06-01 19:36:08,374 - INFO - cams_jakarta_2024_09.nc parsed successfully
2026-06-01 19:36:08,375 - INFO - Parsing cams_jakarta_2024_10.nc
2026-06-01 19:36:08,399 - INFO - cams_jakarta_2024_10.nc parsed successfully
2026-06-01 19:36:08,399 - INFO - Parsing cams_jakarta_2024_11.nc
2026-06-01 19:36:08,424 - INFO - cams_jakarta_2024_11.nc parsed successfully
2026-06-01 19:36:08,424 - INFO - Parsing cams_jakarta_2024_12.nc
2026-06-01 19:36:08,445 - INFO - cams_jakarta_2024_12.nc parsed successfully
2026-06-01 19:36:08,445 - INFO - Parsing cams_jakarta_2025_01.nc
2026-06-01 19:36:08,465 - INFO - cams_jakarta_2025_01.nc parsed successfully
2026-06-01 19:36:08,466 - INFO - Parsing cams_jakarta_2025_02.nc
2026-06-01 19:36:08,486 - INFO - cams_jakarta_2025_02.nc parsed successfully
2026-06-01 19:36:08,486 - INFO - Parsing cams_jakarta_2025_03.nc
2026-06-01 19:36:08,509 - INFO - cams_jakarta_2025_03.nc parsed successfully
2026-06-01 19:36:08,510 - INFO - Parsing cams_jakarta_2025_04.nc
2026-06-01 19:36:08,530 - INFO - cams_jakarta_2025_04.nc parsed successfully
2026-06-01 19:36:08,530 - INFO - Parsing cams_jakarta_2025_05.nc
2026-06-01 19:36:08,549 - INFO - cams_jakarta_2025_05.nc parsed successfully
2026-06-01 19:36:08,549 - INFO - Parsing cams_jakarta_2025_06.nc
2026-06-01 19:36:08,568 - INFO - cams_jakarta_2025_06.nc parsed successfully
2026-06-01 19:36:08,569 - INFO - Parsing cams_jakarta_2025_07.nc
2026-06-01 19:36:08,590 - INFO - cams_jakarta_2025_07.nc parsed successfully
2026-06-01 19:36:08,592 - INFO - Parsing cams_jakarta_2025_08.nc
2026-06-01 19:36:08,616 - INFO - cams_jakarta_2025_08.nc parsed successfully
2026-06-01 19:36:08,616 - INFO - Parsing cams_kuala_lumpur_2024_09.nc
2026-06-01 19:36:08,636 - INFO - cams_kuala_lumpur_2024_09.nc parsed successfully
2026-06-01 19:36:08,636 - INFO - Parsing cams_kuala_lumpur_2024_10.nc
2026-06-01 19:36:08,660 - INFO - cams_kuala_lumpur_2024_10.nc parsed successfully
2026-06-01 19:36:08,661 - INFO - Parsing cams_kuala_lumpur_2024_11.nc
2026-06-01 19:36:08,683 - INFO - cams_kuala_lumpur_2024_11.nc parsed successfully
2026-06-01 19:36:08,683 - INFO - Parsing cams_kuala_lumpur_2024_12.nc
2026-06-01 19:36:08,708 - INFO - cams_kuala_lumpur_2024_12.nc parsed successfully
2026-06-01 19:36:08,708 - INFO - Parsing cams_kuala_lumpur_2025_01.nc
2026-06-01 19:36:08,731 - INFO - cams_kuala_lumpur_2025_01.nc parsed successfully
2026-06-01 19:36:08,731 - INFO - Parsing cams_kuala_lumpur_2025_02.nc
2026-06-01 19:36:08,754 - INFO - cams_kuala_lumpur_2025_02.nc parsed successfully
2026-06-01 19:36:08,755 - INFO - Parsing cams_kuala_lumpur_2025_03.nc
2026-06-01 19:36:08,783 - INFO - cams_kuala_lumpur_2025_03.nc parsed successfully
2026-06-01 19:36:08,783 - INFO - Parsing cams_kuala_lumpur_2025_04.nc
2026-06-01 19:36:08,810 - INFO - cams_kuala_lumpur_2025_04.nc parsed successfully
2026-06-01 19:36:08,810 - INFO - Parsing cams_kuala_lumpur_2025_05.nc
2026-06-01 19:36:08,839 - INFO - cams_kuala_lumpur_2025_05.nc parsed successfully
2026-06-01 19:36:08,840 - INFO - Parsing cams_kuala_lumpur_2025_06.nc
2026-06-01 19:36:08,865 - INFO - cams_kuala_lumpur_2025_06.nc parsed successfully
2026-06-01 19:36:08,865 - INFO - Parsing cams_kuala_lumpur_2025_07.nc
2026-06-01 19:36:08,885 - INFO - cams_kuala_lumpur_2025_07.nc parsed successfully
2026-06-01 19:36:08,885 - INFO - Parsing cams_kuala_lumpur_2025_08.nc
2026-06-01 19:36:08,905 - INFO - cams_kuala_lumpur_2025_08.nc parsed successfully
2026-06-01 19:36:08,906 - INFO - Parsing cams_singapore_2024_09.nc
2026-06-01 19:36:08,925 - INFO - cams_singapore_2024_09.nc parsed successfully
2026-06-01 19:36:08,925 - INFO - Parsing cams_singapore_2024_10.nc
2026-06-01 19:36:08,947 - INFO - cams_singapore_2024_10.nc parsed successfully
2026-06-01 19:36:08,947 - INFO - Parsing cams_singapore_2024_11.nc
2026-06-01 19:36:08,970 - INFO - cams_singapore_2024_11.nc parsed successfully
2026-06-01 19:36:08,971 - INFO - Parsing cams_singapore_2024_12.nc
2026-06-01 19:36:09,001 - INFO - cams_singapore_2024_12.nc parsed successfully
2026-06-01 19:36:09,001 - INFO - Parsing cams_singapore_2025_01.nc
2026-06-01 19:36:09,035 - INFO - cams_singapore_2025_01.nc parsed successfully
2026-06-01 19:36:09,035 - INFO - Parsing cams_singapore_2025_02.nc
2026-06-01 19:36:09,068 - INFO - cams_singapore_2025_02.nc parsed successfully
2026-06-01 19:36:09,068 - INFO - Parsing cams_singapore_2025_03.nc
2026-06-01 19:36:09,110 - INFO - cams_singapore_2025_03.nc parsed successfully
2026-06-01 19:36:09,110 - INFO - Parsing cams_singapore_2025_04.nc
2026-06-01 19:36:09,152 - INFO - cams_singapore_2025_04.nc parsed successfully
2026-06-01 19:36:09,152 - INFO - Parsing cams_singapore_2025_05.nc
2026-06-01 19:36:09,186 - INFO - cams_singapore_2025_05.nc parsed successfully
2026-06-01 19:36:09,186 - INFO - Parsing cams_singapore_2025_06.nc
2026-06-01 19:36:09,219 - INFO - cams_singapore_2025_06.nc parsed successfully
2026-06-01 19:36:09,220 - INFO - Parsing cams_singapore_2025_07.nc
2026-06-01 19:36:09,251 - INFO - cams_singapore_2025_07.nc parsed successfully
2026-06-01 19:36:09,252 - INFO - Parsing cams_singapore_2025_08.nc
2026-06-01 19:36:09,278 - INFO - cams_singapore_2025_08.nc parsed successfully
2026-06-01 19:36:09,279 - INFO - Parsing cams_surakarta_2024_09.nc
2026-06-01 19:36:09,302 - INFO - cams_surakarta_2024_09.nc parsed successfully
2026-06-01 19:36:09,302 - INFO - Parsing cams_surakarta_2024_10.nc
2026-06-01 19:36:09,326 - INFO - cams_surakarta_2024_10.nc parsed successfully
2026-06-01 19:36:09,327 - INFO - Parsing cams_surakarta_2024_11.nc
2026-06-01 19:36:09,350 - INFO - cams_surakarta_2024_11.nc parsed successfully
2026-06-01 19:36:09,350 - INFO - Parsing cams_surakarta_2024_12.nc
2026-06-01 19:36:09,375 - INFO - cams_surakarta_2024_12.nc parsed successfully
2026-06-01 19:36:09,376 - INFO - Parsing cams_surakarta_2025_01.nc
2026-06-01 19:36:09,403 - INFO - cams_surakarta_2025_01.nc parsed successfully
2026-06-01 19:36:09,404 - INFO - Parsing cams_surakarta_2025_02.nc
2026-06-01 19:36:09,430 - INFO - cams_surakarta_2025_02.nc parsed successfully
2026-06-01 19:36:09,430 - INFO - Parsing cams_surakarta_2025_03.nc
2026-06-01 19:36:09,451 - INFO - cams_surakarta_2025_03.nc parsed successfully
2026-06-01 19:36:09,451 - INFO - Parsing cams_surakarta_2025_04.nc
2026-06-01 19:36:09,470 - INFO - cams_surakarta_2025_04.nc parsed successfully
2026-06-01 19:36:09,471 - INFO - Parsing cams_surakarta_2025_05.nc
2026-06-01 19:36:09,492 - INFO - cams_surakarta_2025_05.nc parsed successfully
2026-06-01 19:36:09,493 - INFO - Parsing cams_surakarta_2025_06.nc
2026-06-01 19:36:09,513 - INFO - cams_surakarta_2025_06.nc parsed successfully
2026-06-01 19:36:09,513 - INFO - Parsing cams_surakarta_2025_07.nc
2026-06-01 19:36:09,534 - INFO - cams_surakarta_2025_07.nc parsed successfully
2026-06-01 19:36:09,534 - INFO - Parsing cams_surakarta_2025_08.nc
2026-06-01 19:36:09,560 - INFO - cams_surakarta_2025_08.nc parsed successfully
2026-06-01 19:36:09,710 - INFO - CAMS parsing completed with shape (23360, 6)
2026-06-01 19:36:09,710 - INFO - Saved parsed data to data/raw/cams_all_cities.csv
2026-06-01 19:36:12,473 - INFO - CAMS cleaning started
2026-06-01 19:36:12,474 - INFO - Loading raw CAMS data from data/raw/cams_all_cities.csv
2026-06-01 19:36:12,566 - INFO - CAMS cleaning completed with shape (5840, 4)
2026-06-01 19:36:12,566 - INFO - Cleaned data saved to data/processed/cams_clean.csv
2026-06-01 19:36:15,294 - INFO - CAMS feature engineering started
2026-06-01 19:36:15,297 - INFO - Loading cleaned CAMS data from data/processed/cams_clean.csv
2026-06-01 19:36:15,315 - INFO - Input data shape: (5840, 4)
2026-06-01 19:36:15,325 - INFO - Time-based features created
2026-06-01 19:36:15,333 - INFO - Rolling and lag features created
2026-06-01 19:36:15,337 - INFO - Missing values dropped: 4 rows removed
2026-06-01 19:36:15,402 - INFO - CAMS feature engineering completed with shape (5836, 12)
2026-06-01 19:36:15,402 - INFO - Feature dataset saved to data/processed/cams_feature_dataset.csv
2026-06-01 19:36:19,067 - INFO - Model training started
2026-06-01 19:36:19,069 - INFO - Loading feature dataset from data/processed/cams_feature_dataset.csv
2026-06-01 19:36:19,095 - INFO - Dataset loaded with shape (5836, 12)
2026-06-01 19:36:19,100 - INFO - Train shape: (4668, 9), Test shape: (1168, 9)
2026-06-01 19:36:19,100 - INFO - RandomForest model training started
2026-06-01 19:36:23,060 - INFO - Model training completed
2026-06-01 19:36:23,102 - INFO - Model metrics saved to models/model_metrics.json
2026-06-01 19:36:23,103 - INFO - MAE: 0.34828956608858047
2026-06-01 19:36:23,103 - INFO - MSE: 0.29432010970781614
2026-06-01 19:36:23,104 - INFO - RMSE: 0.5425127737738681
2026-06-01 19:36:23,104 - INFO - R2: 0.9995544684155178
2026-06-01 19:36:23,597 - INFO - Model saved to models/trained_model.pkl
2026-06-01 19:36:26,648 - INFO - Load to PostgreSQL pipeline started
2026-06-01 19:36:26,894 - INFO - Loading feature dataset from data/processed/cams_feature_dataset.csv
2026-06-01 19:36:26,972 - INFO - Dataset loaded with shape (5836, 12)
2026-06-01 19:36:26,973 - INFO - Loading trained model from models/trained_model.pkl
2026-06-01 19:36:28,047 - INFO - Missing values dropped before inference: 0
2026-06-01 19:36:28,048 - INFO - Running PM2.5 prediction
2026-06-01 19:36:28,196 - INFO - Calculating anomaly threshold
2026-06-01 19:36:28,203 - INFO - Total anomalies detected: 206
2026-06-01 19:36:28,208 - WARNING - BATCH ALERT: PM2.5 anomalies detected
Total anomalies: 206
- Jakarta: 52 anomalies
- Kuala Lumpur: 47 anomalies
- Singapore: 51 anomalies
- Surakarta: 56 anomalies
2026-06-01 19:36:29,499 - INFO - Writing city summary data to PostgreSQL
2026-06-01 19:36:29,514 - INFO - CAMS final dataset inserted into PostgreSQL with shape (5836, 15)
2026-06-01 19:36:29,514 - INFO - Load to PostgreSQL pipeline completed
